customer_id,segment,tier,RFM_Score,RFM_Sum,total_revenue,total_profit,total_orders,total_quantity,first_order,last_order,avg_order_value,avg_profit_per_order,customer_priority,engagement_strategy
25673692,High Value New Customers,Platinum,525,12,25500,15563.0,3,5,2025-02-02,2025-09-14,8500.0,5187.666666666667,Растущие,"VIP обслуживание, персональный менеджер"
10991330,At Risk,Bronze,212,5,5200,11435.0,2,7,2025-03-01,2025-05-18,2600.0,5717.5,Критические,"Восстановительные кампании, опросы"
96985825,High Value New Customers,Gold,424,10,12800,3703.0,4,5,2025-02-01,2025-08-22,3200.0,925.75,Растущие,"VIP обслуживание, персональный менеджер"
41515025,New Customers,Silver,521,8,3920,5546.6,4,12,2025-05-18,2025-09-19,980.0,1386.65,Новые,"Приветственная программа, обучение"
60822434,325,Gold,325,10,27300,34428.0,3,7,2025-06-22,2025-07-27,9100.0,11476.0,Другие,Стандартный маркетинг
73779124,Potential Loyalists,Silver,313,7,11160,15731.2,2,5,2025-06-26,2025-08-01,5580.0,7865.6,Растущие,Персонализированные рекомендации
96125000,New Customers,Silver,413,8,11120,13516.6,2,5,2025-06-19,2025-09-07,5560.0,6758.3,Новые,"Приветственная программа, обучение"
23021957,Potential Loyalists,Silver,321,6,3000,4129.0,3,9,2025-01-18,2025-07-20,1000.0,1376.3333333333333,Растущие,Персонализированные рекомендации
61473853,113,Bronze,113,5,12100,15260.5,2,5,2025-01-15,2025-04-01,6050.0,7630.25,Другие,Стандартный маркетинг
37293235,At Risk,Bronze,212,5,6180,10949.0,2,6,2025-01-15,2025-06-06,3090.0,5474.5,Критические,"Восстановительные кампании, опросы"
81893634,324,Gold,324,9,17940,11563.0,3,5,2025-04-05,2025-08-05,5980.0,3854.3333333333335,Другие,Стандартный маркетинг
91076807,New Customers,Gold,423,9,9270,7751.3,3,6,2025-01-18,2025-08-30,3090.0,2583.766666666667,Новые,"Приветственная программа, обучение"
43502425,High Value New Customers,Gold,514,10,20012,9279.06,2,3,2025-06-12,2025-09-15,10006.0,4639.53,Растущие,"VIP обслуживание, персональный менеджер"
41460381,324,Gold,324,9,15264,25302.52,4,11,2025-02-17,2025-07-25,3816.0,6325.63,Другие,Стандартный маркетинг
80700206,At Risk,Bronze,212,5,5560,11926.4,2,7,2025-01-09,2025-06-17,2780.0,5963.2,Критические,"Восстановительные кампании, опросы"
99772524,At Risk,Bronze,221,5,4400,7389.0,4,13,2025-02-03,2025-05-08,1100.0,1847.25,Критические,"Восстановительные кампании, опросы"
72055283,Cannot Lose Them,Silver,215,8,21960,33059.8,2,5,2025-04-27,2025-05-26,10980.0,16529.9,Критические,"Персональные обращения, специальные условия"
86313043,Loyal Customers,Gold,434,11,20940,22446.1,6,13,2025-03-21,2025-08-24,3490.0,3741.0166666666664,Премиум,"Программа лояльности, перекрестные продажи"
70160612,Champions,Platinum,545,14,54796,117330.52,7,23,2025-01-05,2025-09-22,7828.0,16761.50285714286,Премиум,"Персональные предложения, эксклюзивный доступ"
97578232,235,Gold,235,10,24900,44028.0,5,15,2025-01-03,2025-06-21,4980.0,8805.6,Другие,Стандартный маркетинг
51684723,High Value New Customers,Gold,524,11,21540,22249.0,3,6,2025-02-22,2025-09-22,7180.0,7416.333333333333,Растущие,"VIP обслуживание, персональный менеджер"
44373202,New Customers,Silver,421,7,4740,3537.8,3,6,2025-01-05,2025-08-15,1580.0,1179.2666666666667,Новые,"Приветственная программа, обучение"
11732154,At Risk,Bronze,111,3,4980,1052.6,1,1,2025-01-23,2025-01-23,4980.0,1052.6,Критические,"Восстановительные кампании, опросы"
59197687,Loyal Customers,Platinum,535,13,45900,81537.0,5,15,2025-02-18,2025-09-11,9180.0,16307.4,Премиум,"Программа лояльности, перекрестные продажи"
96808638,Potential Loyalists,Silver,323,8,8799,14379.23,3,9,2025-03-03,2025-07-04,2933.0,4793.076666666667,Растущие,Персонализированные рекомендации
27378295,Potential Loyalists,Silver,321,6,2700,2169.0,3,7,2025-05-28,2025-07-09,900.0,723.0,Растущие,Персонализированные рекомендации
71218572,Loyal Customers,Gold,434,11,15500,20589.0,5,13,2025-02-17,2025-08-23,3100.0,4117.8,Премиум,"Программа лояльности, перекрестные продажи"
88663806,342,Gold,342,9,7140,5679.2,7,16,2025-01-19,2025-07-26,1020.0,811.3142857142857,Другие,Стандартный маркетинг
28074469,Loyal Customers,Platinum,535,13,24950,19276.1,5,9,2025-04-29,2025-09-10,4990.0,3855.22,Премиум,"Программа лояльности, перекрестные продажи"
43049959,High Value New Customers,Platinum,525,12,22000,20353.0,4,8,2025-05-18,2025-09-26,5500.0,5088.25,Растущие,"VIP обслуживание, персональный менеджер"
26492321,Loyal Customers,Gold,333,9,11500,18428.0,5,14,2025-02-08,2025-07-21,2300.0,3685.6,Премиум,"Программа лояльности, перекрестные продажи"
19770679,Loyal Customers,Platinum,435,12,39140,31578.96,5,9,2025-03-04,2025-08-14,7828.0,6315.7919999999995,Премиум,"Программа лояльности, перекрестные продажи"
12307278,High Value New Customers,Gold,425,11,30088,56673.38,4,12,2025-05-29,2025-08-10,7522.0,14168.345,Растущие,"VIP обслуживание, персональный менеджер"
62741760,Cannot Lose Them,Silver,214,7,17980,24708.4,2,5,2025-01-17,2025-06-03,8990.0,12354.2,Критические,"Персональные обращения, специальные условия"
85505511,At Risk,Bronze,122,5,8000,8413.0,4,9,2025-01-21,2025-04-10,2000.0,2103.25,Критические,"Восстановительные кампании, опросы"
80855016,Loyal Customers,Platinum,535,13,35940,53117.1,6,16,2025-01-27,2025-09-12,5990.0,8852.85,Премиум,"Программа лояльности, перекрестные продажи"
44260719,Loyal Customers,Gold,434,11,18950,29667.5,5,14,2025-08-01,2025-09-06,3790.0,5933.5,Премиум,"Программа лояльности, перекрестные продажи"
51633895,At Risk,Bronze,211,4,4000,6438.0,2,6,2025-04-07,2025-05-06,2000.0,3219.0,Критические,"Восстановительные кампании, опросы"
68446959,113,Bronze,113,5,11960,1451.0,2,2,2025-01-10,2025-03-29,5980.0,725.5,Другие,Стандартный маркетинг
48819696,Cannot Lose Them,Silver,224,8,15300,27315.0,3,9,2025-05-09,2025-05-22,5100.0,9105.0,Критические,"Персональные обращения, специальные условия"
19991230,Potential Loyalists,Silver,313,7,10760,26989.8,2,8,2025-03-12,2025-07-05,5380.0,13494.9,Растущие,Персонализированные рекомендации
84862533,235,Gold,235,10,45480,44582.4,6,12,2025-01-22,2025-06-25,7580.0,7430.400000000001,Другие,Стандартный маркетинг
99453640,Loyal Customers,Platinum,535,13,55500,45942.0,5,9,2025-01-25,2025-09-13,11100.0,9188.4,Премиум,"Программа лояльности, перекрестные продажи"
15752189,Loyal Customers,Platinum,435,12,30600,56644.0,6,18,2025-02-11,2025-08-25,5100.0,9440.666666666666,Премиум,"Программа лояльности, перекрестные продажи"
61524158,Loyal Customers,Platinum,435,12,25500,42839.0,5,14,2025-02-14,2025-08-24,5100.0,8567.8,Премиум,"Программа лояльности, перекрестные продажи"
31882676,213,Silver,213,6,9960,27139.2,2,8,2025-03-24,2025-06-27,4980.0,13569.6,Другие,Стандартный маркетинг
30155466,Loyal Customers,Platinum,535,13,27900,54092.2,5,16,2025-02-11,2025-09-25,5580.0,10818.439999999999,Премиум,"Программа лояльности, перекрестные продажи"
93626225,Champions,Platinum,555,15,99900,153404.3,10,27,2025-01-07,2025-09-27,9990.0,15340.429999999998,Премиум,"Персональные предложения, эксклюзивный доступ"
95754103,Potential Loyalists,Silver,323,8,8940,15141.8,3,9,2025-03-02,2025-07-28,2980.0,5047.266666666666,Растущие,Персонализированные рекомендации
39196346,High Value New Customers,Gold,524,11,17940,11562.4,3,5,2025-01-13,2025-09-12,5980.0,3854.133333333333,Растущие,"VIP обслуживание, персональный менеджер"
45016869,New Customers,Gold,523,10,10470,18519.1,3,9,2025-05-12,2025-09-28,3490.0,6173.033333333333,Новые,"Приветственная программа, обучение"
59404266,113,Bronze,113,5,12180,6475.4,2,3,2025-02-28,2025-04-03,6090.0,3237.7,Другие,Стандартный маркетинг
33351587,High Value New Customers,Platinum,525,12,29940,30692.2,3,6,2025-02-21,2025-09-08,9980.0,10230.733333333334,Растущие,"VIP обслуживание, персональный менеджер"
43510857,High Value New Customers,Gold,424,10,19740,28353.0,3,8,2025-05-29,2025-08-16,6580.0,9451.0,Растущие,"VIP обслуживание, персональный менеджер"
11165756,314,Silver,314,8,12980,23290.6,2,6,2025-06-28,2025-08-05,6490.0,11645.3,Другие,Стандартный маркетинг
74566460,High Value New Customers,Platinum,525,12,45264,40717.52,4,8,2025-04-05,2025-09-14,11316.0,10179.38,Растущие,"VIP обслуживание, персональный менеджер"
11935679,Cannot Lose Them,Silver,124,7,19740,35602.2,3,9,2025-02-01,2025-04-03,6580.0,11867.4,Критические,"Персональные обращения, специальные условия"
33871669,At Risk,Bronze,111,3,4980,9574.6,1,3,2025-01-28,2025-01-28,4980.0,9574.6,Критические,"Восстановительные кампании, опросы"
99447531,Potential Loyalists,Silver,312,6,6580,16529.4,1,4,2025-08-05,2025-08-05,6580.0,16529.4,Растущие,Персонализированные рекомендации
77963118,At Risk,Bronze,112,4,5700,1834.5,2,3,2025-03-11,2025-04-20,2850.0,917.25,Критические,"Восстановительные кампании, опросы"
61490753,New Customers,Silver,421,7,3420,2414.0,3,6,2025-01-08,2025-08-12,1140.0,804.6666666666666,Новые,"Приветственная программа, обучение"
13837776,At Risk,Bronze,211,4,1800,4116.0,2,8,2025-03-14,2025-05-29,900.0,2058.0,Критические,"Восстановительные кампании, опросы"
42673199,High Value New Customers,Gold,524,11,21540,26738.4,3,7,2025-05-10,2025-09-15,7180.0,8912.800000000001,Растущие,"VIP обслуживание, персональный менеджер"
51813913,New Customers,Gold,522,9,6450,14091.0,3,11,2025-03-25,2025-09-17,2150.0,4697.0,Новые,"Приветственная программа, обучение"
52180216,At Risk,Bronze,111,3,1800,2719.0,1,3,2025-02-18,2025-02-18,1800.0,2719.0,Критические,"Восстановительные кампании, опросы"
91841741,High Value New Customers,Platinum,525,12,22500,54852.0,3,11,2025-01-12,2025-09-27,7500.0,18284.0,Растущие,"VIP обслуживание, персональный менеджер"
95432311,New Customers,Silver,413,8,9960,13105.8,2,5,2025-06-21,2025-09-04,4980.0,6552.9,Новые,"Приветственная программа, обучение"
45437720,Champions,Platinum,444,12,19950,10929.5,7,11,2025-03-16,2025-08-15,2850.0,1561.357142857143,Премиум,"Персональные предложения, эксклюзивный доступ"
64474460,High Value New Customers,Gold,424,10,19560,44467.0,3,11,2025-01-10,2025-08-15,6520.0,14822.333333333334,Растущие,"VIP обслуживание, персональный менеджер"
15266766,Potential Loyalists,Silver,323,8,10470,3124.4,3,4,2025-01-18,2025-07-27,3490.0,1041.4666666666667,Растущие,Персонализированные рекомендации
83601675,High Value New Customers,Gold,425,11,27540,11209.2,3,4,2025-01-24,2025-08-23,9180.0,3736.4,Растущие,"VIP обслуживание, персональный менеджер"
38137830,High Value New Customers,Gold,424,10,16140,24690.2,3,8,2025-02-07,2025-08-21,5380.0,8230.066666666668,Растущие,"VIP обслуживание, персональный менеджер"
30184321,At Risk,Bronze,112,4,5560,9991.0,2,6,2025-01-12,2025-01-20,2780.0,4995.5,Критические,"Восстановительные кампании, опросы"
26677770,234,Gold,234,9,18500,40253.0,5,17,2025-01-01,2025-06-17,3700.0,8050.6,Другие,Стандартный маркетинг
30038596,Potential Loyalists,Bronze,311,5,2150,3596.0,1,3,2025-08-03,2025-08-03,2150.0,3596.0,Растущие,Персонализированные рекомендации
57648642,At Risk,Bronze,112,4,7380,1086.2,1,1,2025-04-11,2025-04-11,7380.0,1086.2,Критические,"Восстановительные кампании, опросы"
68455110,Loyal Customers,Platinum,435,12,29880,53924.4,6,18,2025-02-04,2025-08-27,4980.0,8987.4,Премиум,"Программа лояльности, перекрестные продажи"
97371150,324,Gold,324,9,18000,22131.0,3,7,2025-03-21,2025-07-04,6000.0,7377.0,Другие,Стандартный маркетинг
58507722,Potential Loyalists,Silver,313,7,11000,10580.0,2,4,2025-05-11,2025-07-28,5500.0,5290.0,Растущие,Персонализированные рекомендации
20929551,At Risk,Bronze,211,4,2900,3100.5,2,5,2025-05-15,2025-05-29,1450.0,1550.25,Критические,"Восстановительные кампании, опросы"
12665141,325,Gold,325,10,22320,26127.2,4,9,2025-01-23,2025-07-08,5580.0,6531.8,Другие,Стандартный маркетинг
21656338,324,Gold,324,9,15300,34406.0,3,11,2025-01-19,2025-07-10,5100.0,11468.666666666666,Другие,Стандартный маркетинг
38609788,New Customers,Gold,513,9,11960,26620.4,2,7,2025-08-07,2025-09-26,5980.0,13310.2,Новые,"Приветственная программа, обучение"
19963943,Potential Loyalists,Silver,321,6,4200,5684.0,3,8,2025-05-26,2025-07-26,1400.0,1894.6666666666667,Растущие,Персонализированные рекомендации
70074612,New Customers,Silver,512,8,5720,2766.4,2,3,2025-02-28,2025-09-21,2860.0,1383.2,Новые,"Приветственная программа, обучение"
13739750,Cannot Lose Them,Gold,225,9,24360,34424.3,4,10,2025-01-16,2025-06-15,6090.0,8606.075,Критические,"Персональные обращения, специальные условия"
60736622,Cannot Lose Them,Gold,225,9,75040,86935.6,4,18,2025-04-16,2025-05-13,18760.0,21733.9,Критические,"Персональные обращения, специальные условия"
94015399,Cannot Lose Them,Silver,224,8,14940,5796.0,3,4,2025-02-16,2025-05-16,4980.0,1932.0,Критические,"Персональные обращения, специальные условия"
46775139,Cannot Lose Them,Silver,124,7,19740,35180.2,3,9,2025-01-31,2025-04-25,6580.0,11726.733333333332,Критические,"Персональные обращения, специальные условия"
63259901,Loyal Customers,Gold,335,11,30600,50353.0,6,17,2025-02-05,2025-07-10,5100.0,8392.166666666666,Премиум,"Программа лояльности, перекрестные продажи"
42076004,At Risk,Bronze,212,5,5100,4840.0,1,2,2025-06-25,2025-06-25,5100.0,4840.0,Критические,"Восстановительные кампании, опросы"
49649549,New Customers,Silver,521,8,3520,-473.0,4,5,2025-03-03,2025-09-20,880.0,-118.25,Новые,"Приветственная программа, обучение"
50907007,Cannot Lose Them,Gold,225,9,33300,42448.0,3,7,2025-01-06,2025-05-10,11100.0,14149.333333333334,Критические,"Персональные обращения, специальные условия"
79145863,New Customers,Gold,523,10,11920,7960.4,4,7,2025-07-15,2025-09-22,2980.0,1990.1,Новые,"Приветственная программа, обучение"
55426923,Cannot Lose Them,Gold,225,9,23484,17131.52,3,5,2025-01-02,2025-06-01,7828.0,5710.506666666667,Критические,"Персональные обращения, специальные условия"
91929436,At Risk,Bronze,212,5,5400,6590.0,2,5,2025-05-09,2025-05-12,2700.0,3295.0,Критические,"Восстановительные кампании, опросы"
21837136,New Customers,Silver,422,8,6900,11178.0,3,9,2025-03-21,2025-08-30,2300.0,3726.0,Новые,"Приветственная программа, обучение"
38056815,New Customers,Silver,411,6,4780,86.3,2,2,2025-01-12,2025-08-22,2390.0,43.15,Новые,"Приветственная программа, обучение"
94336108,235,Gold,235,10,27900,24606.8,5,10,2025-01-02,2025-05-29,5580.0,4921.36,Другие,Стандартный маркетинг
39478464,New Customers,Gold,423,9,11100,22946.0,3,10,2025-02-08,2025-08-10,3700.0,7648.666666666667,Новые,"Приветственная программа, обучение"
54781961,High Value New Customers,Gold,425,11,22566,19663.72,3,6,2025-08-02,2025-08-22,7522.0,6554.573333333334,Растущие,"VIP обслуживание, персональный менеджер"
70326795,Champions,Platinum,445,13,88800,74336.0,8,15,2025-01-11,2025-08-16,11100.0,9292.0,Премиум,"Персональные предложения, эксклюзивный доступ"
40042947,New Customers,Silver,413,8,11980,10131.3,2,4,2025-08-24,2025-08-31,5990.0,5065.65,Новые,"Приветственная программа, обучение"
61674284,Potential Loyalists,Silver,313,7,11120,5001.0,2,3,2025-02-27,2025-08-03,5560.0,2500.5,Растущие,Персонализированные рекомендации
59240777,New Customers,Gold,532,10,7320,7140.6,6,14,2025-03-09,2025-09-24,1220.0,1190.1000000000001,Новые,"Приветственная программа, обучение"
21970497,New Customers,Silver,412,7,7828,11644.38,2,5,2025-04-02,2025-08-30,3914.0,5822.19,Новые,"Приветственная программа, обучение"
11460725,314,Silver,314,8,15160,21220.8,2,5,2025-07-06,2025-07-13,7580.0,10610.4,Другие,Стандартный маркетинг
16837385,Loyal Customers,Platinum,535,13,37900,68554.6,5,15,2025-04-09,2025-09-08,7580.0,13710.920000000002,Премиум,"Программа лояльности, перекрестные продажи"
77440758,Cannot Lose Them,Silver,125,8,27540,10627.2,3,4,2025-01-20,2025-04-04,9180.0,3542.4,Критические,"Персональные обращения, специальные условия"
17961013,123,Silver,123,6,10470,5824.4,3,5,2025-01-04,2025-02-15,3490.0,1941.4666666666665,Другие,Стандартный маркетинг
58484682,Loyal Customers,Platinum,535,13,21900,35243.2,5,14,2025-03-09,2025-09-23,4380.0,7048.639999999999,Премиум,"Программа лояльности, перекрестные продажи"
82611352,High Value New Customers,Gold,524,11,13520,8314.4,4,7,2025-03-24,2025-09-27,3380.0,2078.6,Растущие,"VIP обслуживание, персональный менеджер"
13687354,High Value New Customers,Gold,424,10,19960,18980.5,4,8,2025-02-05,2025-08-22,4990.0,4745.125,Растущие,"VIP обслуживание, персональный менеджер"
65992151,Loyal Customers,Gold,334,10,17000,25262.0,5,14,2025-01-23,2025-07-04,3400.0,5052.4,Премиум,"Программа лояльности, перекрестные продажи"
72864961,Loyal Customers,Gold,335,11,34900,50889.4,5,13,2025-01-26,2025-07-13,6980.0,10177.880000000001,Премиум,"Программа лояльности, перекрестные продажи"
28310439,New Customers,Silver,512,8,5580,7150.4,2,5,2025-07-11,2025-09-24,2790.0,3575.2,Новые,"Приветственная программа, обучение"
93363944,Potential Loyalists,Silver,321,6,2320,1858.8,4,11,2025-05-31,2025-07-31,580.0,464.7,Растущие,Персонализированные рекомендации
85687791,Cannot Lose Them,Gold,225,9,23920,4244.2,4,4,2025-01-31,2025-06-07,5980.0,1061.05,Критические,"Персональные обращения, специальные условия"
97679450,New Customers,Silver,422,8,5360,11437.8,4,15,2025-01-03,2025-08-30,1340.0,2859.45,Новые,"Приветственная программа, обучение"
24862643,Loyal Customers,Platinum,435,12,36900,60651.0,5,14,2025-02-15,2025-08-10,7380.0,12130.2,Премиум,"Программа лояльности, перекрестные продажи"
26492031,Loyal Customers,Gold,533,11,9000,10733.0,5,13,2025-05-14,2025-09-12,1800.0,2146.6,Премиум,"Программа лояльности, перекрестные продажи"
55970003,324,Gold,324,9,16740,20639.6,3,7,2025-01-14,2025-08-02,5580.0,6879.866666666666,Другие,Стандартный маркетинг
79587722,New Customers,Silver,412,7,5400,7391.0,2,5,2025-05-16,2025-08-11,2700.0,3695.5,Новые,"Приветственная программа, обучение"
18398142,Cannot Lose Them,Silver,114,6,13160,23385.4,2,6,2025-02-11,2025-03-07,6580.0,11692.7,Критические,"Персональные обращения, специальные условия"
82471173,Loyal Customers,Platinum,534,12,15500,21057.0,5,13,2025-01-16,2025-09-08,3100.0,4211.4,Премиум,"Программа лояльности, перекрестные продажи"
38702896,At Risk,Bronze,111,3,4980,3778.2,1,2,2025-02-05,2025-02-05,4980.0,3778.2,Критические,"Восстановительные кампании, опросы"
62735344,New Customers,Gold,523,10,11920,21314.4,4,13,2025-02-15,2025-09-18,2980.0,5328.6,Новые,"Приветственная программа, обучение"
80809032,At Risk,Bronze,111,3,4200,6861.0,2,6,2025-03-28,2025-04-24,2100.0,3430.5,Критические,"Восстановительные кампании, опросы"
58035424,New Customers,Gold,523,10,10800,6922.0,4,7,2025-05-12,2025-09-08,2700.0,1730.5,Новые,"Приветственная программа, обучение"
85419196,At Risk,Bronze,111,3,1280,1231.2,2,6,2025-04-22,2025-05-02,640.0,615.6,Критические,"Восстановительные кампании, опросы"
69586840,At Risk,Bronze,212,5,6360,2170.4,2,3,2025-04-28,2025-06-22,3180.0,1085.2,Критические,"Восстановительные кампании, опросы"
96094802,New Customers,Silver,421,7,4170,1459.9,3,5,2025-05-26,2025-09-01,1390.0,486.6333333333334,Новые,"Приветственная программа, обучение"
86076744,At Risk,Bronze,221,5,2550,3526.0,3,9,2025-03-11,2025-05-31,850.0,1175.3333333333333,Критические,"Восстановительные кампании, опросы"
43817644,High Value New Customers,Platinum,525,12,33300,50228.0,3,8,2025-02-15,2025-09-08,11100.0,16742.666666666668,Растущие,"VIP обслуживание, персональный менеджер"
34751007,Potential Loyalists,Silver,322,7,5940,4286.2,3,6,2025-03-15,2025-07-30,1980.0,1428.7333333333333,Растущие,Персонализированные рекомендации
74692955,Champions,Platinum,545,14,35868,14683.92,7,10,2025-01-28,2025-09-24,5124.0,2097.7028571428573,Премиум,"Персональные предложения, эксклюзивный доступ"
54421974,New Customers,Silver,511,7,1040,1054.8,2,6,2025-04-25,2025-09-10,520.0,527.4,Новые,"Приветственная программа, обучение"
32897454,113,Bronze,113,5,9960,8436.0,2,4,2025-02-01,2025-02-19,4980.0,4218.0,Другие,Стандартный маркетинг
50339234,Potential Loyalists,Silver,323,8,11732,10603.27,4,8,2025-01-27,2025-07-19,2933.0,2650.8175,Растущие,Персонализированные рекомендации
73878829,Loyal Customers,Gold,434,11,14500,16846.0,5,12,2025-01-18,2025-08-22,2900.0,3369.2,Премиум,"Программа лояльности, перекрестные продажи"
28964554,Potential Loyalists,Silver,323,8,10800,8525.0,4,8,2025-01-10,2025-07-19,2700.0,2131.25,Растущие,Персонализированные рекомендации
68974260,New Customers,Silver,511,7,5000,6827.0,2,5,2025-08-28,2025-09-20,2500.0,3413.5,Новые,"Приветственная программа, обучение"
73339847,Loyal Customers,Gold,434,11,12980,24185.08,5,15,2025-01-04,2025-09-02,2596.0,4837.0160000000005,Премиум,"Программа лояльности, перекрестные продажи"
86221208,Loyal Customers,Platinum,435,12,32900,25294.6,5,9,2025-01-23,2025-08-14,6580.0,5058.92,Премиум,"Программа лояльности, перекрестные продажи"
44426303,113,Bronze,113,5,9960,17233.8,2,6,2025-02-02,2025-04-26,4980.0,8616.9,Другие,Стандартный маркетинг
64199822,213,Silver,213,6,10600,27283.0,2,8,2025-03-22,2025-05-12,5300.0,13641.5,Другие,Стандартный маркетинг
27500707,Potential Loyalists,Silver,322,7,5670,6972.0,3,8,2025-03-12,2025-08-02,1890.0,2324.0,Растущие,Персонализированные рекомендации
22934764,Potential Loyalists,Bronze,311,5,2840,4751.0,2,6,2025-04-16,2025-07-24,1420.0,2375.5,Растущие,Персонализированные рекомендации
20586151,High Value New Customers,Platinum,525,12,27960,38989.1,4,10,2025-02-23,2025-09-25,6990.0,9747.275,Растущие,"VIP обслуживание, персональный менеджер"
49991507,High Value New Customers,Platinum,525,12,35970,44338.0,3,7,2025-01-03,2025-09-24,11990.0,14779.333333333334,Растущие,"VIP обслуживание, персональный менеджер"
47344384,324,Gold,324,9,15920,14137.2,4,8,2025-03-04,2025-07-13,3980.0,3534.3,Другие,Стандартный маркетинг
92900294,New Customers,Gold,513,9,11100,30700.0,1,4,2025-09-19,2025-09-19,11100.0,30700.0,Новые,"Приветственная программа, обучение"
26194974,Champions,Platinum,545,14,23660,29558.6,7,17,2025-01-14,2025-09-14,3380.0,4222.657142857142,Премиум,"Персональные предложения, эксклюзивный доступ"
83447966,Champions,Platinum,555,15,51800,70932.6,10,25,2025-01-10,2025-09-13,5180.0,7093.26,Премиум,"Персональные предложения, эксклюзивный доступ"
43923333,Cannot Lose Them,Silver,224,8,17970,24015.8,3,7,2025-01-27,2025-05-14,5990.0,8005.266666666666,Критические,"Персональные обращения, специальные условия"
74784496,High Value New Customers,Platinum,525,12,44400,57510.0,4,9,2025-03-19,2025-09-14,11100.0,14377.5,Растущие,"VIP обслуживание, персональный менеджер"
72357603,Cannot Lose Them,Silver,124,7,20720,28744.4,4,10,2025-01-20,2025-03-05,5180.0,7186.1,Критические,"Персональные обращения, специальные условия"
55570580,High Risk High Value,Gold,245,11,77700,47915.0,7,11,2025-01-02,2025-06-09,11100.0,6845.0,Критические,"VIP реактивация, анализ поведения"
78108555,Champions,Platinum,445,13,48400,60146.5,8,19,2025-02-18,2025-09-06,6050.0,7518.3125,Премиум,"Персональные предложения, эксклюзивный доступ"
98761418,At Risk,Bronze,212,5,6760,15518.4,2,7,2025-03-18,2025-06-10,3380.0,7759.2,Критические,"Восстановительные кампании, опросы"
18140841,Loyal Customers,Gold,335,11,24900,10608.4,5,7,2025-02-06,2025-08-03,4980.0,2121.68,Премиум,"Программа лояльности, перекрестные продажи"
69728328,Loyal Customers,Gold,433,10,9000,12922.0,5,14,2025-03-26,2025-09-06,1800.0,2584.4,Премиум,"Программа лояльности, перекрестные продажи"
18885984,325,Gold,325,10,24800,52220.0,4,13,2025-05-31,2025-08-06,6200.0,13055.0,Другие,Стандартный маркетинг
57338726,High Value New Customers,Gold,524,11,19920,27098.6,4,10,2025-01-31,2025-09-12,4980.0,6774.65,Растущие,"VIP обслуживание, персональный менеджер"
32717202,New Customers,Gold,522,9,6960,11885.6,3,9,2025-04-20,2025-09-13,2320.0,3961.866666666667,Новые,"Приветственная программа, обучение"
79490292,At Risk,Bronze,212,5,6980,12067.2,2,6,2025-01-15,2025-06-23,3490.0,6033.6,Критические,"Восстановительные кампании, опросы"
87660983,Potential Loyalists,Silver,323,8,10140,13905.2,3,8,2025-03-05,2025-08-02,3380.0,4635.066666666667,Растущие,Персонализированные рекомендации
12911883,At Risk,Bronze,221,5,2720,1765.8,4,9,2025-01-16,2025-06-17,680.0,441.45,Критические,"Восстановительные кампании, опросы"
73534464,At Risk,Bronze,212,5,5560,9418.6,2,6,2025-02-12,2025-06-22,2780.0,4709.3,Критические,"Восстановительные кампании, опросы"
81335479,Potential Loyalists,Bronze,311,5,4000,1744.0,2,3,2025-04-11,2025-08-04,2000.0,872.0,Растущие,Персонализированные рекомендации
60654307,About To Sleep,Silver,223,7,9300,10816.0,3,7,2025-05-23,2025-06-28,3100.0,3605.3333333333335,Рисковые,"Срочные акции, напоминания"
96010532,Potential Loyalists,Silver,322,7,7470,-239.9,3,3,2025-04-19,2025-07-21,2490.0,-79.96666666666667,Растущие,Персонализированные рекомендации
47113990,Cannot Lose Them,Silver,224,8,20700,20072.0,3,6,2025-01-11,2025-05-22,6900.0,6690.666666666667,Критические,"Персональные обращения, специальные условия"
24046960,New Customers,Gold,523,10,8940,17269.6,3,10,2025-03-08,2025-09-15,2980.0,5756.533333333333,Новые,"Приветственная программа, обучение"
52308782,Loyal Customers,Platinum,534,12,19900,34443.0,5,15,2025-02-15,2025-09-09,3980.0,6888.6,Премиум,"Программа лояльности, перекрестные продажи"
94463588,324,Gold,324,9,19920,34543.2,4,12,2025-03-01,2025-07-07,4980.0,8635.8,Другие,Стандартный маркетинг
71320164,At Risk,Bronze,112,4,6490,13050.3,1,3,2025-04-30,2025-04-30,6490.0,13050.3,Критические,"Восстановительные кампании, опросы"
22078766,At Risk,Bronze,212,5,7500,1066.0,1,1,2025-06-20,2025-06-20,7500.0,1066.0,Критические,"Восстановительные кампании, опросы"
41865954,325,Gold,325,10,23920,25379.8,4,9,2025-01-02,2025-08-07,5980.0,6344.95,Другие,Стандартный маркетинг
38119865,Cannot Lose Them,Silver,124,7,21520,19389.2,4,8,2025-02-08,2025-04-23,5380.0,4847.3,Критические,"Персональные обращения, специальные условия"
27622520,Cannot Lose Them,Silver,224,8,13960,18559.7,4,10,2025-02-17,2025-06-09,3490.0,4639.925,Критические,"Персональные обращения, специальные условия"
71643669,Loyal Customers,Platinum,535,13,55500,74237.0,5,12,2025-02-06,2025-09-18,11100.0,14847.4,Премиум,"Программа лояльности, перекрестные продажи"
19331204,New Customers,Gold,513,9,10200,23636.0,2,7,2025-02-10,2025-09-17,5100.0,11818.0,Новые,"Приветственная программа, обучение"
79747505,213,Silver,213,6,11960,25916.6,2,7,2025-02-17,2025-06-17,5980.0,12958.3,Другие,Стандартный маркетинг
44760063,Potential Loyalists,Silver,313,7,11960,12621.4,2,4,2025-05-05,2025-08-01,5980.0,6310.7,Растущие,Персонализированные рекомендации
46780122,Potential Loyalists,Silver,313,7,11000,810.0,2,2,2025-02-28,2025-07-06,5500.0,405.0,Растущие,Персонализированные рекомендации
48759312,Potential Loyalists,Silver,332,8,7450,9107.5,5,13,2025-01-18,2025-07-23,1490.0,1821.5,Растущие,Персонализированные рекомендации
89677157,325,Gold,325,10,28720,61897.2,4,14,2025-02-28,2025-07-21,7180.0,15474.3,Другие,Стандартный маркетинг
44323356,324,Gold,324,9,20400,21924.0,4,9,2025-04-06,2025-07-25,5100.0,5481.0,Другие,Стандартный маркетинг
48542574,Cannot Lose Them,Silver,224,8,14970,17511.5,3,7,2025-01-31,2025-05-29,4990.0,5837.166666666667,Критические,"Персональные обращения, специальные условия"
17625450,Cannot Lose Them,Gold,225,9,22320,15750.0,4,7,2025-02-11,2025-06-19,5580.0,3937.5,Критические,"Персональные обращения, специальные условия"
60481401,High Value New Customers,Gold,524,11,13520,18079.8,4,10,2025-01-01,2025-09-27,3380.0,4519.95,Растущие,"VIP обслуживание, персональный менеджер"
57636631,Potential Loyalists,Silver,312,6,6200,8618.0,2,5,2025-07-02,2025-07-26,3100.0,4309.0,Растущие,Персонализированные рекомендации
62448369,New Customers,Gold,523,10,8940,8250.2,3,6,2025-03-21,2025-09-24,2980.0,2750.066666666667,Новые,"Приветственная программа, обучение"
71947674,Loyal Customers,Platinum,435,12,27500,35861.0,5,12,2025-01-03,2025-08-30,5500.0,7172.2,Премиум,"Программа лояльности, перекрестные продажи"
29302655,Loyal Customers,Gold,434,11,15500,22330.0,5,14,2025-01-15,2025-08-31,3100.0,4466.0,Премиум,"Программа лояльности, перекрестные продажи"
51313051,High Value New Customers,Platinum,525,12,33300,22084.0,3,5,2025-05-16,2025-09-15,11100.0,7361.333333333333,Растущие,"VIP обслуживание, персональный менеджер"
61640595,Loyal Customers,Gold,334,10,20280,10611.2,6,9,2025-01-13,2025-07-16,3380.0,1768.5333333333335,Премиум,"Программа лояльности, перекрестные продажи"
91197986,High Value New Customers,Gold,524,11,12400,6229.0,4,6,2025-03-25,2025-09-21,3100.0,1557.25,Растущие,"VIP обслуживание, персональный менеджер"
82503737,Loyal Customers,Platinum,534,12,20280,24997.8,6,14,2025-02-13,2025-09-27,3380.0,4166.3,Премиум,"Программа лояльности, перекрестные продажи"
17280340,High Value New Customers,Gold,524,11,17200,22600.0,4,10,2025-02-01,2025-09-16,4300.0,5650.0,Растущие,"VIP обслуживание, персональный менеджер"
86731291,About To Sleep,Silver,223,7,9300,7509.0,3,6,2025-01-09,2025-06-01,3100.0,2503.0,Рисковые,"Срочные акции, напоминания"
75134712,Loyal Customers,Gold,334,10,12900,23930.8,5,16,2025-03-28,2025-07-17,2580.0,4786.16,Премиум,"Программа лояльности, перекрестные продажи"
25990523,New Customers,Silver,421,7,2040,283.0,3,5,2025-03-08,2025-08-15,680.0,94.33333333333333,Новые,"Приветственная программа, обучение"
64096625,New Customers,Silver,521,8,2100,2754.0,3,9,2025-02-16,2025-09-28,700.0,918.0,Новые,"Приветственная программа, обучение"
15551074,High Value New Customers,Gold,524,11,14100,14877.0,3,7,2025-03-04,2025-09-10,4700.0,4959.0,Растущие,"VIP обслуживание, персональный менеджер"
41413237,New Customers,Silver,412,7,7180,1247.4,1,1,2025-08-28,2025-08-28,7180.0,1247.4,Новые,"Приветственная программа, обучение"
93760761,213,Silver,213,6,9960,16191.4,2,6,2025-02-17,2025-05-06,4980.0,8095.7,Другие,Стандартный маркетинг
23392944,Cannot Lose Them,Silver,114,6,13180,30472.7,2,7,2025-01-08,2025-01-17,6590.0,15236.35,Критические,"Персональные обращения, специальные условия"
41313579,New Customers,Silver,421,7,4800,9319.0,4,14,2025-02-24,2025-08-21,1200.0,2329.75,Новые,"Приветственная программа, обучение"
12001967,Potential Loyalists,Silver,323,8,8700,14401.0,3,9,2025-02-23,2025-07-10,2900.0,4800.333333333333,Растущие,Персонализированные рекомендации
48742299,Loyal Customers,Platinum,535,13,66600,102646.0,6,16,2025-01-24,2025-09-28,11100.0,17107.666666666668,Премиум,"Программа лояльности, перекрестные продажи"
35421823,New Customers,Silver,521,8,2580,2489.2,3,8,2025-01-21,2025-09-18,860.0,829.7333333333332,Новые,"Приветственная программа, обучение"
66638917,New Customers,Silver,512,8,5560,6924.8,2,5,2025-07-26,2025-09-08,2780.0,3462.4,Новые,"Приветственная программа, обучение"
83149727,Loyal Customers,Gold,335,11,35940,41982.8,6,14,2025-03-29,2025-07-04,5990.0,6997.133333333334,Премиум,"Программа лояльности, перекрестные продажи"
84683767,Cannot Lose Them,Gold,225,9,33300,42826.0,3,7,2025-01-05,2025-06-16,11100.0,14275.333333333334,Критические,"Персональные обращения, специальные условия"
82785519,At Risk,Bronze,111,3,2690,6334.3,1,4,2025-01-13,2025-01-13,2690.0,6334.3,Критические,"Восстановительные кампании, опросы"
14715236,324,Gold,324,9,19740,40225.2,3,10,2025-03-02,2025-07-08,6580.0,13408.4,Другие,Стандартный маркетинг
91964708,New Customers,Gold,423,9,9520,5358.6,4,7,2025-04-13,2025-08-18,2380.0,1339.65,Новые,"Приветственная программа, обучение"
32921978,235,Gold,235,10,35900,53495.6,5,13,2025-01-13,2025-05-14,7180.0,10699.119999999999,Другие,Стандартный маркетинг
98454420,Cannot Lose Them,Silver,224,8,21540,28423.2,3,7,2025-02-07,2025-06-22,7180.0,9474.4,Критические,"Персональные обращения, специальные условия"
42364136,Loyal Customers,Platinum,345,12,22240,29012.2,8,20,2025-03-30,2025-08-04,2780.0,3626.525,Премиум,"Программа лояльности, перекрестные продажи"
87949160,New Customers,Gold,423,9,11920,10378.6,4,8,2025-01-25,2025-09-04,2980.0,2594.65,Новые,"Приветственная программа, обучение"
42123172,Champions,Platinum,444,12,14350,22053.5,7,21,2025-02-21,2025-09-01,2050.0,3150.5,Премиум,"Персональные предложения, эксклюзивный доступ"
33846396,New Customers,Gold,423,9,9870,9086.1,3,6,2025-02-04,2025-08-11,3290.0,3028.7000000000003,Новые,"Приветственная программа, обучение"
32826828,Loyal Customers,Platinum,535,13,34950,43656.7,5,12,2025-01-15,2025-09-15,6990.0,8731.34,Премиум,"Программа лояльности, перекрестные продажи"
72952203,High Value New Customers,Gold,524,11,20214,19713.8,3,6,2025-03-09,2025-09-20,6738.0,6571.266666666666,Растущие,"VIP обслуживание, персональный менеджер"
19259686,Loyal Customers,Gold,334,10,20000,27004.0,5,28,2025-01-14,2025-07-28,4000.0,5400.8,Премиум,"Программа лояльности, перекрестные продажи"
68959314,High Value New Customers,Gold,414,9,15160,2653.2,2,2,2025-02-05,2025-09-01,7580.0,1326.6,Растущие,"VIP обслуживание, персональный менеджер"
84114415,123,Silver,123,6,9300,18195.0,3,10,2025-02-16,2025-04-22,3100.0,6065.0,Другие,Стандартный маркетинг
86131619,New Customers,Silver,421,7,2560,722.0,4,8,2025-07-22,2025-09-04,640.0,180.5,Новые,"Приветственная программа, обучение"
36763385,High Value New Customers,Gold,424,10,17970,17330.7,3,6,2025-06-14,2025-09-02,5990.0,5776.900000000001,Растущие,"VIP обслуживание, персональный менеджер"
82500306,High Value New Customers,Platinum,525,12,22000,10661.0,4,6,2025-01-01,2025-09-11,5500.0,2665.25,Растущие,"VIP обслуживание, персональный менеджер"
80091756,At Risk,Bronze,112,4,6200,5795.0,2,4,2025-04-01,2025-04-22,3100.0,2897.5,Критические,"Восстановительные кампании, опросы"
84625234,High Value New Customers,Gold,424,10,12400,8451.0,4,7,2025-02-22,2025-08-12,3100.0,2112.75,Растущие,"VIP обслуживание, персональный менеджер"
67317287,New Customers,Silver,511,7,1000,-160.0,1,1,2025-09-24,2025-09-24,1000.0,-160.0,Новые,"Приветственная программа, обучение"
42669478,235,Gold,235,10,55500,96388.0,5,14,2025-01-18,2025-06-08,11100.0,19277.6,Другие,Стандартный маркетинг
41999620,New Customers,Silver,421,7,4260,8559.6,3,11,2025-02-12,2025-08-17,1420.0,2853.2000000000003,Новые,"Приветственная программа, обучение"
69857947,High Value New Customers,Gold,425,11,33300,21236.0,3,5,2025-04-23,2025-08-31,11100.0,7078.666666666667,Растущие,"VIP обслуживание, персональный менеджер"
42294120,324,Gold,324,9,19920,25041.4,4,9,2025-04-24,2025-07-30,4980.0,6260.35,Другие,Стандартный маркетинг
68149765,New Customers,Silver,512,8,6760,7680.2,2,5,2025-08-22,2025-09-08,3380.0,3840.1,Новые,"Приветственная программа, обучение"
35605795,Potential Loyalists,Bronze,311,5,4400,9450.0,2,7,2025-06-02,2025-07-14,2200.0,4725.0,Растущие,Персонализированные рекомендации
86078699,Cannot Lose Them,Silver,214,7,13160,29413.4,2,7,2025-04-02,2025-06-24,6580.0,14706.7,Критические,"Персональные обращения, специальные условия"
59157402,New Customers,Silver,411,6,3100,3317.0,1,2,2025-08-26,2025-08-26,3100.0,3317.0,Новые,"Приветственная программа, обучение"
38798252,Potential Loyalists,Silver,312,6,5400,4374.0,2,4,2025-03-31,2025-08-04,2700.0,2187.0,Растущие,Персонализированные рекомендации
33150933,213,Silver,213,6,11160,29886.6,2,8,2025-01-06,2025-05-15,5580.0,14943.3,Другие,Стандартный маркетинг
33746541,Potential Loyalists,Bronze,311,5,2750,3852.5,1,3,2025-08-03,2025-08-03,2750.0,3852.5,Растущие,Персонализированные рекомендации
29875570,541,Gold,541,10,4620,7363.0,7,25,2025-01-13,2025-09-26,660.0,1051.857142857143,Другие,Стандартный маркетинг
94803962,At Risk,Bronze,112,4,6180,10459.2,1,3,2025-01-13,2025-01-13,6180.0,10459.2,Критические,"Восстановительные кампании, опросы"
72395314,New Customers,Gold,423,9,8970,10452.3,3,7,2025-01-16,2025-09-05,2990.0,3484.1,Новые,"Приветственная программа, обучение"
42354439,314,Silver,314,8,13160,23690.0,2,6,2025-07-19,2025-08-03,6580.0,11845.0,Другие,Стандартный маркетинг
85372595,At Risk,Bronze,122,5,7650,8289.5,3,7,2025-01-01,2025-04-01,2550.0,2763.1666666666665,Критические,"Восстановительные кампании, опросы"
79748321,Loyal Customers,Platinum,535,13,35900,66561.4,5,15,2025-01-05,2025-09-17,7180.0,13312.279999999999,Премиум,"Программа лояльности, перекрестные продажи"
37130177,At Risk,Bronze,212,5,5160,6864.4,2,5,2025-05-01,2025-06-09,2580.0,3432.2,Критические,"Восстановительные кампании, опросы"
42530270,213,Silver,213,6,9980,14374.4,2,5,2025-04-16,2025-06-27,4990.0,7187.2,Другие,Стандартный маркетинг
77629680,Cannot Lose Them,Silver,124,7,19740,24577.6,3,7,2025-02-21,2025-04-16,6580.0,8192.533333333333,Критические,"Персональные обращения, специальные условия"
99198177,Loyal Customers,Gold,335,11,36500,54487.0,5,13,2025-05-02,2025-07-22,7300.0,10897.4,Премиум,"Программа лояльности, перекрестные продажи"
78752940,324,Gold,324,9,21540,26004.0,3,7,2025-03-03,2025-07-24,7180.0,8668.0,Другие,Стандартный маркетинг
54981333,At Risk,Bronze,112,4,5780,11632.6,2,7,2025-01-19,2025-02-09,2890.0,5816.3,Критические,"Восстановительные кампании, опросы"
60866651,Cannot Lose Them,Silver,124,7,16740,20112.4,3,7,2025-02-26,2025-04-23,5580.0,6704.133333333334,Критические,"Персональные обращения, специальные условия"
95054310,Cannot Lose Them,Silver,224,8,17340,22749.4,3,7,2025-03-04,2025-07-01,5780.0,7583.133333333334,Критические,"Персональные обращения, специальные условия"
71734525,New Customers,Silver,411,6,2200,3289.0,1,3,2025-08-22,2025-08-22,2200.0,3289.0,Новые,"Приветственная программа, обучение"
58295345,Champions,Platinum,545,14,32900,52190.0,7,20,2025-02-02,2025-09-15,4700.0,7455.714285714285,Премиум,"Персональные предложения, эксклюзивный доступ"
19928290,New Customers,Gold,523,10,10800,23908.0,3,10,2025-02-12,2025-09-15,3600.0,7969.333333333333,Новые,"Приветственная программа, обучение"
44146850,High Value New Customers,Gold,425,11,31312,37579.84,4,9,2025-01-17,2025-08-26,7828.0,9394.96,Растущие,"VIP обслуживание, персональный менеджер"
34657339,Loyal Customers,Platinum,535,13,33000,46745.0,6,15,2025-01-23,2025-09-20,5500.0,7790.833333333333,Премиум,"Программа лояльности, перекрестные продажи"
96700442,Cannot Lose Them,Silver,125,8,22140,26160.4,3,7,2025-01-15,2025-04-11,7380.0,8720.133333333333,Критические,"Персональные обращения, специальные условия"
75174314,Cannot Lose Them,Silver,125,8,22140,27670.6,3,7,2025-01-23,2025-03-07,7380.0,9223.533333333333,Критические,"Персональные обращения, специальные условия"
20450748,High Value New Customers,Platinum,525,12,33300,60190.0,3,9,2025-02-03,2025-09-21,11100.0,20063.333333333332,Растущие,"VIP обслуживание, персональный менеджер"
26561997,Cannot Lose Them,Silver,214,7,13160,12890.0,2,4,2025-03-11,2025-05-20,6580.0,6445.0,Критические,"Персональные обращения, специальные условия"
61043170,About To Sleep,Silver,223,7,8070,15786.8,3,10,2025-01-18,2025-06-20,2690.0,5262.266666666666,Рисковые,"Срочные акции, напоминания"
88157875,Loyal Customers,Gold,335,11,31800,48292.0,6,16,2025-02-07,2025-07-30,5300.0,8048.666666666667,Премиум,"Программа лояльности, перекрестные продажи"
33336859,Loyal Customers,Platinum,435,12,30000,18048.0,5,8,2025-01-02,2025-08-31,6000.0,3609.6,Премиум,"Программа лояльности, перекрестные продажи"
11723919,Cannot Lose Them,Silver,224,8,12720,12455.4,4,9,2025-01-13,2025-05-21,3180.0,3113.85,Критические,"Персональные обращения, специальные условия"
24666903,New Customers,Gold,523,10,10140,15589.2,3,8,2025-01-19,2025-09-22,3380.0,5196.400000000001,Новые,"Приветственная программа, обучение"
44703697,Loyal Customers,Platinum,535,13,24900,25903.4,5,11,2025-01-20,2025-09-17,4980.0,5180.68,Премиум,"Программа лояльности, перекрестные продажи"
35122854,325,Gold,325,10,22000,54782.0,4,15,2025-02-20,2025-08-01,5500.0,13695.5,Другие,Стандартный маркетинг
46140671,High Value New Customers,Gold,425,11,21900,51388.0,3,11,2025-01-06,2025-09-05,7300.0,17129.333333333332,Растущие,"VIP обслуживание, персональный менеджер"
84888512,Potential Loyalists,Silver,321,6,3750,2621.0,3,6,2025-02-07,2025-07-19,1250.0,873.6666666666666,Растущие,Персонализированные рекомендации
12919215,At Risk,Bronze,111,3,1320,1250.6,1,2,2025-01-06,2025-01-06,1320.0,1250.6,Критические,"Восстановительные кампании, опросы"
98799862,Potential Loyalists,Silver,313,7,11100,11195.0,1,2,2025-07-15,2025-07-15,11100.0,11195.0,Растущие,Персонализированные рекомендации
83514799,New Customers,Silver,512,8,7180,18099.6,1,4,2025-09-24,2025-09-24,7180.0,18099.6,Новые,"Приветственная программа, обучение"
65489961,325,Gold,325,10,25680,36310.4,4,10,2025-02-10,2025-08-04,6420.0,9077.6,Другие,Стандартный маркетинг
84503528,High Value New Customers,Gold,425,11,22592,35048.44,4,11,2025-06-07,2025-08-25,5648.0,8762.11,Растущие,"VIP обслуживание, персональный менеджер"
61427977,High Value New Customers,Gold,524,11,13960,14557.7,4,9,2025-02-24,2025-09-22,3490.0,3639.425,Растущие,"VIP обслуживание, персональный менеджер"
56604839,324,Gold,324,9,13960,18106.4,4,10,2025-01-30,2025-08-07,3490.0,4526.6,Другие,Стандартный маркетинг
99926256,At Risk,Bronze,111,3,4980,8686.8,1,3,2025-01-06,2025-01-06,4980.0,8686.8,Критические,"Восстановительные кампании, опросы"
52629278,235,Gold,235,10,29950,56799.3,5,15,2025-03-15,2025-05-16,5990.0,11359.86,Другие,Стандартный маркетинг
93427155,At Risk,Bronze,111,3,3980,-55.6,1,1,2025-03-20,2025-03-20,3980.0,-55.6,Критические,"Восстановительные кампании, опросы"
84867052,Cannot Lose Them,Silver,224,8,15920,18256.4,4,9,2025-02-07,2025-06-05,3980.0,4564.1,Критические,"Персональные обращения, специальные условия"
47477350,Loyal Customers,Platinum,435,12,27500,35718.0,5,12,2025-04-30,2025-08-30,5500.0,7143.6,Премиум,"Программа лояльности, перекрестные продажи"
69990915,At Risk,Bronze,211,4,3200,2227.0,2,4,2025-04-16,2025-05-25,1600.0,1113.5,Критические,"Восстановительные кампании, опросы"
65415657,Loyal Customers,Platinum,535,13,43080,55166.4,6,14,2025-01-06,2025-09-25,7180.0,9194.4,Премиум,"Программа лояльности, перекрестные продажи"
71669416,New Customers,Silver,512,8,5560,4759.2,2,4,2025-01-23,2025-09-28,2780.0,2379.6,Новые,"Приветственная программа, обучение"
28663473,At Risk,Bronze,211,4,720,257.0,1,2,2025-05-28,2025-05-28,720.0,257.0,Критические,"Восстановительные кампании, опросы"
44809215,Cannot Lose Them,Silver,114,6,14600,1938.0,2,2,2025-02-19,2025-05-02,7300.0,969.0,Критические,"Персональные обращения, специальные условия"
87448383,Loyal Customers,Gold,434,11,21500,29997.0,5,13,2025-03-25,2025-08-23,4300.0,5999.4,Премиум,"Программа лояльности, перекрестные продажи"
16337630,Loyal Customers,Platinum,534,12,20500,30382.0,5,14,2025-06-04,2025-09-20,4100.0,6076.4,Премиум,"Программа лояльности, перекрестные продажи"
55418733,High Value New Customers,Platinum,525,12,33300,21073.0,3,5,2025-02-03,2025-09-26,11100.0,7024.333333333333,Растущие,"VIP обслуживание, персональный менеджер"
79710676,High Value New Customers,Gold,524,11,19960,40156.9,4,13,2025-01-29,2025-09-20,4990.0,10039.225,Растущие,"VIP обслуживание, персональный менеджер"
30465096,At Risk,Bronze,111,3,4980,8849.2,1,3,2025-02-22,2025-02-22,4980.0,8849.2,Критические,"Восстановительные кампании, опросы"
95808454,Cannot Lose Them,Silver,224,8,14400,19471.0,4,10,2025-01-19,2025-06-19,3600.0,4867.75,Критические,"Персональные обращения, специальные условия"
64089075,Loyal Customers,Platinum,535,13,23000,35910.0,5,14,2025-01-01,2025-09-08,4600.0,7182.0,Премиум,"Программа лояльности, перекрестные продажи"
38070392,Cannot Lose Them,Gold,225,9,29940,50571.2,3,9,2025-02-09,2025-06-30,9980.0,16857.066666666666,Критические,"Персональные обращения, специальные условия"
25324439,New Customers,Gold,522,9,8000,8040.0,4,9,2025-02-10,2025-09-09,2000.0,2010.0,Новые,"Приветственная программа, обучение"
13307981,Potential Loyalists,Silver,323,8,10800,8958.0,4,8,2025-01-15,2025-07-30,2700.0,2239.5,Растущие,Персонализированные рекомендации
42375033,213,Silver,213,6,9100,9031.0,1,2,2025-07-01,2025-07-01,9100.0,9031.0,Другие,Стандартный маркетинг
32067104,325,Gold,325,10,29200,40654.0,4,10,2025-01-24,2025-07-24,7300.0,10163.5,Другие,Стандартный маркетинг
15511860,213,Silver,213,6,9980,23114.7,2,7,2025-01-02,2025-06-09,4990.0,11557.35,Другие,Стандартный маркетинг
13735368,123,Silver,123,6,10470,15214.1,3,8,2025-02-06,2025-05-02,3490.0,5071.366666666667,Другие,Стандартный маркетинг
24148272,Potential Loyalists,Silver,323,8,10470,12675.6,3,7,2025-01-19,2025-08-08,3490.0,4225.2,Растущие,Персонализированные рекомендации
49167948,At Risk,Bronze,112,4,7180,6725.0,1,2,2025-01-29,2025-01-29,7180.0,6725.0,Критические,"Восстановительные кампании, опросы"
77597491,325,Gold,325,10,21900,39607.0,3,9,2025-04-28,2025-07-31,7300.0,13202.333333333334,Другие,Стандартный маркетинг
35214367,325,Gold,325,10,39960,55279.5,4,10,2025-01-10,2025-07-17,9990.0,13819.875,Другие,Стандартный маркетинг
21820132,High Value New Customers,Gold,515,11,22200,52084.0,2,7,2025-02-24,2025-09-16,11100.0,26042.0,Растущие,"VIP обслуживание, персональный менеджер"
77137463,New Customers,Silver,421,7,4650,6025.5,3,8,2025-05-09,2025-08-20,1550.0,2008.5,Новые,"Приветственная программа, обучение"
65491653,New Customers,Silver,512,8,6760,6082.4,2,4,2025-08-21,2025-09-26,3380.0,3041.2,Новые,"Приветственная программа, обучение"
47380526,324,Gold,324,9,19960,20155.5,4,8,2025-02-09,2025-07-07,4990.0,5038.875,Другие,Стандартный маркетинг
29108949,Cannot Lose Them,Silver,114,6,13980,6807.2,2,3,2025-02-03,2025-04-18,6990.0,3403.6,Критические,"Персональные обращения, специальные условия"
90338470,High Value New Customers,Gold,425,11,39920,55300.2,4,10,2025-01-02,2025-08-31,9980.0,13825.05,Растущие,"VIP обслуживание, персональный менеджер"
54154203,123,Silver,123,6,8940,5556.2,3,5,2025-01-04,2025-04-04,2980.0,1852.0666666666666,Другие,Стандартный маркетинг
74588621,Champions,Platinum,444,12,17850,21831.5,7,17,2025-01-11,2025-09-05,2550.0,3118.785714285714,Премиум,"Персональные предложения, эксклюзивный доступ"
69113632,At Risk,Bronze,211,4,4200,5677.0,2,5,2025-02-08,2025-06-11,2100.0,2838.5,Критические,"Восстановительные кампании, опросы"
50394726,At Risk,Bronze,111,3,600,631.0,1,3,2025-04-26,2025-04-26,600.0,631.0,Критические,"Восстановительные кампании, опросы"
18519010,High Value New Customers,Gold,424,10,19740,28642.8,3,8,2025-06-05,2025-08-28,6580.0,9547.6,Растущие,"VIP обслуживание, персональный менеджер"
54290924,Loyal Customers,Platinum,435,12,35900,38913.8,5,11,2025-05-24,2025-08-28,7180.0,7782.76,Премиум,"Программа лояльности, перекрестные продажи"
89421563,New Customers,Silver,411,6,2640,2056.8,2,10,2025-02-10,2025-08-11,1320.0,1028.4,Новые,"Приветственная программа, обучение"
47418597,New Customers,Silver,512,8,5800,11971.0,2,7,2025-07-01,2025-09-09,2900.0,5985.5,Новые,"Приветственная программа, обучение"
47335358,Loyal Customers,Platinum,534,12,13900,12165.6,5,10,2025-01-21,2025-09-24,2780.0,2433.12,Премиум,"Программа лояльности, перекрестные продажи"
87706785,At Risk,Bronze,112,4,6360,9811.8,2,6,2025-04-17,2025-05-03,3180.0,4905.9,Критические,"Восстановительные кампании, опросы"
33739806,New Customers,Silver,421,7,3000,3297.0,3,8,2025-07-20,2025-09-06,1000.0,1099.0,Новые,"Приветственная программа, обучение"
36571012,New Customers,Gold,532,10,6450,5957.8,5,11,2025-06-03,2025-09-15,1290.0,1191.56,Новые,"Приветственная программа, обучение"
67151078,New Customers,Silver,412,7,6180,1061.4,1,1,2025-08-28,2025-08-28,6180.0,1061.4,Новые,"Приветственная программа, обучение"
71602389,Potential Loyalists,Silver,313,7,10200,5582.0,2,3,2025-06-19,2025-07-23,5100.0,2791.0,Растущие,Персонализированные рекомендации
43138987,High Value New Customers,Platinum,525,12,26320,34679.4,4,10,2025-04-15,2025-09-22,6580.0,8669.85,Растущие,"VIP обслуживание, персональный менеджер"
43776637,Loyal Customers,Platinum,535,13,29900,40929.8,5,13,2025-02-11,2025-09-26,5980.0,8185.960000000001,Премиум,"Программа лояльности, перекрестные продажи"
45162734,213,Silver,213,6,11000,15007.0,2,5,2025-04-06,2025-06-06,5500.0,7503.5,Другие,Стандартный маркетинг
32639679,Cannot Lose Them,Silver,124,7,20970,44568.2,3,10,2025-01-11,2025-04-04,6990.0,14856.066666666666,Критические,"Персональные обращения, специальные условия"
26802010,Loyal Customers,Platinum,435,12,25200,33104.0,6,15,2025-02-13,2025-09-03,4200.0,5517.333333333333,Премиум,"Программа лояльности, перекрестные продажи"
82901378,Potential Loyalists,Silver,323,8,9300,11212.0,3,7,2025-02-04,2025-08-08,3100.0,3737.3333333333335,Растущие,Персонализированные рекомендации
81977680,314,Silver,314,8,14760,38512.4,2,8,2025-04-05,2025-08-01,7380.0,19256.2,Другие,Стандартный маркетинг
74682626,About To Sleep,Silver,223,7,8340,16389.8,3,10,2025-01-14,2025-05-20,2780.0,5463.266666666666,Рисковые,"Срочные акции, напоминания"
45765450,New Customers,Gold,523,10,9540,16291.2,3,9,2025-01-25,2025-09-16,3180.0,5430.400000000001,Новые,"Приветственная программа, обучение"
43022400,New Customers,Gold,523,10,11920,20521.4,4,12,2025-01-29,2025-09-25,2980.0,5130.35,Новые,"Приветственная программа, обучение"
68096550,At Risk,Bronze,112,4,5200,9139.0,1,3,2025-03-02,2025-03-02,5200.0,9139.0,Критические,"Восстановительные кампании, опросы"
76161009,324,Gold,324,9,18570,32857.9,3,9,2025-01-08,2025-08-06,6190.0,10952.633333333333,Другие,Стандартный маркетинг
45844803,At Risk,Bronze,111,3,4906,-94.52,1,1,2025-04-18,2025-04-18,4906.0,-94.52,Критические,"Восстановительные кампании, опросы"
98767142,324,Gold,324,9,16740,21605.8,3,7,2025-03-25,2025-07-21,5580.0,7201.933333333333,Другие,Стандартный маркетинг
86055495,New Customers,Silver,413,8,10600,14309.0,2,5,2025-05-23,2025-08-21,5300.0,7154.5,Новые,"Приветственная программа, обучение"
70809079,High Value New Customers,Gold,425,11,29940,48598.2,3,8,2025-04-08,2025-08-27,9980.0,16199.4,Растущие,"VIP обслуживание, персональный менеджер"
91561471,High Value New Customers,Platinum,525,12,28000,39297.0,4,10,2025-01-02,2025-09-08,7000.0,9824.25,Растущие,"VIP обслуживание, персональный менеджер"
43896197,324,Gold,324,9,14940,14427.6,3,6,2025-07-04,2025-07-27,4980.0,4809.2,Другие,Стандартный маркетинг
22172016,Cannot Lose Them,Silver,214,7,12400,12530.0,2,4,2025-06-17,2025-06-29,6200.0,6265.0,Критические,"Персональные обращения, специальные условия"
52116150,New Customers,Silver,512,8,6760,18699.6,2,8,2025-04-03,2025-09-10,3380.0,9349.8,Новые,"Приветственная программа, обучение"
95592350,325,Gold,325,10,33300,39955.0,3,7,2025-03-22,2025-07-11,11100.0,13318.333333333334,Другие,Стандартный маркетинг
10060494,High Value New Customers,Gold,524,11,20720,19970.4,4,8,2025-02-01,2025-09-17,5180.0,4992.6,Растущие,"VIP обслуживание, персональный менеджер"
74519088,113,Bronze,113,5,11980,6023.4,2,3,2025-01-09,2025-03-24,5990.0,3011.7,Другие,Стандартный маркетинг
34469882,Potential Loyalists,Bronze,311,5,4900,8422.0,2,6,2025-03-11,2025-07-31,2450.0,4211.0,Растущие,Персонализированные рекомендации
36496711,Cannot Lose Them,Silver,124,7,20208,36828.4,3,9,2025-03-20,2025-04-20,6736.0,12276.133333333333,Критические,"Персональные обращения, специальные условия"
27574394,About To Sleep,Silver,222,6,8000,7894.0,4,9,2025-04-27,2025-06-09,2000.0,1973.5,Рисковые,"Срочные акции, напоминания"
12105804,325,Gold,325,10,23484,61528.84,3,12,2025-05-23,2025-07-14,7828.0,20509.61333333333,Другие,Стандартный маркетинг
78143684,At Risk,Bronze,112,4,6200,-238.0,2,2,2025-02-05,2025-03-16,3100.0,-119.0,Критические,"Восстановительные кампании, опросы"
80463441,At Risk,Bronze,112,4,7380,1364.0,1,1,2025-02-07,2025-02-07,7380.0,1364.0,Критические,"Восстановительные кампании, опросы"
37897172,Cannot Lose Them,Silver,224,8,14940,35960.2,3,11,2025-01-08,2025-06-23,4980.0,11986.733333333332,Критические,"Персональные обращения, специальные условия"
80340504,Potential Loyalists,Silver,313,7,9000,4911.0,2,3,2025-03-04,2025-08-01,4500.0,2455.5,Растущие,Персонализированные рекомендации
34965828,Potential Loyalists,Bronze,311,5,3368,7.84,1,1,2025-08-09,2025-08-09,3368.0,7.84,Растущие,Персонализированные рекомендации
43666607,New Customers,Silver,511,7,4100,3082.5,2,4,2025-06-02,2025-09-17,2050.0,1541.25,Новые,"Приветственная программа, обучение"
68159326,Loyal Customers,Platinum,553,13,11160,13708.6,9,24,2025-03-18,2025-09-20,1240.0,1523.177777777778,Премиум,"Программа лояльности, перекрестные продажи"
34643765,Loyal Customers,Platinum,435,12,41880,62918.2,6,16,2025-01-29,2025-08-31,6980.0,10486.366666666667,Премиум,"Программа лояльности, перекрестные продажи"
82438067,High Value New Customers,Gold,424,10,17940,36983.8,3,10,2025-01-10,2025-08-13,5980.0,12327.933333333334,Растущие,"VIP обслуживание, персональный менеджер"
18488674,Loyal Customers,Gold,434,11,17450,24846.7,5,13,2025-03-24,2025-08-18,3490.0,4969.34,Премиум,"Программа лояльности, перекрестные продажи"
81037751,At Risk,Bronze,112,4,6380,9986.8,1,3,2025-04-24,2025-04-24,6380.0,9986.8,Критические,"Восстановительные кампании, опросы"
39912009,Loyal Customers,Platinum,435,12,24950,23157.9,5,10,2025-03-18,2025-08-28,4990.0,4631.58,Премиум,"Программа лояльности, перекрестные продажи"
68942875,213,Silver,213,6,11980,25616.0,2,7,2025-02-10,2025-06-09,5990.0,12808.0,Другие,Стандартный маркетинг
19861565,325,Gold,325,10,26320,41086.2,4,11,2025-01-06,2025-08-05,6580.0,10271.55,Другие,Стандартный маркетинг
17897185,324,Gold,324,9,14970,22587.7,3,8,2025-02-20,2025-07-18,4990.0,7529.233333333334,Другие,Стандартный маркетинг
85884486,Loyal Customers,Platinum,435,12,32900,85266.0,5,20,2025-04-13,2025-09-03,6580.0,17053.2,Премиум,"Программа лояльности, перекрестные продажи"
14773482,Loyal Customers,Gold,335,11,29950,59652.3,5,16,2025-01-06,2025-07-10,5990.0,11930.460000000001,Премиум,"Программа лояльности, перекрестные продажи"
98575820,New Customers,Silver,511,7,3600,1299.0,2,3,2025-08-26,2025-09-14,1800.0,649.5,Новые,"Приветственная программа, обучение"
80718283,Cannot Lose Them,Silver,114,6,15960,37001.4,2,7,2025-01-07,2025-03-03,7980.0,18500.7,Критические,"Персональные обращения, специальные условия"
84863522,New Customers,Silver,411,6,2460,6349.6,1,4,2025-09-02,2025-09-02,2460.0,6349.6,Новые,"Приветственная программа, обучение"
36890351,New Customers,Gold,513,9,10360,22804.8,2,7,2025-03-11,2025-09-09,5180.0,11402.4,Новые,"Приветственная программа, обучение"
55765055,About To Sleep,Silver,223,7,8940,10885.6,3,7,2025-03-17,2025-05-07,2980.0,3628.5333333333333,Рисковые,"Срочные акции, напоминания"
88223836,325,Gold,325,10,22500,15441.0,3,5,2025-03-04,2025-07-06,7500.0,5147.0,Другие,Стандартный маркетинг
28610359,Potential Loyalists,Bronze,311,5,3162,2327.32,1,2,2025-08-07,2025-08-07,3162.0,2327.32,Растущие,Персонализированные рекомендации
37203467,High Value New Customers,Gold,514,10,13160,22342.8,2,6,2025-07-16,2025-09-27,6580.0,11171.4,Растущие,"VIP обслуживание, персональный менеджер"
51575941,Loyal Customers,Platinum,534,12,20280,29832.8,6,16,2025-01-11,2025-09-20,3380.0,4972.133333333333,Премиум,"Программа лояльности, перекрестные продажи"
71130502,High Value New Customers,Gold,514,10,19980,28786.3,2,5,2025-03-30,2025-09-21,9990.0,14393.15,Растущие,"VIP обслуживание, персональный менеджер"
84822158,Loyal Customers,Platinum,535,13,27500,48211.0,5,15,2025-01-30,2025-09-15,5500.0,9642.2,Премиум,"Программа лояльности, перекрестные продажи"
62425327,High Value New Customers,Gold,424,10,21540,34784.8,3,8,2025-01-08,2025-08-31,7180.0,11594.933333333334,Растущие,"VIP обслуживание, персональный менеджер"
43747379,New Customers,Gold,523,10,8940,10156.4,3,7,2025-07-30,2025-09-10,2980.0,3385.4666666666667,Новые,"Приветственная программа, обучение"
84839270,At Risk,Bronze,111,3,2890,6805.1,1,4,2025-03-10,2025-03-10,2890.0,6805.1,Критические,"Восстановительные кампании, опросы"
58239097,At Risk,Bronze,212,5,7380,14027.2,1,3,2025-05-23,2025-05-23,7380.0,14027.2,Критические,"Восстановительные кампании, опросы"
42624136,Loyal Customers,Platinum,435,12,45900,51473.4,5,11,2025-01-31,2025-09-06,9180.0,10294.68,Премиум,"Программа лояльности, перекрестные продажи"
37857061,Potential Loyalists,Silver,323,8,8700,10387.0,3,7,2025-01-20,2025-07-14,2900.0,3462.3333333333335,Растущие,Персонализированные рекомендации
80289394,High Value New Customers,Gold,524,11,19740,40999.0,3,10,2025-03-11,2025-09-20,6580.0,13666.333333333334,Растущие,"VIP обслуживание, персональный менеджер"
15211947,At Risk,Bronze,212,5,6738,17256.56,1,4,2025-06-15,2025-06-15,6738.0,17256.56,Критические,"Восстановительные кампании, опросы"
67732421,High Value New Customers,Gold,425,11,21900,33365.0,3,8,2025-03-21,2025-08-16,7300.0,11121.666666666666,Растущие,"VIP обслуживание, персональный менеджер"
48103158,New Customers,Gold,523,10,10000,8340.0,4,8,2025-02-23,2025-09-24,2500.0,2085.0,Новые,"Приветственная программа, обучение"
74952520,High Value New Customers,Gold,524,11,19920,45941.8,4,15,2025-05-03,2025-09-19,4980.0,11485.45,Растущие,"VIP обслуживание, персональный менеджер"
64538087,234,Gold,234,9,17450,28615.4,5,14,2025-01-02,2025-05-21,3490.0,5723.08,Другие,Стандартный маркетинг
52760747,High Value New Customers,Gold,524,11,18800,34498.0,4,12,2025-01-23,2025-09-27,4700.0,8624.5,Растущие,"VIP обслуживание, персональный менеджер"
71333535,Loyal Customers,Gold,343,10,10220,12282.0,7,18,2025-02-02,2025-07-26,1460.0,1754.5714285714287,Премиум,"Программа лояльности, перекрестные продажи"
89459784,Loyal Customers,Platinum,435,12,32900,23346.2,5,9,2025-02-12,2025-09-01,6580.0,4669.24,Премиум,"Программа лояльности, перекрестные продажи"
40831517,About To Sleep,Silver,223,7,10770,19005.2,3,9,2025-01-10,2025-06-01,3590.0,6335.066666666667,Рисковые,"Срочные акции, напоминания"
80225576,New Customers,Silver,411,6,1360,3172.6,1,4,2025-08-22,2025-08-22,1360.0,3172.6,Новые,"Приветственная программа, обучение"
82562635,New Customers,Silver,411,6,2780,4620.4,1,3,2025-09-01,2025-09-01,2780.0,4620.4,Новые,"Приветственная программа, обучение"
22599508,Potential Loyalists,Silver,312,6,7180,14103.0,1,3,2025-07-20,2025-07-20,7180.0,14103.0,Растущие,Персонализированные рекомендации
27730464,324,Gold,324,9,21540,33869.2,3,8,2025-01-09,2025-07-05,7180.0,11289.733333333332,Другие,Стандартный маркетинг
78585756,235,Gold,235,10,39480,63711.2,6,16,2025-01-09,2025-06-17,6580.0,10618.533333333333,Другие,Стандартный маркетинг
41812842,High Value New Customers,Gold,524,11,14940,13026.0,3,6,2025-04-02,2025-09-17,4980.0,4342.0,Растущие,"VIP обслуживание, персональный менеджер"
89466257,Loyal Customers,Gold,335,11,39140,36961.6,5,10,2025-02-06,2025-07-26,7828.0,7392.32,Премиум,"Программа лояльности, перекрестные продажи"
61392847,325,Gold,325,10,22320,44567.4,4,13,2025-01-15,2025-07-31,5580.0,11141.85,Другие,Стандартный маркетинг
79336129,113,Bronze,113,5,11000,13874.0,2,5,2025-03-22,2025-04-22,5500.0,6937.0,Другие,Стандартный маркетинг
74085515,New Customers,Gold,513,9,11980,22931.4,2,6,2025-06-20,2025-09-17,5990.0,11465.7,Новые,"Приветственная программа, обучение"
99230127,Loyal Customers,Gold,434,11,14900,15503.6,5,11,2025-01-07,2025-09-01,2980.0,3100.7200000000003,Премиум,"Программа лояльности, перекрестные продажи"
25995510,324,Gold,324,9,18400,14948.0,4,8,2025-01-22,2025-08-05,4600.0,3737.0,Другие,Стандартный маркетинг
62743855,At Risk,Bronze,211,4,3380,-179.6,1,1,2025-06-24,2025-06-24,3380.0,-179.6,Критические,"Восстановительные кампании, опросы"
55041656,At Risk,Bronze,212,5,5580,7677.5,2,5,2025-01-01,2025-06-15,2790.0,3838.75,Критические,"Восстановительные кампании, опросы"
74230163,213,Silver,213,6,9980,4681.0,2,3,2025-05-08,2025-05-09,4990.0,2340.5,Другие,Стандартный маркетинг
29055787,235,Gold,235,10,35900,64355.2,5,15,2025-02-17,2025-05-19,7180.0,12871.039999999999,Другие,Стандартный маркетинг
51304009,High Value New Customers,Gold,425,11,27960,22218.4,4,7,2025-04-06,2025-08-14,6990.0,5554.6,Растущие,"VIP обслуживание, персональный менеджер"
62613196,325,Gold,325,10,26320,28577.6,4,9,2025-01-29,2025-08-07,6580.0,7144.4,Другие,Стандартный маркетинг
59874443,Potential Loyalists,Silver,312,6,6760,11617.8,2,6,2025-03-07,2025-07-31,3380.0,5808.9,Растущие,Персонализированные рекомендации
38174132,Loyal Customers,Gold,433,10,11450,13288.5,5,12,2025-03-13,2025-08-16,2290.0,2657.7,Премиум,"Программа лояльности, перекрестные продажи"
99973635,At Risk,Bronze,112,4,5980,91.6,1,1,2025-02-28,2025-02-28,5980.0,91.6,Критические,"Восстановительные кампании, опросы"
82538041,113,Bronze,113,5,11980,31861.9,2,8,2025-03-01,2025-04-17,5990.0,15930.95,Другие,Стандартный маркетинг
35600902,Cannot Lose Them,Silver,114,6,15000,22731.0,2,5,2025-03-08,2025-04-05,7500.0,11365.5,Критические,"Персональные обращения, специальные условия"
52297033,New Customers,Gold,423,9,10200,17421.5,4,12,2025-02-21,2025-08-27,2550.0,4355.375,Новые,"Приветственная программа, обучение"
28865428,At Risk,Bronze,211,4,3800,-243.0,2,2,2025-04-04,2025-06-13,1900.0,-121.5,Критические,"Восстановительные кампании, опросы"
93401890,New Customers,Silver,511,7,2790,2485.8,1,2,2025-09-20,2025-09-20,2790.0,2485.8,Новые,"Приветственная программа, обучение"
16278472,High Value New Customers,Gold,425,11,28720,56213.6,4,13,2025-05-18,2025-08-14,7180.0,14053.4,Растущие,"VIP обслуживание, персональный менеджер"
13642174,113,Bronze,113,5,11000,10615.0,2,4,2025-03-09,2025-05-02,5500.0,5307.5,Другие,Стандартный маркетинг
20762733,New Customers,Silver,511,7,3100,5791.0,2,7,2025-08-09,2025-09-23,1550.0,2895.5,Новые,"Приветственная программа, обучение"
16238464,At Risk,Bronze,111,3,3380,2712.2,1,2,2025-04-02,2025-04-02,3380.0,2712.2,Критические,"Восстановительные кампании, опросы"
97009468,New Customers,Silver,413,8,11160,17826.2,2,6,2025-03-09,2025-08-11,5580.0,8913.1,Новые,"Приветственная программа, обучение"
94453894,325,Gold,325,10,21900,21741.0,3,6,2025-05-21,2025-08-06,7300.0,7247.0,Другие,Стандартный маркетинг
52732703,Loyal Customers,Platinum,535,13,37200,44159.0,6,14,2025-01-01,2025-09-15,6200.0,7359.833333333333,Премиум,"Программа лояльности, перекрестные продажи"
49969528,New Customers,Silver,412,7,5960,7595.4,2,5,2025-03-11,2025-09-01,2980.0,3797.7,Новые,"Приветственная программа, обучение"
69371023,Champions,Platinum,445,13,43260,51967.2,7,16,2025-01-03,2025-09-05,6180.0,7423.885714285714,Премиум,"Персональные предложения, эксклюзивный доступ"
29143377,New Customers,Gold,531,9,1900,947.2,5,14,2025-04-10,2025-09-10,380.0,189.44,Новые,"Приветственная программа, обучение"
84044517,At Risk,Bronze,111,3,2590,2210.6,1,2,2025-04-02,2025-04-02,2590.0,2210.6,Критические,"Восстановительные кампании, опросы"
91512215,At Risk,Bronze,211,4,2490,203.0,1,1,2025-06-12,2025-06-12,2490.0,203.0,Критические,"Восстановительные кампании, опросы"
51023847,High Value New Customers,Gold,524,11,14970,26589.9,3,9,2025-06-07,2025-09-08,4990.0,8863.300000000001,Растущие,"VIP обслуживание, персональный менеджер"
24644733,Potential Loyalists,Silver,312,6,6954,17463.03,2,8,2025-06-19,2025-07-23,3477.0,8731.515,Растущие,Персонализированные рекомендации
10226963,213,Silver,213,6,9180,15819.4,1,3,2025-05-16,2025-05-16,9180.0,15819.4,Другие,Стандартный маркетинг
23429358,Cannot Lose Them,Silver,115,7,22200,50788.0,2,7,2025-01-05,2025-03-03,11100.0,25394.0,Критические,"Персональные обращения, специальные условия"
64493994,New Customers,Silver,412,7,5960,10617.8,2,6,2025-06-22,2025-08-23,2980.0,5308.9,Новые,"Приветственная программа, обучение"
39497042,New Customers,Silver,422,8,8000,11090.0,4,11,2025-03-21,2025-08-18,2000.0,2772.5,Новые,"Приветственная программа, обучение"
20387700,Cannot Lose Them,Silver,224,8,20940,26879.0,3,7,2025-04-24,2025-06-19,6980.0,8959.666666666666,Критические,"Персональные обращения, специальные условия"
50625074,213,Silver,213,6,11960,15999.6,2,5,2025-01-08,2025-06-04,5980.0,7999.8,Другие,Стандартный маркетинг
53675020,High Value New Customers,Gold,524,11,16740,29527.4,3,9,2025-03-11,2025-09-16,5580.0,9842.466666666667,Растущие,"VIP обслуживание, персональный менеджер"
45963238,At Risk,Bronze,112,4,5200,356.0,2,2,2025-04-03,2025-04-19,2600.0,178.0,Критические,"Восстановительные кампании, опросы"
93094444,234,Gold,234,9,14950,16131.9,5,11,2025-01-21,2025-06-29,2990.0,3226.38,Другие,Стандартный маркетинг
21929427,High Value New Customers,Gold,524,11,14970,20687.3,3,8,2025-04-18,2025-09-18,4990.0,6895.766666666666,Растущие,"VIP обслуживание, персональный менеджер"
77364242,Potential Loyalists,Silver,312,6,7000,1132.0,1,1,2025-07-20,2025-07-20,7000.0,1132.0,Растущие,Персонализированные рекомендации
36919791,New Customers,Gold,522,9,5400,4277.0,3,6,2025-06-22,2025-09-23,1800.0,1425.6666666666667,Новые,"Приветственная программа, обучение"
56847236,High Value New Customers,Gold,514,10,18360,34889.4,2,6,2025-08-27,2025-09-28,9180.0,17444.7,Растущие,"VIP обслуживание, персональный менеджер"
21167732,High Value New Customers,Gold,514,10,19960,30035.6,2,5,2025-08-25,2025-09-20,9980.0,15017.8,Растущие,"VIP обслуживание, персональный менеджер"
16502779,New Customers,Gold,523,10,9750,6269.0,3,5,2025-04-13,2025-09-16,3250.0,2089.6666666666665,Новые,"Приветственная программа, обучение"
22843017,At Risk,Bronze,112,4,6090,16738.6,1,4,2025-02-17,2025-02-17,6090.0,16738.6,Критические,"Восстановительные кампании, опросы"
98875006,At Risk,Bronze,211,4,2500,4306.0,1,3,2025-05-16,2025-05-16,2500.0,4306.0,Критические,"Восстановительные кампании, опросы"
96001367,High Value New Customers,Gold,414,9,13160,910.2,2,2,2025-06-29,2025-08-17,6580.0,455.1,Растущие,"VIP обслуживание, персональный менеджер"
67734976,Potential Loyalists,Silver,313,7,9960,18768.2,2,6,2025-06-19,2025-07-16,4980.0,9384.1,Растущие,Персонализированные рекомендации
58519965,At Risk,Bronze,212,5,5800,4803.0,1,2,2025-05-15,2025-05-15,5800.0,4803.0,Критические,"Восстановительные кампании, опросы"
76585970,235,Gold,235,10,25900,31843.0,5,12,2025-02-01,2025-06-06,5180.0,6368.6,Другие,Стандартный маркетинг
84738673,Cannot Lose Them,Gold,225,9,33000,78725.0,3,11,2025-05-20,2025-06-27,11000.0,26241.666666666668,Критические,"Персональные обращения, специальные условия"
93054617,Potential Loyalists,Silver,312,6,5400,7011.0,2,5,2025-02-02,2025-07-21,2700.0,3505.5,Растущие,Персонализированные рекомендации
60679385,At Risk,Bronze,122,5,5360,3943.2,4,8,2025-01-18,2025-04-04,1340.0,985.8,Критические,"Восстановительные кампании, опросы"
57336840,At Risk,Bronze,122,5,5400,8881.0,3,9,2025-01-27,2025-04-04,1800.0,2960.3333333333335,Критические,"Восстановительные кампании, опросы"
17430134,314,Silver,314,8,13180,7703.5,2,3,2025-04-04,2025-08-03,6590.0,3851.75,Другие,Стандартный маркетинг
86056168,High Value New Customers,Gold,425,11,44000,60016.0,4,10,2025-02-13,2025-08-11,11000.0,15004.0,Растущие,"VIP обслуживание, персональный менеджер"
58794039,New Customers,Gold,423,9,9900,19108.0,3,10,2025-04-15,2025-08-22,3300.0,6369.333333333333,Новые,"Приветственная программа, обучение"
26479913,314,Silver,314,8,14360,977.4,2,2,2025-07-20,2025-07-29,7180.0,488.7,Другие,Стандартный маркетинг
56270048,High Value New Customers,Gold,524,11,21540,8598.2,3,4,2025-02-19,2025-09-13,7180.0,2866.066666666667,Растущие,"VIP обслуживание, персональный менеджер"
46303448,325,Gold,325,10,31200,31600.0,3,6,2025-02-03,2025-07-16,10400.0,10533.333333333334,Другие,Стандартный маркетинг
32156174,New Customers,Silver,422,8,5850,4884.0,3,6,2025-01-01,2025-08-16,1950.0,1628.0,Новые,"Приветственная программа, обучение"
81535584,High Value New Customers,Gold,415,10,22200,19513.0,2,4,2025-01-22,2025-08-23,11100.0,9756.5,Растущие,"VIP обслуживание, персональный менеджер"
22705435,314,Silver,314,8,13160,11977.4,2,4,2025-01-25,2025-07-10,6580.0,5988.7,Другие,Стандартный маркетинг
32219595,About To Sleep,Silver,223,7,8800,14375.0,4,12,2025-03-10,2025-06-13,2200.0,3593.75,Рисковые,"Срочные акции, напоминания"
42236708,Loyal Customers,Platinum,535,13,33480,45396.0,6,15,2025-03-09,2025-09-23,5580.0,7566.0,Премиум,"Программа лояльности, перекрестные продажи"
18386274,At Risk,Bronze,111,3,2900,-81.0,1,1,2025-01-13,2025-01-13,2900.0,-81.0,Критические,"Восстановительные кампании, опросы"
28732161,At Risk,Bronze,121,4,1470,854.2,3,7,2025-01-15,2025-04-23,490.0,284.73333333333335,Критические,"Восстановительные кампании, опросы"
75709449,High Value New Customers,Gold,515,11,22200,10702.0,2,3,2025-01-26,2025-09-19,11100.0,5351.0,Растущие,"VIP обслуживание, персональный менеджер"
83953719,325,Gold,325,10,27920,52609.6,4,12,2025-02-09,2025-07-29,6980.0,13152.4,Другие,Стандартный маркетинг
80262000,Loyal Customers,Platinum,535,13,55500,131297.0,5,19,2025-04-12,2025-09-22,11100.0,26259.4,Премиум,"Программа лояльности, перекрестные продажи"
33346489,New Customers,Silver,521,8,3180,4754.2,3,9,2025-04-23,2025-09-19,1060.0,1584.7333333333333,Новые,"Приветственная программа, обучение"
17932091,Potential Loyalists,Silver,323,8,10470,5773.0,3,5,2025-04-04,2025-07-31,3490.0,1924.3333333333333,Растущие,Персонализированные рекомендации
80507859,At Risk,Bronze,212,5,7000,10248.0,2,5,2025-04-24,2025-06-09,3500.0,5124.0,Критические,"Восстановительные кампании, опросы"
22270955,Loyal Customers,Platinum,534,12,14900,19931.2,5,12,2025-03-09,2025-09-14,2980.0,3986.2400000000002,Премиум,"Программа лояльности, перекрестные продажи"
87709977,Cannot Lose Them,Gold,225,9,22592,20428.32,4,8,2025-05-17,2025-05-30,5648.0,5107.08,Критические,"Персональные обращения, специальные условия"
74559111,At Risk,Bronze,221,5,4170,8006.1,3,10,2025-03-09,2025-06-03,1390.0,2668.7000000000003,Критические,"Восстановительные кампании, опросы"
51178363,At Risk,Bronze,111,3,2980,92.6,1,1,2025-03-07,2025-03-07,2980.0,92.6,Критические,"Восстановительные кампании, опросы"
12636113,At Risk,Bronze,111,3,1000,1525.0,1,3,2025-02-08,2025-02-08,1000.0,1525.0,Критические,"Восстановительные кампании, опросы"
37739044,At Risk,Bronze,212,5,6980,9714.9,2,5,2025-01-16,2025-05-27,3490.0,4857.45,Критические,"Восстановительные кампании, опросы"
20765137,About To Sleep,Silver,222,6,6320,5809.2,4,9,2025-01-27,2025-05-13,1580.0,1452.3,Рисковые,"Срочные акции, напоминания"
84981649,New Customers,Gold,423,9,8100,5500.0,3,5,2025-04-12,2025-08-20,2700.0,1833.3333333333333,Новые,"Приветственная программа, обучение"
92488093,New Customers,Silver,413,8,10600,4565.0,2,3,2025-04-16,2025-08-27,5300.0,2282.5,Новые,"Приветственная программа, обучение"
28410571,New Customers,Silver,511,7,3490,2744.7,1,2,2025-09-26,2025-09-26,3490.0,2744.7,Новые,"Приветственная программа, обучение"
74517804,At Risk,Bronze,111,3,500,-499.5,2,3,2025-01-12,2025-02-21,250.0,-249.75,Критические,"Восстановительные кампании, опросы"
26751676,Potential Loyalists,Silver,323,8,10500,21684.0,3,10,2025-06-22,2025-08-08,3500.0,7228.0,Растущие,Персонализированные рекомендации
62021585,New Customers,Silver,422,8,7440,6458.4,4,8,2025-06-11,2025-09-03,1860.0,1614.6,Новые,"Приветственная программа, обучение"
50877595,At Risk,Bronze,212,5,6700,6607.5,2,4,2025-03-30,2025-06-30,3350.0,3303.75,Критические,"Восстановительные кампании, опросы"
33958975,Potential Loyalists,Silver,313,7,9980,5489.5,2,3,2025-02-19,2025-07-18,4990.0,2744.75,Растущие,Персонализированные рекомендации
39181299,New Customers,Silver,512,8,7180,13433.0,1,3,2025-09-09,2025-09-09,7180.0,13433.0,Новые,"Приветственная программа, обучение"
34088668,High Value New Customers,Gold,414,9,15160,20912.4,2,5,2025-08-04,2025-08-15,7580.0,10456.2,Растущие,"VIP обслуживание, персональный менеджер"
78746042,At Risk,Bronze,111,3,560,-394.4,1,1,2025-04-28,2025-04-28,560.0,-394.4,Критические,"Восстановительные кампании, опросы"
52923583,Potential Loyalists,Bronze,311,5,2000,3919.0,2,7,2025-07-13,2025-07-20,1000.0,1959.5,Растущие,Персонализированные рекомендации
54251905,New Customers,Gold,522,9,8000,9868.0,4,10,2025-02-08,2025-09-16,2000.0,2467.0,Новые,"Приветственная программа, обучение"
35738540,Cannot Lose Them,Silver,224,8,16500,19435.0,3,7,2025-01-17,2025-05-06,5500.0,6478.333333333333,Критические,"Персональные обращения, специальные условия"
27995241,Loyal Customers,Platinum,534,12,12450,15855.7,5,12,2025-02-27,2025-09-16,2490.0,3171.1400000000003,Премиум,"Программа лояльности, перекрестные продажи"
12133233,324,Gold,324,9,12300,22051.0,3,9,2025-02-15,2025-07-07,4100.0,7350.333333333333,Другие,Стандартный маркетинг
14737689,High Value New Customers,Gold,514,10,20760,37846.8,2,6,2025-01-11,2025-09-25,10380.0,18923.4,Растущие,"VIP обслуживание, персональный менеджер"
59917650,Potential Loyalists,Silver,313,7,11296,11033.44,2,4,2025-07-27,2025-08-09,5648.0,5516.72,Растущие,Персонализированные рекомендации
91504638,Cannot Lose Them,Silver,125,8,27540,39977.8,3,8,2025-02-01,2025-04-06,9180.0,13325.933333333334,Критические,"Персональные обращения, специальные условия"
63093696,About To Sleep,Silver,223,7,11920,15376.8,4,10,2025-03-12,2025-06-16,2980.0,3844.2,Рисковые,"Срочные акции, напоминания"
54375561,123,Silver,123,6,10800,9828.0,4,8,2025-01-01,2025-04-10,2700.0,2457.0,Другие,Стандартный маркетинг
34508876,At Risk,Bronze,112,4,5580,485.6,1,1,2025-03-20,2025-03-20,5580.0,485.6,Критические,"Восстановительные кампании, опросы"
43178236,324,Gold,324,9,18000,36978.0,3,10,2025-05-18,2025-07-23,6000.0,12326.0,Другие,Стандартный маркетинг
87233179,High Value New Customers,Platinum,525,12,22000,35185.0,4,11,2025-02-20,2025-09-13,5500.0,8796.25,Растущие,"VIP обслуживание, персональный менеджер"
19979751,At Risk,Bronze,212,5,6050,1212.5,1,1,2025-06-17,2025-06-17,6050.0,1212.5,Критические,"Восстановительные кампании, опросы"
51752271,213,Silver,213,6,11000,11674.0,2,4,2025-01-07,2025-06-05,5500.0,5837.0,Другие,Стандартный маркетинг
30321714,High Value New Customers,Gold,415,10,22000,37587.0,2,6,2025-04-11,2025-08-10,11000.0,18793.5,Растущие,"VIP обслуживание, персональный менеджер"
68243217,Potential Loyalists,Bronze,311,5,3590,6317.4,1,3,2025-07-06,2025-07-06,3590.0,6317.4,Растущие,Персонализированные рекомендации
66208240,Cannot Lose Them,Silver,224,8,14940,16379.2,3,6,2025-04-11,2025-06-22,4980.0,5459.733333333334,Критические,"Персональные обращения, специальные условия"
79971043,At Risk,Bronze,112,4,5580,4911.8,1,2,2025-01-22,2025-01-22,5580.0,4911.8,Критические,"Восстановительные кампании, опросы"
86205843,New Customers,Silver,412,7,5500,285.0,1,1,2025-08-12,2025-08-12,5500.0,285.0,Новые,"Приветственная программа, обучение"
16616230,New Customers,Silver,411,6,4990,8363.4,1,3,2025-08-24,2025-08-24,4990.0,8363.4,Новые,"Приветственная программа, обучение"
90424966,Potential Loyalists,Bronze,311,5,3100,-429.0,2,2,2025-01-15,2025-08-06,1550.0,-214.5,Растущие,Персонализированные рекомендации
69376098,At Risk,Bronze,211,4,2990,286.8,1,1,2025-06-11,2025-06-11,2990.0,286.8,Критические,"Восстановительные кампании, опросы"
27922657,New Customers,Silver,413,8,11556,16101.54,2,5,2025-05-12,2025-09-04,5778.0,8050.77,Новые,"Приветственная программа, обучение"
67182647,324,Gold,324,9,12400,16121.0,4,10,2025-01-14,2025-07-19,3100.0,4030.25,Другие,Стандартный маркетинг
13544308,High Value New Customers,Gold,425,11,32640,50308.6,3,8,2025-01-06,2025-08-29,10880.0,16769.533333333333,Растущие,"VIP обслуживание, персональный менеджер"
94828431,123,Silver,123,6,9540,11895.8,3,7,2025-01-02,2025-04-15,3180.0,3965.2666666666664,Другие,Стандартный маркетинг
59775520,New Customers,Silver,431,8,2940,413.3,6,13,2025-02-25,2025-08-26,490.0,68.88333333333334,Новые,"Приветственная программа, обучение"
88421485,Cannot Lose Them,Silver,224,8,12600,11330.0,3,6,2025-04-12,2025-05-17,4200.0,3776.6666666666665,Критические,"Персональные обращения, специальные условия"
89551751,High Value New Customers,Gold,514,10,18360,944.8,2,2,2025-05-13,2025-09-17,9180.0,472.4,Растущие,"VIP обслуживание, персональный менеджер"
11476432,At Risk,Bronze,112,4,6380,11468.2,1,3,2025-02-03,2025-02-03,6380.0,11468.2,Критические,"Восстановительные кампании, опросы"
29400855,Cannot Lose Them,Silver,114,6,13160,18252.2,2,5,2025-01-30,2025-02-11,6580.0,9126.1,Критические,"Персональные обращения, специальные условия"
92713858,New Customers,Gold,423,9,8720,6385.0,4,8,2025-01-26,2025-08-12,2180.0,1596.25,Новые,"Приветственная программа, обучение"
52491122,New Customers,Gold,513,9,11960,22613.4,2,6,2025-01-14,2025-09-11,5980.0,11306.7,Новые,"Приветственная программа, обучение"
28866848,New Customers,Silver,512,8,5960,13029.4,2,7,2025-02-14,2025-09-18,2980.0,6514.7,Новые,"Приветственная программа, обучение"
54064492,New Customers,Silver,413,8,9960,-132.4,2,2,2025-03-25,2025-08-29,4980.0,-66.2,Новые,"Приветственная программа, обучение"
91524796,Potential Loyalists,Silver,312,6,6760,14154.4,2,7,2025-04-06,2025-07-08,3380.0,7077.2,Растущие,Персонализированные рекомендации
68959920,At Risk,Bronze,111,3,2380,-213.6,1,1,2025-04-26,2025-04-26,2380.0,-213.6,Критические,"Восстановительные кампании, опросы"
28227796,High Value New Customers,Gold,424,10,20800,36961.0,4,12,2025-02-09,2025-08-28,5200.0,9240.25,Растущие,"VIP обслуживание, персональный менеджер"
52441227,New Customers,Silver,511,7,2580,6418.4,1,4,2025-09-27,2025-09-27,2580.0,6418.4,Новые,"Приветственная программа, обучение"
84436404,High Value New Customers,Platinum,525,12,44400,60551.0,4,10,2025-01-10,2025-09-28,11100.0,15137.75,Растущие,"VIP обслуживание, персональный менеджер"
22020509,At Risk,Bronze,211,4,1490,750.8,1,2,2025-05-20,2025-05-20,1490.0,750.8,Критические,"Восстановительные кампании, опросы"
53977919,High Value New Customers,Gold,424,10,16740,9658.2,3,5,2025-07-11,2025-09-01,5580.0,3219.4,Растущие,"VIP обслуживание, персональный менеджер"
53249946,New Customers,Silver,511,7,1624,4310.12,1,4,2025-09-14,2025-09-14,1624.0,4310.12,Новые,"Приветственная программа, обучение"
34539743,New Customers,Gold,423,9,8970,20607.4,3,11,2025-02-18,2025-08-26,2990.0,6869.133333333334,Новые,"Приветственная программа, обучение"
68723156,New Customers,Silver,411,6,3490,2731.4,1,2,2025-08-24,2025-08-24,3490.0,2731.4,Новые,"Приветственная программа, обучение"
56052630,New Customers,Silver,412,7,5560,6852.2,2,5,2025-05-09,2025-08-25,2780.0,3426.1,Новые,"Приветственная программа, обучение"
47545727,About To Sleep,Silver,222,6,7200,7387.0,4,9,2025-02-17,2025-05-27,1800.0,1846.75,Рисковые,"Срочные акции, напоминания"
46536130,About To Sleep,Silver,223,7,11070,4099.1,3,4,2025-01-27,2025-05-15,3690.0,1366.3666666666668,Рисковые,"Срочные акции, напоминания"
62235684,At Risk,Bronze,112,4,5980,10544.0,1,3,2025-02-26,2025-02-26,5980.0,10544.0,Критические,"Восстановительные кампании, опросы"
54094339,314,Silver,314,8,13160,30172.4,2,7,2025-01-04,2025-07-25,6580.0,15086.2,Другие,Стандартный маркетинг
46434145,High Value New Customers,Gold,524,11,20720,33069.6,4,11,2025-02-22,2025-09-22,5180.0,8267.4,Растущие,"VIP обслуживание, персональный менеджер"
98709059,New Customers,Silver,411,6,5000,-11.0,2,2,2025-06-17,2025-08-26,2500.0,-5.5,Новые,"Приветственная программа, обучение"
77282880,Loyal Customers,Gold,335,11,33480,54975.4,6,17,2025-01-05,2025-07-18,5580.0,9162.566666666668,Премиум,"Программа лояльности, перекрестные продажи"
14299738,314,Silver,314,8,14760,33569.4,2,7,2025-04-14,2025-08-02,7380.0,16784.7,Другие,Стандартный маркетинг
51498093,New Customers,Silver,512,8,5580,5263.6,1,2,2025-09-19,2025-09-19,5580.0,5263.6,Новые,"Приветственная программа, обучение"
89402108,At Risk,Bronze,122,5,7650,9139.5,3,7,2025-02-03,2025-02-16,2550.0,3046.5,Критические,"Восстановительные кампании, опросы"
64280433,Potential Loyalists,Silver,312,6,5396,14581.88,1,4,2025-07-07,2025-07-07,5396.0,14581.88,Растущие,Персонализированные рекомендации
71446261,Loyal Customers,Gold,335,11,31080,46201.2,6,16,2025-01-12,2025-07-28,5180.0,7700.2,Премиум,"Программа лояльности, перекрестные продажи"
72155725,High Value New Customers,Gold,424,10,16944,36392.16,3,10,2025-01-16,2025-09-04,5648.0,12130.720000000001,Растущие,"VIP обслуживание, персональный менеджер"
78722650,325,Gold,325,10,27540,35209.6,3,7,2025-02-05,2025-08-04,9180.0,11736.533333333333,Другие,Стандартный маркетинг
64327413,Loyal Customers,Gold,434,11,18600,21885.0,6,14,2025-02-07,2025-08-29,3100.0,3647.5,Премиум,"Программа лояльности, перекрестные продажи"
10145273,Loyal Customers,Platinum,534,12,17450,25525.3,5,13,2025-02-26,2025-09-20,3490.0,5105.0599999999995,Премиум,"Программа лояльности, перекрестные продажи"
15413660,At Risk,Bronze,111,3,4980,4391.6,1,2,2025-04-26,2025-04-26,4980.0,4391.6,Критические,"Восстановительные кампании, опросы"
55594711,Potential Loyalists,Bronze,311,5,3162,7704.06,1,4,2025-07-17,2025-07-17,3162.0,7704.06,Растущие,Персонализированные рекомендации
34502560,At Risk,Bronze,112,4,7828,15333.28,1,3,2025-04-13,2025-04-13,7828.0,15333.28,Критические,"Восстановительные кампании, опросы"
72536399,At Risk,Bronze,121,4,4800,1150.0,3,4,2025-01-19,2025-04-10,1600.0,383.3333333333333,Критические,"Восстановительные кампании, опросы"
57461608,Potential Loyalists,Silver,312,6,7000,12571.0,2,6,2025-02-15,2025-07-28,3500.0,6285.5,Растущие,Персонализированные рекомендации
65461995,At Risk,Bronze,112,4,5980,15704.2,1,4,2025-02-18,2025-02-18,5980.0,15704.2,Критические,"Восстановительные кампании, опросы"
96240921,High Value New Customers,Gold,425,11,33300,78412.0,3,11,2025-01-06,2025-09-06,11100.0,26137.333333333332,Растущие,"VIP обслуживание, персональный менеджер"
24763399,315,Gold,315,9,22200,37830.0,2,6,2025-03-04,2025-08-09,11100.0,18915.0,Другие,Стандартный маркетинг
73953828,High Value New Customers,Gold,524,11,14970,26194.9,3,9,2025-03-14,2025-09-13,4990.0,8731.633333333333,Растущие,"VIP обслуживание, персональный менеджер"
16225379,Cannot Lose Them,Silver,114,6,12380,1440.9,2,2,2025-02-06,2025-04-23,6190.0,720.45,Критические,"Персональные обращения, специальные условия"
25688149,235,Gold,235,10,36500,63261.0,5,15,2025-01-16,2025-06-29,7300.0,12652.2,Другие,Стандартный маркетинг
86155356,Cannot Lose Them,Silver,114,6,13180,18680.1,2,5,2025-03-13,2025-04-26,6590.0,9340.05,Критические,"Персональные обращения, специальные условия"
52059480,113,Bronze,113,5,9980,12723.8,2,5,2025-03-21,2025-04-30,4990.0,6361.9,Другие,Стандартный маркетинг
99962600,113,Bronze,113,5,9980,8773.5,2,4,2025-01-10,2025-04-04,4990.0,4386.75,Другие,Стандартный маркетинг
25273810,Potential Loyalists,Silver,323,8,8940,16708.6,3,9,2025-04-02,2025-07-12,2980.0,5569.533333333333,Растущие,Персонализированные рекомендации
98423853,113,Bronze,113,5,10600,14184.0,2,5,2025-01-06,2025-02-24,5300.0,7092.0,Другие,Стандартный маркетинг
14268446,325,Gold,325,10,33300,14497.0,3,4,2025-04-24,2025-08-03,11100.0,4832.333333333333,Другие,Стандартный маркетинг
78884710,High Value New Customers,Platinum,525,12,47960,88541.2,4,12,2025-02-24,2025-09-09,11990.0,22135.3,Растущие,"VIP обслуживание, персональный менеджер"
40542742,New Customers,Gold,513,9,10400,8996.0,2,4,2025-02-27,2025-09-21,5200.0,4498.0,Новые,"Приветственная программа, обучение"
97750622,High Value New Customers,Gold,424,10,18300,15831.0,3,6,2025-04-28,2025-08-10,6100.0,5277.0,Растущие,"VIP обслуживание, персональный менеджер"
43094185,213,Silver,213,6,9400,11471.0,2,5,2025-06-03,2025-06-11,4700.0,5735.5,Другие,Стандартный маркетинг
32484702,Cannot Lose Them,Gold,225,9,29200,46877.0,4,11,2025-01-22,2025-06-04,7300.0,11719.25,Критические,"Персональные обращения, специальные условия"
58356356,New Customers,Gold,523,10,10320,16771.4,4,12,2025-03-11,2025-09-18,2580.0,4192.85,Новые,"Приветственная программа, обучение"
38916371,High Value New Customers,Platinum,525,12,32800,64310.0,4,13,2025-03-29,2025-09-22,8200.0,16077.5,Растущие,"VIP обслуживание, персональный менеджер"
11351952,Potential Loyalists,Silver,322,7,6000,6481.0,3,7,2025-03-07,2025-08-02,2000.0,2160.3333333333335,Растущие,Персонализированные рекомендации
11000967,113,Bronze,113,5,10248,8734.12,2,4,2025-02-22,2025-03-31,5124.0,4367.06,Другие,Стандартный маркетинг
39493765,113,Bronze,113,5,9100,9471.0,1,2,2025-04-05,2025-04-05,9100.0,9471.0,Другие,Стандартный маркетинг
52067394,New Customers,Silver,421,7,2820,3997.2,3,9,2025-04-14,2025-09-06,940.0,1332.3999999999999,Новые,"Приветственная программа, обучение"
57862472,New Customers,Gold,423,9,9300,18517.0,3,10,2025-01-09,2025-09-06,3100.0,6172.333333333333,Новые,"Приветственная программа, обучение"
59810682,New Customers,Silver,511,7,3490,2686.8,1,2,2025-09-18,2025-09-18,3490.0,2686.8,Новые,"Приветственная программа, обучение"
79101202,About To Sleep,Silver,223,7,11340,25358.4,3,11,2025-04-18,2025-06-03,3780.0,8452.800000000001,Рисковые,"Срочные акции, напоминания"
44901759,At Risk,Bronze,212,5,7000,-58.0,2,2,2025-03-22,2025-05-31,3500.0,-29.0,Критические,"Восстановительные кампании, опросы"
24165881,At Risk,Bronze,112,4,5580,9643.2,1,3,2025-03-06,2025-03-06,5580.0,9643.2,Критические,"Восстановительные кампании, опросы"
98269250,New Customers,Gold,513,9,11160,16500.0,2,5,2025-03-16,2025-09-14,5580.0,8250.0,Новые,"Приветственная программа, обучение"
47631395,Loyal Customers,Gold,335,11,27900,16371.0,5,8,2025-01-06,2025-07-23,5580.0,3274.2,Премиум,"Программа лояльности, перекрестные продажи"
83393173,At Risk,Bronze,212,5,5990,16671.3,1,4,2025-05-23,2025-05-23,5990.0,16671.3,Критические,"Восстановительные кампании, опросы"
44062204,Potential Loyalists,Silver,313,7,10760,9517.4,2,4,2025-02-26,2025-07-08,5380.0,4758.7,Растущие,Персонализированные рекомендации
60672089,213,Silver,213,6,11990,10022.2,1,2,2025-06-14,2025-06-14,11990.0,10022.2,Другие,Стандартный маркетинг
80774380,New Customers,Silver,422,8,7470,10510.6,3,8,2025-05-27,2025-08-24,2490.0,3503.5333333333333,Новые,"Приветственная программа, обучение"
31684574,Potential Loyalists,Silver,323,8,10360,11958.1,4,10,2025-03-31,2025-07-24,2590.0,2989.525,Растущие,Персонализированные рекомендации
40907194,New Customers,Silver,413,8,11980,16450.2,2,5,2025-01-29,2025-08-12,5990.0,8225.1,Новые,"Приветственная программа, обучение"
39462607,213,Silver,213,6,11100,10677.0,1,2,2025-05-15,2025-05-15,11100.0,10677.0,Другие,Стандартный маркетинг
34800221,Potential Loyalists,Silver,321,6,3360,3133.4,3,7,2025-02-01,2025-07-11,1120.0,1044.4666666666667,Растущие,Персонализированные рекомендации
90900699,Cannot Lose Them,Silver,224,8,16500,22311.0,3,7,2025-01-07,2025-05-25,5500.0,7437.0,Критические,"Персональные обращения, специальные условия"
42522552,Potential Loyalists,Bronze,311,5,2160,237.4,2,3,2025-05-31,2025-07-18,1080.0,118.7,Растущие,Персонализированные рекомендации
64604307,324,Gold,324,9,20940,20546.6,3,6,2025-01-04,2025-07-26,6980.0,6848.866666666666,Другие,Стандартный маркетинг
31817974,New Customers,Silver,521,8,4350,4329.5,3,7,2025-05-07,2025-09-18,1450.0,1443.1666666666667,Новые,"Приветственная программа, обучение"
80615239,High Value New Customers,Gold,424,10,19960,33718.0,4,12,2025-03-15,2025-09-07,4990.0,8429.5,Растущие,"VIP обслуживание, персональный менеджер"
83675423,High Value New Customers,Gold,424,10,14970,17855.2,3,7,2025-05-07,2025-09-05,4990.0,5951.733333333334,Растущие,"VIP обслуживание, персональный менеджер"
96712748,High Value New Customers,Gold,425,11,44400,69206.0,4,11,2025-05-31,2025-08-21,11100.0,17301.5,Растущие,"VIP обслуживание, персональный менеджер"
91781807,Cannot Lose Them,Silver,224,8,15900,20722.0,3,7,2025-03-30,2025-06-07,5300.0,6907.333333333333,Критические,"Персональные обращения, специальные условия"
35892837,Cannot Lose Them,Silver,215,8,22000,29324.0,2,5,2025-05-08,2025-06-21,11000.0,14662.0,Критические,"Персональные обращения, специальные условия"
66144867,High Value New Customers,Platinum,525,12,36720,25288.4,4,7,2025-04-25,2025-09-18,9180.0,6322.1,Растущие,"VIP обслуживание, персональный менеджер"
24653069,213,Silver,213,6,9960,20849.0,2,7,2025-06-05,2025-06-07,4980.0,10424.5,Другие,Стандартный маркетинг
27451798,At Risk,Bronze,111,3,1580,3610.6,1,4,2025-01-25,2025-01-25,1580.0,3610.6,Критические,"Восстановительные кампании, опросы"
23245835,New Customers,Silver,412,7,5960,14341.0,2,8,2025-07-27,2025-09-04,2980.0,7170.5,Новые,"Приветственная программа, обучение"
51863845,Potential Loyalists,Bronze,311,5,420,-161.8,1,1,2025-08-02,2025-08-02,420.0,-161.8,Растущие,Персонализированные рекомендации
92519435,At Risk,Bronze,112,4,5980,6772.0,1,2,2025-01-14,2025-01-14,5980.0,6772.0,Критические,"Восстановительные кампании, опросы"
54150352,At Risk,Bronze,211,4,3380,4149.4,2,5,2025-06-02,2025-06-25,1690.0,2074.7,Критические,"Восстановительные кампании, опросы"
72387757,At Risk,Bronze,211,4,700,1364.0,1,4,2025-06-25,2025-06-25,700.0,1364.0,Критические,"Восстановительные кампании, опросы"
35690160,324,Gold,324,9,16944,26343.28,3,8,2025-01-18,2025-07-16,5648.0,8781.093333333332,Другие,Стандартный маркетинг
91756346,At Risk,Bronze,111,3,4000,6712.0,1,3,2025-03-14,2025-03-14,4000.0,6712.0,Критические,"Восстановительные кампании, опросы"
44699881,Cannot Lose Them,Silver,214,7,13560,11730.8,2,4,2025-01-22,2025-06-02,6780.0,5865.4,Критические,"Персональные обращения, специальные условия"
88610207,High Value New Customers,Platinum,525,12,30600,29538.0,3,6,2025-03-29,2025-09-18,10200.0,9846.0,Растущие,"VIP обслуживание, персональный менеджер"
67730240,New Customers,Silver,512,8,5200,6604.0,2,5,2025-04-30,2025-09-12,2600.0,3302.0,Новые,"Приветственная программа, обучение"
50680192,New Customers,Silver,413,8,11000,430.0,1,1,2025-08-22,2025-08-22,11000.0,430.0,Новые,"Приветственная программа, обучение"
71114241,Potential Loyalists,Bronze,311,5,3100,3730.0,2,5,2025-01-30,2025-07-07,1550.0,1865.0,Растущие,Персонализированные рекомендации
12494667,New Customers,Gold,523,10,8940,7012.8,3,5,2025-01-24,2025-09-08,2980.0,2337.6,Новые,"Приветственная программа, обучение"
19765974,New Customers,Silver,512,8,5960,16042.6,2,8,2025-01-20,2025-09-22,2980.0,8021.3,Новые,"Приветственная программа, обучение"
11135499,213,Silver,213,6,11960,25408.4,2,7,2025-02-13,2025-05-16,5980.0,12704.2,Другие,Стандартный маркетинг
88322590,High Value New Customers,Gold,524,11,21540,22584.2,3,6,2025-07-04,2025-09-25,7180.0,7528.066666666667,Растущие,"VIP обслуживание, персональный менеджер"
60414566,New Customers,Silver,411,6,2650,390.5,1,1,2025-08-16,2025-08-16,2650.0,390.5,Новые,"Приветственная программа, обучение"
52326977,Potential Loyalists,Silver,321,6,4140,1866.4,3,5,2025-01-16,2025-07-21,1380.0,622.1333333333333,Растущие,Персонализированные рекомендации
82355303,Potential Loyalists,Bronze,311,5,3380,6304.0,1,3,2025-07-16,2025-07-16,3380.0,6304.0,Растущие,Персонализированные рекомендации
32712151,213,Silver,213,6,11960,7702.8,2,3,2025-06-19,2025-06-29,5980.0,3851.4,Другие,Стандартный маркетинг
24115955,At Risk,Bronze,212,5,5180,15036.0,1,4,2025-05-19,2025-05-19,5180.0,15036.0,Критические,"Восстановительные кампании, опросы"
84867398,Loyal Customers,Platinum,534,12,14900,14749.0,5,11,2025-03-04,2025-09-27,2980.0,2949.8,Премиум,"Программа лояльности, перекрестные продажи"
86731987,At Risk,Bronze,112,4,6000,16468.0,1,4,2025-02-22,2025-02-22,6000.0,16468.0,Критические,"Восстановительные кампании, опросы"
64821792,213,Silver,213,6,11160,10864.8,2,4,2025-05-07,2025-05-26,5580.0,5432.4,Другие,Стандартный маркетинг
43423685,High Value New Customers,Gold,524,11,13520,19637.0,4,11,2025-03-04,2025-09-27,3380.0,4909.25,Растущие,"VIP обслуживание, персональный менеджер"
35501394,At Risk,Bronze,111,3,2890,-209.0,1,1,2025-03-22,2025-03-22,2890.0,-209.0,Критические,"Восстановительные кампании, опросы"
72389005,213,Silver,213,6,9980,27391.0,1,4,2025-05-20,2025-05-20,9980.0,27391.0,Другие,Стандартный маркетинг
70533928,213,Silver,213,6,11732,25985.3,2,7,2025-04-22,2025-05-23,5866.0,12992.65,Другие,Стандартный маркетинг
10425403,New Customers,Silver,512,8,7000,9879.0,2,5,2025-02-20,2025-09-18,3500.0,4939.5,Новые,"Приветственная программа, обучение"
47730210,New Customers,Silver,413,8,9180,15698.4,1,3,2025-08-14,2025-08-14,9180.0,15698.4,Новые,"Приветственная программа, обучение"
39920707,New Customers,Silver,511,7,2000,1901.0,2,5,2025-06-14,2025-09-20,1000.0,950.5,Новые,"Приветственная программа, обучение"
92465778,High Value New Customers,Gold,514,10,19960,29252.2,2,5,2025-09-09,2025-09-21,9980.0,14626.1,Растущие,"VIP обслуживание, персональный менеджер"
42599054,At Risk,Bronze,212,5,7580,20847.0,1,4,2025-07-02,2025-07-02,7580.0,20847.0,Критические,"Восстановительные кампании, опросы"
24553956,Loyal Customers,Platinum,435,12,23900,35034.6,5,13,2025-01-13,2025-09-01,4780.0,7006.92,Премиум,"Программа лояльности, перекрестные продажи"
90003367,325,Gold,325,10,28720,58794.8,4,13,2025-04-17,2025-08-09,7180.0,14698.7,Другие,Стандартный маркетинг
56970638,Potential Loyalists,Silver,313,7,9560,25233.6,2,8,2025-03-22,2025-08-08,4780.0,12616.8,Растущие,Персонализированные рекомендации
12157882,New Customers,Silver,422,8,6400,9075.0,4,11,2025-03-12,2025-08-26,1600.0,2268.75,Новые,"Приветственная программа, обучение"
63341383,New Customers,Silver,421,7,2070,1425.3,3,8,2025-04-22,2025-08-22,690.0,475.09999999999997,Новые,"Приветственная программа, обучение"
14926551,Loyal Customers,Platinum,535,13,29950,48240.8,5,14,2025-02-06,2025-09-11,5990.0,9648.16,Премиум,"Программа лояльности, перекрестные продажи"
32997683,Loyal Customers,Platinum,534,12,13900,18941.0,5,13,2025-04-22,2025-09-18,2780.0,3788.2,Премиум,"Программа лояльности, перекрестные продажи"
83975242,New Customers,Silver,412,7,5778,4871.32,1,2,2025-08-30,2025-08-30,5778.0,4871.32,Новые,"Приветственная программа, обучение"
63600414,New Customers,Silver,412,7,5580,10146.6,1,3,2025-09-06,2025-09-06,5580.0,10146.6,Новые,"Приветственная программа, обучение"
18156492,High Value New Customers,Platinum,525,12,23920,47436.0,4,13,2025-01-27,2025-09-18,5980.0,11859.0,Растущие,"VIP обслуживание, персональный менеджер"
36814941,At Risk,Bronze,212,5,5500,9204.0,1,3,2025-06-25,2025-06-25,5500.0,9204.0,Критические,"Восстановительные кампании, опросы"
81628656,New Customers,Silver,411,6,2700,-45.0,1,1,2025-09-04,2025-09-04,2700.0,-45.0,Новые,"Приветственная программа, обучение"
77879975,At Risk,Bronze,112,4,5160,3963.8,2,4,2025-04-10,2025-04-28,2580.0,1981.9,Критические,"Восстановительные кампании, опросы"
27685318,New Customers,Silver,412,7,5300,12869.0,1,4,2025-09-01,2025-09-01,5300.0,12869.0,Новые,"Приветственная программа, обучение"
21059414,At Risk,Bronze,111,3,2100,3397.0,1,3,2025-01-10,2025-01-10,2100.0,3397.0,Критические,"Восстановительные кампании, опросы"
46766529,324,Gold,324,9,21000,44819.0,3,10,2025-03-26,2025-07-14,7000.0,14939.666666666666,Другие,Стандартный маркетинг
24565729,High Value New Customers,Gold,425,11,27540,17833.0,3,5,2025-03-19,2025-08-17,9180.0,5944.333333333333,Растущие,"VIP обслуживание, персональный менеджер"
26669048,New Customers,Silver,413,8,11990,12109.7,1,2,2025-08-18,2025-08-18,11990.0,12109.7,Новые,"Приветственная программа, обучение"
35024002,New Customers,Silver,511,7,3100,4856.0,1,3,2025-09-23,2025-09-23,3100.0,4856.0,Новые,"Приветственная программа, обучение"
91763078,New Customers,Silver,421,7,4320,4408.4,4,10,2025-01-20,2025-08-26,1080.0,1102.1,Новые,"Приветственная программа, обучение"
10678165,At Risk,Bronze,112,4,6980,6499.6,2,4,2025-01-11,2025-04-07,3490.0,3249.8,Критические,"Восстановительные кампании, опросы"
36225094,At Risk,Bronze,212,5,5980,888.4,1,1,2025-06-04,2025-06-04,5980.0,888.4,Критические,"Восстановительные кампании, опросы"
55068920,New Customers,Gold,532,10,6300,4627.0,5,10,2025-03-21,2025-09-18,1260.0,925.4,Новые,"Приветственная программа, обучение"
69845855,At Risk,Bronze,112,4,5800,6001.0,1,2,2025-04-09,2025-04-09,5800.0,6001.0,Критические,"Восстановительные кампании, опросы"
64363579,At Risk,Bronze,112,4,6780,12951.0,1,3,2025-01-20,2025-01-20,6780.0,12951.0,Критические,"Восстановительные кампании, опросы"
84168282,At Risk,Bronze,111,3,3980,10588.8,1,4,2025-04-12,2025-04-12,3980.0,10588.8,Критические,"Восстановительные кампании, опросы"
48025495,Potential Loyalists,Bronze,311,5,300,-213.0,2,7,2025-06-10,2025-07-13,150.0,-106.5,Растущие,Персонализированные рекомендации
36414021,High Value New Customers,Gold,515,11,22000,36570.0,2,6,2025-06-13,2025-09-26,11000.0,18285.0,Растущие,"VIP обслуживание, персональный менеджер"
56607737,Cannot Lose Them,Silver,114,6,14360,39625.4,2,8,2025-02-06,2025-02-15,7180.0,19812.7,Критические,"Персональные обращения, специальные условия"
11575539,Loyal Customers,Platinum,435,12,27500,37054.0,5,12,2025-02-02,2025-08-30,5500.0,7410.8,Премиум,"Программа лояльности, перекрестные продажи"
16408664,213,Silver,213,6,11100,22345.0,1,3,2025-06-30,2025-06-30,11100.0,22345.0,Другие,Стандартный маркетинг
34175452,Potential Loyalists,Bronze,311,5,4400,7694.0,1,3,2025-07-19,2025-07-19,4400.0,7694.0,Растущие,Персонализированные рекомендации
92727952,At Risk,Bronze,212,5,5300,11904.0,2,7,2025-04-18,2025-05-17,2650.0,5952.0,Критические,"Восстановительные кампании, опросы"
35056511,At Risk,Bronze,111,3,2400,4605.0,2,7,2025-04-03,2025-04-29,1200.0,2302.5,Критические,"Восстановительные кампании, опросы"
56908719,At Risk,Bronze,112,4,5980,10932.4,1,3,2025-01-09,2025-01-09,5980.0,10932.4,Критические,"Восстановительные кампании, опросы"
33191023,324,Gold,324,9,20720,24197.8,4,9,2025-04-03,2025-08-03,5180.0,6049.45,Другие,Стандартный маркетинг
86253551,New Customers,Gold,423,9,10470,17449.7,3,9,2025-02-06,2025-08-12,3490.0,5816.566666666667,Новые,"Приветственная программа, обучение"
59016478,New Customers,Silver,411,6,3490,5994.4,1,3,2025-08-12,2025-08-12,3490.0,5994.4,Новые,"Приветственная программа, обучение"
52863920,Cannot Lose Them,Silver,115,7,22000,1012.0,2,2,2025-01-06,2025-03-14,11000.0,506.0,Критические,"Персональные обращения, специальные условия"
77801450,At Risk,Bronze,211,4,4990,8541.2,1,3,2025-06-15,2025-06-15,4990.0,8541.2,Критические,"Восстановительные кампании, опросы"
53858511,New Customers,Gold,523,10,11800,15520.5,4,10,2025-02-09,2025-09-20,2950.0,3880.125,Новые,"Приветственная программа, обучение"
97446387,New Customers,Silver,411,6,2780,6800.2,1,4,2025-08-28,2025-08-28,2780.0,6800.2,Новые,"Приветственная программа, обучение"
71037188,At Risk,Bronze,111,3,1800,2841.0,1,3,2025-04-20,2025-04-20,1800.0,2841.0,Критические,"Восстановительные кампании, опросы"
72747359,At Risk,Bronze,212,5,6900,12654.0,2,6,2025-01-13,2025-06-01,3450.0,6327.0,Критические,"Восстановительные кампании, опросы"
68162392,High Value New Customers,Gold,514,10,13960,21348.4,2,5,2025-07-24,2025-09-17,6980.0,10674.2,Растущие,"VIP обслуживание, персональный менеджер"
85129002,213,Silver,213,6,9980,14082.7,2,5,2025-04-02,2025-06-28,4990.0,7041.35,Другие,Стандартный маркетинг
72208276,Cannot Lose Them,Silver,224,8,16740,30605.0,3,9,2025-02-13,2025-06-23,5580.0,10201.666666666666,Критические,"Персональные обращения, специальные условия"
91970108,113,Bronze,113,5,9180,10020.2,1,2,2025-03-18,2025-03-18,9180.0,10020.2,Другие,Стандартный маркетинг
72257964,113,Bronze,113,5,9980,18360.1,2,6,2025-01-18,2025-02-27,4990.0,9180.05,Другие,Стандартный маркетинг
58445728,At Risk,Bronze,112,4,6180,5984.0,1,2,2025-02-11,2025-02-11,6180.0,5984.0,Критические,"Восстановительные кампании, опросы"
48820146,About To Sleep,Silver,222,6,7740,2858.6,3,4,2025-02-12,2025-06-06,2580.0,952.8666666666667,Рисковые,"Срочные акции, напоминания"
16006909,Cannot Lose Them,Silver,114,6,12360,6073.6,2,3,2025-04-10,2025-04-22,6180.0,3036.8,Критические,"Персональные обращения, специальные условия"
28525798,235,Gold,235,10,30250,51589.0,5,15,2025-01-01,2025-05-28,6050.0,10317.8,Другие,Стандартный маркетинг
21673576,213,Silver,213,6,11100,19065.0,1,3,2025-06-12,2025-06-12,11100.0,19065.0,Другие,Стандартный маркетинг
33567369,New Customers,Silver,411,6,4980,5184.0,2,4,2025-08-04,2025-08-14,2490.0,2592.0,Новые,"Приветственная программа, обучение"
24789210,314,Silver,314,8,13160,36511.6,2,8,2025-04-19,2025-07-16,6580.0,18255.8,Другие,Стандартный маркетинг
39535140,Potential Loyalists,Silver,312,6,6200,6442.0,2,4,2025-01-26,2025-07-08,3100.0,3221.0,Растущие,Персонализированные рекомендации
66519859,High Value New Customers,Gold,524,11,14700,21553.0,3,8,2025-02-02,2025-09-08,4900.0,7184.333333333333,Растущие,"VIP обслуживание, персональный менеджер"
96414579,At Risk,Bronze,212,5,7000,5184.0,2,4,2025-05-17,2025-06-09,3500.0,2592.0,Критические,"Восстановительные кампании, опросы"
40911969,New Customers,Silver,413,8,12180,26085.6,2,7,2025-05-01,2025-08-22,6090.0,13042.8,Новые,"Приветственная программа, обучение"
85974412,At Risk,Bronze,112,4,5100,-183.0,1,1,2025-03-06,2025-03-06,5100.0,-183.0,Критические,"Восстановительные кампании, опросы"
77056010,113,Bronze,113,5,10860,23793.7,2,7,2025-02-01,2025-02-02,5430.0,11896.85,Другие,Стандартный маркетинг
52946669,At Risk,Bronze,111,3,2650,230.0,1,1,2025-02-11,2025-02-11,2650.0,230.0,Критические,"Восстановительные кампании, опросы"
89899082,New Customers,Silver,412,7,7828,630.64,1,1,2025-08-21,2025-08-21,7828.0,630.64,Новые,"Приветственная программа, обучение"
91756950,Cannot Lose Them,Silver,214,7,14360,21210.8,2,5,2025-03-19,2025-06-07,7180.0,10605.4,Критические,"Персональные обращения, специальные условия"
63335242,Cannot Lose Them,Silver,214,7,15960,15696.8,2,4,2025-02-27,2025-05-29,7980.0,7848.4,Критические,"Персональные обращения, специальные условия"
96447831,Cannot Lose Them,Gold,225,9,27816,37562.1,4,10,2025-01-10,2025-06-25,6954.0,9390.525,Критические,"Персональные обращения, специальные условия"
51160776,113,Bronze,113,5,11000,2120.0,1,1,2025-02-23,2025-02-23,11000.0,2120.0,Другие,Стандартный маркетинг
16975545,Potential Loyalists,Bronze,311,5,4900,12806.0,1,4,2025-07-28,2025-07-28,4900.0,12806.0,Растущие,Персонализированные рекомендации
87735808,At Risk,Bronze,112,4,7074,6506.04,1,2,2025-04-06,2025-04-06,7074.0,6506.04,Критические,"Восстановительные кампании, опросы"
45932023,Cannot Lose Them,Silver,214,7,12360,22489.6,2,6,2025-02-15,2025-05-30,6180.0,11244.8,Критические,"Персональные обращения, специальные условия"
49227251,New Customers,Silver,421,7,4800,11564.0,3,12,2025-03-29,2025-09-01,1600.0,3854.6666666666665,Новые,"Приветственная программа, обучение"
31743322,113,Bronze,113,5,11100,29474.0,1,4,2025-01-15,2025-01-15,11100.0,29474.0,Другие,Стандартный маркетинг
42668897,High Value New Customers,Gold,425,11,22140,39814.8,3,9,2025-01-15,2025-08-23,7380.0,13271.6,Растущие,"VIP обслуживание, персональный менеджер"
73722467,High Value New Customers,Gold,524,11,16500,15112.0,3,6,2025-03-25,2025-09-20,5500.0,5037.333333333333,Растущие,"VIP обслуживание, персональный менеджер"
76003966,New Customers,Silver,512,8,5990,9651.9,1,3,2025-09-20,2025-09-20,5990.0,9651.9,Новые,"Приветственная программа, обучение"
29195433,About To Sleep,Silver,223,7,11920,19450.8,4,12,2025-03-07,2025-06-21,2980.0,4862.7,Рисковые,"Срочные акции, напоминания"
52953466,Potential Loyalists,Silver,322,7,7470,14956.9,3,10,2025-02-26,2025-07-20,2490.0,4985.633333333333,Растущие,Персонализированные рекомендации
68280793,At Risk,Bronze,111,3,3380,5376.4,1,3,2025-02-04,2025-02-04,3380.0,5376.4,Критические,"Восстановительные кампании, опросы"
60315278,New Customers,Silver,421,7,3060,2485.0,3,7,2025-03-28,2025-08-11,1020.0,828.3333333333334,Новые,"Приветственная программа, обучение"
40877478,Potential Loyalists,Silver,313,7,9980,21752.1,2,7,2025-01-24,2025-08-04,4990.0,10876.05,Растущие,Персонализированные рекомендации
67131607,New Customers,Silver,411,6,1180,2427.4,1,4,2025-08-16,2025-08-16,1180.0,2427.4,Новые,"Приветственная программа, обучение"
20862535,Cannot Lose Them,Silver,224,8,16740,15161.6,3,6,2025-02-11,2025-06-30,5580.0,5053.866666666667,Критические,"Персональные обращения, специальные условия"
21200354,At Risk,Bronze,112,4,5990,4847.3,1,2,2025-04-24,2025-04-24,5990.0,4847.3,Критические,"Восстановительные кампании, опросы"
42373022,New Customers,Silver,412,7,5500,5087.0,1,2,2025-08-14,2025-08-14,5500.0,5087.0,Новые,"Приветственная программа, обучение"
95405398,New Customers,Gold,522,9,6300,8508.0,3,8,2025-05-08,2025-09-16,2100.0,2836.0,Новые,"Приветственная программа, обучение"
40509576,High Value New Customers,Gold,514,10,14360,27478.8,2,6,2025-04-19,2025-09-12,7180.0,13739.4,Растущие,"VIP обслуживание, персональный менеджер"
95925500,Potential Loyalists,Silver,312,6,5100,13770.0,1,4,2025-08-05,2025-08-05,5100.0,13770.0,Растущие,Персонализированные рекомендации
70540068,113,Bronze,113,5,9560,17491.0,2,6,2025-03-12,2025-03-27,4780.0,8745.5,Другие,Стандартный маркетинг
51675683,113,Bronze,113,5,12000,11114.0,2,4,2025-01-05,2025-02-10,6000.0,5557.0,Другие,Стандартный маркетинг
67674825,About To Sleep,Silver,223,7,10140,13545.0,3,8,2025-01-08,2025-06-05,3380.0,4515.0,Рисковые,"Срочные акции, напоминания"
31910726,At Risk,Bronze,112,4,5700,5198.0,1,2,2025-02-04,2025-02-04,5700.0,5198.0,Критические,"Восстановительные кампании, опросы"
10052142,At Risk,Bronze,111,3,2880,7287.2,1,4,2025-04-02,2025-04-02,2880.0,7287.2,Критические,"Восстановительные кампании, опросы"
33947909,High Value New Customers,Gold,424,10,18000,27754.0,3,8,2025-03-04,2025-08-16,6000.0,9251.333333333334,Растущие,"VIP обслуживание, персональный менеджер"
11146662,At Risk,Bronze,111,3,2000,1235.0,2,4,2025-01-08,2025-03-27,1000.0,617.5,Критические,"Восстановительные кампании, опросы"
54599649,At Risk,Bronze,112,4,7380,19664.0,1,4,2025-01-13,2025-01-13,7380.0,19664.0,Критические,"Восстановительные кампании, опросы"
13391135,At Risk,Bronze,112,4,6980,12120.1,2,6,2025-04-06,2025-04-24,3490.0,6060.05,Критические,"Восстановительные кампании, опросы"
67418195,324,Gold,324,9,16140,31545.4,3,9,2025-05-01,2025-08-04,5380.0,10515.133333333333,Другие,Стандартный маркетинг
36659027,Potential Loyalists,Silver,312,6,5300,4840.0,1,2,2025-07-20,2025-07-20,5300.0,4840.0,Растущие,Персонализированные рекомендации
87335782,Potential Loyalists,Silver,312,6,7990,15431.9,1,3,2025-07-07,2025-07-07,7990.0,15431.9,Растущие,Персонализированные рекомендации
63266145,New Customers,Silver,411,6,1950,1247.0,1,2,2025-08-11,2025-08-11,1950.0,1247.0,Новые,"Приветственная программа, обучение"
70591490,Potential Loyalists,Silver,312,6,7000,6836.0,2,4,2025-01-03,2025-07-23,3500.0,3418.0,Растущие,Персонализированные рекомендации
69561939,At Risk,Bronze,112,4,6180,7196.0,1,2,2025-01-15,2025-01-15,6180.0,7196.0,Критические,"Восстановительные кампании, опросы"
91669332,113,Bronze,113,5,11990,12501.1,1,2,2025-04-03,2025-04-03,11990.0,12501.1,Другие,Стандартный маркетинг
99733880,At Risk,Bronze,111,3,2980,2291.0,1,2,2025-03-08,2025-03-08,2980.0,2291.0,Критические,"Восстановительные кампании, опросы"
81808188,At Risk,Bronze,112,4,5980,16541.2,1,4,2025-02-17,2025-02-17,5980.0,16541.2,Критические,"Восстановительные кампании, опросы"
57412404,Potential Loyalists,Silver,313,7,9400,20770.0,2,7,2025-01-07,2025-07-31,4700.0,10385.0,Растущие,Персонализированные рекомендации
36508832,New Customers,Silver,512,8,5780,9202.3,2,6,2025-02-14,2025-09-22,2890.0,4601.15,Новые,"Приветственная программа, обучение"
96348851,High Value New Customers,Gold,415,10,22200,40114.0,2,6,2025-08-16,2025-08-26,11100.0,20057.0,Растущие,"VIP обслуживание, персональный менеджер"
85674888,At Risk,Bronze,211,4,1550,1163.0,1,2,2025-06-28,2025-06-28,1550.0,1163.0,Критические,"Восстановительные кампании, опросы"
26878119,Cannot Lose Them,Silver,224,8,12540,11659.4,3,6,2025-05-22,2025-06-18,4180.0,3886.4666666666667,Критические,"Персональные обращения, специальные условия"
28202461,New Customers,Silver,413,8,9960,6091.8,2,3,2025-04-24,2025-08-28,4980.0,3045.9,Новые,"Приветственная программа, обучение"
10769708,At Risk,Bronze,212,5,5580,9714.4,1,3,2025-06-10,2025-06-10,5580.0,9714.4,Критические,"Восстановительные кампании, опросы"
62735299,Cannot Lose Them,Silver,114,6,13960,12906.8,2,4,2025-03-06,2025-04-29,6980.0,6453.4,Критические,"Персональные обращения, специальные условия"
30512809,Potential Loyalists,Silver,312,6,5380,2024.5,2,3,2025-08-02,2025-08-05,2690.0,1012.25,Растущие,Персонализированные рекомендации
14809114,At Risk,Bronze,211,4,2980,1913.2,1,2,2025-06-04,2025-06-04,2980.0,1913.2,Критические,"Восстановительные кампании, опросы"
93873429,New Customers,Gold,513,9,12000,18266.0,2,5,2025-05-19,2025-09-15,6000.0,9133.0,Новые,"Приветственная программа, обучение"
73450118,At Risk,Bronze,111,3,4980,665.2,1,1,2025-05-01,2025-05-01,4980.0,665.2,Критические,"Восстановительные кампании, опросы"
37600233,At Risk,Bronze,111,3,1960,359.6,2,3,2025-04-10,2025-04-16,980.0,179.8,Критические,"Восстановительные кампании, опросы"
55667150,213,Silver,213,6,11160,27617.2,2,8,2025-03-25,2025-05-21,5580.0,13808.6,Другие,Стандартный маркетинг
33858877,At Risk,Bronze,112,4,6990,246.3,1,1,2025-01-13,2025-01-13,6990.0,246.3,Критические,"Восстановительные кампании, опросы"
38203618,New Customers,Silver,412,7,5980,15918.4,1,4,2025-08-29,2025-08-29,5980.0,15918.4,Новые,"Приветственная программа, обучение"
58217246,At Risk,Bronze,112,4,6580,10593.4,1,3,2025-03-06,2025-03-06,6580.0,10593.4,Критические,"Восстановительные кампании, опросы"
49463647,Cannot Lose Them,Silver,115,7,22200,40606.0,2,6,2025-02-06,2025-03-16,11100.0,20303.0,Критические,"Персональные обращения, специальные условия"
79641918,Potential Loyalists,Silver,313,7,12000,20909.0,2,6,2025-06-04,2025-08-03,6000.0,10454.5,Растущие,Персонализированные рекомендации
87897147,Potential Loyalists,Silver,312,6,5560,6992.4,2,5,2025-02-08,2025-07-10,2780.0,3496.2,Растущие,Персонализированные рекомендации
88973076,Potential Loyalists,Silver,313,7,11732,11901.2,1,4,2025-07-23,2025-07-23,11732.0,11901.2,Растущие,Персонализированные рекомендации
75824696,Potential Loyalists,Silver,312,6,7580,12161.8,1,3,2025-07-13,2025-07-13,7580.0,12161.8,Растущие,Персонализированные рекомендации
21410336,At Risk,Bronze,111,3,2780,4855.2,1,3,2025-02-27,2025-02-27,2780.0,4855.2,Критические,"Восстановительные кампании, опросы"
37316597,Potential Loyalists,Bronze,311,5,3180,5276.2,1,3,2025-08-09,2025-08-09,3180.0,5276.2,Растущие,Персонализированные рекомендации
89828981,New Customers,Silver,511,7,3780,3638.1,2,4,2025-05-26,2025-09-23,1890.0,1819.05,Новые,"Приветственная программа, обучение"
72010900,At Risk,Bronze,112,4,5980,5608.6,1,2,2025-03-07,2025-03-07,5980.0,5608.6,Критические,"Восстановительные кампании, опросы"
53363052,At Risk,Bronze,212,5,7180,761.2,1,1,2025-06-03,2025-06-03,7180.0,761.2,Критические,"Восстановительные кампании, опросы"
84491869,At Risk,Bronze,212,5,6200,7927.0,2,5,2025-02-27,2025-06-29,3100.0,3963.5,Критические,"Восстановительные кампании, опросы"
93887738,At Risk,Bronze,211,4,3490,3135.9,1,2,2025-05-20,2025-05-20,3490.0,3135.9,Критические,"Восстановительные кампании, опросы"
62243407,New Customers,Silver,412,7,6180,5888.6,1,2,2025-08-31,2025-08-31,6180.0,5888.6,Новые,"Приветственная программа, обучение"
18952810,High Value New Customers,Gold,415,10,22200,39479.0,2,6,2025-06-23,2025-09-03,11100.0,19739.5,Растущие,"VIP обслуживание, персональный менеджер"
64330327,At Risk,Bronze,111,3,3100,229.0,1,1,2025-03-17,2025-03-17,3100.0,229.0,Критические,"Восстановительные кампании, опросы"
52075157,324,Gold,324,9,21540,17216.6,3,5,2025-04-16,2025-07-09,7180.0,5738.866666666666,Другие,Стандартный маркетинг
19979580,At Risk,Bronze,112,4,6490,18681.4,1,4,2025-04-03,2025-04-03,6490.0,18681.4,Критические,"Восстановительные кампании, опросы"
75673901,314,Silver,314,8,17980,18146.8,2,4,2025-06-07,2025-07-10,8990.0,9073.4,Другие,Стандартный маркетинг
77990161,At Risk,Bronze,111,3,1460,-176.0,1,1,2025-04-05,2025-04-05,1460.0,-176.0,Критические,"Восстановительные кампании, опросы"
26726668,Potential Loyalists,Silver,312,6,6360,10199.0,2,6,2025-04-24,2025-07-05,3180.0,5099.5,Растущие,Персонализированные рекомендации
67982365,113,Bronze,113,5,10200,16734.0,2,6,2025-01-08,2025-03-27,5100.0,8367.0,Другие,Стандартный маркетинг
77043917,New Customers,Silver,413,8,11100,28223.0,1,4,2025-08-14,2025-08-14,11100.0,28223.0,Новые,"Приветственная программа, обучение"
84347936,New Customers,Silver,512,8,6360,10568.0,2,6,2025-06-26,2025-09-14,3180.0,5284.0,Новые,"Приветственная программа, обучение"
42232730,High Value New Customers,Gold,415,10,21560,28114.4,2,5,2025-01-01,2025-08-18,10780.0,14057.2,Растущие,"VIP обслуживание, персональный менеджер"
77758278,213,Silver,213,6,9100,15980.0,1,3,2025-06-16,2025-06-16,9100.0,15980.0,Другие,Стандартный маркетинг
22258405,Potential Loyalists,Silver,323,8,10470,21741.0,3,10,2025-04-18,2025-07-25,3490.0,7247.0,Растущие,Персонализированные рекомендации
11854043,At Risk,Bronze,211,4,1900,5318.0,1,4,2025-06-19,2025-06-19,1900.0,5318.0,Критические,"Восстановительные кампании, опросы"
56099077,At Risk,Bronze,211,4,1040,634.0,1,2,2025-05-11,2025-05-11,1040.0,634.0,Критические,"Восстановительные кампании, опросы"
28647941,Potential Loyalists,Bronze,311,5,1390,163.4,1,1,2025-07-22,2025-07-22,1390.0,163.4,Растущие,Персонализированные рекомендации
77792184,At Risk,Bronze,111,3,2580,3963.4,1,3,2025-03-14,2025-03-14,2580.0,3963.4,Критические,"Восстановительные кампании, опросы"
29540923,High Value New Customers,Gold,524,11,20720,32965.8,4,11,2025-05-13,2025-09-08,5180.0,8241.45,Растущие,"VIP обслуживание, персональный менеджер"
79115313,Potential Loyalists,Bronze,311,5,4980,14122.8,1,4,2025-07-29,2025-07-29,4980.0,14122.8,Растущие,Персонализированные рекомендации
91592163,At Risk,Bronze,111,3,2580,84.0,1,1,2025-01-23,2025-01-23,2580.0,84.0,Критические,"Восстановительные кампании, опросы"
97043253,New Customers,Gold,423,9,9300,10892.0,3,7,2025-02-16,2025-08-28,3100.0,3630.6666666666665,Новые,"Приветственная программа, обучение"
42826695,At Risk,Bronze,112,4,7990,7920.5,1,2,2025-04-26,2025-04-26,7990.0,7920.5,Критические,"Восстановительные кампании, опросы"
42464834,At Risk,Bronze,212,5,6800,9264.0,2,5,2025-02-07,2025-06-14,3400.0,4632.0,Критические,"Восстановительные кампании, опросы"
82137556,At Risk,Bronze,112,4,5990,-213.2,1,1,2025-02-22,2025-02-22,5990.0,-213.2,Критические,"Восстановительные кампании, опросы"
26483342,Cannot Lose Them,Silver,224,8,14940,14107.4,3,6,2025-05-05,2025-06-11,4980.0,4702.466666666666,Критические,"Персональные обращения, специальные условия"
12197069,At Risk,Bronze,112,4,6380,732.4,1,1,2025-03-04,2025-03-04,6380.0,732.4,Критические,"Восстановительные кампании, опросы"
24499014,New Customers,Gold,523,10,9540,11450.2,3,7,2025-01-06,2025-09-22,3180.0,3816.7333333333336,Новые,"Приветственная программа, обучение"
87769242,At Risk,Bronze,111,3,3590,6219.1,1,3,2025-04-06,2025-04-06,3590.0,6219.1,Критические,"Восстановительные кампании, опросы"
31965024,Potential Loyalists,Silver,312,6,6980,-37.0,1,1,2025-08-07,2025-08-07,6980.0,-37.0,Растущие,Персонализированные рекомендации
77148972,At Risk,Bronze,112,4,7380,19920.2,1,4,2025-01-08,2025-01-08,7380.0,19920.2,Критические,"Восстановительные кампании, опросы"
94113201,New Customers,Silver,512,8,6180,9975.8,1,3,2025-09-24,2025-09-24,6180.0,9975.8,Новые,"Приветственная программа, обучение"
35905708,At Risk,Bronze,212,5,5500,8720.0,1,3,2025-06-04,2025-06-04,5500.0,8720.0,Критические,"Восстановительные кампании, опросы"
40968458,At Risk,Bronze,111,3,4980,9832.0,1,3,2025-02-02,2025-02-02,4980.0,9832.0,Критические,"Восстановительные кампании, опросы"
46518137,At Risk,Bronze,211,4,1560,2439.6,1,3,2025-05-27,2025-05-27,1560.0,2439.6,Критические,"Восстановительные кампании, опросы"
12743240,At Risk,Bronze,111,3,2490,4218.0,1,3,2025-02-27,2025-02-27,2490.0,4218.0,Критические,"Восстановительные кампании, опросы"
31302298,213,Silver,213,6,9960,20645.2,2,7,2025-02-28,2025-05-28,4980.0,10322.6,Другие,Стандартный маркетинг
18893470,At Risk,Bronze,111,3,2780,7427.4,1,4,2025-01-09,2025-01-09,2780.0,7427.4,Критические,"Восстановительные кампании, опросы"
22878176,Cannot Lose Them,Silver,114,6,13160,35912.4,2,8,2025-02-03,2025-02-08,6580.0,17956.2,Критические,"Персональные обращения, специальные условия"
46916967,New Customers,Silver,511,7,2490,6628.5,1,4,2025-09-28,2025-09-28,2490.0,6628.5,Новые,"Приветственная программа, обучение"
28393426,Potential Loyalists,Bronze,311,5,2490,-384.1,1,1,2025-07-28,2025-07-28,2490.0,-384.1,Растущие,Персонализированные рекомендации
21090709,At Risk,Bronze,211,4,1540,1338.6,1,2,2025-05-13,2025-05-13,1540.0,1338.6,Критические,"Восстановительные кампании, опросы"
54066848,213,Silver,213,6,9180,-236.2,1,1,2025-05-10,2025-05-10,9180.0,-236.2,Другие,Стандартный маркетинг
35771482,At Risk,Bronze,112,4,6638,6161.62,1,2,2025-04-09,2025-04-09,6638.0,6161.62,Критические,"Восстановительные кампании, опросы"
94632310,At Risk,Bronze,111,3,1160,32.4,1,1,2025-03-24,2025-03-24,1160.0,32.4,Критические,"Восстановительные кампании, опросы"
65123860,At Risk,Bronze,211,4,3490,9144.9,1,4,2025-06-23,2025-06-23,3490.0,9144.9,Критические,"Восстановительные кампании, опросы"
21286645,At Risk,Bronze,211,4,2200,5552.0,1,4,2025-05-16,2025-05-16,2200.0,5552.0,Критические,"Восстановительные кампании, опросы"
13393820,At Risk,Bronze,212,5,5180,9673.6,1,3,2025-05-28,2025-05-28,5180.0,9673.6,Критические,"Восстановительные кампании, опросы"
31270055,At Risk,Bronze,112,4,7180,-91.2,1,1,2025-03-21,2025-03-21,7180.0,-91.2,Критические,"Восстановительные кампании, опросы"
94780184,At Risk,Bronze,111,3,2900,2259.0,1,2,2025-01-08,2025-01-08,2900.0,2259.0,Критические,"Восстановительные кампании, опросы"
14955118,At Risk,Bronze,111,3,3450,5892.5,1,3,2025-02-10,2025-02-10,3450.0,5892.5,Критические,"Восстановительные кампании, опросы"
28559790,At Risk,Bronze,111,3,2700,559.0,1,1,2025-02-21,2025-02-21,2700.0,559.0,Критические,"Восстановительные кампании, опросы"
93597618,At Risk,Bronze,212,5,5648,295.72,1,1,2025-06-14,2025-06-14,5648.0,295.72,Критические,"Восстановительные кампании, опросы"
39705473,Potential Loyalists,Silver,312,6,5300,13322.0,1,4,2025-07-16,2025-07-16,5300.0,13322.0,Растущие,Персонализированные рекомендации
64670295,At Risk,Bronze,111,3,4980,13334.8,1,4,2025-01-06,2025-01-06,4980.0,13334.8,Критические,"Восстановительные кампании, опросы"
69940113,New Customers,Silver,411,6,4980,4493.0,1,2,2025-08-15,2025-08-15,4980.0,4493.0,Новые,"Приветственная программа, обучение"
58452083,Potential Loyalists,Bronze,311,5,690,819.7,1,3,2025-07-11,2025-07-11,690.0,819.7,Растущие,Персонализированные рекомендации
19287744,213,Silver,213,6,11100,27042.0,1,4,2025-06-01,2025-06-01,11100.0,27042.0,Другие,Стандартный маркетинг
81961443,At Risk,Bronze,112,4,5580,6123.8,1,2,2025-02-07,2025-02-07,5580.0,6123.8,Критические,"Восстановительные кампании, опросы"
47547508,Cannot Lose Them,Silver,214,7,20760,21270.6,2,4,2025-05-06,2025-05-23,10380.0,10635.3,Критические,"Персональные обращения, специальные условия"
64541408,At Risk,Bronze,211,4,2550,-128.5,1,1,2025-06-03,2025-06-03,2550.0,-128.5,Критические,"Восстановительные кампании, опросы"
99235800,113,Bronze,113,5,11960,11730.0,2,4,2025-01-06,2025-04-29,5980.0,5865.0,Другие,Стандартный маркетинг
78206062,At Risk,Bronze,111,3,980,2029.4,1,4,2025-03-26,2025-03-26,980.0,2029.4,Критические,"Восстановительные кампании, опросы"
34456061,Potential Loyalists,Bronze,311,5,4980,3737.2,1,2,2025-07-20,2025-07-20,4980.0,3737.2,Растущие,Персонализированные рекомендации
11615968,At Risk,Bronze,111,3,1460,3524.6,1,4,2025-02-20,2025-02-20,1460.0,3524.6,Критические,"Восстановительные кампании, опросы"
98669896,At Risk,Bronze,111,3,2980,7269.2,1,4,2025-05-04,2025-05-04,2980.0,7269.2,Критические,"Восстановительные кампании, опросы"
87521806,At Risk,Bronze,111,3,1290,3274.9,1,4,2025-01-02,2025-01-02,1290.0,3274.9,Критические,"Восстановительные кампании, опросы"
73366984,New Customers,Silver,512,8,5648,5814.8,1,2,2025-09-25,2025-09-25,5648.0,5814.8,Новые,"Приветственная программа, обучение"
