sku,Бренд,Категория,Тип,current_price,original_price,rating,volume_l,volume_weight_kg,vat_percent,abc_class,xyz_class,abc_xyz_class,revenue,percent_contribution,cv,strategic_recommendation,priority
HHH_Titanium_2410,KZDOO,Чехлы,Чехол для смартфона,8500.0,11990.0,4.7,0.36,0.1,0,A,Z,AZ,25500,0.0021774915178166,1.824828759089466,⚡ ВОПРОСЫ - Изучить нестабильность,Высокий
GGG_Green_7035,Robiton,Батарейки и аккумуляторы,Аккумуляторная батарейка,2600.0,11990.0,4.2,0.15,0.1,0,C,Z,CZ,5200,0.0004440374859861,1.0,❌ ПРОБЛЕМНЫЕ - Кандидат на исключение,Низкий
HHH_Purple_2504,KZDOO,Чехлы,Чехол для смартфона,3200.0,11990.0,4.8,0.36,0.1,0,A,Z,AZ,12800,0.0010930153501197,1.307669683062202,⚡ ВОПРОСЫ - Изучить нестабильность,Высокий
DDD_Purple_3677,Varta,Батарейки и аккумуляторы,Батарейка,980.0,4900.0,5.0,0.04,0.1,0,C,Z,CZ,3920,0.0003347359509741,1.0,❌ ПРОБЛЕМНЫЕ - Кандидат на исключение,Низкий
GGG_Pink_4564,KZDOO,Чехлы,Чехол для смартфона,9100.0,11990.0,4.8,1.3,0.3,0,A,Z,AZ,27300,0.0023311968014272,1.0,⚡ ВОПРОСЫ - Изучить нестабильность,Высокий
HHH_Clear_8504,KZDOO,Чехлы,Чехол для смартфона,5580.0,11990.0,4.9,0.36,0.1,0,A,Z,AZ,11160,0.0009529727583856,1.0,⚡ ВОПРОСЫ - Изучить нестабильность,Высокий
FFF_Clear_9868,KZDOO,Чехлы,Чехол для смартфона,5560.0,11990.0,1.0,0.36,0.1,0,A,Z,AZ,11120,0.0009495570854165,1.0,⚡ ВОПРОСЫ - Изучить нестабильность,Высокий
EEE_Black_4856,REMAX,Защитные пленки и стекла,Защитное стекло,1000.0,4900.0,4.7,0.17,0.1,0,C,Z,CZ,3000,0.0002561754726843,1.5811388300841898,❌ ПРОБЛЕМНЫЕ - Кандидат на исключение,Низкий
BBB_Black_4989,KZDOO,Чехлы,Чехол для смартфона,6050.0,11990.0,5.0,0.36,0.1,0,A,Z,AZ,12100,0.00103324107316,1.0,⚡ ВОПРОСЫ - Изучить нестабильность,Высокий
AAA_Titanium_1777,KEEPHONE,Чехлы,Чехол для смартфона,3090.0,4000.0,5.0,0.38,0.1,0,B,Z,BZ,6180,0.0005277214737296,1.0,⚠ РИСКОВАННЫЕ - Контролировать запасы,Средний
GGG_Red_7442,KZDOO,Чехлы,Чехол для смартфона,5980.0,11990.0,4.7,0.36,0.1,0,A,Z,AZ,17940,0.0015319293266521,1.824828759089466,⚡ ВОПРОСЫ - Изучить нестабильность,Высокий
AAA_Red_5295,KEEPHONE,Чехлы,Чехол для смартфона,3090.0,3990.0,4.8,0.39,0.1,0,B,Z,BZ,9270,0.0007915822105945,1.6770509831248424,⚠ РИСКОВАННЫЕ - Контролировать запасы,Средний
BBB_Blue_7291,KZDOO,Чехлы,Чехол для смартфона,10006.0,11990.0,4.8,0.36,0.1,0,A,Z,AZ,20012,0.0017088611864527,1.0,⚡ ВОПРОСЫ - Изучить нестабильность,Высокий
AAA_Green_6938,KZDOO,Чехлы,Чехол для смартфона,3816.0,11990.0,4.7,0.36,0.1,0,A,Z,AZ,15264,0.0013034208050177,1.518481189862733,⚡ ВОПРОСЫ - Изучить нестабильность,Высокий
BBB_Black_9217,KZDOO,Чехлы,Чехол для смартфона,2780.0,11990.0,4.9,0.41,0.1,0,B,Z,BZ,5560,0.0004747785427082,1.0,⚠ РИСКОВАННЫЕ - Контролировать запасы,Средний
GGG_Purple_5307,KZDOO,Чехлы,Чехол для смартфона,1100.0,1990.0,4.9,0.36,0.1,0,C,Z,CZ,4400,0.0003757240266036,1.7346111205814894,❌ ПРОБЛЕМНЫЕ - Кандидат на исключение,Низкий
DDD_Purple_2787,KZDOO,Чехлы,Чехол для смартфона,10980.0,11990.0,5.0,0.36,0.1,0,A,Z,AZ,21960,0.0018752044600491,1.0,⚡ ВОПРОСЫ - Изучить нестабильность,Высокий
CCC_Purple_9765,KZDOO,Чехлы,Чехол для смартфона,3490.0,3490.0,0.0,0.36,0.1,0,A,Z,AZ,20940,0.0017881047993364,1.3003185772597667,⚡ ВОПРОСЫ - Изучить нестабильность,Высокий
AAA_Purple_3399,KZDOO,Чехлы,Чехол для смартфона,7828.0,11990.0,4.6,0.36,0.1,0,A,Z,AZ,54796,0.0046791304004031,0.7605589428059087,⚡ ВОПРОСЫ - Изучить нестабильность,Высокий
DDD_Titanium_7441,K-DOO,Чехлы,Чехол для наушников,4980.0,11990.0,4.9,0.27,0.1,0,A,Z,AZ,24900,0.0021262564232797,1.438749456993816,⚡ ВОПРОСЫ - Изучить нестабильность,Высокий
DDD_Green_6168,KZDOO,Чехлы,Чехол для смартфона,7180.0,11990.0,4.6,0.36,0.1,0,A,Z,AZ,21540,0.0018393398938733,1.984313483298443,⚡ ВОПРОСЫ - Изучить нестабильность,Высокий
AAA_Purple_7609,REMAX,Защитные пленки и стекла,Защитное стекло,1580.0,7900.0,5.0,0.17,0.1,0,C,Z,CZ,4740,0.0004047572468412,1.6770509831248424,❌ ПРОБЛЕМНЫЕ - Кандидат на исключение,Низкий
BBB_Green_4467,KZDOO,Чехлы,Чехол для смартфона,4980.0,11990.0,4.7,0.36,0.1,0,C,Z,CZ,4980,0.0004252512846559,1.0,❌ ПРОБЛЕМНЫЕ - Кандидат на исключение,Низкий
GGG_Blue_7759,KZDOO,Чехлы,Чехол для смартфона,9180.0,11990.0,4.5,0.36,0.1,0,A,Z,AZ,45900,0.0039194847320699,1.2,⚡ ВОПРОСЫ - Изучить нестабильность,Высокий
AAA_Titanium_9014,KEEPHONE,Чехлы,Чехол для смартфона,2933.0,4750.0,5.0,0.28,0.1,0,B,Z,BZ,8799,0.000751362661383,1.0,⚠ РИСКОВАННЫЕ - Контролировать запасы,Средний
GGG_Blue_2566,Robiton,Батарейки и аккумуляторы,Батарейка,900.0,2900.0,4.7,0.01,0.1,0,C,Z,CZ,2700,0.0002305579254158,1.792842914001591,❌ ПРОБЛЕМНЫЕ - Кандидат на исключение,Низкий
BBB_White_1747,KZDOO,Чехлы,Чехол для смартфона,3100.0,11990.0,4.9,0.36,0.1,0,A,Z,AZ,15500,0.0013235732755355,1.3456042834258386,⚡ ВОПРОСЫ - Изучить нестабильность,Высокий
AAA_Black_2640,Robiton,Батарейки и аккумуляторы,Батарейка,1020.0,4900.0,5.0,0.02,0.1,0,B,Z,BZ,7140,0.0006096976249886,1.21875,⚠ РИСКОВАННЫЕ - Контролировать запасы,Средний
HHH_Black_6852,KZDOO,Чехлы,Чехол для смартфона,4990.0,8000.0,4.8,0.36,0.1,0,A,Z,AZ,24950,0.0021305260144911,1.5,⚡ ВОПРОСЫ - Изучить нестабильность,Высокий
EEE_Purple_6689,KZDOO,Чехлы,Чехол для смартфона,5500.0,11000.0,0.0,0.36,0.1,0,A,Z,AZ,22000,0.0018786201330182,1.0,⚡ ВОПРОСЫ - Изучить нестабильность,Высокий
EEE_Purple_3803,Renata,Батарейки и аккумуляторы,Батарейка,2300.0,7900.0,5.0,0.04,0.1,0,A,Z,AZ,11500,0.0009820059786231,1.0714285714285714,⚡ ВОПРОСЫ - Изучить нестабильность,Высокий
HHH_Red_1115,K-DOO,Чехлы,Чехол для смартфона,7828.0,11990.0,4.7,0.36,0.1,0,A,Z,AZ,39140,0.0033422360002879,1.9364916731037085,⚡ ВОПРОСЫ - Изучить нестабильность,Высокий
DDD_White_5998,KZDOO,Чехлы,Чехол для смартфона,7522.0,11990.0,4.8,0.36,0.1,0,A,Z,AZ,30088,0.0025692692073751,1.6770509831248424,⚡ ВОПРОСЫ - Изучить нестабильность,Высокий
HHH_Titanium_3383,KEEPHONE,Чехлы,Чехол для смартфона,8990.0,8990.0,4.8,0.41,0.1,0,A,Z,AZ,17980,0.0015353449996212,1.0,⚡ ВОПРОСЫ - Изучить нестабильность,Высокий
FFF_Purple_4867,REMAX,Защитные пленки и стекла,Защитное стекло,2000.0,4900.0,0.0,0.17,0.1,0,B,Z,BZ,8000,0.0006831345938248,1.5,⚠ РИСКОВАННЫЕ - Контролировать запасы,Средний
FFF_Titanium_1848,KEEPHONE,Чехлы,Чехол для смартфона,5990.0,7490.0,4.9,0.41,0.1,0,A,Z,AZ,35940,0.003068982162758,1.1171601832324676,⚡ ВОПРОСЫ - Изучить нестабильность,Высокий
HHH_Purple_8562,KEEPHONE,Чехлы,Чехол для смартфона,3790.0,5990.0,5.0,0.28,0.1,0,A,Z,AZ,18950,0.0016181750691225,1.0,⚡ ВОПРОСЫ - Изучить нестабильность,Высокий
BBB_Purple_8101,Нет бренда,Чехлы,Чехол для смартфона,2000.0,7900.0,5.0,0.08,0.1,0,C,Z,CZ,4000,0.0003415672969124,1.0,❌ ПРОБЛЕМНЫЕ - Кандидат на исключение,Низкий
HHH_Blue_5098,KZDOO,Чехлы,Чехол для смартфона,5980.0,11990.0,5.0,0.36,0.1,0,A,Z,AZ,11960,0.0010212862177681,1.0,⚡ ВОПРОСЫ - Изучить нестабильность,Высокий
BBB_Black_2129,KZDOO,Чехлы,Чехол для наушников,5100.0,11990.0,4.9,0.3,0.1,0,A,Z,AZ,15300,0.0013064949106899,1.0,⚡ ВОПРОСЫ - Изучить нестабильность,Высокий
GGG_Clear_6751,KZDOO,Чехлы,Чехол для смартфона,5380.0,11990.0,4.9,0.36,0.1,0,A,Z,AZ,10760,0.0009188160286943,1.0,⚡ ВОПРОСЫ - Изучить нестабильность,Высокий
FFF_Red_8076,KEEPHONE,Чехлы,Чехол для смартфона,7580.0,11990.0,5.0,0.6,0.1,0,A,Z,AZ,45480,0.0038836201658941,1.1858541225631425,⚡ ВОПРОСЫ - Изучить нестабильность,Высокий
CCC_Green_7311,KZDOO,Чехлы,Чехол для смартфона,11100.0,11990.0,4.8,0.36,0.1,0,A,Z,AZ,55500,0.0047392462446597,1.224744871391589,⚡ ВОПРОСЫ - Изучить нестабильность,Высокий
HHH_Pink_7554,KZDOO,Чехлы,Чехол для наушников,5100.0,11990.0,4.9,0.3,0.1,0,A,Z,AZ,30600,0.0026129898213799,1.0,⚡ ВОПРОСЫ - Изучить нестабильность,Высокий
FFF_Blue_7386,KZDOO,Чехлы,Чехол для смартфона,5100.0,11990.0,1.0,0.36,0.1,0,A,Z,AZ,25500,0.0021774915178166,1.4414597193293262,⚡ ВОПРОСЫ - Изучить нестабильность,Высокий
CCC_Titanium_5561,KZDOO,Чехлы,Чехол для смартфона,4980.0,11990.0,4.4,0.36,0.1,0,B,Z,BZ,9960,0.0008505025693119,1.0,⚠ РИСКОВАННЫЕ - Контролировать запасы,Средний
GGG_Red_1294,KZDOO,Чехлы,Чехол для смартфона,5580.0,11990.0,4.9,0.36,0.1,0,A,Z,AZ,27900,0.002382431895964,1.6102091284985316,⚡ ВОПРОСЫ - Изучить нестабильность,Высокий
FFF_Clear_4303,KZDOO,Чехлы,Чехол для смартфона,9990.0,14990.0,0.0,0.36,0.1,0,A,Z,AZ,99900,0.0085306432403874,1.0,⚡ ВОПРОСЫ - Изучить нестабильность,Высокий
EEE_White_9532,KZDOO,Чехлы,Чехол для смартфона,2980.0,11990.0,4.5,0.36,0.1,0,B,Z,BZ,8940,0.0007634029085992,1.5811388300841898,⚠ РИСКОВАННЫЕ - Контролировать запасы,Средний
AAA_Purple_3049,KZDOO,Чехлы,Чехол для смартфона,5980.0,11990.0,5.0,0.36,0.1,0,A,Z,AZ,17940,0.0015319293266521,1.5874507866387544,⚡ ВОПРОСЫ - Изучить нестабильность,Высокий
GGG_Black_6808,KZDOO,Чехлы,Чехол для смартфона,3490.0,3490.0,0.0,1.32,0.3,0,A,Z,AZ,10470,0.0008940523996682,1.0,⚡ ВОПРОСЫ - Изучить нестабильность,Высокий
GGG_Pink_4100,KZDOO,Чехлы,Чехол для смартфона,6090.0,11990.0,5.0,0.36,0.1,0,A,Z,AZ,12180,0.0010400724190982,1.0,⚡ ВОПРОСЫ - Изучить нестабильность,Высокий
CCC_Black_6996,KZDOO,Чехлы,Чехол для смартфона,9980.0,11990.0,5.0,0.36,0.1,0,A,Z,AZ,29940,0.0025566312173893,1.984313483298443,⚡ ВОПРОСЫ - Изучить нестабильность,Высокий
GGG_Green_3846,KZDOO,Чехлы,Чехол для смартфона,6580.0,11990.0,4.6,0.36,0.1,0,A,Z,AZ,19740,0.0016856346102627,1.6345871038277526,⚡ ВОПРОСЫ - Изучить нестабильность,Высокий
BBB_Clear_6493,KEEPHONE,Чехлы,Чехол для смартфона,6490.0,11990.0,4.8,0.41,0.1,0,A,Z,AZ,12980,0.0011083858784807,1.0,⚡ ВОПРОСЫ - Изучить нестабильность,Высокий
FFF_Blue_4146,KZDOO,Чехлы,Чехол для смартфона,11316.0,11990.0,4.8,0.36,0.1,0,A,Z,AZ,45264,0.0038651755318608,1.5347536447260846,⚡ ВОПРОСЫ - Изучить нестабильность,Высокий
DDD_Green_2791,KZDOO,Чехлы,Чехол для смартфона,6580.0,11990.0,4.7,0.36,0.1,0,A,Z,AZ,19740,0.0016856346102627,1.0,⚡ ВОПРОСЫ - Изучить нестабильность,Высокий
EEE_Titanium_5854,KZDOO,Чехлы,Чехол для смартфона,4980.0,11990.0,4.8,0.36,0.1,0,C,Z,CZ,4980,0.0004252512846559,1.0,❌ ПРОБЛЕМНЫЕ - Кандидат на исключение,Низкий
HHH_Blue_6556,KZDOO,Чехлы,Чехол для смартфона,6580.0,11990.0,4.5,0.36,0.1,0,B,Z,BZ,6580,0.0005618782034209,1.0,⚠ РИСКОВАННЫЕ - Контролировать запасы,Средний
EEE_Clear_8396,KEEPHONE,Чехлы,Чехол для смартфона,2850.0,3990.0,3.5,0.39,0.1,0,B,Z,BZ,5700,0.0004867333981001,1.0,⚠ РИСКОВАННЫЕ - Контролировать запасы,Средний
EEE_Purple_3010,Renata,Батарейки и аккумуляторы,Батарейка,1140.0,4900.0,5.0,0.04,0.1,0,C,Z,CZ,3420,0.0002920400388601,1.6770509831248424,❌ ПРОБЛЕМНЫЕ - Кандидат на исключение,Низкий
CCC_Clear_4340,Robiton,Батарейки и аккумуляторы,Батарейка,900.0,2900.0,4.8,0.01,0.1,0,C,Z,CZ,1800,0.0001537052836105,1.0,❌ ПРОБЛЕМНЫЕ - Кандидат на исключение,Низкий
HHH_White_7627,KZDOO,Чехлы,Чехол для смартфона,7180.0,11990.0,4.8,0.36,0.1,0,A,Z,AZ,21540,0.0018393398938733,1.0,⚡ ВОПРОСЫ - Изучить нестабильность,Высокий
BBB_Blue_8050,KEEPHONE,Чехлы,Чехол для смартфона,2150.0,3490.0,0.0,0.38,0.1,0,B,Z,BZ,6450,0.0005507772662712,1.0,⚠ РИСКОВАННЫЕ - Контролировать запасы,Средний
FFF_Red_7430,K-DOO,Чехлы,Чехол для смартфона,1800.0,11990.0,4.8,0.36,0.1,0,C,Z,CZ,1800,0.0001537052836105,1.0,❌ ПРОБЛЕМНЫЕ - Кандидат на исключение,Низкий
CCC_Pink_9680,KZDOO,Чехлы,Чехол для смартфона,7500.0,11990.0,5.0,0.36,0.1,0,A,Z,AZ,22500,0.0019213160451323,1.518481189862733,⚡ ВОПРОСЫ - Изучить нестабильность,Высокий
HHH_Clear_8087,KZDOO,Чехлы,Чехол для смартфона,4980.0,11990.0,4.2,0.36,0.1,0,B,Z,BZ,9960,0.0008505025693119,1.0,⚠ РИСКОВАННЫЕ - Контролировать запасы,Средний
DDD_Black_8635,KEEPHONE,Чехлы,Чехол для смартфона,2850.0,4790.0,0.0,0.38,0.1,0,A,Z,AZ,19950,0.0017035668933506,1.2120265114521256,⚡ ВОПРОСЫ - Изучить нестабильность,Высокий
DDD_Titanium_4062,KZDOO,Чехлы,Чехол для смартфона,6520.0,11990.0,5.0,0.36,0.1,0,A,Z,AZ,19560,0.0016702640819016,1.518481189862733,⚡ ВОПРОСЫ - Изучить нестабильность,Высокий
AAA_Black_3318,KZDOO,Чехлы,Чехол для смартфона,3490.0,3490.0,0.0,0.36,0.1,0,A,Z,AZ,10470,0.0008940523996682,1.6345871038277526,⚡ ВОПРОСЫ - Изучить нестабильность,Высокий
HHH_White_5225,KZDOO,Чехлы,Чехол для смартфона,9180.0,11990.0,4.5,0.36,0.1,0,A,Z,AZ,27540,0.0023516908392419,1.6345871038277526,⚡ ВОПРОСЫ - Изучить нестабильность,Высокий
CCC_Titanium_4802,KZDOO,Чехлы,Чехол для смартфона,5380.0,11990.0,5.0,0.36,0.1,0,A,Z,AZ,16140,0.0013782240430415,1.0,⚡ ВОПРОСЫ - Изучить нестабильность,Высокий
DDD_Clear_2056,KZDOO,Чехлы,Чехол для смартфона,2780.0,11990.0,4.7,0.36,0.1,0,B,Z,BZ,5560,0.0004747785427082,1.0,⚠ РИСКОВАННЫЕ - Контролировать запасы,Средний
CCC_Titanium_7668,KEEPHONE,Чехлы,Чехол для смартфона,3700.0,11990.0,4.9,0.38,0.1,0,A,Z,AZ,18500,0.0015797487482199,1.254059153254579,⚡ ВОПРОСЫ - Изучить нестабильность,Высокий
CCC_Red_8685,KEEPHONE,Чехлы,Чехол для смартфона,2150.0,2990.0,0.0,0.38,0.1,0,C,Z,CZ,2150,0.0001835924220904,1.0,❌ ПРОБЛЕМНЫЕ - Кандидат на исключение,Низкий
AAA_Blue_3186,KEEPHONE,Чехлы,Чехол для смартфона,7380.0,11990.0,5.0,0.6,0.1,0,B,Z,BZ,7380,0.0006301916628033,1.0,⚠ РИСКОВАННЫЕ - Контролировать запасы,Средний
AAA_Purple_5764,KZDOO,Чехлы,Чехол для смартфона,4980.0,11990.0,4.2,0.36,0.1,0,A,Z,AZ,29880,0.0025515077079357,1.4361406616345072,⚡ ВОПРОСЫ - Изучить нестабильность,Высокий
CCC_Titanium_4827,KZDOO,Чехлы,Чехол для смартфона,6000.0,11000.0,0.0,0.36,0.1,0,A,Z,AZ,18000,0.0015370528361058,1.673624930551426,⚡ ВОПРОСЫ - Изучить нестабильность,Высокий
AAA_Purple_1838,K-DOO,Чехлы,Чехол для смартфона,5500.0,11990.0,4.9,0.36,0.1,0,A,Z,AZ,11000,0.0009393100665091,1.0,⚡ ВОПРОСЫ - Изучить нестабильность,Высокий
HHH_White_8048,KZDOO,Чехлы,Чехол для смартфона,1450.0,2990.0,4.9,0.36,0.1,0,C,Z,CZ,2900,0.0002476362902614,1.0,❌ ПРОБЛЕМНЫЕ - Кандидат на исключение,Низкий
EEE_Clear_2689,KZDOO,Чехлы,Чехол для смартфона,5580.0,11990.0,4.8,0.36,0.1,0,A,Z,AZ,22320,0.0019059455167712,1.5811388300841898,⚡ ВОПРОСЫ - Изучить нестабильность,Высокий
AAA_Purple_3646,KZDOO,Чехлы,Чехол для смартфона,5100.0,11990.0,0.0,0.36,0.1,0,A,Z,AZ,15300,0.0013064949106899,1.518481189862733,⚡ ВОПРОСЫ - Изучить нестабильность,Высокий
FFF_Black_2193,KZDOO,Чехлы,Чехол для смартфона,5980.0,11990.0,5.0,0.36,0.1,0,A,Z,AZ,11960,0.0010212862177681,1.0,⚡ ВОПРОСЫ - Изучить нестабильность,Высокий
AAA_Black_2871,Нет бренда,Кабели и переходники,Кабель-переходник,1400.0,7900.0,4.6,0.45,0.1,0,C,Z,CZ,4200,0.000358645661758,1.0,❌ ПРОБЛЕМНЫЕ - Кандидат на исключение,Низкий
BBB_Red_5004,Robiton,Батарейки и аккумуляторы,Батарейка,2860.0,11990.0,4.6,0.03,0.1,0,B,Z,BZ,5720,0.0004884412345847,1.0,⚠ РИСКОВАННЫЕ - Контролировать запасы,Средний
BBB_Pink_5147,KZDOO,Чехлы,Чехол для смартфона,6090.0,11990.0,5.0,0.36,0.1,0,A,Z,AZ,24360,0.0020801448381965,1.522333734763833,⚡ ВОПРОСЫ - Изучить нестабильность,Высокий
HHH_Pink_2327,KZDOO,Чехлы,Чехол для смартфона,9380.0,11990.0,4.8,0.36,0.1,0,A,Z,AZ,95040,0.0081156389746388,1.037346112212187,⚡ ВОПРОСЫ - Изучить нестабильность,Высокий
HHH_Titanium_5260,KZDOO,Чехлы,Чехол для смартфона,4980.0,11990.0,4.7,0.36,0.1,0,A,Z,AZ,14940,0.0012757538539678,1.6345871038277526,⚡ ВОПРОСЫ - Изучить нестабильность,Высокий
EEE_Green_8714,KZDOO,Чехлы,Чехол для смартфона,6580.0,11990.0,4.7,0.36,0.1,0,A,Z,AZ,19740,0.0016856346102627,1.5811388300841898,⚡ ВОПРОСЫ - Изучить нестабильность,Высокий
CCC_White_6266,KZDOO,Чехлы,Чехол для наушников,5100.0,11990.0,4.9,0.3,0.1,0,A,Z,AZ,30600,0.0026129898213799,1.254059153254579,⚡ ВОПРОСЫ - Изучить нестабильность,Высокий
BBB_Titanium_8654,KZDOO,Чехлы,Чехол для смартфона,5100.0,11990.0,4.2,0.36,0.1,0,C,Z,CZ,5100,0.0004354983035633,1.0,❌ ПРОБЛЕМНЫЕ - Кандидат на исключение,Низкий
BBB_Black_9198,Robiton,Батарейки и аккумуляторы,Батарейка,880.0,2900.0,4.9,0.02,0.1,0,C,Z,CZ,3520,0.0003005792212829,1.5874507866387542,❌ ПРОБЛЕМНЫЕ - Кандидат на исключение,Низкий
DDD_White_7187,KZDOO,Чехлы,Чехол для смартфона,11100.0,11990.0,5.0,0.36,0.1,0,A,Z,AZ,33300,0.0028435477467958,1.673624930551426,⚡ ВОПРОСЫ - Изучить нестабильность,Высокий
BBB_Clear_5799,KZDOO,Чехлы,Чехол для смартфона,2980.0,11990.0,4.7,0.36,0.1,0,A,Z,AZ,11920,0.0010178705447989,1.792842914001591,⚡ ВОПРОСЫ - Изучить нестабильность,Высокий
AAA_Red_9393,K-DOO,Чехлы,Чехол для смартфона,7828.0,11990.0,4.7,0.36,0.1,0,A,Z,AZ,23484,0.0020053416001727,1.0,⚡ ВОПРОСЫ - Изучить нестабильность,Высокий
HHH_Red_3612,KZDOO,Чехлы,Чехол для смартфона,2700.0,11990.0,4.9,0.36,0.1,0,B,Z,BZ,5400,0.0004611158508317,1.0,⚠ РИСКОВАННЫЕ - Контролировать запасы,Средний
GGG_Clear_8073,Varta,Батарейки и аккумуляторы,Батарейка,2300.0,7900.0,4.9,0.04,0.1,0,B,Z,BZ,6900,0.0005892035871739,1.5811388300841898,⚠ РИСКОВАННЫЕ - Контролировать запасы,Средний
AAA_Pink_8879,KEEPHONE,Чехлы,Чехол для смартфона,2390.0,3990.0,4.2,0.38,0.1,0,C,Z,CZ,4780,0.0004081729198103,1.0,❌ ПРОБЛЕМНЫЕ - Кандидат на исключение,Низкий
EEE_Titanium_3108,KZDOO,Чехлы,Чехол для смартфона,5580.0,11990.0,0.0,0.36,0.1,0,A,Z,AZ,27900,0.002382431895964,1.65,⚡ ВОПРОСЫ - Изучить нестабильность,Высокий
BBB_Clear_6099,KEEPHONE,Чехлы,Чехол для смартфона,3700.0,11990.0,4.6,0.38,0.1,0,A,Z,AZ,11100,0.0009478492489319,1.5874507866387544,⚡ ВОПРОСЫ - Изучить нестабильность,Высокий
DDD_Titanium_1016,KZDOO,Чехлы,Чехол для смартфона,7522.0,11990.0,4.8,0.36,0.1,0,A,Z,AZ,22566,0.0019269519055313,1.0,⚡ ВОПРОСЫ - Изучить нестабильность,Высокий
FFF_Purple_9422,Неизвестно,Чехлы,Неизвестно,11100.0,11990.0,5.0,0.36,0.1,0,A,Z,AZ,88800,0.0075827939914555,0.9486832980505138,⚡ ВОПРОСЫ - Изучить нестабильность,Высокий
GGG_Green_4062,KEEPHONE,Чехлы,Чехол для смартфона,5990.0,11990.0,4.8,0.41,0.1,0,A,Z,AZ,11980,0.0010229940542526,1.0,⚡ ВОПРОСЫ - Изучить нестабильность,Высокий
DDD_Black_1765,KZDOO,Чехлы,Чехол для смартфона,5560.0,11990.0,4.2,0.36,0.1,0,A,Z,AZ,11120,0.0009495570854165,1.0,⚡ ВОПРОСЫ - Изучить нестабильность,Высокий
DDD_Titanium_5938,REMAX,Защитные пленки и стекла,Защитное стекло,1220.0,4900.0,5.0,0.17,0.1,0,B,Z,BZ,7320,0.0006250681533497,1.2494896917525644,⚠ РИСКОВАННЫЕ - Контролировать запасы,Средний
GGG_Black_1389,KZDOO,Чехлы,Чехол для смартфона,3914.0,4990.0,4.6,0.36,0.1,0,B,Z,BZ,7828,0.0006684472000575,1.0,⚠ РИСКОВАННЫЕ - Контролировать запасы,Средний
EEE_Purple_9341,KEEPHONE,Чехлы,Чехол для смартфона,7580.0,11990.0,4.9,0.28,0.1,0,A,Z,AZ,15160,0.001294540055298,1.0,⚡ ВОПРОСЫ - Изучить нестабильность,Высокий
AAA_Blue_3988,KEEPHONE,Чехлы,Чехол для смартфона,7580.0,11990.0,4.9,0.28,0.1,0,A,Z,AZ,37900,0.003236350138245,1.6431676725154982,⚡ ВОПРОСЫ - Изучить нестабильность,Высокий
DDD_Red_3932,KZDOO,Чехлы,Чехол для смартфона,9180.0,11990.0,4.5,0.36,0.1,0,A,Z,AZ,27540,0.0023516908392419,1.6345871038277526,⚡ ВОПРОСЫ - Изучить нестабильность,Высокий
GGG_Purple_4980,KZDOO,Чехлы,Чехол для смартфона,3490.0,3490.0,0.0,1.32,0.3,0,A,Z,AZ,10470,0.0008940523996682,1.0,⚡ ВОПРОСЫ - Изучить нестабильность,Высокий
GGG_Green_9626,KZDOO,Чехлы,Чехол для смартфона,4380.0,11990.0,4.9,0.36,0.1,0,A,Z,AZ,21900,0.0018700809505954,1.3679084287289685,⚡ ВОПРОСЫ - Изучить нестабильность,Высокий
HHH_Pink_5740,KZDOO,Чехлы,Чехол для смартфона,3380.0,11990.0,4.7,0.36,0.1,0,A,Z,AZ,13520,0.0011544974635639,1.4051653980647143,⚡ ВОПРОСЫ - Изучить нестабильность,Высокий
DDD_Black_1710,KZDOO,Чехлы,Чехол для смартфона,4990.0,4990.0,0.0,0.36,0.1,0,A,Z,AZ,19960,0.0017044208115929,1.5347536447260846,⚡ ВОПРОСЫ - Изучить нестабильность,Высокий
FFF_Red_3712,KEEPHONE,Чехлы,Чехол для смартфона,3400.0,3990.0,5.0,0.39,0.1,0,A,Z,AZ,17000,0.0014516610118777,1.1186042688118447,⚡ ВОПРОСЫ - Изучить нестабильность,Высокий
BBB_Red_7058,KEEPHONE,Чехлы,Чехол для смартфона,6980.0,11990.0,0.0,0.48,0.1,0,A,Z,AZ,34900,0.0029801746655607,1.2046507510281403,⚡ ВОПРОСЫ - Изучить нестабильность,Высокий
HHH_White_7575,KZDOO,Чехлы,Чехол для смартфона,2790.0,3990.0,4.9,0.36,0.1,0,B,Z,BZ,5580,0.0004764863791928,1.0,⚠ РИСКОВАННЫЕ - Контролировать запасы,Средний
DDD_Blue_6449,Robiton,Батарейки и аккумуляторы,Батарейка,580.0,2900.0,4.9,0.01,0.1,0,C,Z,CZ,2320,0.0001981090322091,1.0,❌ ПРОБЛЕМНЫЕ - Кандидат на исключение,Низкий
AAA_Black_9253,KEEPHONE,Чехлы,Чехол для смартфона,5980.0,11990.0,5.0,0.28,0.1,0,A,Z,AZ,23920,0.0020425724355362,1.1858541225631425,⚡ ВОПРОСЫ - Изучить нестабильность,Высокий
DDD_Titanium_6156,REMAX,Защитные пленки и стекла,Защитное стекло,1340.0,4900.0,5.0,0.17,0.1,0,B,Z,BZ,5360,0.0004577001778626,1.697056274847714,⚠ РИСКОВАННЫЕ - Контролировать запасы,Средний
FFF_Clear_2774,K-DOO,Чехлы,Чехол для смартфона,7380.0,11990.0,4.5,0.36,0.1,0,A,Z,AZ,36900,0.0031509583140169,1.0714285714285714,⚡ ВОПРОСЫ - Изучить нестабильность,Высокий
BBB_Pink_5852,K-DOO,Чехлы,Чехол для смартфона,1800.0,11990.0,4.7,0.36,0.1,0,B,Z,BZ,9000,0.0007685264180529,1.3456042834258386,⚠ РИСКОВАННЫЕ - Контролировать запасы,Средний
CCC_Blue_8291,KZDOO,Чехлы,Чехол для смартфона,5580.0,11990.0,0.0,0.36,0.1,0,A,Z,AZ,16740,0.0014294591375784,1.5452362609131385,⚡ ВОПРОСЫ - Изучить нестабильность,Высокий
BBB_Green_5708,KZDOO,Чехлы,Чехол для смартфона,2700.0,11990.0,4.9,0.36,0.1,0,B,Z,BZ,5400,0.0004611158508317,1.0,⚠ РИСКОВАННЫЕ - Контролировать запасы,Средний
BBB_Black_6019,KZDOO,Чехлы,Чехол для смартфона,6580.0,11990.0,4.5,0.36,0.1,0,A,Z,AZ,13160,0.0011237564068418,1.0,⚡ ВОПРОСЫ - Изучить нестабильность,Высокий
FFF_Pink_7016,KZDOO,Чехлы,Чехол для смартфона,3100.0,11990.0,4.6,0.36,0.1,0,A,Z,AZ,15500,0.0013235732755355,1.2046507510281403,⚡ ВОПРОСЫ - Изучить нестабильность,Высокий
CCC_Pink_9065,K-DOO,Чехлы,Чехол для наушников,4980.0,11990.0,4.9,0.27,0.1,0,C,Z,CZ,4980,0.0004252512846559,1.0,❌ ПРОБЛЕМНЫЕ - Кандидат на исключение,Низкий
GGG_Blue_8476,KZDOO,Чехлы,Чехол для смартфона,2980.0,11990.0,4.5,0.36,0.1,0,A,Z,AZ,11920,0.0010178705447989,1.2046507510281403,⚡ ВОПРОСЫ - Изучить нестабильность,Высокий
CCC_Green_8797,KZDOO,Чехлы,Чехол для смартфона,2100.0,7900.0,4.4,0.36,0.1,0,C,Z,CZ,4200,0.000358645661758,1.0,❌ ПРОБЛЕМНЫЕ - Кандидат на исключение,Низкий
DDD_Purple_3955,KZDOO,Чехлы,Чехол для смартфона,2700.0,11990.0,4.9,0.36,0.1,0,A,Z,AZ,10800,0.0009222317016635,2.110469528956308,⚡ ВОПРОСЫ - Изучить нестабильность,Высокий
BBB_Pink_3586,Varta,Батарейки и аккумуляторы,Батарейка,640.0,900.0,4.8,0.04,0.1,0,C,Z,CZ,1280,0.0001093015350119,1.0,❌ ПРОБЛЕМНЫЕ - Кандидат на исключение,Низкий
GGG_White_9441,KZDOO,Чехлы,Чехол для смартфона,3180.0,11990.0,4.7,0.36,0.1,0,B,Z,BZ,6360,0.0005430920020907,1.0,⚠ РИСКОВАННЫЕ - Контролировать запасы,Средний
HHH_Pink_9568,KZDOO,Чехлы,Чехол для смартфона,1390.0,2290.0,4.9,1.5,0.3,0,C,Z,CZ,4170,0.0003560839070311,1.5874507866387544,❌ ПРОБЛЕМНЫЕ - Кандидат на исключение,Низкий
CCC_Titanium_7873,Robiton,Батарейки и аккумуляторы,Батарейка,850.0,1490.0,0.0,0.03,0.1,0,C,Z,CZ,2550,0.0002177491517816,1.0,❌ ПРОБЛЕМНЫЕ - Кандидат на исключение,Низкий
AAA_Green_1908,KZDOO,Чехлы,Чехол для смартфона,11100.0,11990.0,5.0,0.36,0.1,0,A,Z,AZ,33300,0.0028435477467958,1.7286645857424163,⚡ ВОПРОСЫ - Изучить нестабильность,Высокий
EEE_Purple_9678,Robiton,Батарейки и аккумуляторы,Аккумуляторная батарейка,1980.0,7900.0,4.7,0.01,0.1,0,B,Z,BZ,5940,0.0005072274359149,1.6770509831248424,⚠ РИСКОВАННЫЕ - Контролировать запасы,Средний
DDD_Black_2968,KZDOO,Чехлы,Чехол для смартфона,5124.0,11990.0,4.8,0.36,0.1,0,A,Z,AZ,35868,0.0030628339514135,0.8351646544245033,⚡ ВОПРОСЫ - Изучить нестабильность,Высокий
AAA_Titanium_7555,Robiton,Батарейки и аккумуляторы,Батарейка,520.0,2490.0,4.9,0.01,0.1,0,C,Z,CZ,1040,8.880749719722685e-05,1.0,❌ ПРОБЛЕМНЫЕ - Кандидат на исключение,Низкий
AAA_Black_9206,KZDOO,Чехлы,Чехол для смартфона,4980.0,11990.0,4.7,0.36,0.1,0,B,Z,BZ,9960,0.0008505025693119,1.0,⚠ РИСКОВАННЫЕ - Контролировать запасы,Средний
CCC_Black_7296,KEEPHONE,Чехлы,Чехол для смартфона,2933.0,4750.0,5.0,0.28,0.1,0,A,Z,AZ,11732,0.0010018168818441,1.5347536447260846,⚡ ВОПРОСЫ - Изучить нестабильность,Высокий
BBB_White_4633,KZDOO,Чехлы,Чехол для смартфона,2900.0,11990.0,4.4,0.36,0.1,0,A,Z,AZ,14500,0.0012381814513074,1.243734296383275,⚡ ВОПРОСЫ - Изучить нестабильность,Высокий
HHH_Clear_2719,K-DOO,Чехлы,Чехол для смартфона,2700.0,11990.0,4.7,0.36,0.1,0,A,Z,AZ,10800,0.0009222317016635,1.7286645857424163,⚡ ВОПРОСЫ - Изучить нестабильность,Высокий
EEE_Clear_3113,KZDOO,Чехлы,Чехол для смартфона,2500.0,11990.0,5.0,0.36,0.1,0,C,Z,CZ,5000,0.0004269591211405,1.0,❌ ПРОБЛЕМНЫЕ - Кандидат на исключение,Низкий
BBB_Clear_5381,KZDOO,Чехлы,Чехол для смартфона,2596.0,11990.0,5.0,0.36,0.1,0,A,Z,AZ,12980,0.0011083858784807,0.99498743710662,⚡ ВОПРОСЫ - Изучить нестабильность,Высокий
DDD_Clear_1598,KZDOO,Чехлы,Чехол для смартфона,6580.0,11990.0,4.5,0.36,0.1,0,A,Z,AZ,32900,0.0028093910171045,1.224744871391589,⚡ ВОПРОСЫ - Изучить нестабильность,Высокий
CCC_Green_5742,KZDOO,Чехлы,Чехол для смартфона,4980.0,11990.0,4.2,0.36,0.1,0,B,Z,BZ,9960,0.0008505025693119,1.0,⚠ РИСКОВАННЫЕ - Контролировать запасы,Средний
AAA_White_3239,KZDOO,Чехлы,Чехол для смартфона,5300.0,11990.0,0.0,0.36,0.1,0,A,Z,AZ,10600,0.0009051533368178,1.0,⚡ ВОПРОСЫ - Изучить нестабильность,Высокий
AAA_Titanium_8848,KEEPHONE,Чехлы,Чехол для смартфона,1890.0,2990.0,5.0,0.36,0.1,0,B,Z,BZ,5670,0.0004841716433733,1.5347536447260846,⚠ РИСКОВАННЫЕ - Контролировать запасы,Средний
GGG_White_7632,REMAX,Защитные пленки и стекла,Защитное стекло,1420.0,4900.0,4.9,0.17,0.1,0,C,Z,CZ,2840,0.0002425127808078,1.0,❌ ПРОБЛЕМНЫЕ - Кандидат на исключение,Низкий
CCC_Red_5609,KEEPHONE,Чехлы,Чехол для смартфона,6990.0,8990.0,4.8,0.41,0.1,0,A,Z,AZ,27960,0.0023875554054177,1.2278029157808674,⚡ ВОПРОСЫ - Изучить нестабильность,Высокий
CCC_Blue_6413,KEEPHONE,Чехлы,Чехол для смартфона,11990.0,11990.0,4.8,0.41,0.1,0,A,Z,AZ,35970,0.0030715439174848,1.792842914001591,⚡ ВОПРОСЫ - Изучить нестабильность,Высокий
FFF_Blue_2457,KZDOO,Чехлы,Чехол для смартфона,3980.0,11990.0,4.7,0.36,0.1,0,A,Z,AZ,15920,0.0013594378417113,1.5347536447260846,⚡ ВОПРОСЫ - Изучить нестабильность,Высокий
CCC_Titanium_9375,KZDOO,Чехлы,Чехол для смартфона,11100.0,11990.0,5.0,0.36,0.1,0,A,Z,AZ,11100,0.0009478492489319,1.0,⚡ ВОПРОСЫ - Изучить нестабильность,Высокий
AAA_Black_7725,KZDOO,Чехлы,Чехол для смартфона,3380.0,11990.0,4.1,0.36,0.1,0,A,Z,AZ,23660,0.0020203705612369,1.4843473977582988,⚡ ВОПРОСЫ - Изучить нестабильность,Высокий
BBB_Blue_8761,KZDOO,Чехлы,Чехол для смартфона,5180.0,11990.0,4.9,0.36,0.1,0,A,Z,AZ,51800,0.0044232964950157,0.9656086163658648,⚡ ВОПРОСЫ - Изучить нестабильность,Высокий
EEE_Red_1730,Нет бренда,Чехлы,Неизвестно,5990.0,11990.0,5.0,0.36,0.1,0,A,Z,AZ,17970,0.001534491081379,1.792842914001591,⚡ ВОПРОСЫ - Изучить нестабильность,Высокий
EEE_Red_7366,KZDOO,Чехлы,Чехол для смартфона,11100.0,11990.0,5.0,0.36,0.1,0,A,Z,AZ,44400,0.0037913969957277,1.5811388300841898,⚡ ВОПРОСЫ - Изучить нестабильность,Высокий
GGG_Red_6138,KZDOO,Чехлы,Чехол для смартфона,5180.0,11990.0,5.0,0.36,0.1,0,A,Z,AZ,20720,0.0017693185980062,1.7684739183827394,⚡ ВОПРОСЫ - Изучить нестабильность,Высокий
BBB_White_3663,KZDOO,Чехлы,Чехол для смартфона,11100.0,11990.0,4.8,0.36,0.1,0,A,Z,AZ,77700,0.0066349447425235,1.3430260638812868,⚡ ВОПРОСЫ - Изучить нестабильность,Высокий
BBB_Green_2236,KZDOO,Чехлы,Чехол для смартфона,6050.0,11990.0,5.0,0.36,0.1,0,A,Z,AZ,48400,0.0041329642926401,0.8684210526315789,⚡ ВОПРОСЫ - Изучить нестабильность,Высокий
FFF_White_2354,KZDOO,Чехлы,Чехол для смартфона,3380.0,11990.0,4.9,0.36,0.1,0,B,Z,BZ,6760,0.0005772487317819,1.0,⚠ РИСКОВАННЫЕ - Контролировать запасы,Средний
EEE_Pink_1003,KZDOO,Чехлы,Чехол для смартфона,4980.0,11990.0,4.7,0.36,0.1,0,A,Z,AZ,24900,0.0021262564232797,1.4051653980647143,⚡ ВОПРОСЫ - Изучить нестабильность,Высокий
HHH_Red_6449,Panasonic,Батарейки и аккумуляторы,Батарейка,1800.0,4900.0,4.8,0.22,0.1,0,B,Z,BZ,9000,0.0007685264180529,1.4051653980647143,⚠ РИСКОВАННЫЕ - Контролировать запасы,Средний
DDD_Purple_4347,KEEPHONE,Чехлы,Чехол для смартфона,6200.0,11990.0,4.4,0.28,0.1,0,A,Z,AZ,24800,0.0021177172408569,1.930753907386328,⚡ ВОПРОСЫ - Изучить нестабильность,Высокий
DDD_Red_2755,KZDOO,Чехлы,Чехол для смартфона,4980.0,11990.0,4.7,0.36,0.1,0,A,Z,AZ,19920,0.0017010051386238,1.824828759089466,⚡ ВОПРОСЫ - Изучить нестабильность,Высокий
HHH_Purple_7702,Robiton,Батарейки и аккумуляторы,Батарейка,2320.0,7900.0,4.9,0.24,0.1,0,B,Z,BZ,6960,0.0005943270966275,1.5,⚠ РИСКОВАННЫЕ - Контролировать запасы,Средний
AAA_Black_3015,KZDOO,Чехлы,Чехол для смартфона,3490.0,3490.0,0.0,0.36,0.1,0,B,Z,BZ,6980,0.0005960349331121,1.0,⚠ РИСКОВАННЫЕ - Контролировать запасы,Средний
EEE_Green_6626,KZDOO,Чехлы,Чехол для смартфона,3380.0,11990.0,5.0,0.36,0.1,0,B,Z,BZ,10140,0.0008658730976729,1.0,⚠ РИСКОВАННЫЕ - Контролировать запасы,Средний
DDD_Red_2385,Robiton,Батарейки и аккумуляторы,Батарейка,680.0,2900.0,4.9,0.04,0.1,0,C,Z,CZ,2720,0.0002322657619004,1.7320508075688772,❌ ПРОБЛЕМНЫЕ - Кандидат на исключение,Низкий
AAA_White_5914,KZDOO,Чехлы,Чехол для смартфона,2780.0,11990.0,4.9,0.36,0.1,0,B,Z,BZ,5560,0.0004747785427082,1.0,⚠ РИСКОВАННЫЕ - Контролировать запасы,Средний
GGG_Purple_4170,Нет бренда,Чехлы,Чехол для смартфона,2000.0,7900.0,5.0,0.08,0.1,0,C,Z,CZ,4000,0.0003415672969124,1.0,❌ ПРОБЛЕМНЫЕ - Кандидат на исключение,Низкий
EEE_Pink_1140,KZDOO,Чехлы,Чехол для смартфона,3100.0,11990.0,4.7,0.36,0.1,0,B,Z,BZ,9300,0.0007941439653213,1.0,⚠ РИСКОВАННЫЕ - Контролировать запасы,Средний
HHH_Black_6946,KZDOO,Чехлы,Чехол для смартфона,2490.0,2490.0,0.0,0.36,0.1,0,B,Z,BZ,7470,0.0006378769269839,1.5,⚠ РИСКОВАННЫЕ - Контролировать запасы,Средний
GGG_Pink_5720,KZDOO,Чехлы,Чехол для смартфона,6900.0,11990.0,4.8,0.36,0.1,0,A,Z,AZ,20700,0.0017676107615217,1.984313483298443,⚡ ВОПРОСЫ - Изучить нестабильность,Высокий
GGG_Purple_6176,KZDOO,Чехлы,Чехол для смартфона,2980.0,11990.0,4.5,0.36,0.1,0,B,Z,BZ,8940,0.0007634029085992,1.0,⚠ РИСКОВАННЫЕ - Контролировать запасы,Средний
AAA_Clear_6277,KZDOO,Чехлы,Чехол для смартфона,3980.0,11990.0,4.7,0.36,0.1,0,A,Z,AZ,19900,0.0016992973021392,1.0392304845413265,⚡ ВОПРОСЫ - Изучить нестабильность,Высокий
EEE_Pink_5016,KEEPHONE,Чехлы,Чехол для смартфона,4980.0,11990.0,5.0,0.38,0.1,0,A,Z,AZ,19920,0.0017010051386238,1.875,⚡ ВОПРОСЫ - Изучить нестабильность,Высокий
DDD_Pink_5120,KZDOO,Чехлы,Чехол для смартфона,6490.0,11990.0,4.8,0.36,0.1,0,B,Z,BZ,6490,0.0005541929392403,1.0,⚠ РИСКОВАННЫЕ - Контролировать запасы,Средний
EEE_White_3455,KZDOO,Чехлы,Чехол для смартфона,7500.0,11990.0,5.0,0.36,0.1,0,B,Z,BZ,7500,0.0006404386817107,1.0,⚠ РИСКОВАННЫЕ - Контролировать запасы,Средний
GGG_White_9632,KZDOO,Чехлы,Чехол для смартфона,5980.0,11990.0,5.0,0.36,0.1,0,A,Z,AZ,23920,0.0020425724355362,1.5811388300841898,⚡ ВОПРОСЫ - Изучить нестабильность,Высокий
GGG_Blue_2701,KZDOO,Чехлы,Чехол для смартфона,5380.0,11990.0,4.9,0.36,0.1,0,A,Z,AZ,21520,0.0018376320573887,1.7286645857424163,⚡ ВОПРОСЫ - Изучить нестабильность,Высокий
CCC_Purple_8847,KZDOO,Чехлы,Чехол для смартфона,3490.0,3490.0,0.0,0.36,0.1,0,A,Z,AZ,13960,0.0011920698662243,1.7684739183827394,⚡ ВОПРОСЫ - Изучить нестабильность,Высокий
CCC_Green_1403,KZDOO,Чехлы,Чехол для смартфона,11100.0,11990.0,5.0,0.36,0.1,0,A,Z,AZ,55500,0.0047392462446597,1.0606601717798214,⚡ ВОПРОСЫ - Изучить нестабильность,Высокий
BBB_Pink_6613,KZDOO,Чехлы,Чехол для смартфона,5100.0,11990.0,0.0,0.36,0.1,0,B,Z,BZ,10200,0.0008709966071266,1.0,⚠ РИСКОВАННЫЕ - Контролировать запасы,Средний
AAA_Blue_9495,KEEPHONE,Чехлы,Чехол для смартфона,5980.0,11990.0,4.9,0.28,0.1,0,A,Z,AZ,11960,0.0010212862177681,1.0,⚡ ВОПРОСЫ - Изучить нестабильность,Высокий
BBB_Purple_6571,KZDOO,Чехлы,Чехол для смартфона,5980.0,11990.0,4.7,0.36,0.1,0,A,Z,AZ,11960,0.0010212862177681,1.0,⚡ ВОПРОСЫ - Изучить нестабильность,Высокий
HHH_Black_4468,K-DOO,Чехлы,Чехол для смартфона,5500.0,11990.0,4.9,0.36,0.1,0,A,Z,AZ,11000,0.0009393100665091,1.0,⚡ ВОПРОСЫ - Изучить нестабильность,Высокий
AAA_Clear_7073,KZDOO,Чехлы,Чехол для смартфона,1490.0,2990.0,4.8,0.36,0.1,0,B,Z,BZ,7450,0.0006361690904993,1.2046507510281406,⚠ РИСКОВАННЫЕ - Контролировать запасы,Средний
DDD_White_8101,K-DOO,Чехлы,Чехол для смартфона,7180.0,11990.0,4.7,0.36,0.1,0,A,Z,AZ,28720,0.0024524531918311,1.792842914001591,⚡ ВОПРОСЫ - Изучить нестабильность,Высокий
GGG_Clear_9401,KZDOO,Чехлы,Чехол для смартфона,5100.0,11990.0,1.0,0.36,0.1,0,A,Z,AZ,20400,0.0017419932142532,1.8027756377319943,⚡ ВОПРОСЫ - Изучить нестабильность,Высокий
BBB_Pink_9074,KZDOO,Чехлы,Чехол для смартфона,4990.0,9000.0,5.0,0.36,0.1,0,A,Z,AZ,14970,0.0012783156086946,1.0,⚡ ВОПРОСЫ - Изучить нестабильность,Высокий
EEE_Red_9020,KZDOO,Чехлы,Чехол для смартфона,5580.0,11990.0,4.8,0.36,0.1,0,A,Z,AZ,22320,0.0019059455167712,1.673624930551426,⚡ ВОПРОСЫ - Изучить нестабильность,Высокий
BBB_Titanium_5485,KZDOO,Чехлы,Чехол для смартфона,3380.0,11990.0,5.0,0.36,0.1,0,A,Z,AZ,13520,0.0011544974635639,1.307669683062202,⚡ ВОПРОСЫ - Изучить нестабильность,Высокий
HHH_Red_3578,KZDOO,Чехлы,Чехол для смартфона,3100.0,11990.0,4.8,0.36,0.1,0,B,Z,BZ,6200,0.0005294293102142,1.0,⚠ РИСКОВАННЫЕ - Контролировать запасы,Средний
HHH_Purple_1302,KZDOO,Чехлы,Чехол для смартфона,2980.0,11990.0,4.7,0.36,0.1,0,B,Z,BZ,8940,0.0007634029085992,1.6770509831248424,⚠ РИСКОВАННЫЕ - Контролировать запасы,Средний
AAA_Titanium_9034,KZDOO,Чехлы,Чехол для смартфона,5500.0,11000.0,0.0,0.36,0.1,0,A,Z,AZ,27500,0.0023482751662728,1.403121520040228,⚡ ВОПРОСЫ - Изучить нестабильность,Высокий
FFF_Red_4364,KZDOO,Чехлы,Чехол для смартфона,3100.0,11990.0,4.8,0.36,0.1,0,A,Z,AZ,15500,0.0013235732755355,1.0714285714285714,⚡ ВОПРОСЫ - Изучить нестабильность,Высокий
DDD_Clear_9288,KZDOO,Чехлы,Чехол для смартфона,11100.0,11990.0,4.8,0.36,0.1,0,A,Z,AZ,33300,0.0028435477467958,1.5874507866387544,⚡ ВОПРОСЫ - Изучить нестабильность,Высокий
AAA_Purple_8645,KZDOO,Чехлы,Чехол для смартфона,3380.0,11990.0,5.0,0.36,0.1,0,A,Z,AZ,20280,0.0017317461953459,1.118033988749895,⚡ ВОПРОСЫ - Изучить нестабильность,Высокий
FFF_Clear_7187,KZDOO,Чехлы,Чехол для смартфона,3100.0,11990.0,4.9,0.36,0.1,0,A,Z,AZ,12400,0.0010588586204284,1.984313483298443,⚡ ВОПРОСЫ - Изучить нестабильность,Высокий
EEE_Green_1464,KZDOO,Чехлы,Чехол для смартфона,3380.0,11990.0,4.7,0.36,0.1,0,A,Z,AZ,20280,0.0017317461953459,1.290170847727746,⚡ ВОПРОСЫ - Изучить нестабильность,Высокий
CCC_Clear_4480,KEEPHONE,Чехлы,Чехол для смартфона,4300.0,11990.0,0.0,0.38,0.1,0,A,Z,AZ,17200,0.0014687393767233,1.307669683062202,⚡ ВОПРОСЫ - Изучить нестабильность,Высокий
EEE_Black_7932,KZDOO,Чехлы,Чехол для смартфона,3100.0,11990.0,4.6,0.36,0.1,0,B,Z,BZ,9300,0.0007941439653213,1.5,⚠ РИСКОВАННЫЕ - Контролировать запасы,Средний
FFF_Clear_9481,K-DOO,Чехлы,Чехол для смартфона,2580.0,11990.0,4.8,0.36,0.1,0,A,Z,AZ,12900,0.0011015545325425,1.65860681371445,⚡ ВОПРОСЫ - Изучить нестабильность,Высокий
DDD_Clear_6349,Robiton,Батарейки и аккумуляторы,Батарейка,680.0,2900.0,5.0,0.01,0.1,0,C,Z,CZ,2040,0.0001741993214253,1.5874507866387544,❌ ПРОБЛЕМНЫЕ - Кандидат на исключение,Низкий
GGG_Black_5356,Robiton,Батарейки и аккумуляторы,Батарейка,700.0,2900.0,4.9,0.01,0.1,0,C,Z,CZ,2100,0.000179322830879,1.0,❌ ПРОБЛЕМНЫЕ - Кандидат на исключение,Низкий
HHH_Blue_2524,KZDOO,Чехлы,Чехол для смартфона,4700.0,11990.0,4.0,0.36,0.1,0,A,Z,AZ,14100,0.0012040247216162,1.673624930551426,⚡ ВОПРОСЫ - Изучить нестабильность,Высокий
DDD_Blue_1722,KZDOO,Чехлы,Чехол для смартфона,7180.0,11990.0,4.8,0.36,0.1,0,B,Z,BZ,7180,0.0006131132979577,1.0,⚠ РИСКОВАННЫЕ - Контролировать запасы,Средний
DDD_Red_2976,KZDOO,Чехлы,Чехол для смартфона,4980.0,11990.0,4.8,0.36,0.1,0,B,Z,BZ,9960,0.0008505025693119,1.0,⚠ РИСКОВАННЫЕ - Контролировать запасы,Средний
FFF_Pink_5900,KEEPHONE,Чехлы,Чехол для смартфона,6590.0,11990.0,4.9,0.41,0.1,0,A,Z,AZ,13180,0.0011254642433263,1.0,⚡ ВОПРОСЫ - Изучить нестабильность,Высокий
CCC_Blue_4612,REMAX,Защитные пленки и стекла,Защитное стекло,1200.0,4900.0,0.0,0.17,0.1,0,C,Z,CZ,4800,0.0004098807562948,1.2074386788840692,❌ ПРОБЛЕМНЫЕ - Кандидат на исключение,Низкий
CCC_Pink_6619,KZDOO,Чехлы,Чехол для смартфона,2900.0,11990.0,4.7,0.36,0.1,0,B,Z,BZ,8700,0.0007429088707844,1.7320508075688772,⚠ РИСКОВАННЫЕ - Контролировать запасы,Средний
CCC_Pink_8383,KZDOO,Чехлы,Чехол для смартфона,11100.0,11990.0,5.0,0.36,0.1,0,A,Z,AZ,66600,0.0056870954935916,1.5603109666024912,⚡ ВОПРОСЫ - Изучить нестабильность,Высокий
EEE_Green_9742,Robiton,Батарейки и аккумуляторы,Батарейка,860.0,2900.0,4.8,0.02,0.1,0,C,Z,CZ,2580,0.0002203109065085,1.7286645857424163,❌ ПРОБЛЕМНЫЕ - Кандидат на исключение,Низкий
HHH_Green_1488,KZDOO,Чехлы,Чехол для смартфона,2780.0,11990.0,4.7,0.36,0.1,0,B,Z,BZ,5560,0.0004747785427082,1.0,⚠ РИСКОВАННЫЕ - Контролировать запасы,Средний
CCC_Purple_9600,KEEPHONE,Чехлы,Чехол для смартфона,5990.0,8990.0,4.8,0.41,0.1,0,A,Z,AZ,35940,0.003068982162758,1.511435997821345,⚡ ВОПРОСЫ - Изучить нестабильность,Высокий
GGG_Titanium_8096,KZDOO,Чехлы,Чехол для смартфона,11100.0,11990.0,5.0,0.36,0.1,0,A,Z,AZ,33300,0.0028435477467958,1.792842914001591,⚡ ВОПРОСЫ - Изучить нестабильность,Высокий
FFF_Purple_3886,KZDOO,Чехлы,Чехол для смартфона,2690.0,4590.0,5.0,0.36,0.1,0,C,Z,CZ,2690,0.0002297040071735,1.0,❌ ПРОБЛЕМНЫЕ - Кандидат на исключение,Низкий
GGG_Purple_5110,KZDOO,Чехлы,Чехол для смартфона,6580.0,11990.0,4.6,0.36,0.1,0,A,Z,AZ,19740,0.0016856346102627,1.0,⚡ ВОПРОСЫ - Изучить нестабильность,Высокий
GGG_Purple_5633,KZDOO,Чехлы,Чехол для смартфона,2380.0,7900.0,4.9,0.36,0.1,0,B,Z,BZ,9520,0.0008129301666515,2.110469528956308,⚠ РИСКОВАННЫЕ - Контролировать запасы,Средний
FFF_Purple_2135,KZDOO,Чехлы,Чехол для смартфона,7180.0,11990.0,4.6,0.36,0.1,0,A,Z,AZ,35900,0.0030655664897888,1.5523412362008124,⚡ ВОПРОСЫ - Изучить нестабильность,Высокий
AAA_Titanium_4017,KZDOO,Чехлы,Чехол для смартфона,7180.0,11990.0,4.6,0.36,0.1,0,A,Z,AZ,21540,0.0018393398938733,1.673624930551426,⚡ ВОПРОСЫ - Изучить нестабильность,Высокий
GGG_Blue_5870,KZDOO,Чехлы,Чехол для смартфона,2780.0,11990.0,4.4,0.36,0.1,0,A,Z,AZ,22240,0.001899114170833,1.0738365797457263,⚡ ВОПРОСЫ - Изучить нестабильность,Высокий
DDD_Blue_7114,KZDOO,Чехлы,Чехол для смартфона,2980.0,11990.0,4.5,0.36,0.1,0,A,Z,AZ,11920,0.0010178705447989,1.3125000000000002,⚡ ВОПРОСЫ - Изучить нестабильность,Высокий
AAA_White_3643,KEEPHONE,Чехлы,Чехол для смартфона,2050.0,2990.0,5.0,0.4,0.1,0,A,Z,AZ,14350,0.0012253726776732,1.3034491136353326,⚡ ВОПРОСЫ - Изучить нестабильность,Высокий
GGG_White_5000,KZDOO,Чехлы,Чехол для смартфона,3290.0,4990.0,4.6,0.36,0.1,0,B,Z,BZ,9870,0.0008428173051313,1.0,⚠ РИСКОВАННЫЕ - Контролировать запасы,Средний
EEE_Titanium_7662,KEEPHONE,Чехлы,Чехол для смартфона,6990.0,11990.0,4.4,0.39,0.1,0,A,Z,AZ,34950,0.0029844442567721,1.948557158514988,⚡ ВОПРОСЫ - Изучить нестабильность,Высокий
EEE_Pink_4218,KZDOO,Чехлы,Чехол для смартфона,6738.0,11990.0,4.7,0.36,0.1,0,A,Z,AZ,20214,0.0017261103349468,1.984313483298443,⚡ ВОПРОСЫ - Изучить нестабильность,Высокий
FFF_White_9121,KEEPHONE,Чехлы,Чехол для смартфона,7580.0,11990.0,5.0,0.6,0.1,0,A,Z,AZ,15160,0.001294540055298,1.0,⚡ ВОПРОСЫ - Изучить нестабильность,Высокий
CCC_Blue_8287,KZDOO,Чехлы,Чехол для смартфона,3100.0,11990.0,2.3,0.36,0.1,0,B,Z,BZ,9300,0.0007941439653213,1.0,⚠ РИСКОВАННЫЕ - Контролировать запасы,Средний
FFF_Blue_9955,Robiton,Батарейки и аккумуляторы,Батарейка,640.0,2900.0,4.8,0.01,0.1,0,C,Z,CZ,2560,0.0002186030700239,2.210592397978424,❌ ПРОБЛЕМНЫЕ - Кандидат на исключение,Низкий
DDD_Black_4197,KZDOO,Чехлы,Чехол для смартфона,5990.0,11990.0,4.7,0.36,0.1,0,A,Z,AZ,17970,0.001534491081379,1.6770509831248424,⚡ ВОПРОСЫ - Изучить нестабильность,Высокий
FFF_Green_5531,KZDOO,Чехлы,Чехол для смартфона,5500.0,11000.0,0.0,0.36,0.1,0,A,Z,AZ,22000,0.0018786201330182,1.299038105676658,⚡ ВОПРОСЫ - Изучить нестабильность,Высокий
CCC_Titanium_1713,KZDOO,Чехлы,Чехол для смартфона,3100.0,11990.0,4.9,0.36,0.1,0,B,Z,BZ,6200,0.0005294293102142,1.0,⚠ РИСКОВАННЫЕ - Контролировать запасы,Средний
FFF_Titanium_1292,KEEPHONE,Чехлы,Чехол для смартфона,3100.0,3990.0,4.4,0.28,0.1,0,A,Z,AZ,12400,0.0010588586204284,1.4051653980647143,⚡ ВОПРОСЫ - Изучить нестабильность,Высокий
HHH_White_3457,Нет бренда,Чехлы,Чехол для смартфона,1000.0,1900.0,5.0,0.08,0.1,0,C,Z,CZ,1000,8.539182422810274e-05,1.0,❌ ПРОБЛЕМНЫЕ - Кандидат на исключение,Низкий
FFF_Black_3829,KZDOO,Чехлы,Чехол для смартфона,11100.0,11990.0,4.8,0.36,0.1,0,A,Z,AZ,55500,0.0047392462446597,1.877294514421632,⚡ ВОПРОСЫ - Изучить нестабильность,Высокий
CCC_Green_7276,Robiton,Батарейки и аккумуляторы,Батарейка,1420.0,4900.0,4.9,0.03,0.1,0,C,Z,CZ,4260,0.0003637691712117,1.518481189862733,❌ ПРОБЛЕМНЫЕ - Кандидат на исключение,Низкий
BBB_Pink_3387,KZDOO,Чехлы,Чехол для смартфона,11100.0,11990.0,4.8,0.36,0.1,0,A,Z,AZ,33300,0.0028435477467958,1.5874507866387544,⚡ ВОПРОСЫ - Изучить нестабильность,Высокий
CCC_Pink_2372,K-DOO,Чехлы,Чехол для наушников,4980.0,11990.0,4.9,0.27,0.1,0,A,Z,AZ,19920,0.0017010051386238,1.5,⚡ ВОПРОСЫ - Изучить нестабильность,Высокий
BBB_Purple_8018,Robiton,Батарейки и аккумуляторы,Аккумуляторная батарейка,3380.0,11990.0,4.8,0.02,0.1,0,B,Z,BZ,6760,0.0005772487317819,1.0,⚠ РИСКОВАННЫЕ - Контролировать запасы,Средний
CCC_Titanium_5935,KZDOO,Чехлы,Чехол для смартфона,2200.0,7900.0,4.9,0.36,0.1,0,C,Z,CZ,4400,0.0003757240266036,1.0,❌ ПРОБЛЕМНЫЕ - Кандидат на исключение,Низкий
DDD_Clear_7450,KZDOO,Чехлы,Чехол для смартфона,6580.0,11990.0,4.5,0.36,0.1,0,A,Z,AZ,13160,0.0011237564068418,1.0,⚡ ВОПРОСЫ - Изучить нестабильность,Высокий
CCC_Clear_4137,KZDOO,Чехлы,Чехол для смартфона,3100.0,11990.0,4.6,0.36,0.1,0,C,Z,CZ,3100,0.0002647146551071,1.0,❌ ПРОБЛЕМНЫЕ - Кандидат на исключение,Низкий
GGG_Pink_6405,KZDOO,Чехлы,Чехол для смартфона,2700.0,11990.0,4.3,1.58,0.3,0,B,Z,BZ,5400,0.0004611158508317,1.0,⚠ РИСКОВАННЫЕ - Контролировать запасы,Средний
CCC_Purple_8000,KZDOO,Чехлы,Чехол для смартфона,5580.0,11990.0,4.9,0.36,0.1,0,A,Z,AZ,11160,0.0009529727583856,1.0,⚡ ВОПРОСЫ - Изучить нестабильность,Высокий
DDD_Pink_7994,KEEPHONE,Чехлы,Чехол для смартфона,2750.0,3990.0,5.0,0.38,0.1,0,C,Z,CZ,2750,0.0002348275166272,1.0,❌ ПРОБЛЕМНЫЕ - Кандидат на исключение,Низкий
DDD_Black_2486,Robiton,Батарейки и аккумуляторы,Батарейка,660.0,2900.0,4.9,0.01,0.1,0,C,Z,CZ,4620,0.0003945102279338,0.9486832980505138,❌ ПРОБЛЕМНЫЕ - Кандидат на исключение,Низкий
CCC_Black_9304,KZDOO,Чехлы,Чехол для смартфона,6180.0,11990.0,4.9,0.36,0.1,0,B,Z,BZ,6180,0.0005277214737296,1.0,⚠ РИСКОВАННЫЕ - Контролировать запасы,Средний
GGG_Green_9259,KEEPHONE,Чехлы,Чехол для смартфона,2990.0,4750.0,5.0,0.28,0.1,0,B,Z,BZ,8970,0.000765964663326,1.792842914001591,⚠ РИСКОВАННЫЕ - Контролировать запасы,Средний
HHH_Red_3959,KZDOO,Чехлы,Чехол для смартфона,6580.0,11990.0,4.5,0.36,0.1,0,A,Z,AZ,13160,0.0011237564068418,1.0,⚡ ВОПРОСЫ - Изучить нестабильность,Высокий
CCC_Titanium_6837,KZDOO,Чехлы,Чехол для смартфона,2550.0,2550.0,0.0,0.36,0.1,0,B,Z,BZ,7650,0.0006532474553449,1.5452362609131385,⚠ РИСКОВАННЫЕ - Контролировать запасы,Средний
BBB_Green_4107,KZDOO,Чехлы,Чехол для смартфона,7180.0,11990.0,4.6,0.36,0.1,0,A,Z,AZ,35900,0.0030655664897888,1.3416407864998738,⚡ ВОПРОСЫ - Изучить нестабильность,Высокий
FFF_Purple_8028,KZDOO,Чехлы,Чехол для смартфона,2580.0,11990.0,4.7,0.36,0.1,0,C,Z,CZ,5160,0.000440621813017,1.0,❌ ПРОБЛЕМНЫЕ - Кандидат на исключение,Низкий
HHH_Pink_4655,KZDOO,Чехлы,Чехол для смартфона,4990.0,4990.0,0.0,0.36,0.1,0,B,Z,BZ,9980,0.0008522104057964,1.0,⚠ РИСКОВАННЫЕ - Контролировать запасы,Средний
AAA_Pink_1762,KEEPHONE,Чехлы,Чехол для смартфона,6580.0,11990.0,5.0,0.38,0.1,0,A,Z,AZ,19740,0.0016856346102627,1.0,⚡ ВОПРОСЫ - Изучить нестабильность,Высокий
AAA_Green_5033,KZDOO,Чехлы,Чехол для смартфона,7300.0,11990.0,5.0,0.36,0.1,0,A,Z,AZ,36500,0.0031168015843257,1.699721522614181,⚡ ВОПРОСЫ - Изучить нестабильность,Высокий
AAA_Pink_7909,KZDOO,Чехлы,Чехол для смартфона,7180.0,11990.0,4.6,0.36,0.1,0,A,Z,AZ,21540,0.0018393398938733,1.792842914001591,⚡ ВОПРОСЫ - Изучить нестабильность,Высокий
HHH_Blue_9302,KZDOO,Чехлы,Чехол для смартфона,2890.0,3990.0,5.0,0.36,0.1,0,B,Z,BZ,5780,0.0004935647440384,1.0,⚠ РИСКОВАННЫЕ - Контролировать запасы,Средний
EEE_Pink_8352,KZDOO,Чехлы,Чехол для смартфона,5580.0,11990.0,4.9,0.36,0.1,0,A,Z,AZ,16740,0.0014294591375784,1.0,⚡ ВОПРОСЫ - Изучить нестабильность,Высокий
EEE_Pink_8103,KEEPHONE,Чехлы,Чехол для смартфона,5780.0,11990.0,4.9,0.28,0.1,0,A,Z,AZ,17340,0.0014806942321153,1.792842914001591,⚡ ВОПРОСЫ - Изучить нестабильность,Высокий
HHH_Pink_8063,KZDOO,Чехлы,Чехол для смартфона,2200.0,7900.0,5.0,0.36,0.1,0,C,Z,CZ,2200,0.0001878620133018,1.0,❌ ПРОБЛЕМНЫЕ - Кандидат на исключение,Низкий
GGG_Clear_8444,KZDOO,Чехлы,Чехол для смартфона,4700.0,11990.0,4.8,0.36,0.1,0,A,Z,AZ,32900,0.0028093910171045,0.975,⚡ ВОПРОСЫ - Изучить нестабильность,Высокий
AAA_Pink_1311,KZDOO,Чехлы,Чехол для смартфона,3600.0,11990.0,4.7,0.36,0.1,0,A,Z,AZ,10800,0.0009222317016635,1.5223337347638328,⚡ ВОПРОСЫ - Изучить нестабильность,Высокий
CCC_Red_7696,KZDOO,Чехлы,Чехол для смартфона,7828.0,11990.0,4.6,0.36,0.1,0,A,Z,AZ,31312,0.0026737888002303,1.4142135623730951,⚡ ВОПРОСЫ - Изучить нестабильность,Высокий
BBB_Titanium_6310,KZDOO,Чехлы,Чехол для смартфона,5500.0,11000.0,0.0,0.36,0.1,0,A,Z,AZ,33000,0.0028179301995273,1.2727922061357857,⚡ ВОПРОСЫ - Изучить нестабильность,Высокий
BBB_Red_9074,KZDOO,Чехлы,Чехол для смартфона,7380.0,11990.0,4.9,0.36,0.1,0,A,Z,AZ,22140,0.0018905749884101,1.0,⚡ ВОПРОСЫ - Изучить нестабильность,Высокий
AAA_Green_5116,KZDOO,Чехлы,Чехол для смартфона,7380.0,11990.0,4.9,0.36,0.1,0,A,Z,AZ,22140,0.0018905749884101,1.0,⚡ ВОПРОСЫ - Изучить нестабильность,Высокий
EEE_Black_1662,KZDOO,Чехлы,Чехол для смартфона,11100.0,11990.0,5.0,0.36,0.1,0,A,Z,AZ,33300,0.0028435477467958,1.5,⚡ ВОПРОСЫ - Изучить нестабильность,Высокий
CCC_Titanium_7137,KZDOO,Чехлы,Чехол для смартфона,6580.0,11990.0,4.7,0.36,0.1,0,A,Z,AZ,13160,0.0011237564068418,1.0,⚡ ВОПРОСЫ - Изучить нестабильность,Высокий
HHH_Red_8358,KEEPHONE,Чехлы,Чехол для смартфона,2690.0,4750.0,0.0,0.28,0.1,0,B,Z,BZ,8070,0.0006891120215207,1.5223337347638328,⚠ РИСКОВАННЫЕ - Контролировать запасы,Средний
BBB_Green_9675,KZDOO,Чехлы,Чехол для смартфона,5300.0,11990.0,0.0,0.36,0.1,0,A,Z,AZ,31800,0.0027154600104536,1.6102091284985316,⚡ ВОПРОСЫ - Изучить нестабильность,Высокий
BBB_Blue_8197,KZDOO,Чехлы,Чехол для смартфона,6000.0,11000.0,0.0,0.36,0.1,0,A,Z,AZ,30000,0.002561754726843,1.3125000000000002,⚡ ВОПРОСЫ - Изучить нестабильность,Высокий
EEE_Black_5621,KZDOO,Чехлы,Чехол для смартфона,3180.0,11990.0,4.7,0.36,0.1,0,A,Z,AZ,12720,0.0010861840041814,1.7320508075688772,⚡ ВОПРОСЫ - Изучить нестабильность,Высокий
BBB_Titanium_9028,KZDOO,Чехлы,Чехол для смартфона,3380.0,11990.0,4.9,0.36,0.1,0,B,Z,BZ,10140,0.0008658730976729,1.0,⚠ РИСКОВАННЫЕ - Контролировать запасы,Средний
CCC_Black_8407,KZDOO,Чехлы,Чехол для смартфона,4980.0,11990.0,4.2,0.36,0.1,0,A,Z,AZ,24900,0.0021262564232797,1.14090003618283,⚡ ВОПРОСЫ - Изучить нестабильность,Высокий
FFF_Titanium_2565,KZDOO,Чехлы,Чехол для смартфона,5500.0,11000.0,0.0,0.36,0.1,0,A,Z,AZ,22000,0.0018786201330182,1.5874507866387544,⚡ ВОПРОСЫ - Изучить нестабильность,Высокий
BBB_Black_8066,KZDOO,Чехлы,Чехол для смартфона,7300.0,11990.0,5.0,0.36,0.1,0,A,Z,AZ,21900,0.0018700809505954,1.518481189862733,⚡ ВОПРОСЫ - Изучить нестабильность,Высокий
EEE_Green_3323,Robiton,Батарейки и аккумуляторы,Батарейка,1250.0,1990.0,4.7,0.14,0.2,0,C,Z,CZ,3750,0.0003202193408553,1.6770509831248424,❌ ПРОБЛЕМНЫЕ - Кандидат на исключение,Низкий
BBB_Clear_1809,REMAX,Защитные пленки и стекла,Защитное стекло,1320.0,4900.0,0.0,0.17,0.1,0,C,Z,CZ,1320,0.000112717207981,1.0,❌ ПРОБЛЕМНЫЕ - Кандидат на исключение,Низкий
FFF_Red_8901,KZDOO,Чехлы,Чехол для смартфона,11100.0,11990.0,5.0,0.36,0.1,0,A,Z,AZ,11100,0.0009478492489319,1.0,⚡ ВОПРОСЫ - Изучить нестабильность,Высокий
GGG_Blue_1183,K-DOO,Чехлы,Чехол для смартфона,7180.0,11990.0,4.7,0.36,0.1,0,B,Z,BZ,7180,0.0006131132979577,1.0,⚠ РИСКОВАННЫЕ - Контролировать запасы,Средний
HHH_Clear_2252,KZDOO,Чехлы,Чехол для смартфона,6420.0,11990.0,4.7,0.36,0.1,0,A,Z,AZ,25680,0.0021928620461776,1.7684739183827394,⚡ ВОПРОСЫ - Изучить нестабильность,Высокий
EEE_Black_2767,KZDOO,Чехлы,Чехол для смартфона,5648.0,11990.0,4.3,0.36,0.1,0,A,Z,AZ,22592,0.0019291720929612,1.572622172000563,⚡ ВОПРОСЫ - Изучить нестабильность,Высокий
CCC_Clear_6193,KZDOO,Чехлы,Чехол для смартфона,3490.0,3490.0,0.0,1.32,0.3,0,A,Z,AZ,13960,0.0011920698662243,2.0,⚡ ВОПРОСЫ - Изучить нестабильность,Высокий
GGG_Titanium_3952,KZDOO,Чехлы,Чехол для смартфона,3490.0,3490.0,0.0,0.36,0.1,0,A,Z,AZ,13960,0.0011920698662243,1.3829316685939332,⚡ ВОПРОСЫ - Изучить нестабильность,Высокий
GGG_Purple_9523,KZDOO,Чехлы,Чехол для смартфона,4980.0,11990.0,4.7,0.36,0.1,0,C,Z,CZ,4980,0.0004252512846559,1.0,❌ ПРОБЛЕМНЫЕ - Кандидат на исключение,Низкий
FFF_Purple_6937,KEEPHONE,Чехлы,Чехол для смартфона,5990.0,11990.0,4.9,0.41,0.1,0,A,Z,AZ,29950,0.0025574851356316,1.8493242008906927,⚡ ВОПРОСЫ - Изучить нестабильность,Высокий
CCC_Green_8669,KZDOO,Чехлы,Чехол для смартфона,3980.0,11990.0,4.8,0.36,0.1,0,C,Z,CZ,3980,0.0003398594604278,1.0,❌ ПРОБЛЕМНЫЕ - Кандидат на исключение,Низкий
BBB_Black_9984,KZDOO,Чехлы,Чехол для смартфона,3980.0,11990.0,5.0,0.36,0.1,0,A,Z,AZ,15920,0.0013594378417113,1.3228756555322954,⚡ ВОПРОСЫ - Изучить нестабильность,Высокий
AAA_Blue_8334,K-DOO,Чехлы,Чехол для смартфона,5500.0,11990.0,4.9,0.36,0.1,0,A,Z,AZ,27500,0.0023482751662728,1.875,⚡ ВОПРОСЫ - Изучить нестабильность,Высокий
DDD_Titanium_6779,K-DOO,Чехлы,Чехол для смартфона,1600.0,7900.0,4.9,0.36,0.1,0,C,Z,CZ,3200,0.0002732538375299,1.0,❌ ПРОБЛЕМНЫЕ - Кандидат на исключение,Низкий
HHH_Black_7735,KZDOO,Чехлы,Чехол для смартфона,7180.0,11990.0,4.6,0.36,0.1,0,A,Z,AZ,43080,0.0036786797877466,1.290170847727746,⚡ ВОПРОСЫ - Изучить нестабильность,Высокий
AAA_Titanium_6370,KZDOO,Чехлы,Чехол для смартфона,2780.0,11990.0,4.9,0.36,0.1,0,B,Z,BZ,5560,0.0004747785427082,1.0,⚠ РИСКОВАННЫЕ - Контролировать запасы,Средний
GGG_Clear_4848,Robiton,Батарейки и аккумуляторы,Батарейка,720.0,2900.0,5.0,0.01,0.1,0,C,Z,CZ,720,6.148211344423398e-05,1.0,❌ ПРОБЛЕМНЫЕ - Кандидат на исключение,Низкий
AAA_Black_2397,KZDOO,Чехлы,Чехол для смартфона,7300.0,11990.0,5.0,0.36,0.1,0,A,Z,AZ,14600,0.0012467206337303,1.0,⚡ ВОПРОСЫ - Изучить нестабильность,Высокий
AAA_Green_2528,KZDOO,Чехлы,Чехол для смартфона,4300.0,11990.0,5.0,1.4,0.3,0,A,Z,AZ,21500,0.0018359242209042,1.153846153846154,⚡ ВОПРОСЫ - Изучить нестабильность,Высокий
EEE_Blue_8965,KZDOO,Чехлы,Чехол для смартфона,4100.0,11990.0,4.9,0.36,0.1,0,A,Z,AZ,20500,0.0017505323966761,1.9315453261414228,⚡ ВОПРОСЫ - Изучить нестабильность,Высокий
EEE_Purple_9330,KZDOO,Чехлы,Чехол для смартфона,11100.0,11990.0,5.0,0.36,0.1,0,A,Z,AZ,33300,0.0028435477467958,1.824828759089466,⚡ ВОПРОСЫ - Изучить нестабильность,Высокий
AAA_White_1844,KZDOO,Чехлы,Чехол для смартфона,4990.0,4990.0,0.0,0.36,0.1,0,A,Z,AZ,19960,0.0017044208115929,1.2533977489846402,⚡ ВОПРОСЫ - Изучить нестабильность,Высокий
FFF_Blue_9107,KZDOO,Чехлы,Чехол для смартфона,4980.0,11990.0,4.8,0.36,0.1,0,C,Z,CZ,4980,0.0004252512846559,1.0,❌ ПРОБЛЕМНЫЕ - Кандидат на исключение,Низкий
AAA_Clear_6434,Robiton,Батарейки и аккумуляторы,Аккумуляторная батарейка,3600.0,11990.0,4.7,0.03,0.1,0,A,Z,AZ,14400,0.0012296422688846,1.5874507866387544,⚡ ВОПРОСЫ - Изучить нестабильность,Высокий
GGG_Purple_7302,Robiton,Батарейки и аккумуляторы,Аккумуляторная батарейка,4600.0,11990.0,5.0,0.11,0.1,0,A,Z,AZ,23000,0.0019640119572463,1.7042114700628783,⚡ ВОПРОСЫ - Изучить нестабильность,Высокий
HHH_Purple_3039,KZDOO,Чехлы,Чехол для смартфона,9980.0,11990.0,4.8,0.36,0.1,0,A,Z,AZ,29940,0.0025566312173893,1.7320508075688772,⚡ ВОПРОСЫ - Изучить нестабильность,Высокий
HHH_Red_4713,Нет бренда,Чехлы,Чехол для смартфона,2000.0,7900.0,0.0,0.08,0.1,0,B,Z,BZ,8000,0.0006831345938248,1.3228756555322954,⚠ РИСКОВАННЫЕ - Контролировать запасы,Средний
HHH_Red_3772,K-DOO,Чехлы,Чехол для смартфона,2700.0,11990.0,4.8,0.36,0.1,0,A,Z,AZ,10800,0.0009222317016635,2.210592397978424,⚡ ВОПРОСЫ - Изучить нестабильность,Высокий
HHH_Clear_7819,Неизвестно,Чехлы,Неизвестно,9100.0,11990.0,4.8,0.36,0.1,0,B,Z,BZ,9100,0.0007770656004757,1.0,⚠ РИСКОВАННЫЕ - Контролировать запасы,Средний
AAA_Red_8661,KZDOO,Чехлы,Чехол для смартфона,7300.0,11990.0,5.0,0.36,0.1,0,A,Z,AZ,29200,0.0024934412674606,1.2278029157808674,⚡ ВОПРОСЫ - Изучить нестабильность,Высокий
AAA_Clear_9841,KZDOO,Чехлы,Чехол для смартфона,4990.0,4990.0,0.0,0.36,0.1,0,B,Z,BZ,9980,0.0008522104057964,1.0,⚠ РИСКОВАННЫЕ - Контролировать запасы,Средний
EEE_Clear_4552,KZDOO,Чехлы,Чехол для смартфона,3490.0,3490.0,0.0,0.36,0.1,0,A,Z,AZ,10470,0.0008940523996682,1.5347536447260846,⚡ ВОПРОСЫ - Изучить нестабильность,Высокий
AAA_Pink_9594,KZDOO,Чехлы,Чехол для смартфона,3490.0,3490.0,0.0,1.32,0.3,0,A,Z,AZ,10470,0.0008940523996682,1.792842914001591,⚡ ВОПРОСЫ - Изучить нестабильность,Высокий
CCC_Red_2568,KZDOO,Чехлы,Чехол для смартфона,7180.0,11990.0,4.6,0.36,0.1,0,B,Z,BZ,7180,0.0006131132979577,1.0,⚠ РИСКОВАННЫЕ - Контролировать запасы,Средний
DDD_Pink_4647,K-DOO,Чехлы,Чехол для смартфона,7300.0,11990.0,4.7,0.36,0.1,0,A,Z,AZ,21900,0.0018700809505954,1.0,⚡ ВОПРОСЫ - Изучить нестабильность,Высокий
FFF_White_7199,KZDOO,Чехлы,Чехол для смартфона,9990.0,14990.0,0.0,0.36,0.1,0,A,Z,AZ,39960,0.0034122572961549,1.5874507866387544,⚡ ВОПРОСЫ - Изучить нестабильность,Высокий
FFF_Blue_2194,KZDOO,Чехлы,Чехол для смартфона,11100.0,11990.0,4.8,0.36,0.1,0,A,Z,AZ,22200,0.0018956984978638,1.0,⚡ ВОПРОСЫ - Изучить нестабильность,Высокий
GGG_Red_9072,KZDOO,Чехлы,Чехол для смартфона,1550.0,11990.0,4.8,0.36,0.1,0,C,Z,CZ,4650,0.0003970719826606,1.0,❌ ПРОБЛЕМНЫЕ - Кандидат на исключение,Низкий
FFF_Pink_3549,KZDOO,Чехлы,Чехол для смартфона,3380.0,11990.0,4.1,0.36,0.1,0,B,Z,BZ,6760,0.0005772487317819,1.0,⚠ РИСКОВАННЫЕ - Контролировать запасы,Средний
EEE_White_3357,KZDOO,Чехлы,Чехол для смартфона,4990.0,4990.0,0.0,0.36,0.1,0,A,Z,AZ,19960,0.0017044208115929,1.3125000000000002,⚡ ВОПРОСЫ - Изучить нестабильность,Высокий
AAA_Blue_6496,KEEPHONE,Чехлы,Чехол для смартфона,6990.0,8990.0,4.8,0.41,0.1,0,A,Z,AZ,13980,0.0011937777027088,1.0,⚡ ВОПРОСЫ - Изучить нестабильность,Высокий
HHH_Pink_5159,KZDOO,Чехлы,Чехол для смартфона,9980.0,11990.0,4.8,0.36,0.1,0,A,Z,AZ,39920,0.0034088416231858,1.0,⚡ ВОПРОСЫ - Изучить нестабильность,Высокий
CCC_Blue_3473,KZDOO,Чехлы,Чехол для смартфона,2980.0,11990.0,4.5,0.36,0.1,0,B,Z,BZ,8940,0.0007634029085992,1.5874507866387544,⚠ РИСКОВАННЫЕ - Контролировать запасы,Средний
HHH_Titanium_9363,KZDOO,Чехлы,Чехол для смартфона,2550.0,2550.0,0.0,0.36,0.1,0,A,Z,AZ,17850,0.0015242440624716,1.0060371397933572,⚡ ВОПРОСЫ - Изучить нестабильность,Высокий
GGG_Red_8930,KZDOO,Чехлы,Чехол для смартфона,2100.0,3850.0,5.0,0.36,0.1,0,C,Z,CZ,4200,0.000358645661758,1.0,❌ ПРОБЛЕМНЫЕ - Кандидат на исключение,Низкий
AAA_Blue_9288,Robiton,Батарейки и аккумуляторы,Батарейка,600.0,2900.0,4.9,0.01,0.1,0,C,Z,CZ,600,5.123509453686164e-05,1.0,❌ ПРОБЛЕМНЫЕ - Кандидат на исключение,Низкий
DDD_Blue_8362,KEEPHONE,Чехлы,Чехол для смартфона,6580.0,11990.0,5.0,0.38,0.1,0,A,Z,AZ,19740,0.0016856346102627,1.0,⚡ ВОПРОСЫ - Изучить нестабильность,Высокий
DDD_Green_9078,KZDOO,Чехлы,Чехол для смартфона,7180.0,11990.0,4.8,0.36,0.1,0,A,Z,AZ,35900,0.0030655664897888,2.1560984046602583,⚡ ВОПРОСЫ - Изучить нестабильность,Высокий
DDD_White_1350,REMAX,Защитные пленки и стекла,Защитное стекло,660.0,1490.0,5.0,0.34,0.1,0,A,Z,AZ,14372,0.0012272512978062,1.792842914001591,⚡ ВОПРОСЫ - Изучить нестабильность,Высокий
BBB_Red_3217,KZDOO,Чехлы,Чехол для смартфона,2900.0,11990.0,4.4,0.36,0.1,0,B,Z,BZ,5800,0.0004952725805229,1.0,⚠ РИСКОВАННЫЕ - Контролировать запасы,Средний
GGG_Pink_1893,KZDOO,Чехлы,Чехол для смартфона,2780.0,11990.0,4.6,0.36,0.1,0,A,Z,AZ,13900,0.0011869463567706,1.2278029157808674,⚡ ВОПРОСЫ - Изучить нестабильность,Высокий
BBB_Clear_2976,KZDOO,Чехлы,Чехол для смартфона,3180.0,11990.0,4.7,0.36,0.1,0,B,Z,BZ,6360,0.0005430920020907,1.0,⚠ РИСКОВАННЫЕ - Контролировать запасы,Средний
CCC_Green_2534,REMAX,Защитные пленки и стекла,Защитное стекло,1000.0,4900.0,0.0,0.17,0.1,0,C,Z,CZ,3000,0.0002561754726843,1.6345871038277526,❌ ПРОБЛЕМНЫЕ - Кандидат на исключение,Низкий
HHH_Green_9565,K-DOO,Чехлы,Чехол для смартфона,1290.0,1690.0,4.8,0.36,0.1,0,B,Z,BZ,6450,0.0005507772662712,1.864744681524183,⚠ РИСКОВАННЫЕ - Контролировать запасы,Средний
CCC_White_3332,KZDOO,Чехлы,Чехол для смартфона,6180.0,11990.0,4.7,1.47,0.3,0,B,Z,BZ,6180,0.0005277214737296,1.0,⚠ РИСКОВАННЫЕ - Контролировать запасы,Средний
CCC_Clear_3162,KZDOO,Чехлы,Чехол для наушников,5100.0,11990.0,4.9,0.3,0.1,0,B,Z,BZ,10200,0.0008709966071266,1.0,⚠ РИСКОВАННЫЕ - Контролировать запасы,Средний
CCC_Green_3542,KZDOO,Чехлы,Чехол для смартфона,6580.0,11990.0,4.6,0.36,0.1,0,A,Z,AZ,26320,0.0022475128136836,1.2278029157808674,⚡ ВОПРОСЫ - Изучить нестабильность,Высокий
EEE_Blue_5790,KZDOO,Чехлы,Чехол для смартфона,5980.0,11990.0,4.7,0.36,0.1,0,A,Z,AZ,29900,0.0025532155444202,1.044852131323548,⚡ ВОПРОСЫ - Изучить нестабильность,Высокий
BBB_Green_6613,K-DOO,Чехлы,Чехол для смартфона,5500.0,11990.0,4.8,0.36,0.1,0,A,Z,AZ,11000,0.0009393100665091,1.0,⚡ ВОПРОСЫ - Изучить нестабильность,Высокий
EEE_Blue_5688,KEEPHONE,Чехлы,Чехол для смартфона,6990.0,8990.0,4.9,0.41,0.1,0,A,Z,AZ,20970,0.0017906665540633,1.5223337347638328,⚡ ВОПРОСЫ - Изучить нестабильность,Высокий
EEE_Clear_6744,K-DOO,Чехлы,Чехол для смартфона,4200.0,11990.0,4.8,0.36,0.1,0,A,Z,AZ,25200,0.0021518739705481,1.1224972160321824,⚡ ВОПРОСЫ - Изучить нестабильность,Высокий
CCC_Pink_7762,KEEPHONE,Чехлы,Чехол для смартфона,3100.0,3990.0,4.9,0.36,0.1,0,B,Z,BZ,9300,0.0007941439653213,1.0,⚠ РИСКОВАННЫЕ - Контролировать запасы,Средний
AAA_Titanium_7478,K-DOO,Чехлы,Чехол для смартфона,7380.0,11990.0,4.5,0.36,0.1,0,A,Z,AZ,14760,0.0012603833256067,1.0,⚡ ВОПРОСЫ - Изучить нестабильность,Высокий
FFF_Purple_7037,KZDOO,Чехлы,Чехол для смартфона,2780.0,11990.0,4.9,0.36,0.1,0,B,Z,BZ,8340,0.0007121678140623,1.522333734763833,⚠ РИСКОВАННЫЕ - Контролировать запасы,Средний
AAA_Green_9615,KZDOO,Чехлы,Чехол для смартфона,3180.0,11990.0,4.7,0.36,0.1,0,B,Z,BZ,9540,0.0008146380031361,1.7320508075688772,⚠ РИСКОВАННЫЕ - Контролировать запасы,Средний
BBB_Red_2345,KZDOO,Чехлы,Чехол для смартфона,2980.0,11990.0,4.7,0.36,0.1,0,A,Z,AZ,11920,0.0010178705447989,1.352081728298996,⚡ ВОПРОСЫ - Изучить нестабильность,Высокий
GGG_Green_1753,KEEPHONE,Чехлы,Чехол для смартфона,5200.0,11990.0,4.9,0.28,0.1,0,C,Z,CZ,5200,0.0004440374859861,1.0,❌ ПРОБЛЕМНЫЕ - Кандидат на исключение,Низкий
AAA_Green_4817,KEEPHONE,Чехлы,Чехол для смартфона,6190.0,11990.0,0.0,0.41,0.1,0,A,Z,AZ,18570,0.0015857261759158,1.5811388300841898,⚡ ВОПРОСЫ - Изучить нестабильность,Высокий
DDD_Blue_1270,KEEPHONE,Чехлы,Чехол для смартфона,4906.0,11990.0,2.0,0.4,0.1,0,C,Z,CZ,4906,0.000418932289663,1.0,❌ ПРОБЛЕМНЫЕ - Кандидат на исключение,Низкий
GGG_White_8463,KZDOO,Чехлы,Чехол для смартфона,5580.0,11990.0,4.9,0.36,0.1,0,A,Z,AZ,16740,0.0014294591375784,1.673624930551426,⚡ ВОПРОСЫ - Изучить нестабильность,Высокий
AAA_Green_3407,KZDOO,Чехлы,Чехол для смартфона,5300.0,11990.0,0.0,0.36,0.1,0,A,Z,AZ,10600,0.0009051533368178,1.0,⚡ ВОПРОСЫ - Изучить нестабильность,Высокий
DDD_Titanium_1174,KZDOO,Чехлы,Чехол для смартфона,9980.0,11990.0,5.0,0.36,0.1,0,A,Z,AZ,29940,0.0025566312173893,1.6345871038277526,⚡ ВОПРОСЫ - Изучить нестабильность,Высокий
EEE_Red_4134,KEEPHONE,Чехлы,Чехол для смартфона,7000.0,11990.0,0.0,0.38,0.1,0,A,Z,AZ,28000,0.0023909710783868,1.382931668593933,⚡ ВОПРОСЫ - Изучить нестабильность,Высокий
DDD_Blue_6662,K-DOO,Чехлы,Чехол для наушников,4980.0,11990.0,4.9,0.27,0.1,0,A,Z,AZ,14940,0.0012757538539678,1.0,⚡ ВОПРОСЫ - Изучить нестабильность,Высокий
BBB_White_7075,K-DOO,Чехлы,Чехол для смартфона,6200.0,11990.0,4.9,0.27,0.1,0,A,Z,AZ,12400,0.0010588586204284,1.0,⚡ ВОПРОСЫ - Изучить нестабильность,Высокий
EEE_Purple_2309,KZDOO,Чехлы,Чехол для смартфона,3380.0,11990.0,4.7,0.36,0.1,0,B,Z,BZ,6760,0.0005772487317819,1.0,⚠ РИСКОВАННЫЕ - Контролировать запасы,Средний
DDD_Green_6347,KZDOO,Чехлы,Чехол для смартфона,11100.0,11990.0,5.0,0.36,0.1,0,A,Z,AZ,33300,0.0028435477467958,1.792842914001591,⚡ ВОПРОСЫ - Изучить нестабильность,Высокий
EEE_Purple_5001,KZDOO,Чехлы,Чехол для смартфона,5180.0,11990.0,4.3,0.36,0.1,0,A,Z,AZ,20720,0.0017693185980062,1.4279574573494829,⚡ ВОПРОСЫ - Изучить нестабильность,Высокий
HHH_Blue_2269,KZDOO,Чехлы,Чехол для смартфона,5990.0,11990.0,4.8,0.36,0.1,0,A,Z,AZ,11980,0.0010229940542526,1.0,⚡ ВОПРОСЫ - Изучить нестабильность,Высокий
HHH_Purple_4677,KEEPHONE,Чехлы,Чехол для смартфона,2450.0,3990.0,5.0,0.38,0.1,0,C,Z,CZ,4900,0.0004184199387177,1.0,❌ ПРОБЛЕМНЫЕ - Кандидат на исключение,Низкий
GGG_Blue_5448,KZDOO,Чехлы,Чехол для смартфона,6736.0,11990.0,4.7,0.36,0.1,0,A,Z,AZ,20208,0.0017255979840015,1.0,⚡ ВОПРОСЫ - Изучить нестабильность,Высокий
AAA_Purple_7824,Нет бренда,Чехлы,Чехол для смартфона,2000.0,7900.0,5.0,0.08,0.1,0,B,Z,BZ,8000,0.0006831345938248,2.0,⚠ РИСКОВАННЫЕ - Контролировать запасы,Средний
CCC_Clear_2175,KZDOO,Чехлы,Чехол для смартфона,7828.0,11990.0,4.6,0.36,0.1,0,A,Z,AZ,23484,0.0020053416001727,1.5,⚡ ВОПРОСЫ - Изучить нестабильность,Высокий
AAA_White_7977,KZDOO,Чехлы,Чехол для смартфона,3100.0,11990.0,4.9,0.36,0.1,0,B,Z,BZ,6200,0.0005294293102142,1.0,⚠ РИСКОВАННЫЕ - Контролировать запасы,Средний
EEE_Clear_2483,K-DOO,Чехлы,Чехол для смартфона,7380.0,11990.0,4.5,0.36,0.1,0,B,Z,BZ,7380,0.0006301916628033,1.0,⚠ РИСКОВАННЫЕ - Контролировать запасы,Средний
DDD_Titanium_2057,KZDOO,Чехлы,Чехол для смартфона,4980.0,11990.0,4.4,0.36,0.1,0,A,Z,AZ,14940,0.0012757538539678,1.518481189862733,⚡ ВОПРОСЫ - Изучить нестабильность,Высокий
EEE_Pink_6948,KZDOO,Чехлы,Чехол для смартфона,4500.0,11990.0,4.6,0.36,0.1,0,B,Z,BZ,9000,0.0007685264180529,1.0,⚠ РИСКОВАННЫЕ - Контролировать запасы,Средний
FFF_Purple_6666,KEEPHONE,Чехлы,Чехол для смартфона,3368.0,4990.0,4.9,0.39,0.1,0,C,Z,CZ,3368,0.0002875996640002,1.0,❌ ПРОБЛЕМНЫЕ - Кандидат на исключение,Низкий
HHH_Clear_1848,KEEPHONE,Чехлы,Чехол для смартфона,2050.0,3990.0,5.0,0.38,0.1,0,C,Z,CZ,4100,0.0003501064793352,1.0,❌ ПРОБЛЕМНЫЕ - Кандидат на исключение,Низкий
HHH_Clear_5825,REMAX,Защитные пленки и стекла,Защитное стекло,1240.0,4900.0,5.0,0.17,0.1,0,A,Z,AZ,11160,0.0009529727583856,0.7261843774138907,⚡ ВОПРОСЫ - Изучить нестабильность,Высокий
GGG_Black_5712,KEEPHONE,Чехлы,Чехол для смартфона,6980.0,11990.0,5.0,0.39,0.1,0,A,Z,AZ,41880,0.0035762095986729,1.21875,⚡ ВОПРОСЫ - Изучить нестабильность,Высокий
EEE_Red_8950,KZDOO,Чехлы,Чехол для смартфона,5980.0,11990.0,4.7,0.36,0.1,0,A,Z,AZ,17940,0.0015319293266521,1.522333734763833,⚡ ВОПРОСЫ - Изучить нестабильность,Высокий
CCC_Clear_9381,KZDOO,Чехлы,Чехол для смартфона,3490.0,3490.0,0.0,0.36,0.1,0,A,Z,AZ,17450,0.0014900873327803,1.3456042834258386,⚡ ВОПРОСЫ - Изучить нестабильность,Высокий
GGG_Titanium_4851,KZDOO,Чехлы,Чехол для смартфона,6380.0,11990.0,4.7,0.36,0.1,0,B,Z,BZ,6380,0.0005447998385752,1.0,⚠ РИСКОВАННЫЕ - Контролировать запасы,Средний
AAA_Black_7462,KZDOO,Чехлы,Чехол для смартфона,4990.0,4990.0,0.0,0.36,0.1,0,A,Z,AZ,24950,0.0021305260144911,1.5874507866387544,⚡ ВОПРОСЫ - Изучить нестабильность,Высокий
BBB_Purple_2912,KEEPHONE,Чехлы,Чехол для смартфона,5990.0,11990.0,4.9,0.41,0.1,0,A,Z,AZ,11980,0.0010229940542526,1.0,⚡ ВОПРОСЫ - Изучить нестабильность,Высокий
AAA_Red_7612,KZDOO,Чехлы,Чехол для смартфона,6580.0,11990.0,4.6,0.36,0.1,0,A,Z,AZ,26320,0.0022475128136836,1.6249602665199523,⚡ ВОПРОСЫ - Изучить нестабильность,Высокий
BBB_Red_6872,KZDOO,Чехлы,Чехол для смартфона,4990.0,4990.0,0.0,0.36,0.1,0,A,Z,AZ,14970,0.0012783156086946,1.5347536447260846,⚡ ВОПРОСЫ - Изучить нестабильность,Высокий
AAA_Red_7992,KZDOO,Чехлы,Чехол для смартфона,6580.0,11990.0,4.7,0.36,0.1,0,A,Z,AZ,32900,0.0028093910171045,1.307669683062202,⚡ ВОПРОСЫ - Изучить нестабильность,Высокий
DDD_White_5541,KZDOO,Чехлы,Чехол для смартфона,5990.0,11990.0,4.9,0.36,0.1,0,A,Z,AZ,29950,0.0025574851356316,1.282011968547876,⚡ ВОПРОСЫ - Изучить нестабильность,Высокий
EEE_Red_5832,K-DOO,Чехлы,Чехол для смартфона,1800.0,11990.0,4.8,0.36,0.1,0,C,Z,CZ,3600,0.0003074105672211,1.0,❌ ПРОБЛЕМНЫЕ - Кандидат на исключение,Низкий
DDD_White_2968,KEEPHONE,Чехлы,Чехол для смартфона,7980.0,11990.0,4.9,0.38,0.1,0,A,Z,AZ,15960,0.0013628535146805,1.0,⚡ ВОПРОСЫ - Изучить нестабильность,Высокий
GGG_Clear_4484,Robiton,Батарейки и аккумуляторы,Батарейка,2460.0,11990.0,4.8,0.11,0.1,0,C,Z,CZ,2460,0.0002100638876011,1.0,❌ ПРОБЛЕМНЫЕ - Кандидат на исключение,Низкий
AAA_White_3056,KZDOO,Чехлы,Чехол для смартфона,5180.0,11990.0,4.2,0.36,0.1,0,A,Z,AZ,10360,0.0008846592990031,1.0,⚡ ВОПРОСЫ - Изучить нестабильность,Высокий
FFF_Clear_1289,KZDOO,Чехлы,Чехол для смартфона,2980.0,11990.0,4.7,0.36,0.1,0,B,Z,BZ,8940,0.0007634029085992,1.0,⚠ РИСКОВАННЫЕ - Контролировать запасы,Средний
EEE_Red_9650,KZDOO,Чехлы,Чехол для смартфона,7500.0,11990.0,4.9,0.36,0.1,0,A,Z,AZ,22500,0.0019213160451323,1.0,⚡ ВОПРОСЫ - Изучить нестабильность,Высокий
GGG_Black_5174,KZDOO,Чехлы,Чехол для смартфона,3162.0,11990.0,4.7,0.36,0.1,0,C,Z,CZ,3162,0.0002700089482092,1.0,❌ ПРОБЛЕМНЫЕ - Кандидат на исключение,Низкий
GGG_Purple_7207,KZDOO,Чехлы,Чехол для смартфона,6580.0,11990.0,4.5,0.36,0.1,0,A,Z,AZ,13160,0.0011237564068418,1.0,⚡ ВОПРОСЫ - Изучить нестабильность,Высокий
DDD_Purple_5314,KZDOO,Чехлы,Чехол для смартфона,3380.0,11990.0,4.1,0.36,0.1,0,A,Z,AZ,20280,0.0017317461953459,1.1858541225631425,⚡ ВОПРОСЫ - Изучить нестабильность,Высокий
FFF_Black_4039,KZDOO,Чехлы,Чехол для смартфона,9990.0,14990.0,0.0,0.36,0.1,0,A,Z,AZ,19980,0.0017061286480774,1.0,⚡ ВОПРОСЫ - Изучить нестабильность,Высокий
BBB_Blue_9580,K-DOO,Чехлы,Чехол для смартфона,5500.0,11990.0,4.8,0.36,0.1,0,A,Z,AZ,27500,0.0023482751662728,1.236931687685298,⚡ ВОПРОСЫ - Изучить нестабильность,Высокий
DDD_Titanium_2708,KZDOO,Чехлы,Чехол для смартфона,7180.0,11990.0,4.6,0.36,0.1,0,A,Z,AZ,21540,0.0018393398938733,1.7286645857424163,⚡ ВОПРОСЫ - Изучить нестабильность,Высокий
GGG_Pink_7385,KZDOO,Чехлы,Чехол для смартфона,2980.0,11990.0,4.5,0.36,0.1,0,B,Z,BZ,8940,0.0007634029085992,1.5452362609131385,⚠ РИСКОВАННЫЕ - Контролировать запасы,Средний
FFF_Black_2376,KZDOO,Чехлы,Чехол для смартфона,2890.0,3990.0,5.0,0.36,0.1,0,C,Z,CZ,2890,0.0002467823720192,1.0,❌ ПРОБЛЕМНЫЕ - Кандидат на исключение,Низкий
FFF_Titanium_8411,KZDOO,Чехлы,Чехол для смартфона,7380.0,11990.0,4.9,0.36,0.1,0,B,Z,BZ,7380,0.0006301916628033,1.0,⚠ РИСКОВАННЫЕ - Контролировать запасы,Средний
BBB_Green_8505,KZDOO,Чехлы,Чехол для смартфона,9180.0,11990.0,4.5,0.36,0.1,0,A,Z,AZ,45900,0.0039194847320699,1.1409000361828303,⚡ ВОПРОСЫ - Изучить нестабильность,Высокий
AAA_Black_9470,KZDOO,Чехлы,Чехол для смартфона,2900.0,11990.0,4.7,1.52,0.3,0,B,Z,BZ,8700,0.0007429088707844,1.792842914001591,⚠ РИСКОВАННЫЕ - Контролировать запасы,Средний
GGG_Purple_5051,KZDOO,Чехлы,Чехол для смартфона,6580.0,11990.0,4.5,0.36,0.1,0,A,Z,AZ,19740,0.0016856346102627,1.0,⚡ ВОПРОСЫ - Изучить нестабильность,Высокий
DDD_Green_9844,KZDOO,Чехлы,Чехол для смартфона,6738.0,11990.0,4.9,0.36,0.1,0,B,Z,BZ,6738,0.0005753701116489,1.0,⚠ РИСКОВАННЫЕ - Контролировать запасы,Средний
HHH_Black_7854,K-DOO,Чехлы,Чехол для смартфона,7300.0,11990.0,4.7,0.36,0.1,0,A,Z,AZ,21900,0.0018700809505954,1.7286645857424163,⚡ ВОПРОСЫ - Изучить нестабильность,Высокий
BBB_Blue_2666,KZDOO,Чехлы,Чехол для смартфона,2500.0,11990.0,4.7,0.36,0.1,0,B,Z,BZ,10000,0.000853918242281,1.4279574573494829,⚠ РИСКОВАННЫЕ - Контролировать запасы,Средний
DDD_Green_2949,KZDOO,Чехлы,Чехол для смартфона,4980.0,11990.0,4.2,0.36,0.1,0,A,Z,AZ,19920,0.0017010051386238,1.5874507866387544,⚡ ВОПРОСЫ - Изучить нестабильность,Высокий
CCC_Clear_4692,KZDOO,Чехлы,Чехол для смартфона,3490.0,3490.0,0.0,1.32,0.3,0,A,Z,AZ,17450,0.0014900873327803,1.673624930551426,⚡ ВОПРОСЫ - Изучить нестабильность,Высокий
EEE_Titanium_6892,KZDOO,Чехлы,Чехол для смартфона,4700.0,11990.0,4.0,0.36,0.1,0,A,Z,AZ,18800,0.0016053662954883,1.79843682124227,⚡ ВОПРОСЫ - Изучить нестабильность,Высокий
CCC_Clear_1274,REMAX,Защитные пленки и стекла,Защитное стекло,1460.0,4900.0,4.9,0.17,0.1,0,B,Z,BZ,10220,0.0008727044436112,1.25,⚠ РИСКОВАННЫЕ - Контролировать запасы,Средний
FFF_Purple_8560,KZDOO,Чехлы,Чехол для смартфона,6580.0,11990.0,4.7,0.36,0.1,0,A,Z,AZ,32900,0.0028093910171045,1.4142135623730951,⚡ ВОПРОСЫ - Изучить нестабильность,Высокий
HHH_Titanium_9359,KZDOO,Чехлы,Чехол для смартфона,3590.0,5990.0,4.6,0.36,0.1,0,A,Z,AZ,10770,0.0009196699469366,1.0,⚡ ВОПРОСЫ - Изучить нестабильность,Высокий
BBB_Titanium_7452,Varta,Батарейки и аккумуляторы,Батарейка,1360.0,4900.0,4.9,0.04,0.1,0,C,Z,CZ,1360,0.0001161328809502,1.0,❌ ПРОБЛЕМНЫЕ - Кандидат на исключение,Низкий
BBB_Green_6494,KZDOO,Чехлы,Чехол для смартфона,2780.0,11990.0,4.7,0.36,0.1,0,C,Z,CZ,2780,0.0002373892713541,1.0,❌ ПРОБЛЕМНЫЕ - Кандидат на исключение,Низкий
GGG_Blue_2762,KZDOO,Чехлы,Чехол для смартфона,7180.0,11990.0,4.6,0.36,0.1,0,B,Z,BZ,7180,0.0006131132979577,1.0,⚠ РИСКОВАННЫЕ - Контролировать запасы,Средний
CCC_White_7695,KZDOO,Чехлы,Чехол для смартфона,7180.0,11990.0,4.6,0.36,0.1,0,A,Z,AZ,21540,0.0018393398938733,1.0,⚡ ВОПРОСЫ - Изучить нестабильность,Высокий
AAA_Titanium_1682,KZDOO,Чехлы,Чехол для смартфона,6580.0,11990.0,4.6,0.36,0.1,0,A,Z,AZ,39480,0.0033712692205254,1.4553913777743774,⚡ ВОПРОСЫ - Изучить нестабильность,Высокий
BBB_Green_4942,KZDOO,Чехлы,Чехол для смартфона,4980.0,11990.0,4.4,0.36,0.1,0,A,Z,AZ,14940,0.0012757538539678,1.984313483298443,⚡ ВОПРОСЫ - Изучить нестабильность,Высокий
FFF_Green_6760,KZDOO,Чехлы,Чехол для смартфона,7828.0,11990.0,4.6,0.36,0.1,0,A,Z,AZ,39140,0.0033422360002879,1.1423659658795862,⚡ ВОПРОСЫ - Изучить нестабильность,Высокий
HHH_Purple_2910,KZDOO,Чехлы,Чехол для смартфона,5580.0,11990.0,4.8,0.36,0.1,0,A,Z,AZ,22320,0.0019059455167712,1.3456042834258386,⚡ ВОПРОСЫ - Изучить нестабильность,Высокий
EEE_Purple_7709,KZDOO,Чехлы,Чехол для смартфона,5500.0,11000.0,0.0,0.36,0.1,0,A,Z,AZ,11000,0.0009393100665091,1.0,⚡ ВОПРОСЫ - Изучить нестабильность,Высокий
CCC_Purple_3517,KZDOO,Чехлы,Чехол для смартфона,5990.0,11990.0,4.8,0.36,0.1,0,A,Z,AZ,11980,0.0010229940542526,1.0,⚡ ВОПРОСЫ - Изучить нестабильность,Высокий
BBB_Purple_4146,KZDOO,Чехлы,Чехол для смартфона,2980.0,11990.0,4.7,0.4,0.1,0,A,Z,AZ,14900,0.0012723381809987,1.2792042981336624,⚡ ВОПРОСЫ - Изучить нестабильность,Высокий
EEE_Clear_8415,KEEPHONE,Чехлы,Чехол для смартфона,4600.0,11990.0,4.2,0.41,0.1,0,A,Z,AZ,18400,0.001571209565797,1.6345871038277526,⚡ ВОПРОСЫ - Изучить нестабильность,Высокий
EEE_Blue_8678,KZDOO,Чехлы,Чехол для смартфона,3380.0,11990.0,4.7,0.36,0.1,0,C,Z,CZ,3380,0.0002886243658909,1.0,❌ ПРОБЛЕМНЫЕ - Кандидат на исключение,Низкий
AAA_Green_9617,KZDOO,Чехлы,Чехол для смартфона,2790.0,3490.0,4.3,0.36,0.1,0,B,Z,BZ,5580,0.0004764863791928,1.0,⚠ РИСКОВАННЫЕ - Контролировать запасы,Средний
CCC_Blue_5972,KZDOO,Чехлы,Чехол для смартфона,4990.0,4990.0,0.0,0.36,0.1,0,B,Z,BZ,9980,0.0008522104057964,1.0,⚠ РИСКОВАННЫЕ - Контролировать запасы,Средний
FFF_Blue_7389,KZDOO,Чехлы,Чехол для смартфона,7180.0,11990.0,4.8,0.36,0.1,0,A,Z,AZ,35900,0.0030655664897888,1.4387494569938155,⚡ ВОПРОСЫ - Изучить нестабильность,Высокий
BBB_Red_7529,KEEPHONE,Чехлы,Чехол для смартфона,6990.0,8990.0,4.9,0.41,0.1,0,A,Z,AZ,27960,0.0023875554054177,1.673624930551426,⚡ ВОПРОСЫ - Изучить нестабильность,Высокий
BBB_Red_1893,KEEPHONE,Чехлы,Чехол для смартфона,6580.0,11990.0,5.0,0.38,0.1,0,A,Z,AZ,26320,0.0022475128136836,1.5,⚡ ВОПРОСЫ - Изучить нестабильность,Высокий
FFF_Green_9068,KZDOO,Чехлы,Чехол для смартфона,3380.0,11990.0,4.1,0.36,0.1,0,B,Z,BZ,6760,0.0005772487317819,1.0,⚠ РИСКОВАННЫЕ - Контролировать запасы,Средний
AAA_Pink_2294,KEEPHONE,Чехлы,Чехол для смартфона,2290.0,3990.0,5.0,0.41,0.1,0,A,Z,AZ,11450,0.0009777363874117,1.243734296383275,⚡ ВОПРОСЫ - Изучить нестабильность,Высокий
CCC_Black_9622,KZDOO,Чехлы,Чехол для смартфона,5980.0,11990.0,5.0,0.36,0.1,0,B,Z,BZ,5980,0.000510643108884,1.0,⚠ РИСКОВАННЫЕ - Контролировать запасы,Средний
EEE_Pink_7010,KEEPHONE,Чехлы,Чехол для смартфона,5990.0,11990.0,5.0,0.41,0.1,0,A,Z,AZ,11980,0.0010229940542526,1.0,⚡ ВОПРОСЫ - Изучить нестабильность,Высокий
GGG_Clear_3876,KZDOO,Чехлы,Чехол для смартфона,7500.0,11990.0,4.9,0.36,0.1,0,A,Z,AZ,15000,0.0012808773634215,1.0,⚡ ВОПРОСЫ - Изучить нестабильность,Высокий
EEE_Red_3557,KZDOO,Чехлы,Чехол для смартфона,2550.0,2550.0,0.0,0.36,0.1,0,B,Z,BZ,10200,0.0008709966071266,1.352081728298996,⚠ РИСКОВАННЫЕ - Контролировать запасы,Средний
CCC_White_6197,Varta,Батарейки и аккумуляторы,Батарейка,1900.0,7900.0,5.0,0.04,0.1,0,C,Z,CZ,3800,0.0003244889320667,1.0,❌ ПРОБЛЕМНЫЕ - Кандидат на исключение,Низкий
GGG_Titanium_7551,KZDOO,Чехлы,Чехол для смартфона,2790.0,3990.0,4.9,0.36,0.1,0,C,Z,CZ,2790,0.0002382431895964,1.0,❌ ПРОБЛЕМНЫЕ - Кандидат на исключение,Низкий
EEE_Blue_7850,KZDOO,Чехлы,Чехол для смартфона,7180.0,11990.0,4.8,0.36,0.1,0,A,Z,AZ,28720,0.0024524531918311,1.7346111205814894,⚡ ВОПРОСЫ - Изучить нестабильность,Высокий
BBB_Black_4746,KZDOO,Чехлы,Чехол для смартфона,5500.0,11990.0,0.0,0.36,0.1,0,A,Z,AZ,11000,0.0009393100665091,1.0,⚡ ВОПРОСЫ - Изучить нестабильность,Высокий
GGG_Purple_4715,KZDOO,Чехлы,Чехол для смартфона,1550.0,2090.0,4.8,0.36,0.1,0,C,Z,CZ,3100,0.0002647146551071,1.0,❌ ПРОБЛЕМНЫЕ - Кандидат на исключение,Низкий
GGG_Green_8833,KZDOO,Чехлы,Чехол для смартфона,3380.0,11990.0,4.7,0.36,0.1,0,C,Z,CZ,3380,0.0002886243658909,1.0,❌ ПРОБЛЕМНЫЕ - Кандидат на исключение,Низкий
BBB_Red_2622,KZDOO,Чехлы,Чехол для смартфона,5580.0,11990.0,4.9,0.36,0.1,0,A,Z,AZ,11160,0.0009529727583856,1.0,⚡ ВОПРОСЫ - Изучить нестабильность,Высокий
CCC_Green_6440,KZDOO,Чехлы,Чехол для смартфона,7300.0,11990.0,5.0,0.36,0.1,0,A,Z,AZ,21900,0.0018700809505954,1.6770509831248424,⚡ ВОПРОСЫ - Изучить нестабильность,Высокий
CCC_Pink_7226,Robiton,Батарейки и аккумуляторы,Аккумуляторная батарейка,6200.0,11990.0,3.7,0.41,0.1,0,A,Z,AZ,37200,0.0031765758612854,1.2074386788840692,⚡ ВОПРОСЫ - Изучить нестабильность,Высокий
HHH_Purple_2012,KZDOO,Чехлы,Чехол для смартфона,2980.0,11990.0,4.5,0.36,0.1,0,B,Z,BZ,5960,0.0005089352723994,1.0,⚠ РИСКОВАННЫЕ - Контролировать запасы,Средний
AAA_Red_8534,KZDOO,Чехлы,Чехол для смартфона,6180.0,11990.0,4.7,1.55,0.3,0,A,Z,AZ,43260,0.0036940503161077,1.371444266093231,⚡ ВОПРОСЫ - Изучить нестабильность,Высокий
CCC_Titanium_5503,Нет бренда,Чехлы,Чехол для смартфона,380.0,1690.0,5.0,0.3,0.1,0,C,Z,CZ,1900,0.0001622444660333,1.4414597193293262,❌ ПРОБЛЕМНЫЕ - Кандидат на исключение,Низкий
AAA_Clear_3473,KZDOO,Чехлы,Чехол для смартфона,2590.0,3790.0,5.0,0.36,0.1,0,C,Z,CZ,2590,0.0002211648247507,1.0,❌ ПРОБЛЕМНЫЕ - Кандидат на исключение,Низкий
DDD_Red_1755,KZDOO,Чехлы,Чехол для смартфона,2490.0,3790.0,5.0,0.36,0.1,0,C,Z,CZ,2490,0.0002126256423279,1.0,❌ ПРОБЛЕМНЫЕ - Кандидат на исключение,Низкий
FFF_Green_1065,KZDOO,Чехлы,Чехол для смартфона,4990.0,4990.0,0.0,0.36,0.1,0,A,Z,AZ,14970,0.0012783156086946,1.7320508075688772,⚡ ВОПРОСЫ - Изучить нестабильность,Высокий
FFF_Black_3652,KEEPHONE,Чехлы,Чехол для смартфона,3477.0,4250.0,4.8,0.48,0.1,0,B,Z,BZ,6954,0.0005938147456822,1.0,⚠ РИСКОВАННЫЕ - Контролировать запасы,Средний
FFF_Green_2714,KZDOO,Чехлы,Чехол для смартфона,9180.0,11990.0,4.5,0.36,0.1,0,B,Z,BZ,9180,0.0007838969464139,1.0,⚠ РИСКОВАННЫЕ - Контролировать запасы,Средний
HHH_Pink_8971,KZDOO,Чехлы,Чехол для смартфона,11100.0,11990.0,5.0,0.36,0.1,0,A,Z,AZ,22200,0.0018956984978638,1.0,⚡ ВОПРОСЫ - Изучить нестабильность,Высокий
EEE_Clear_3126,KZDOO,Чехлы,Чехол для смартфона,2980.0,11990.0,4.7,0.36,0.1,0,B,Z,BZ,5960,0.0005089352723994,1.0,⚠ РИСКОВАННЫЕ - Контролировать запасы,Средний
BBB_White_2474,REMAX,Защитные пленки и стекла,Защитное стекло,2000.0,4900.0,4.8,0.17,0.1,0,B,Z,BZ,8000,0.0006831345938248,1.7248787237282068,⚠ РИСКОВАННЫЕ - Контролировать запасы,Средний
HHH_Black_9830,KEEPHONE,Чехлы,Чехол для смартфона,6980.0,11990.0,4.6,0.48,0.1,0,A,Z,AZ,20940,0.0017881047993364,1.792842914001591,⚡ ВОПРОСЫ - Изучить нестабильность,Высокий
EEE_White_5636,KZDOO,Чехлы,Чехол для смартфона,5980.0,11990.0,4.7,0.36,0.1,0,A,Z,AZ,11960,0.0010212862177681,1.0,⚡ ВОПРОСЫ - Изучить нестабильность,Высокий
DDD_Titanium_6448,KZDOO,Чехлы,Чехол для смартфона,5580.0,11990.0,4.9,0.36,0.1,0,A,Z,AZ,16740,0.0014294591375784,1.5811388300841898,⚡ ВОПРОСЫ - Изучить нестабильность,Высокий
FFF_Titanium_5998,KEEPHONE,Чехлы,Чехол для смартфона,2600.0,3990.0,4.9,0.28,0.1,0,C,Z,CZ,5200,0.0004440374859861,1.0,❌ ПРОБЛЕМНЫЕ - Кандидат на исключение,Низкий
DDD_White_9135,KEEPHONE,Чехлы,Чехол для смартфона,2990.0,3490.0,5.0,0.28,0.1,0,A,Z,AZ,14950,0.0012766077722101,1.4039495646800453,⚡ ВОПРОСЫ - Изучить нестабильность,Высокий
FFF_Green_1597,KZDOO,Чехлы,Чехол для смартфона,4990.0,4990.0,0.0,0.36,0.1,0,A,Z,AZ,14970,0.0012783156086946,1.5347536447260846,⚡ ВОПРОСЫ - Изучить нестабильность,Высокий
EEE_White_7896,KEEPHONE,Чехлы,Чехол для смартфона,7000.0,11990.0,0.0,0.38,0.1,0,B,Z,BZ,7000,0.0005977427695967,1.0,⚠ РИСКОВАННЫЕ - Контролировать запасы,Средний
CCC_Clear_1118,K-DOO,Чехлы,Чехол для смартфона,1800.0,11990.0,4.7,0.36,0.1,0,B,Z,BZ,5400,0.0004611158508317,1.0,⚠ РИСКОВАННЫЕ - Контролировать запасы,Средний
GGG_Purple_3146,KZDOO,Чехлы,Чехол для смартфона,9180.0,11990.0,4.8,0.36,0.1,0,A,Z,AZ,18360,0.0015677938928279,1.0,⚡ ВОПРОСЫ - Изучить нестабильность,Высокий
EEE_Black_9568,KZDOO,Чехлы,Чехол для смартфона,9980.0,11990.0,5.0,0.36,0.1,0,A,Z,AZ,19960,0.0017044208115929,1.0,⚡ ВОПРОСЫ - Изучить нестабильность,Высокий
HHH_Titanium_2914,KZDOO,Чехлы,Чехол для смартфона,3250.0,11990.0,4.5,0.36,0.1,0,B,Z,BZ,9750,0.000832570286224,1.8248287590894656,⚠ РИСКОВАННЫЕ - Контролировать запасы,Средний
BBB_Black_5404,KZDOO,Чехлы,Чехол для смартфона,6090.0,11990.0,0.0,0.36,0.1,0,B,Z,BZ,6090,0.0005200362095491,1.0,⚠ РИСКОВАННЫЕ - Контролировать запасы,Средний
EEE_Black_6295,Robiton,Батарейки и аккумуляторы,Аккумуляторная батарейка,2500.0,3290.0,4.8,0.11,0.2,0,C,Z,CZ,2500,0.0002134795605702,1.0,❌ ПРОБЛЕМНЫЕ - Кандидат на исключение,Низкий
AAA_Purple_5672,KZDOO,Чехлы,Чехол для смартфона,6580.0,11990.0,4.5,0.36,0.1,0,A,Z,AZ,13160,0.0011237564068418,1.0,⚡ ВОПРОСЫ - Изучить нестабильность,Высокий
CCC_Green_5247,KZDOO,Чехлы,Чехол для смартфона,4980.0,11990.0,4.8,0.36,0.1,0,B,Z,BZ,9960,0.0008505025693119,1.0,⚠ РИСКОВАННЫЕ - Контролировать запасы,Средний
FFF_White_5263,Robiton,Батарейки и аккумуляторы,Аккумуляторная батарейка,5800.0,11990.0,4.8,0.04,0.1,0,B,Z,BZ,5800,0.0004952725805229,1.0,⚠ РИСКОВАННЫЕ - Контролировать запасы,Средний
FFF_White_7505,KEEPHONE,Чехлы,Чехол для смартфона,5180.0,11990.0,0.0,0.28,0.1,0,A,Z,AZ,25900,0.0022116482475078,1.4523687548277815,⚡ ВОПРОСЫ - Изучить нестабильность,Высокий
HHH_White_1139,KZDOO,Чехлы,Чехол для смартфона,11000.0,11990.0,0.0,0.36,0.1,0,A,Z,AZ,33000,0.0028179301995273,1.0,⚡ ВОПРОСЫ - Изучить нестабильность,Высокий
BBB_Purple_1296,KZDOO,Чехлы,Чехол для смартфона,2700.0,11990.0,4.6,0.36,0.1,0,B,Z,BZ,5400,0.0004611158508317,1.0,⚠ РИСКОВАННЫЕ - Контролировать запасы,Средний
EEE_White_2537,Robiton,Батарейки и аккумуляторы,Батарейка,1340.0,4900.0,4.9,0.16,0.1,0,B,Z,BZ,5360,0.0004577001778626,1.3125000000000002,⚠ РИСКОВАННЫЕ - Контролировать запасы,Средний
DDD_White_8173,K-DOO,Чехлы,Чехол для смартфона,1800.0,11990.0,4.7,0.36,0.1,0,B,Z,BZ,5400,0.0004611158508317,1.5811388300841898,⚠ РИСКОВАННЫЕ - Контролировать запасы,Средний
AAA_Red_9681,KEEPHONE,Чехлы,Чехол для смартфона,6590.0,11990.0,4.9,0.41,0.1,0,A,Z,AZ,13180,0.0011254642433263,1.0,⚡ ВОПРОСЫ - Изучить нестабильность,Высокий
FFF_Green_1588,KZDOO,Чехлы,Чехол для смартфона,11000.0,11990.0,5.0,0.36,0.1,0,A,Z,AZ,44000,0.0037572402660365,1.3829316685939328,⚡ ВОПРОСЫ - Изучить нестабильность,Высокий
GGG_Titanium_5888,KZDOO,Чехлы,Чехол для смартфона,3300.0,11990.0,4.6,0.36,0.1,0,B,Z,BZ,9900,0.0008453790598582,1.0,⚠ РИСКОВАННЫЕ - Контролировать запасы,Средний
EEE_Pink_1004,KZDOO,Чехлы,Чехол для смартфона,7180.0,11990.0,4.6,0.36,0.1,0,A,Z,AZ,14360,0.0012262265959155,1.0,⚡ ВОПРОСЫ - Изучить нестабильность,Высокий
HHH_Black_8961,KZDOO,Чехлы,Чехол для смартфона,7180.0,11990.0,4.8,0.36,0.1,0,A,Z,AZ,21540,0.0018393398938733,1.6345871038277526,⚡ ВОПРОСЫ - Изучить нестабильность,Высокий
EEE_Green_9795,Robiton,Батарейки и аккумуляторы,Аккумуляторная батарейка,10400.0,11990.0,4.8,0.09,0.2,0,A,Z,AZ,31200,0.0026642249159168,1.6770509831248424,⚡ ВОПРОСЫ - Изучить нестабильность,Высокий
DDD_White_3845,KEEPHONE,Чехлы,Чехол для смартфона,1950.0,2990.0,5.0,0.4,0.1,0,B,Z,BZ,5850,0.0004995421717344,1.6770509831248424,⚠ РИСКОВАННЫЕ - Контролировать запасы,Средний
HHH_White_8297,KZDOO,Чехлы,Чехол для смартфона,11100.0,11990.0,4.8,0.36,0.1,0,A,Z,AZ,22200,0.0018956984978638,1.0,⚡ ВОПРОСЫ - Изучить нестабильность,Высокий
CCC_Green_4282,KZDOO,Чехлы,Чехол для смартфона,6580.0,11990.0,4.6,0.36,0.1,0,A,Z,AZ,13160,0.0011237564068418,1.0,⚡ ВОПРОСЫ - Изучить нестабильность,Высокий
GGG_Pink_3942,KZDOO,Чехлы,Чехол для смартфона,2200.0,7900.0,5.0,0.36,0.1,0,B,Z,BZ,8800,0.0007514480532073,1.352081728298996,⚠ РИСКОВАННЫЕ - Контролировать запасы,Средний
HHH_Green_6711,KZDOO,Чехлы,Чехол для смартфона,5580.0,11990.0,4.9,0.36,0.1,0,A,Z,AZ,33480,0.0028589182751568,1.0392304845413265,⚡ ВОПРОСЫ - Изучить нестабильность,Высокий
EEE_Pink_4898,Robiton,Батарейки и аккумуляторы,Батарейка,2900.0,11990.0,4.8,0.21,0.5,0,C,Z,CZ,2900,0.0002476362902614,1.0,❌ ПРОБЛЕМНЫЕ - Кандидат на исключение,Низкий
DDD_Blue_4543,Robiton,Батарейки и аккумуляторы,Батарейка,490.0,1100.0,0.0,0.01,0.1,0,C,Z,CZ,1470,0.0001255259816153,1.792842914001591,❌ ПРОБЛЕМНЫЕ - Кандидат на исключение,Низкий
EEE_Green_6861,KZDOO,Чехлы,Чехол для смартфона,11100.0,11990.0,5.0,0.36,0.1,0,A,Z,AZ,22200,0.0018956984978638,1.0,⚡ ВОПРОСЫ - Изучить нестабильность,Высокий
BBB_Blue_5153,KEEPHONE,Чехлы,Чехол для смартфона,6980.0,11990.0,0.0,0.48,0.1,0,A,Z,AZ,27920,0.0023841397324486,1.6345871038277529,⚡ ВОПРОСЫ - Изучить нестабильность,Высокий
FFF_Titanium_1822,KZDOO,Чехлы,Чехол для смартфона,11100.0,11990.0,5.0,0.36,0.1,0,A,Z,AZ,55500,0.0047392462446597,1.3490532229448733,⚡ ВОПРОСЫ - Изучить нестабильность,Высокий
EEE_Purple_4483,Robiton,Батарейки и аккумуляторы,Батарейка,1060.0,4900.0,4.9,0.06,0.1,0,C,Z,CZ,3180,0.0002715460010453,1.0,❌ ПРОБЛЕМНЫЕ - Кандидат на исключение,Низкий
GGG_Black_4469,KZDOO,Чехлы,Чехол для смартфона,3490.0,3490.0,0.0,0.36,0.1,0,A,Z,AZ,10470,0.0008940523996682,1.5874507866387544,⚡ ВОПРОСЫ - Изучить нестабильность,Высокий
HHH_Clear_8794,KZDOO,Чехлы,Чехол для смартфона,3500.0,11990.0,4.8,2.2,0.4,0,B,Z,BZ,7000,0.0005977427695967,1.0,⚠ РИСКОВАННЫЕ - Контролировать запасы,Средний
CCC_Purple_4954,KZDOO,Чехлы,Чехол для смартфона,2980.0,11990.0,4.5,0.36,0.1,0,A,Z,AZ,14900,0.0012723381809987,1.243734296383275,⚡ ВОПРОСЫ - Изучить нестабильность,Высокий
GGG_Black_5508,KZDOO,Чехлы,Чехол для смартфона,5648.0,11990.0,5.0,0.36,0.1,0,A,Z,AZ,22592,0.0019291720929612,1.0,⚡ ВОПРОСЫ - Изучить нестабильность,Высокий
AAA_Purple_3253,KZDOO,Чехлы,Чехол для смартфона,1390.0,1990.0,4.7,0.36,0.1,0,C,Z,CZ,4170,0.0003560839070311,1.0,❌ ПРОБЛЕМНЫЕ - Кандидат на исключение,Низкий
BBB_White_3471,KZDOO,Чехлы,Чехол для смартфона,2980.0,11990.0,4.5,0.36,0.1,0,C,Z,CZ,2980,0.0002544676361997,1.0,❌ ПРОБЛЕМНЫЕ - Кандидат на исключение,Низкий
HHH_Clear_3600,Renata,Батарейки и аккумуляторы,Батарейка,1000.0,1500.0,5.0,0.04,0.1,0,C,Z,CZ,1000,8.539182422810274e-05,1.0,❌ ПРОБЛЕМНЫЕ - Кандидат на исключение,Низкий
AAA_Red_6276,KZDOO,Чехлы,Чехол для смартфона,3490.0,3490.0,0.0,0.36,0.1,0,B,Z,BZ,6980,0.0005960349331121,1.0,⚠ РИСКОВАННЫЕ - Контролировать запасы,Средний
CCC_Pink_8919,REMAX,Защитные пленки и стекла,Защитное стекло,1580.0,7900.0,4.4,0.17,0.1,0,B,Z,BZ,6320,0.0005396763291216,1.5811388300841898,⚠ РИСКОВАННЫЕ - Контролировать запасы,Средний
HHH_Blue_6949,KZDOO,Чехлы,Чехол для смартфона,2700.0,11990.0,4.9,1.57,0.3,0,B,Z,BZ,8100,0.0006916737762476,1.5874507866387544,⚠ РИСКОВАННЫЕ - Контролировать запасы,Средний
BBB_Pink_3494,KZDOO,Чехлы,Чехол для смартфона,5300.0,11990.0,4.9,0.36,0.1,0,A,Z,AZ,10600,0.0009051533368178,1.0,⚡ ВОПРОСЫ - Изучить нестабильность,Высокий
GGG_Green_8168,KZDOO,Чехлы,Чехол для смартфона,3490.0,3490.0,0.0,1.32,0.3,0,C,Z,CZ,3490,0.000298017466556,1.0,❌ ПРОБЛЕМНЫЕ - Кандидат на исключение,Низкий
GGG_Blue_2602,Panasonic,Батарейки и аккумуляторы,Батарейка,250.0,900.0,0.0,0.03,0.1,0,C,Z,CZ,500,4.269591211405137e-05,1.0,❌ ПРОБЛЕМНЫЕ - Кандидат на исключение,Низкий
CCC_Clear_7128,KZDOO,Чехлы,Чехол для смартфона,3500.0,11990.0,4.2,0.36,0.1,0,A,Z,AZ,10500,0.000896614154395,1.0,⚡ ВОПРОСЫ - Изучить нестабильность,Высокий
FFF_Clear_3735,Robiton,Батарейки и аккумуляторы,Батарейка,1860.0,7900.0,4.9,0.24,0.1,0,B,Z,BZ,7440,0.000635315172257,1.902917168454791,⚠ РИСКОВАННЫЕ - Контролировать запасы,Средний
GGG_Blue_3143,KEEPHONE,Чехлы,Чехол для смартфона,3350.0,5290.0,4.6,0.38,0.1,0,B,Z,BZ,6700,0.0005721252223282,1.0,⚠ РИСКОВАННЫЕ - Контролировать запасы,Средний
HHH_Clear_1031,KZDOO,Чехлы,Чехол для смартфона,4990.0,4990.0,0.0,0.36,0.1,0,B,Z,BZ,9980,0.0008522104057964,1.0,⚠ РИСКОВАННЫЕ - Контролировать запасы,Средний
AAA_White_4614,K-DOO,Чехлы,Чехол для смартфона,7180.0,11990.0,4.7,0.36,0.1,0,B,Z,BZ,7180,0.0006131132979577,1.0,⚠ РИСКОВАННЫЕ - Контролировать запасы,Средний
EEE_Pink_4192,KEEPHONE,Чехлы,Чехол для смартфона,7580.0,11990.0,4.9,0.28,0.1,0,A,Z,AZ,15160,0.001294540055298,1.0,⚡ ВОПРОСЫ - Изучить нестабильность,Высокий
HHH_Pink_8731,Robiton,Батарейки и аккумуляторы,Батарейка,560.0,2490.0,5.0,0.01,0.1,0,C,Z,CZ,560,4.781942156773754e-05,1.0,❌ ПРОБЛЕМНЫЕ - Кандидат на исключение,Низкий
GGG_Green_6367,Нет бренда,Чехлы,Чехол для смартфона,1000.0,1900.0,5.0,0.08,0.1,0,C,Z,CZ,2000,0.0001707836484562,1.0,❌ ПРОБЛЕМНЫЕ - Кандидат на исключение,Низкий
HHH_Green_1705,REMAX,Защитные пленки и стекла,Защитное стекло,2000.0,4900.0,5.0,0.17,0.1,0,B,Z,BZ,8000,0.0006831345938248,1.307669683062202,⚠ РИСКОВАННЫЕ - Контролировать запасы,Средний
CCC_Titanium_2027,KZDOO,Чехлы,Чехол для смартфона,5500.0,11000.0,0.0,0.36,0.1,0,A,Z,AZ,16500,0.0014089650997636,1.792842914001591,⚡ ВОПРОСЫ - Изучить нестабильность,Высокий
GGG_Blue_6871,KZDOO,Чехлы,Чехол для смартфона,2490.0,2490.0,0.0,0.36,0.1,0,A,Z,AZ,12450,0.0010631282116398,1.0606601717798214,⚡ ВОПРОСЫ - Изучить нестабильность,Высокий
FFF_Titanium_8960,KZDOO,Чехлы,Чехол для смартфона,4100.0,11990.0,4.9,0.36,0.1,0,A,Z,AZ,12300,0.0010503194380056,1.0,⚡ ВОПРОСЫ - Изучить нестабильность,Высокий
DDD_Red_4608,Неизвестно,Чехлы,Неизвестно,10380.0,11990.0,0.0,0.36,0.1,0,A,Z,AZ,20760,0.0017727342709754,1.0,⚡ ВОПРОСЫ - Изучить нестабильность,Высокий
FFF_Clear_9409,KZDOO,Чехлы,Чехол для смартфона,5648.0,11990.0,4.3,0.36,0.1,0,A,Z,AZ,11296,0.0009645860464806,1.0,⚡ ВОПРОСЫ - Изучить нестабильность,Высокий
AAA_Green_7796,Неизвестно,Чехлы,Неизвестно,9180.0,11990.0,4.8,0.36,0.1,0,A,Z,AZ,27540,0.0023516908392419,1.7286645857424163,⚡ ВОПРОСЫ - Изучить нестабильность,Высокий
EEE_Black_5749,KZDOO,Чехлы,Чехол для смартфона,2980.0,11990.0,4.5,0.36,0.1,0,A,Z,AZ,11920,0.0010178705447989,1.7684739183827394,⚡ ВОПРОСЫ - Изучить нестабильность,Высокий
CCC_Blue_2528,KZDOO,Чехлы,Чехол для смартфона,2700.0,11990.0,4.6,0.36,0.1,0,A,Z,AZ,10800,0.0009222317016635,1.7286645857424163,⚡ ВОПРОСЫ - Изучить нестабильность,Высокий
DDD_Black_1495,KZDOO,Чехлы,Чехол для смартфона,5580.0,11990.0,4.9,0.36,0.1,0,B,Z,BZ,5580,0.0004764863791928,1.0,⚠ РИСКОВАННЫЕ - Контролировать запасы,Средний
HHH_Red_3860,KZDOO,Чехлы,Чехол для смартфона,6000.0,11000.0,0.0,0.36,0.1,0,A,Z,AZ,18000,0.0015370528361058,1.0,⚡ ВОПРОСЫ - Изучить нестабильность,Высокий
DDD_Blue_9263,K-DOO,Чехлы,Чехол для смартфона,5500.0,11990.0,4.8,0.36,0.1,0,A,Z,AZ,22000,0.0018786201330182,1.572622172000563,⚡ ВОПРОСЫ - Изучить нестабильность,Высокий
BBB_Red_4497,KZDOO,Чехлы,Чехол для смартфона,6050.0,11990.0,5.0,0.36,0.1,0,B,Z,BZ,6050,0.00051662053658,1.0,⚠ РИСКОВАННЫЕ - Контролировать запасы,Средний
BBB_Blue_9621,KZDOO,Чехлы,Чехол для смартфона,5500.0,11990.0,5.0,0.36,0.1,0,A,Z,AZ,11000,0.0009393100665091,1.0,⚡ ВОПРОСЫ - Изучить нестабильность,Высокий
CCC_Pink_5146,KZDOO,Чехлы,Чехол для смартфона,11000.0,11990.0,0.0,0.36,0.1,0,A,Z,AZ,22000,0.0018786201330182,1.0,⚡ ВОПРОСЫ - Изучить нестабильность,Высокий
HHH_Pink_1972,KZDOO,Чехлы,Чехол для смартфона,3590.0,4990.0,4.6,0.36,0.1,0,C,Z,CZ,3590,0.0003065566489788,1.0,❌ ПРОБЛЕМНЫЕ - Кандидат на исключение,Низкий
BBB_Black_7214,KZDOO,Чехлы,Чехол для смартфона,4980.0,11990.0,4.8,0.36,0.1,0,A,Z,AZ,14940,0.0012757538539678,1.6770509831248424,⚡ ВОПРОСЫ - Изучить нестабильность,Высокий
HHH_Purple_2646,KZDOO,Чехлы,Чехол для смартфона,5580.0,11990.0,4.9,0.36,0.1,0,B,Z,BZ,5580,0.0004764863791928,1.0,⚠ РИСКОВАННЫЕ - Контролировать запасы,Средний
EEE_Black_4149,KZDOO,Чехлы,Чехол для смартфона,5500.0,11000.0,0.0,0.36,0.1,0,B,Z,BZ,5500,0.0004696550332545,1.0,⚠ РИСКОВАННЫЕ - Контролировать запасы,Средний
AAA_White_8136,KZDOO,Чехлы,Чехол для смартфона,4990.0,4990.0,0.0,0.36,0.1,0,C,Z,CZ,4990,0.0004261052028982,1.0,❌ ПРОБЛЕМНЫЕ - Кандидат на исключение,Низкий
CCC_Red_9477,KZDOO,Чехлы,Чехол для смартфона,1550.0,2350.0,4.6,0.36,0.1,0,C,Z,CZ,3100,0.0002647146551071,1.0,❌ ПРОБЛЕМНЫЕ - Кандидат на исключение,Низкий
CCC_Titanium_2771,KEEPHONE,Чехлы,Чехол для смартфона,2990.0,3990.0,4.9,0.36,0.1,0,C,Z,CZ,2990,0.000255321554442,1.0,❌ ПРОБЛЕМНЫЕ - Кандидат на исключение,Низкий
FFF_Purple_3823,KZDOO,Чехлы,Чехол для смартфона,5778.0,11990.0,4.9,0.36,0.1,0,A,Z,AZ,11556,0.0009867879207799,1.0,⚡ ВОПРОСЫ - Изучить нестабильность,Высокий
GGG_Black_4596,KEEPHONE,Чехлы,Чехол для смартфона,3100.0,3990.0,4.9,0.28,0.1,0,A,Z,AZ,12400,0.0010588586204284,1.307669683062202,⚡ ВОПРОСЫ - Изучить нестабильность,Высокий
BBB_Titanium_5322,KZDOO,Чехлы,Чехол для смартфона,10880.0,11990.0,4.8,0.36,0.1,0,A,Z,AZ,32640,0.0027871891428052,1.7286645857424163,⚡ ВОПРОСЫ - Изучить нестабильность,Высокий
AAA_Black_1577,KZDOO,Чехлы,Чехол для смартфона,3180.0,11990.0,4.7,0.36,0.1,0,B,Z,BZ,9540,0.0008146380031361,1.673624930551426,⚠ РИСКОВАННЫЕ - Контролировать запасы,Средний
HHH_Purple_5299,REMAX,Защитные пленки и стекла,Защитное стекло,490.0,1490.0,5.0,0.17,0.1,0,C,Z,CZ,2940,0.0002510519632306,1.2533977489846402,❌ ПРОБЛЕМНЫЕ - Кандидат на исключение,Низкий
DDD_Clear_8430,Robiton,Батарейки и аккумуляторы,Аккумуляторная батарейка,4200.0,11990.0,4.9,0.02,0.1,0,A,Z,AZ,12600,0.001075936985274,1.0,⚡ ВОПРОСЫ - Изучить нестабильность,Высокий
HHH_Purple_7181,KZDOO,Чехлы,Чехол для смартфона,9180.0,11990.0,4.5,0.36,0.1,0,A,Z,AZ,18360,0.0015677938928279,1.0,⚡ ВОПРОСЫ - Изучить нестабильность,Высокий
DDD_Titanium_7638,KEEPHONE,Чехлы,Чехол для смартфона,6380.0,11990.0,4.8,0.39,0.1,0,B,Z,BZ,6380,0.0005447998385752,1.0,⚠ РИСКОВАННЫЕ - Контролировать запасы,Средний
HHH_White_3901,KZDOO,Чехлы,Чехол для смартфона,6580.0,11990.0,4.6,0.36,0.1,0,A,Z,AZ,13160,0.0011237564068418,1.0,⚡ ВОПРОСЫ - Изучить нестабильность,Высокий
AAA_Green_1858,KZDOO,Чехлы,Чехол для смартфона,2180.0,7900.0,4.9,0.36,0.1,0,B,Z,BZ,8720,0.000744616707269,1.5347536447260846,⚠ РИСКОВАННЫЕ - Контролировать запасы,Средний
BBB_Titanium_6217,KEEPHONE,Чехлы,Чехол для смартфона,5980.0,11990.0,5.0,0.28,0.1,0,A,Z,AZ,11960,0.0010212862177681,1.0,⚡ ВОПРОСЫ - Изучить нестабильность,Высокий
EEE_Red_3383,KZDOO,Чехлы,Чехол для смартфона,2980.0,11990.0,4.7,0.36,0.1,0,B,Z,BZ,5960,0.0005089352723994,1.0,⚠ РИСКОВАННЫЕ - Контролировать запасы,Средний
AAA_Titanium_8916,K-DOO,Чехлы,Чехол для наушников,4980.0,11990.0,4.9,0.27,0.1,0,B,Z,BZ,9960,0.0008505025693119,1.0,⚠ РИСКОВАННЫЕ - Контролировать запасы,Средний
CCC_Purple_9225,KZDOO,Чехлы,Чехол для смартфона,3380.0,11990.0,4.1,0.36,0.1,0,B,Z,BZ,6760,0.0005772487317819,1.0,⚠ РИСКОВАННЫЕ - Контролировать запасы,Средний
FFF_Red_1714,K-DOO,Чехлы,Чехол для смартфона,2380.0,7900.0,4.8,0.36,0.1,0,C,Z,CZ,2380,0.0002032325416628,1.0,❌ ПРОБЛЕМНЫЕ - Кандидат на исключение,Низкий
EEE_Blue_6964,KEEPHONE,Чехлы,Чехол для смартфона,5200.0,11990.0,4.9,0.28,0.1,0,A,Z,AZ,20800,0.0017761499439445,1.352081728298996,⚡ ВОПРОСЫ - Изучить нестабильность,Высокий
CCC_White_6545,KZDOO,Чехлы,Чехол для смартфона,2580.0,11990.0,4.6,0.36,0.1,0,C,Z,CZ,2580,0.0002203109065085,1.0,❌ ПРОБЛЕМНЫЕ - Кандидат на исключение,Низкий
DDD_Pink_8616,KZDOO,Чехлы,Чехол для смартфона,11100.0,11990.0,4.8,0.36,0.1,0,A,Z,AZ,44400,0.0037913969957277,1.7684739183827394,⚡ ВОПРОСЫ - Изучить нестабильность,Высокий
FFF_Green_7357,KZDOO,Чехлы,Чехол для смартфона,1490.0,2350.0,4.8,0.36,0.1,0,C,Z,CZ,1490,0.0001272338180998,1.0,❌ ПРОБЛЕМНЫЕ - Кандидат на исключение,Низкий
GGG_White_4695,KZDOO,Чехлы,Чехол для смартфона,5580.0,11990.0,4.3,0.36,0.1,0,A,Z,AZ,16740,0.0014294591375784,1.824828759089466,⚡ ВОПРОСЫ - Изучить нестабильность,Высокий
HHH_Green_4614,KZDOO,Чехлы,Чехол для смартфона,1624.0,2350.0,4.8,0.36,0.1,0,C,Z,CZ,1624,0.0001386763225464,1.0,❌ ПРОБЛЕМНЫЕ - Кандидат на исключение,Низкий
DDD_Green_2563,KEEPHONE,Чехлы,Чехол для смартфона,2990.0,3990.0,4.9,0.36,0.1,0,B,Z,BZ,8970,0.000765964663326,1.0,⚠ РИСКОВАННЫЕ - Контролировать запасы,Средний
EEE_Titanium_7354,KZDOO,Чехлы,Чехол для смартфона,3490.0,3490.0,0.0,0.36,0.1,0,C,Z,CZ,3490,0.000298017466556,1.0,❌ ПРОБЛЕМНЫЕ - Кандидат на исключение,Низкий
FFF_Blue_4443,KZDOO,Чехлы,Чехол для смартфона,2780.0,11990.0,4.6,0.36,0.1,0,B,Z,BZ,5560,0.0004747785427082,1.0,⚠ РИСКОВАННЫЕ - Контролировать запасы,Средний
AAA_Purple_8362,K-DOO,Чехлы,Чехол для смартфона,1800.0,11990.0,4.7,0.4,0.1,0,B,Z,BZ,7200,0.0006148211344423,1.4142135623730951,⚠ РИСКОВАННЫЕ - Контролировать запасы,Средний
HHH_Black_9412,KEEPHONE,Чехлы,Чехол для смартфона,3690.0,6250.0,5.0,0.6,0.1,0,A,Z,AZ,11070,0.000945287494205,1.6345871038277526,⚡ ВОПРОСЫ - Изучить нестабильность,Высокий
AAA_Pink_4756,KEEPHONE,Чехлы,Чехол для смартфона,5980.0,11990.0,4.8,0.39,0.1,0,B,Z,BZ,5980,0.000510643108884,1.0,⚠ РИСКОВАННЫЕ - Контролировать запасы,Средний
EEE_Blue_6146,KZDOO,Чехлы,Чехол для смартфона,6580.0,11990.0,4.7,0.36,0.1,0,A,Z,AZ,13160,0.0011237564068418,1.0,⚡ ВОПРОСЫ - Изучить нестабильность,Высокий
GGG_Pink_1622,KZDOO,Чехлы,Чехол для смартфона,5180.0,11990.0,0.0,0.36,0.1,0,A,Z,AZ,20720,0.0017693185980062,1.4039495646800455,⚡ ВОПРОСЫ - Изучить нестабильность,Высокий
AAA_Pink_6723,KZDOO,Чехлы,Чехол для смартфона,2500.0,11990.0,5.0,0.36,0.1,0,C,Z,CZ,5000,0.0004269591211405,1.0,❌ ПРОБЛЕМНЫЕ - Кандидат на исключение,Низкий
EEE_Purple_1729,KZDOO,Чехлы,Чехол для смартфона,5580.0,11990.0,0.0,0.36,0.1,0,A,Z,AZ,33480,0.0028589182751568,1.3867264981325038,⚡ ВОПРОСЫ - Изучить нестабильность,Высокий
FFF_Clear_9181,KZDOO,Чехлы,Чехол для смартфона,7380.0,11990.0,4.9,0.36,0.1,0,A,Z,AZ,14760,0.0012603833256067,1.0,⚡ ВОПРОСЫ - Изучить нестабильность,Высокий
GGG_Purple_1161,KZDOO,Чехлы,Чехол для смартфона,5580.0,11990.0,4.8,0.36,0.1,0,B,Z,BZ,5580,0.0004764863791928,1.0,⚠ РИСКОВАННЫЕ - Контролировать запасы,Средний
HHH_Pink_1353,KZDOO,Чехлы,Чехол для смартфона,2550.0,2550.0,0.0,0.36,0.1,0,B,Z,BZ,7650,0.0006532474553449,1.0,⚠ РИСКОВАННЫЕ - Контролировать запасы,Средний
HHH_Clear_1273,KZDOO,Чехлы,Чехол для смартфона,5396.0,5990.0,4.7,0.36,0.1,0,B,Z,BZ,5396,0.0004607742835348,1.0,⚠ РИСКОВАННЫЕ - Контролировать запасы,Средний
EEE_Titanium_2576,Raigor,Чехлы,Чехол для смартфона,5180.0,11990.0,0.0,0.36,0.1,0,A,Z,AZ,31080,0.0026539778970094,1.83950783159518,⚡ ВОПРОСЫ - Изучить нестабильность,Высокий
CCC_Green_7884,KZDOO,Чехлы,Чехол для смартфона,5648.0,11990.0,5.0,0.36,0.1,0,A,Z,AZ,16944,0.0014468790697209,1.5223337347638328,⚡ ВОПРОСЫ - Изучить нестабильность,Высокий
FFF_Titanium_9574,KZDOO,Чехлы,Чехол для смартфона,9180.0,11990.0,4.8,0.36,0.1,0,A,Z,AZ,27540,0.0023516908392419,1.0,⚡ ВОПРОСЫ - Изучить нестабильность,Высокий
GGG_Pink_5430,KZDOO,Чехлы,Чехол для смартфона,3100.0,11990.0,4.8,0.36,0.1,0,A,Z,AZ,18600,0.0015882879306427,1.3679084287289685,⚡ ВОПРОСЫ - Изучить нестабильность,Высокий
DDD_Red_7490,KEEPHONE,Чехлы,Чехол для смартфона,3490.0,5990.0,0.0,0.28,0.1,0,A,Z,AZ,17450,0.0014900873327803,0.9858465859981766,⚡ ВОПРОСЫ - Изучить нестабильность,Высокий
DDD_Clear_5170,KZDOO,Чехлы,Чехол для смартфона,4980.0,11990.0,4.4,0.36,0.1,0,C,Z,CZ,4980,0.0004252512846559,1.0,❌ ПРОБЛЕМНЫЕ - Кандидат на исключение,Низкий
CCC_Black_1285,KZDOO,Чехлы,Чехол для смартфона,3162.0,11990.0,4.7,0.36,0.1,0,C,Z,CZ,3162,0.0002700089482092,1.0,❌ ПРОБЛЕМНЫЕ - Кандидат на исключение,Низкий
CCC_White_9014,KZDOO,Чехлы,Чехол для смартфона,7828.0,11990.0,4.6,0.36,0.1,0,B,Z,BZ,7828,0.0006684472000575,1.0,⚠ РИСКОВАННЫЕ - Контролировать запасы,Средний
HHH_Titanium_2358,K-DOO,Чехлы,Чехол для смартфона,1600.0,11990.0,4.8,0.36,0.1,0,C,Z,CZ,4800,0.0004098807562948,1.6345871038277526,❌ ПРОБЛЕМНЫЕ - Кандидат на исключение,Низкий
AAA_White_5001,KZDOO,Чехлы,Чехол для смартфона,3500.0,11990.0,4.2,0.36,0.1,0,B,Z,BZ,7000,0.0005977427695967,1.0,⚠ РИСКОВАННЫЕ - Контролировать запасы,Средний
BBB_Blue_5229,KZDOO,Чехлы,Чехол для смартфона,5980.0,11990.0,4.7,0.36,0.1,0,B,Z,BZ,5980,0.000510643108884,1.0,⚠ РИСКОВАННЫЕ - Контролировать запасы,Средний
HHH_Purple_9148,KZDOO,Чехлы,Чехол для смартфона,11100.0,11990.0,5.0,0.36,0.1,0,A,Z,AZ,33300,0.0028435477467958,1.518481189862733,⚡ ВОПРОСЫ - Изучить нестабильность,Высокий
DDD_Blue_3072,KZDOO,Чехлы,Чехол для смартфона,11100.0,11990.0,4.8,0.36,0.1,0,A,Z,AZ,22200,0.0018956984978638,1.0,⚡ ВОПРОСЫ - Изучить нестабильность,Высокий
DDD_Titanium_3655,KZDOO,Чехлы,Чехол для смартфона,4990.0,4990.0,0.0,0.36,0.1,0,A,Z,AZ,14970,0.0012783156086946,1.5811388300841898,⚡ ВОПРОСЫ - Изучить нестабильность,Высокий
AAA_Purple_1560,KEEPHONE,Чехлы,Чехол для смартфона,6190.0,8990.0,4.8,0.41,0.1,0,A,Z,AZ,12380,0.0010571507839439,1.0,⚡ ВОПРОСЫ - Изучить нестабильность,Высокий
DDD_Blue_3042,KZDOO,Чехлы,Чехол для смартфона,7300.0,11990.0,5.0,0.36,0.1,0,A,Z,AZ,36500,0.0031168015843257,1.8493242008906927,⚡ ВОПРОСЫ - Изучить нестабильность,Высокий
EEE_Black_2069,KEEPHONE,Чехлы,Чехол для смартфона,6590.0,9990.0,5.0,0.41,0.1,0,A,Z,AZ,13180,0.0011254642433263,1.0,⚡ ВОПРОСЫ - Изучить нестабильность,Высокий
BBB_Titanium_4146,KZDOO,Чехлы,Чехол для смартфона,4990.0,4990.0,0.0,0.36,0.1,0,B,Z,BZ,9980,0.0008522104057964,1.0,⚠ РИСКОВАННЫЕ - Контролировать запасы,Средний
EEE_Clear_5090,KZDOO,Чехлы,Чехол для смартфона,4990.0,4990.0,0.0,0.36,0.1,0,B,Z,BZ,9980,0.0008522104057964,1.0,⚠ РИСКОВАННЫЕ - Контролировать запасы,Средний
GGG_Titanium_7570,KZDOO,Чехлы,Чехол для смартфона,2980.0,11990.0,4.7,0.36,0.1,0,B,Z,BZ,8940,0.0007634029085992,1.0,⚠ РИСКОВАННЫЕ - Контролировать запасы,Средний
BBB_Pink_8845,KZDOO,Чехлы,Чехол для смартфона,5300.0,11990.0,4.9,0.36,0.1,0,A,Z,AZ,10600,0.0009051533368178,1.0,⚡ ВОПРОСЫ - Изучить нестабильность,Высокий
AAA_Clear_1693,KZDOO,Чехлы,Чехол для смартфона,11100.0,11990.0,5.0,0.36,0.1,0,A,Z,AZ,33300,0.0028435477467958,1.6345871038277526,⚡ ВОПРОСЫ - Изучить нестабильность,Высокий
AAA_White_5168,KZDOO,Чехлы,Чехол для смартфона,11990.0,11990.0,5.0,0.36,0.1,0,A,Z,AZ,47960,0.0040953918899798,1.6770509831248424,⚡ ВОПРОСЫ - Изучить нестабильность,Высокий
FFF_Titanium_6126,K-DOO,Чехлы,Чехол для смартфона,5200.0,7900.0,4.8,0.36,0.1,0,A,Z,AZ,10400,0.0008880749719722,1.0,⚡ ВОПРОСЫ - Изучить нестабильность,Высокий
FFF_White_2222,KEEPHONE,Чехлы,Чехол для смартфона,6100.0,11990.0,4.8,0.41,0.1,0,A,Z,AZ,18300,0.0015626703833742,1.6770509831248424,⚡ ВОПРОСЫ - Изучить нестабильность,Высокий
CCC_White_6356,KZDOO,Чехлы,Чехол для смартфона,4700.0,11990.0,5.0,0.65,0.1,0,B,Z,BZ,9400,0.0008026831477441,1.0,⚠ РИСКОВАННЫЕ - Контролировать запасы,Средний
HHH_Clear_2518,KZDOO,Чехлы,Чехол для смартфона,7300.0,11990.0,5.0,0.36,0.1,0,A,Z,AZ,29200,0.0024934412674606,1.2792042981336624,⚡ ВОПРОСЫ - Изучить нестабильность,Высокий
DDD_Black_9724,K-DOO,Чехлы,Чехол для смартфона,2580.0,11990.0,4.8,0.36,0.1,0,A,Z,AZ,10320,0.000881243626034,1.5,⚡ ВОПРОСЫ - Изучить нестабильность,Высокий
GGG_Blue_9644,KZDOO,Чехлы,Чехол для смартфона,8200.0,11990.0,4.9,0.36,0.1,0,A,Z,AZ,32800,0.0028008518346817,1.2533977489846402,⚡ ВОПРОСЫ - Изучить нестабильность,Высокий
EEE_Blue_1505,Нет бренда,Чехлы,Чехол для смартфона,2000.0,7900.0,5.0,0.08,0.1,0,B,Z,BZ,6000,0.0005123509453686,1.673624930551426,⚠ РИСКОВАННЫЕ - Контролировать запасы,Средний
CCC_White_6006,KZDOO,Чехлы,Чехол для смартфона,5124.0,11990.0,4.0,0.36,0.1,0,B,Z,BZ,10248,0.0008750954146895,1.0,⚠ РИСКОВАННЫЕ - Контролировать запасы,Средний
BBB_Purple_8946,Неизвестно,Чехлы,Неизвестно,9100.0,11990.0,4.7,0.36,0.1,0,B,Z,BZ,9100,0.0007770656004757,1.0,⚠ РИСКОВАННЫЕ - Контролировать запасы,Средний
HHH_Black_4225,Robiton,Батарейки и аккумуляторы,Батарейка,940.0,2900.0,5.0,0.03,0.1,0,C,Z,CZ,2820,0.0002408049443232,1.5811388300841898,❌ ПРОБЛЕМНЫЕ - Кандидат на исключение,Низкий
FFF_Clear_1236,KZDOO,Чехлы,Чехол для смартфона,3100.0,11990.0,4.9,0.36,0.1,0,B,Z,BZ,9300,0.0007941439653213,1.5223337347638328,⚠ РИСКОВАННЫЕ - Контролировать запасы,Средний
BBB_Clear_3805,KZDOO,Чехлы,Чехол для смартфона,3490.0,3490.0,0.0,0.36,0.1,0,C,Z,CZ,3490,0.000298017466556,1.0,❌ ПРОБЛЕМНЫЕ - Кандидат на исключение,Низкий
EEE_Blue_3320,Robiton,Батарейки и аккумуляторы,Аккумуляторная батарейка,3780.0,11990.0,4.2,0.31,0.1,0,A,Z,AZ,11340,0.0009683432867466,1.518481189862733,⚡ ВОПРОСЫ - Изучить нестабильность,Высокий
GGG_Titanium_1488,KZDOO,Чехлы,Чехол для смартфона,3500.0,11990.0,4.8,2.2,0.4,0,B,Z,BZ,7000,0.0005977427695967,1.0,⚠ РИСКОВАННЫЕ - Контролировать запасы,Средний
FFF_Pink_8619,KZDOO,Чехлы,Чехол для смартфона,5580.0,11990.0,4.8,0.36,0.1,0,B,Z,BZ,5580,0.0004764863791928,1.0,⚠ РИСКОВАННЫЕ - Контролировать запасы,Средний
GGG_Blue_2162,KZDOO,Чехлы,Чехол для смартфона,5580.0,11990.0,4.8,0.36,0.1,0,A,Z,AZ,11160,0.0009529727583856,1.0,⚡ ВОПРОСЫ - Изучить нестабильность,Высокий
BBB_Purple_1482,KZDOO,Чехлы,Чехол для смартфона,5580.0,11990.0,4.9,0.36,0.1,0,A,Z,AZ,27900,0.002382431895964,1.1858541225631425,⚡ ВОПРОСЫ - Изучить нестабильность,Высокий
EEE_Blue_8087,KZDOO,Чехлы,Чехол для смартфона,5990.0,11990.0,4.8,0.36,0.1,0,B,Z,BZ,5990,0.0005114970271263,1.0,⚠ РИСКОВАННЫЕ - Контролировать запасы,Средний
GGG_Pink_2020,K-DOO,Чехлы,Чехол для смартфона,5380.0,11990.0,4.6,0.36,0.1,0,A,Z,AZ,10760,0.0009188160286943,1.0,⚡ ВОПРОСЫ - Изучить нестабильность,Высокий
AAA_Pink_6484,KZDOO,Чехлы,Чехол для смартфона,11990.0,11990.0,5.0,0.36,0.1,0,A,Z,AZ,11990,0.0010238479724949,1.0,⚡ ВОПРОСЫ - Изучить нестабильность,Высокий
HHH_Blue_9425,KEEPHONE,Чехлы,Чехол для смартфона,2490.0,2990.0,0.0,0.27,0.1,0,B,Z,BZ,7470,0.0006378769269839,1.0,⚠ РИСКОВАННЫЕ - Контролировать запасы,Средний
CCC_Green_3802,KZDOO,Чехлы,Чехол для смартфона,2590.0,3790.0,5.0,0.36,0.1,0,A,Z,AZ,10360,0.0008846592990031,1.307669683062202,⚡ ВОПРОСЫ - Изучить нестабильность,Высокий
AAA_White_9755,KEEPHONE,Чехлы,Чехол для смартфона,5990.0,11990.0,4.8,0.41,0.1,0,A,Z,AZ,11980,0.0010229940542526,1.0,⚡ ВОПРОСЫ - Изучить нестабильность,Высокий
EEE_Green_1339,KZDOO,Чехлы,Чехол для смартфона,11100.0,11990.0,5.0,0.36,0.1,0,A,Z,AZ,11100,0.0009478492489319,1.0,⚡ ВОПРОСЫ - Изучить нестабильность,Высокий
CCC_Black_1999,REMAX,Защитные пленки и стекла,Защитное стекло,1120.0,4900.0,0.0,0.17,0.1,0,C,Z,CZ,3360,0.0002869165294064,1.5452362609131385,❌ ПРОБЛЕМНЫЕ - Кандидат на исключение,Низкий
CCC_Black_2080,KZDOO,Чехлы,Чехол для смартфона,5500.0,11990.0,5.0,0.36,0.1,0,A,Z,AZ,16500,0.0014089650997636,1.792842914001591,⚡ ВОПРОСЫ - Изучить нестабильность,Высокий
GGG_White_4936,Robiton,Батарейки и аккумуляторы,Батарейка,1080.0,4900.0,4.8,0.02,0.1,0,C,Z,CZ,2160,0.0001844463403327,1.0,❌ ПРОБЛЕМНЫЕ - Кандидат на исключение,Низкий
GGG_Titanium_9467,KEEPHONE,Чехлы,Чехол для смартфона,6980.0,11990.0,0.0,0.48,0.1,0,A,Z,AZ,20940,0.0017881047993364,1.0,⚡ ВОПРОСЫ - Изучить нестабильность,Высокий
BBB_Green_3184,KZDOO,Чехлы,Чехол для смартфона,1450.0,2090.0,4.7,0.36,0.1,0,C,Z,CZ,4350,0.0003714544353922,1.0,❌ ПРОБЛЕМНЫЕ - Кандидат на исключение,Низкий
AAA_White_9065,KZDOO,Чехлы,Чехол для смартфона,4990.0,4990.0,0.0,0.36,0.1,0,A,Z,AZ,19960,0.0017044208115929,2.0194368026754392,⚡ ВОПРОСЫ - Изучить нестабильность,Высокий
BBB_White_7079,KZDOO,Чехлы,Чехол для смартфона,4990.0,4990.0,0.0,0.36,0.1,0,A,Z,AZ,14970,0.0012783156086946,1.5452362609131385,⚡ ВОПРОСЫ - Изучить нестабильность,Высокий
FFF_White_8621,KZDOO,Чехлы,Чехол для смартфона,11100.0,11990.0,4.8,0.36,0.1,0,A,Z,AZ,44400,0.0037913969957277,1.7248787237282068,⚡ ВОПРОСЫ - Изучить нестабильность,Высокий
HHH_Black_7583,KZDOO,Чехлы,Чехол для смартфона,5300.0,11990.0,4.9,2.1,0.4,0,A,Z,AZ,15900,0.0013577300052268,1.792842914001591,⚡ ВОПРОСЫ - Изучить нестабильность,Высокий
GGG_Clear_7869,KZDOO,Чехлы,Чехол для смартфона,11000.0,11990.0,5.0,0.36,0.1,0,A,Z,AZ,22000,0.0018786201330182,1.0,⚡ ВОПРОСЫ - Изучить нестабильность,Высокий
CCC_Blue_3895,KZDOO,Чехлы,Чехол для смартфона,9180.0,11990.0,4.8,0.36,0.1,0,A,Z,AZ,36720,0.0031355877856559,1.4051653980647143,⚡ ВОПРОСЫ - Изучить нестабильность,Высокий
BBB_Pink_6893,KZDOO,Чехлы,Чехол для смартфона,4980.0,11990.0,4.8,1.32,0.3,0,B,Z,BZ,9960,0.0008505025693119,1.0,⚠ РИСКОВАННЫЕ - Контролировать запасы,Средний
EEE_White_1885,REMAX,Защитные пленки и стекла,Защитное стекло,1580.0,7900.0,5.0,0.17,0.1,0,C,Z,CZ,1580,0.0001349190822804,1.0,❌ ПРОБЛЕМНЫЕ - Кандидат на исключение,Низкий
GGG_Red_8772,KZDOO,Чехлы,Чехол для смартфона,2980.0,11990.0,4.7,0.36,0.1,0,B,Z,BZ,5960,0.0005089352723994,1.0,⚠ РИСКОВАННЫЕ - Контролировать запасы,Средний
AAA_Pink_2206,Panasonic,Батарейки и аккумуляторы,Батарейка,420.0,990.0,0.0,0.01,0.1,0,C,Z,CZ,420,3.586456617580315e-05,1.0,❌ ПРОБЛЕМНЫЕ - Кандидат на исключение,Низкий
HHH_Blue_6459,KZDOO,Чехлы,Чехол для смартфона,5980.0,11990.0,4.7,0.36,0.1,0,B,Z,BZ,5980,0.000510643108884,1.0,⚠ РИСКОВАННЫЕ - Контролировать запасы,Средний
HHH_Titanium_2732,KZDOO,Чехлы,Чехол для смартфона,1690.0,2990.0,5.0,0.36,0.1,0,C,Z,CZ,3380,0.0002886243658909,1.0,❌ ПРОБЛЕМНЫЕ - Кандидат на исключение,Низкий
HHH_White_1327,Varta,Батарейки и аккумуляторы,Батарейка,700.0,2900.0,4.8,0.04,0.1,0,C,Z,CZ,700,5.977427695967192e-05,1.0,❌ ПРОБЛЕМНЫЕ - Кандидат на исключение,Низкий
GGG_Purple_2856,KZDOO,Чехлы,Чехол для смартфона,5648.0,11990.0,5.0,0.36,0.1,0,A,Z,AZ,16944,0.0014468790697209,1.6345871038277526,⚡ ВОПРОСЫ - Изучить нестабильность,Высокий
FFF_Titanium_8810,KZDOO,Чехлы,Чехол для смартфона,4000.0,11990.0,5.0,0.36,0.1,0,C,Z,CZ,4000,0.0003415672969124,1.0,❌ ПРОБЛЕМНЫЕ - Кандидат на исключение,Низкий
BBB_Clear_9485,KEEPHONE,Чехлы,Чехол для смартфона,6780.0,11990.0,4.9,0.38,0.1,0,A,Z,AZ,13560,0.001157913136533,1.0,⚡ ВОПРОСЫ - Изучить нестабильность,Высокий
CCC_Titanium_7564,Неизвестно,Чехлы,Неизвестно,10200.0,11990.0,4.8,0.36,0.1,0,A,Z,AZ,30600,0.0026129898213799,1.0,⚡ ВОПРОСЫ - Изучить нестабильность,Высокий
DDD_Pink_2219,KEEPHONE,Чехлы,Чехол для смартфона,2600.0,3990.0,4.9,0.28,0.1,0,C,Z,CZ,5200,0.0004440374859861,1.0,❌ ПРОБЛЕМНЫЕ - Кандидат на исключение,Низкий
BBB_Red_5304,KZDOO,Чехлы,Чехол для смартфона,11000.0,11990.0,5.0,0.36,0.1,0,A,Z,AZ,11000,0.0009393100665091,1.0,⚡ ВОПРОСЫ - Изучить нестабильность,Высокий
FFF_Green_5405,KZDOO,Чехлы,Чехол для смартфона,1550.0,3000.0,4.6,0.36,0.1,0,C,Z,CZ,3100,0.0002647146551071,1.0,❌ ПРОБЛЕМНЫЕ - Кандидат на исключение,Низкий
EEE_Purple_6829,KZDOO,Чехлы,Чехол для смартфона,2980.0,11990.0,4.7,0.36,0.1,0,B,Z,BZ,8940,0.0007634029085992,1.824828759089466,⚠ РИСКОВАННЫЕ - Контролировать запасы,Средний
BBB_White_6972,KZDOO,Чехлы,Чехол для смартфона,2980.0,11990.0,4.5,0.36,0.1,0,B,Z,BZ,5960,0.0005089352723994,1.0,⚠ РИСКОВАННЫЕ - Контролировать запасы,Средний
DDD_Pink_5595,KEEPHONE,Чехлы,Чехол для смартфона,5980.0,11990.0,4.9,0.28,0.1,0,A,Z,AZ,11960,0.0010212862177681,1.0,⚡ ВОПРОСЫ - Изучить нестабильность,Высокий
EEE_Red_4358,KZDOO,Чехлы,Чехол для смартфона,7180.0,11990.0,4.6,0.36,0.1,0,A,Z,AZ,21540,0.0018393398938733,1.984313483298443,⚡ ВОПРОСЫ - Изучить нестабильность,Высокий
AAA_Black_2294,KZDOO,Чехлы,Чехол для смартфона,2650.0,3790.0,5.0,0.36,0.1,0,C,Z,CZ,2650,0.0002262883342044,1.0,❌ ПРОБЛЕМНЫЕ - Кандидат на исключение,Низкий
DDD_Black_1564,REMAX,Защитные пленки и стекла,Защитное стекло,1380.0,4900.0,4.9,0.17,0.1,0,C,Z,CZ,4140,0.0003535221523043,1.824828759089466,❌ ПРОБЛЕМНЫЕ - Кандидат на исключение,Низкий
EEE_Black_2399,KZDOO,Чехлы,Чехол для смартфона,3380.0,11990.0,4.7,0.36,0.1,0,C,Z,CZ,3380,0.0002886243658909,1.0,❌ ПРОБЛЕМНЫЕ - Кандидат на исключение,Низкий
BBB_Blue_6933,KZDOO,Чехлы,Чехол для смартфона,5980.0,11990.0,4.7,0.36,0.1,0,A,Z,AZ,11960,0.0010212862177681,1.0,⚡ ВОПРОСЫ - Изучить нестабильность,Высокий
HHH_Green_2539,KZDOO,Чехлы,Чехол для смартфона,5180.0,11990.0,5.0,0.36,0.1,0,C,Z,CZ,5180,0.0004423296495015,1.0,❌ ПРОБЛЕМНЫЕ - Кандидат на исключение,Низкий
BBB_Pink_7897,KZDOO,Чехлы,Чехол для смартфона,2980.0,11990.0,4.8,0.36,0.1,0,A,Z,AZ,14900,0.0012723381809987,1.7248787237282068,⚡ ВОПРОСЫ - Изучить нестабильность,Высокий
BBB_Clear_1364,KZDOO,Чехлы,Чехол для смартфона,6000.0,11000.0,0.0,0.36,0.1,0,B,Z,BZ,6000,0.0005123509453686,1.0,⚠ РИСКОВАННЫЕ - Контролировать запасы,Средний
GGG_Black_8879,KZDOO,Чехлы,Чехол для смартфона,5580.0,11990.0,4.9,0.36,0.1,0,A,Z,AZ,11160,0.0009529727583856,1.0,⚡ ВОПРОСЫ - Изучить нестабильность,Высокий
EEE_Purple_1098,KZDOO,Чехлы,Чехол для смартфона,3380.0,11990.0,5.0,0.54,0.1,0,A,Z,AZ,13520,0.0011544974635639,1.909090909090909,⚡ ВОПРОСЫ - Изучить нестабильность,Высокий
GGG_Blue_9642,KEEPHONE,Чехлы,Чехол для смартфона,2890.0,11990.0,4.8,0.28,0.1,0,C,Z,CZ,2890,0.0002467823720192,1.0,❌ ПРОБЛЕМНЫЕ - Кандидат на исключение,Низкий
HHH_Titanium_8232,KZDOO,Чехлы,Чехол для смартфона,9980.0,11990.0,4.7,0.4,0.1,0,B,Z,BZ,9980,0.0008522104057964,1.0,⚠ РИСКОВАННЫЕ - Контролировать запасы,Средний
EEE_Clear_8006,KZDOO,Чехлы,Чехол для смартфона,5866.0,11990.0,4.9,0.36,0.1,0,A,Z,AZ,11732,0.0010018168818441,1.0,⚡ ВОПРОСЫ - Изучить нестабильность,Высокий
HHH_White_4628,KEEPHONE,Чехлы,Чехол для смартфона,3500.0,5290.0,4.8,0.38,0.1,0,B,Z,BZ,7000,0.0005977427695967,1.0,⚠ РИСКОВАННЫЕ - Контролировать запасы,Средний
GGG_Purple_5348,KZDOO,Чехлы,Чехол для смартфона,9180.0,11990.0,4.8,0.36,0.1,0,B,Z,BZ,9180,0.0007838969464139,1.0,⚠ РИСКОВАННЫЕ - Контролировать запасы,Средний
HHH_Red_5000,REMAX,Защитные пленки и стекла,Защитное стекло,1000.0,4900.0,5.0,0.17,0.1,0,C,Z,CZ,2000,0.0001707836484562,1.0,❌ ПРОБЛЕМНЫЕ - Кандидат на исключение,Низкий
DDD_Green_9674,KZDOO,Чехлы,Чехол для смартфона,9980.0,11990.0,5.0,0.36,0.1,0,A,Z,AZ,19960,0.0017044208115929,1.0,⚡ ВОПРОСЫ - Изучить нестабильность,Высокий
CCC_Blue_6920,KEEPHONE,Чехлы,Чехол для смартфона,7580.0,11990.0,5.0,0.28,0.1,0,B,Z,BZ,7580,0.000647270027649,1.0,⚠ РИСКОВАННЫЕ - Контролировать запасы,Средний
CCC_White_2543,KEEPHONE,Чехлы,Чехол для смартфона,4780.0,11990.0,5.0,0.39,0.1,0,A,Z,AZ,23900,0.0020408645990516,1.4731321540158122,⚡ ВОПРОСЫ - Изучить нестабильность,Высокий
BBB_Clear_6703,KZDOO,Чехлы,Чехол для смартфона,7180.0,11990.0,4.6,0.36,0.1,0,A,Z,AZ,28720,0.0024524531918311,1.2533977489846402,⚡ ВОПРОСЫ - Изучить нестабильность,Высокий
AAA_Black_7840,KEEPHONE,Чехлы,Чехол для смартфона,4780.0,11990.0,5.0,0.41,0.1,0,B,Z,BZ,9560,0.0008163458396206,1.0,⚠ РИСКОВАННЫЕ - Контролировать запасы,Средний
CCC_Blue_4419,K-DOO,Чехлы,Чехол для смартфона,1600.0,7900.0,4.9,0.4,0.1,0,B,Z,BZ,6400,0.0005465076750598,1.909090909090909,⚠ РИСКОВАННЫЕ - Контролировать запасы,Средний
FFF_Clear_7965,Нет бренда,Кабели и переходники,Кабель-переходник,690.0,0.0,0.0,0.32,0.1,0,C,Z,CZ,2070,0.0001767610761521,1.0,❌ ПРОБЛЕМНЫЕ - Кандидат на исключение,Низкий
HHH_Blue_4428,KZDOO,Чехлы,Чехол для смартфона,5990.0,11990.0,4.9,0.36,0.1,0,A,Z,AZ,29950,0.0025574851356316,1.0220777158038703,⚡ ВОПРОСЫ - Изучить нестабильность,Высокий
CCC_Purple_7445,KZDOO,Чехлы,Чехол для смартфона,2780.0,11990.0,4.6,0.36,0.1,0,A,Z,AZ,13900,0.0011869463567706,1.3456042834258386,⚡ ВОПРОСЫ - Изучить нестабильность,Высокий
FFF_Clear_6174,KZDOO,Чехлы,Чехол для смартфона,5778.0,11990.0,4.9,0.36,0.1,0,B,Z,BZ,5778,0.0004933939603899,1.0,⚠ РИСКОВАННЫЕ - Контролировать запасы,Средний
EEE_White_7899,KZDOO,Чехлы,Чехол для смартфона,5580.0,11990.0,0.0,0.36,0.1,0,B,Z,BZ,5580,0.0004764863791928,1.0,⚠ РИСКОВАННЫЕ - Контролировать запасы,Средний
GGG_Pink_4591,KZDOO,Чехлы,Чехол для смартфона,5980.0,11990.0,4.7,1.47,0.3,0,A,Z,AZ,23920,0.0020425724355362,1.7346111205814894,⚡ ВОПРОСЫ - Изучить нестабильность,Высокий
FFF_Purple_7592,KZDOO,Чехлы,Чехол для смартфона,5500.0,11990.0,5.0,0.36,0.1,0,B,Z,BZ,5500,0.0004696550332545,1.0,⚠ РИСКОВАННЫЕ - Контролировать запасы,Средний
EEE_Green_5799,KZDOO,Чехлы,Чехол для смартфона,2700.0,11990.0,4.9,0.36,0.1,0,C,Z,CZ,2700,0.0002305579254158,1.0,❌ ПРОБЛЕМНЫЕ - Кандидат на исключение,Низкий
AAA_Black_1398,K-DOO,Чехлы,Чехол для смартфона,2580.0,11990.0,4.8,0.36,0.1,0,C,Z,CZ,5160,0.000440621813017,1.0,❌ ПРОБЛЕМНЫЕ - Кандидат на исключение,Низкий
GGG_Pink_4187,KZDOO,Чехлы,Чехол для смартфона,5300.0,11990.0,4.9,0.36,0.1,0,B,Z,BZ,5300,0.0004525766684089,1.0,⚠ РИСКОВАННЫЕ - Контролировать запасы,Средний
AAA_Titanium_6208,Robiton,Батарейки и аккумуляторы,Аккумуляторная батарейка,2100.0,7900.0,4.8,0.03,0.1,0,C,Z,CZ,2100,0.000179322830879,1.0,❌ ПРОБЛЕМНЫЕ - Кандидат на исключение,Низкий
GGG_Pink_5778,KEEPHONE,Чехлы,Чехол для смартфона,7000.0,11990.0,4.9,0.38,0.1,0,A,Z,AZ,21000,0.0017932283087901,1.0,⚡ ВОПРОСЫ - Изучить нестабильность,Высокий
HHH_White_4631,KZDOO,Чехлы,Чехол для смартфона,9180.0,11990.0,4.5,0.36,0.1,0,A,Z,AZ,27540,0.0023516908392419,1.824828759089466,⚡ ВОПРОСЫ - Изучить нестабильность,Высокий
CCC_Green_5342,KEEPHONE,Чехлы,Чехол для смартфона,11990.0,11990.0,4.9,0.41,0.1,0,A,Z,AZ,11990,0.0010238479724949,1.0,⚡ ВОПРОСЫ - Изучить нестабильность,Высокий
AAA_Red_8375,KZDOO,Чехлы,Чехол для смартфона,3100.0,11990.0,4.8,0.36,0.1,0,C,Z,CZ,3100,0.0002647146551071,1.0,❌ ПРОБЛЕМНЫЕ - Кандидат на исключение,Низкий
CCC_Clear_8930,Renata,Батарейки и аккумуляторы,Батарейка,1080.0,4900.0,4.9,0.04,0.1,0,C,Z,CZ,4320,0.0003688926806654,1.5223337347638328,❌ ПРОБЛЕМНЫЕ - Кандидат на исключение,Низкий
GGG_White_4316,KZDOO,Чехлы,Чехол для смартфона,3490.0,3490.0,0.0,0.36,0.1,0,B,Z,BZ,6980,0.0005960349331121,1.0,⚠ РИСКОВАННЫЕ - Контролировать запасы,Средний
EEE_Titanium_6804,KZDOO,Чехлы,Чехол для смартфона,5980.0,11990.0,4.7,0.36,0.1,0,B,Z,BZ,5980,0.000510643108884,1.0,⚠ РИСКОВАННЫЕ - Контролировать запасы,Средний
GGG_Green_8385,REMAX,Защитные пленки и стекла,Защитное стекло,1260.0,4900.0,5.0,0.17,0.1,0,B,Z,BZ,6300,0.000537968492637,1.2278029157808674,⚠ РИСКОВАННЫЕ - Контролировать запасы,Средний
AAA_Purple_2792,Robiton,Батарейки и аккумуляторы,Аккумуляторная батарейка,5800.0,11990.0,4.8,0.1,0.1,0,B,Z,BZ,5800,0.0004952725805229,1.0,⚠ РИСКОВАННЫЕ - Контролировать запасы,Средний
EEE_White_4091,KEEPHONE,Чехлы,Чехол для смартфона,6780.0,11990.0,4.9,0.38,0.1,0,B,Z,BZ,6780,0.0005789565682665,1.0,⚠ РИСКОВАННЫЕ - Контролировать запасы,Средний
FFF_Purple_2971,KZDOO,Чехлы,Чехол для смартфона,3980.0,11990.0,4.7,0.36,0.1,0,C,Z,CZ,3980,0.0003398594604278,1.0,❌ ПРОБЛЕМНЫЕ - Кандидат на исключение,Низкий
EEE_Black_2674,Panasonic,Батарейки и аккумуляторы,Батарейка,150.0,500.0,0.0,0.22,0.1,0,C,Z,CZ,300,2.561754726843082e-05,1.0,❌ ПРОБЛЕМНЫЕ - Кандидат на исключение,Низкий
AAA_Blue_9137,KZDOO,Чехлы,Чехол для смартфона,11000.0,11990.0,5.0,0.36,0.1,0,A,Z,AZ,22000,0.0018786201330182,1.0,⚡ ВОПРОСЫ - Изучить нестабильность,Высокий
EEE_Titanium_3814,KZDOO,Чехлы,Чехол для смартфона,7180.0,11990.0,4.6,0.36,0.1,0,A,Z,AZ,14360,0.0012262265959155,1.0,⚡ ВОПРОСЫ - Изучить нестабильность,Высокий
HHH_Blue_8671,KZDOO,Чехлы,Чехол для смартфона,5500.0,11000.0,0.0,0.36,0.1,0,A,Z,AZ,27500,0.0023482751662728,1.0,⚡ ВОПРОСЫ - Изучить нестабильность,Высокий
AAA_Pink_5172,KZDOO,Чехлы,Чехол для смартфона,11100.0,11990.0,4.8,0.36,0.1,0,A,Z,AZ,11100,0.0009478492489319,1.0,⚡ ВОПРОСЫ - Изучить нестабильность,Высокий
GGG_Purple_4253,KZDOO,Чехлы,Чехол для смартфона,4400.0,11990.0,4.7,0.36,0.1,0,C,Z,CZ,4400,0.0003757240266036,1.0,❌ ПРОБЛЕМНЫЕ - Кандидат на исключение,Низкий
FFF_Clear_8370,KEEPHONE,Чехлы,Чехол для смартфона,2650.0,3490.0,4.9,0.48,0.1,0,C,Z,CZ,5300,0.0004525766684089,1.0,❌ ПРОБЛЕМНЫЕ - Кандидат на исключение,Низкий
AAA_Clear_9962,Varta,Батарейки и аккумуляторы,Батарейка,1200.0,4900.0,4.8,0.04,0.1,0,C,Z,CZ,2400,0.0002049403781474,1.0,❌ ПРОБЛЕМНЫЕ - Кандидат на исключение,Низкий
GGG_Black_9644,KZDOO,Чехлы,Чехол для смартфона,5980.0,11990.0,5.0,0.36,0.1,0,B,Z,BZ,5980,0.000510643108884,1.0,⚠ РИСКОВАННЫЕ - Контролировать запасы,Средний
AAA_Purple_3038,KZDOO,Чехлы,Чехол для смартфона,5180.0,11990.0,5.0,0.36,0.1,0,A,Z,AZ,20720,0.0017693185980062,1.8027756377319943,⚡ ВОПРОСЫ - Изучить нестабильность,Высокий
EEE_Pink_2728,KZDOO,Чехлы,Чехол для смартфона,3490.0,3490.0,0.0,0.36,0.1,0,A,Z,AZ,10470,0.0008940523996682,1.7320508075688772,⚡ ВОПРОСЫ - Изучить нестабильность,Высокий
EEE_Green_7826,KZDOO,Чехлы,Чехол для смартфона,3490.0,3490.0,0.0,0.36,0.1,0,C,Z,CZ,3490,0.000298017466556,1.0,❌ ПРОБЛЕМНЫЕ - Кандидат на исключение,Низкий
EEE_Purple_8672,KZDOO,Чехлы,Чехол для смартфона,11000.0,11990.0,5.0,0.36,0.1,0,A,Z,AZ,22000,0.0018786201330182,1.0,⚡ ВОПРОСЫ - Изучить нестабильность,Высокий
EEE_Green_4071,KZDOO,Чехлы,Чехол для смартфона,4990.0,4990.0,0.0,0.36,0.1,0,C,Z,CZ,4990,0.0004261052028982,1.0,❌ ПРОБЛЕМНЫЕ - Кандидат на исключение,Низкий
AAA_White_5701,KEEPHONE,Чехлы,Чехол для смартфона,2950.0,3990.0,5.0,0.39,0.1,0,A,Z,AZ,11800,0.0010076235258916,1.307669683062202,⚡ ВОПРОСЫ - Изучить нестабильность,Высокий
HHH_Clear_5678,KZDOO,Чехлы,Чехол для смартфона,2780.0,11990.0,4.7,0.36,0.1,0,C,Z,CZ,2780,0.0002373892713541,1.0,❌ ПРОБЛЕМНЫЕ - Кандидат на исключение,Низкий
CCC_Blue_5856,K-DOO,Чехлы,Чехол для смартфона,1800.0,11990.0,4.8,1.22,0.2,0,C,Z,CZ,1800,0.0001537052836105,1.0,❌ ПРОБЛЕМНЫЕ - Кандидат на исключение,Низкий
CCC_Blue_5038,KEEPHONE,Чехлы,Чехол для смартфона,3450.0,5090.0,5.0,0.38,0.1,0,B,Z,BZ,6900,0.0005892035871739,1.0,⚠ РИСКОВАННЫЕ - Контролировать запасы,Средний
FFF_Red_4784,KEEPHONE,Чехлы,Чехол для смартфона,6980.0,11990.0,0.0,0.28,0.1,0,A,Z,AZ,13960,0.0011920698662243,1.0,⚡ ВОПРОСЫ - Изучить нестабильность,Высокий
FFF_Black_7791,KZDOO,Чехлы,Чехол для смартфона,4990.0,4990.0,0.0,0.36,0.1,0,B,Z,BZ,9980,0.0008522104057964,1.0,⚠ РИСКОВАННЫЕ - Контролировать запасы,Средний
AAA_Blue_4139,KZDOO,Чехлы,Чехол для смартфона,5580.0,11990.0,5.0,0.36,0.1,0,A,Z,AZ,16740,0.0014294591375784,1.5811388300841898,⚡ ВОПРОСЫ - Изучить нестабильность,Высокий
CCC_Red_5645,KZDOO,Чехлы,Чехол для смартфона,9180.0,11990.0,4.8,0.36,0.1,0,B,Z,BZ,9180,0.0007838969464139,1.0,⚠ РИСКОВАННЫЕ - Контролировать запасы,Средний
HHH_Purple_3275,KZDOO,Чехлы,Чехол для смартфона,4990.0,4990.0,0.0,0.36,0.1,0,B,Z,BZ,9980,0.0008522104057964,1.0,⚠ РИСКОВАННЫЕ - Контролировать запасы,Средний
EEE_Purple_4956,KZDOO,Чехлы,Чехол для смартфона,6180.0,11990.0,4.9,0.36,0.1,0,B,Z,BZ,6180,0.0005277214737296,1.0,⚠ РИСКОВАННЫЕ - Контролировать запасы,Средний
DDD_Purple_7099,KZDOO,Чехлы,Чехол для смартфона,2580.0,11990.0,4.9,0.41,0.1,0,B,Z,BZ,7740,0.0006609327195255,1.6345871038277526,⚠ РИСКОВАННЫЕ - Контролировать запасы,Средний
BBB_Green_7079,KZDOO,Чехлы,Чехол для смартфона,6180.0,11990.0,4.9,0.36,0.1,0,A,Z,AZ,12360,0.0010554429474593,1.0,⚡ ВОПРОСЫ - Изучить нестабильность,Высокий
CCC_Red_6375,KZDOO,Чехлы,Чехол для смартфона,6050.0,11990.0,5.0,0.36,0.1,0,A,Z,AZ,30250,0.0025831026829001,1.74928556845359,⚡ ВОПРОСЫ - Изучить нестабильность,Высокий
BBB_Pink_9156,KZDOO,Чехлы,Чехол для смартфона,11100.0,11990.0,5.0,0.36,0.1,0,A,Z,AZ,11100,0.0009478492489319,1.0,⚡ ВОПРОСЫ - Изучить нестабильность,Высокий
AAA_White_5438,KZDOO,Чехлы,Чехол для смартфона,2490.0,3490.0,0.0,0.36,0.1,0,C,Z,CZ,4980,0.0004252512846559,1.0,❌ ПРОБЛЕМНЫЕ - Кандидат на исключение,Низкий
GGG_White_9618,KZDOO,Чехлы,Чехол для смартфона,6580.0,11990.0,4.7,0.36,0.1,0,A,Z,AZ,13160,0.0011237564068418,1.0,⚡ ВОПРОСЫ - Изучить нестабильность,Высокий
HHH_Titanium_3434,KZDOO,Чехлы,Чехол для смартфона,3100.0,11990.0,4.8,1.65,0.3,0,B,Z,BZ,6200,0.0005294293102142,1.0,⚠ РИСКОВАННЫЕ - Контролировать запасы,Средний
GGG_Purple_1694,Robiton,Батарейки и аккумуляторы,Батарейка,4900.0,11990.0,4.6,0.07,0.1,0,A,Z,AZ,14700,0.0012552598161531,1.6345871038277526,⚡ ВОПРОСЫ - Изучить нестабильность,Высокий
HHH_Pink_7270,KZDOO,Чехлы,Чехол для смартфона,3500.0,11990.0,4.2,0.36,0.1,0,B,Z,BZ,7000,0.0005977427695967,1.0,⚠ РИСКОВАННЫЕ - Контролировать запасы,Средний
HHH_Green_6659,KZDOO,Чехлы,Чехол для смартфона,6090.0,9000.0,5.0,0.36,0.1,0,A,Z,AZ,12180,0.0010400724190982,1.0,⚡ ВОПРОСЫ - Изучить нестабильность,Высокий
EEE_Titanium_7841,KZDOO,Чехлы,Чехол для смартфона,5100.0,11990.0,0.0,0.36,0.1,0,C,Z,CZ,5100,0.0004354983035633,1.0,❌ ПРОБЛЕМНЫЕ - Кандидат на исключение,Низкий
BBB_Black_3665,KZDOO,Чехлы,Чехол для наушников,5430.0,11990.0,4.9,0.3,0.1,0,A,Z,AZ,10860,0.0009273552111171,1.0,⚡ ВОПРОСЫ - Изучить нестабильность,Высокий
GGG_Black_5739,KZDOO,Чехлы,Чехол для смартфона,2650.0,3790.0,4.9,0.36,0.1,0,C,Z,CZ,2650,0.0002262883342044,1.0,❌ ПРОБЛЕМНЫЕ - Кандидат на исключение,Низкий
DDD_Clear_6069,KZDOO,Чехлы,Чехол для смартфона,7828.0,11990.0,4.8,0.36,0.1,0,B,Z,BZ,7828,0.0006684472000575,1.0,⚠ РИСКОВАННЫЕ - Контролировать запасы,Средний
HHH_Green_6528,KZDOO,Чехлы,Чехол для смартфона,7180.0,11990.0,4.6,0.36,0.1,0,A,Z,AZ,14360,0.0012262265959155,1.0,⚡ ВОПРОСЫ - Изучить нестабильность,Высокий
AAA_White_4047,K-DOO,Чехлы,Чехол для смартфона,7980.0,11990.0,4.5,0.36,0.1,0,A,Z,AZ,15960,0.0013628535146805,1.0,⚡ ВОПРОСЫ - Изучить нестабильность,Высокий
DDD_Clear_8095,KEEPHONE,Чехлы,Чехол для смартфона,6954.0,11990.0,0.0,0.38,0.1,0,A,Z,AZ,27816,0.0023752589827289,1.5874507866387544,⚡ ВОПРОСЫ - Изучить нестабильность,Высокий
BBB_Red_3847,KZDOO,Чехлы,Чехол для смартфона,11000.0,11990.0,0.0,0.36,0.1,0,A,Z,AZ,11000,0.0009393100665091,1.0,⚡ ВОПРОСЫ - Изучить нестабильность,Высокий
DDD_Green_2659,KEEPHONE,Чехлы,Чехол для смартфона,4900.0,11990.0,0.0,0.38,0.1,0,C,Z,CZ,4900,0.0004184199387177,1.0,❌ ПРОБЛЕМНЫЕ - Кандидат на исключение,Низкий
AAA_Pink_2773,KEEPHONE,Чехлы,Чехол для смартфона,7074.0,11990.0,5.0,0.41,0.1,0,B,Z,BZ,7074,0.0006040617645895,1.0,⚠ РИСКОВАННЫЕ - Контролировать запасы,Средний
FFF_Blue_3894,KZDOO,Чехлы,Чехол для смартфона,6180.0,11990.0,4.9,0.36,0.1,0,A,Z,AZ,12360,0.0010554429474593,1.0,⚡ ВОПРОСЫ - Изучить нестабильность,Высокий
AAA_Purple_4611,K-DOO,Чехлы,Чехол для смартфона,1600.0,11990.0,4.7,0.36,0.1,0,C,Z,CZ,4800,0.0004098807562948,1.5,❌ ПРОБЛЕМНЫЕ - Кандидат на исключение,Низкий
FFF_Pink_6385,KZDOO,Чехлы,Чехол для смартфона,11100.0,11990.0,5.0,0.36,0.1,0,A,Z,AZ,11100,0.0009478492489319,1.0,⚡ ВОПРОСЫ - Изучить нестабильность,Высокий
FFF_Clear_6850,KZDOO,Чехлы,Чехол для смартфона,7380.0,11990.0,4.9,0.36,0.1,0,A,Z,AZ,22140,0.0018905749884101,1.5811388300841898,⚡ ВОПРОСЫ - Изучить нестабильность,Высокий
FFF_Purple_9236,KZDOO,Чехлы,Чехол для смартфона,5500.0,11990.0,5.0,0.36,0.1,0,A,Z,AZ,16500,0.0014089650997636,1.984313483298443,⚡ ВОПРОСЫ - Изучить нестабильность,Высокий
CCC_Blue_7273,Нет бренда,Чехлы,Неизвестно,5990.0,11990.0,5.0,0.36,0.1,0,B,Z,BZ,5990,0.0005114970271263,1.0,⚠ РИСКОВАННЫЕ - Контролировать запасы,Средний
GGG_Titanium_4026,KZDOO,Чехлы,Чехол для смартфона,2980.0,11990.0,4.7,0.36,0.1,0,A,Z,AZ,11920,0.0010178705447989,1.5461646096066228,⚡ ВОПРОСЫ - Изучить нестабильность,Высокий
BBB_Pink_4023,KZDOO,Чехлы,Чехол для смартфона,2490.0,2490.0,0.0,0.36,0.1,0,B,Z,BZ,7470,0.0006378769269839,1.0,⚠ РИСКОВАННЫЕ - Контролировать запасы,Средний
CCC_Titanium_8586,KZDOO,Чехлы,Чехол для смартфона,3380.0,11990.0,5.0,0.4,0.1,0,C,Z,CZ,3380,0.0002886243658909,1.0,❌ ПРОБЛЕМНЫЕ - Кандидат на исключение,Низкий
FFF_Purple_3751,Robiton,Батарейки и аккумуляторы,Батарейка,1020.0,4900.0,4.9,0.01,0.1,0,C,Z,CZ,3060,0.0002612989821379,1.5452362609131385,❌ ПРОБЛЕМНЫЕ - Кандидат на исключение,Низкий
CCC_Pink_4994,KZDOO,Чехлы,Чехол для смартфона,4990.0,4990.0,0.0,0.36,0.1,0,B,Z,BZ,9980,0.0008522104057964,1.0,⚠ РИСКОВАННЫЕ - Контролировать запасы,Средний
GGG_Green_4909,REMAX,Защитные пленки и стекла,Защитное стекло,1180.0,4900.0,5.0,0.17,0.1,0,C,Z,CZ,1180,0.0001007623525891,1.0,❌ ПРОБЛЕМНЫЕ - Кандидат на исключение,Низкий
FFF_Titanium_4702,KZDOO,Чехлы,Чехол для смартфона,5580.0,11990.0,5.0,0.36,0.1,0,A,Z,AZ,16740,0.0014294591375784,1.984313483298443,⚡ ВОПРОСЫ - Изучить нестабильность,Высокий
DDD_Purple_3766,KZDOO,Чехлы,Чехол для смартфона,5990.0,11990.0,4.9,0.36,0.1,0,B,Z,BZ,5990,0.0005114970271263,1.0,⚠ РИСКОВАННЫЕ - Контролировать запасы,Средний
EEE_Black_2283,KZDOO,Чехлы,Чехол для смартфона,5500.0,11000.0,0.0,0.36,0.1,0,B,Z,BZ,5500,0.0004696550332545,1.0,⚠ РИСКОВАННЫЕ - Контролировать запасы,Средний
GGG_Green_2022,KZDOO,Чехлы,Чехол для смартфона,2100.0,7900.0,4.9,0.36,0.1,0,B,Z,BZ,6300,0.000537968492637,1.7286645857424163,⚠ РИСКОВАННЫЕ - Контролировать запасы,Средний
HHH_Purple_7128,KZDOO,Чехлы,Чехол для смартфона,7180.0,11990.0,4.6,0.36,0.1,0,A,Z,AZ,14360,0.0012262265959155,1.0,⚡ ВОПРОСЫ - Изучить нестабильность,Высокий
HHH_Black_4644,KEEPHONE,Чехлы,Чехол для смартфона,5100.0,11990.0,0.0,0.48,0.1,0,C,Z,CZ,5100,0.0004354983035633,1.0,❌ ПРОБЛЕМНЫЕ - Кандидат на исключение,Низкий
HHH_Green_5116,KEEPHONE,Чехлы,Чехол для смартфона,4780.0,11990.0,5.0,0.41,0.1,0,B,Z,BZ,9560,0.0008163458396206,1.0,⚠ РИСКОВАННЫЕ - Контролировать запасы,Средний
DDD_Pink_4683,KZDOO,Чехлы,Чехол для смартфона,6000.0,11000.0,0.0,0.36,0.1,0,A,Z,AZ,12000,0.0010247018907372,1.0,⚡ ВОПРОСЫ - Изучить нестабильность,Высокий
GGG_Blue_3878,KZDOO,Чехлы,Чехол для смартфона,3380.0,11990.0,4.1,0.36,0.1,0,B,Z,BZ,10140,0.0008658730976729,1.6345871038277526,⚠ РИСКОВАННЫЕ - Контролировать запасы,Средний
CCC_Green_9087,KEEPHONE,Чехлы,Чехол для смартфона,5700.0,11990.0,0.0,0.38,0.1,0,B,Z,BZ,5700,0.0004867333981001,1.0,⚠ РИСКОВАННЫЕ - Контролировать запасы,Средний
HHH_Black_9818,KZDOO,Чехлы,Чехол для смартфона,2880.0,11990.0,4.8,0.36,0.1,0,C,Z,CZ,2880,0.0002459284537769,1.0,❌ ПРОБЛЕМНЫЕ - Кандидат на исключение,Низкий
HHH_Red_7905,KZDOO,Чехлы,Чехол для смартфона,6000.0,11000.0,0.0,0.36,0.1,0,A,Z,AZ,18000,0.0015370528361058,1.7286645857424163,⚡ ВОПРОСЫ - Изучить нестабильность,Высокий
BBB_Pink_2708,Нет бренда,Чехлы,Чехол для смартфона,1000.0,1900.0,5.0,0.08,0.1,0,C,Z,CZ,2000,0.0001707836484562,1.0,❌ ПРОБЛЕМНЫЕ - Кандидат на исключение,Низкий
HHH_Clear_7934,K-DOO,Чехлы,Чехол для смартфона,7380.0,11990.0,4.5,0.36,0.1,0,B,Z,BZ,7380,0.0006301916628033,1.0,⚠ РИСКОВАННЫЕ - Контролировать запасы,Средний
DDD_Blue_4643,KZDOO,Чехлы,Чехол для смартфона,3490.0,3490.0,0.0,1.32,0.3,0,B,Z,BZ,6980,0.0005960349331121,1.0,⚠ РИСКОВАННЫЕ - Контролировать запасы,Средний
CCC_Pink_6473,KZDOO,Чехлы,Чехол для смартфона,5380.0,11990.0,4.8,0.36,0.1,0,A,Z,AZ,16140,0.0013782240430415,1.0,⚡ ВОПРОСЫ - Изучить нестабильность,Высокий
FFF_Titanium_2399,KZDOO,Чехлы,Чехол для смартфона,5300.0,11990.0,4.9,0.36,0.1,0,B,Z,BZ,5300,0.0004525766684089,1.0,⚠ РИСКОВАННЫЕ - Контролировать запасы,Средний
AAA_Purple_3401,KEEPHONE,Чехлы,Чехол для смартфона,7990.0,11990.0,4.9,0.41,0.1,0,B,Z,BZ,7990,0.0006822806755825,1.0,⚠ РИСКОВАННЫЕ - Контролировать запасы,Средний
BBB_Clear_1709,KEEPHONE,Чехлы,Чехол для смартфона,1950.0,2990.0,4.9,0.36,0.1,0,C,Z,CZ,1950,0.0001665140572448,1.0,❌ ПРОБЛЕМНЫЕ - Кандидат на исключение,Низкий
GGG_Red_8906,KEEPHONE,Чехлы,Чехол для смартфона,3500.0,5290.0,4.8,0.38,0.1,0,B,Z,BZ,7000,0.0005977427695967,1.0,⚠ РИСКОВАННЫЕ - Контролировать запасы,Средний
BBB_Clear_1569,KZDOO,Чехлы,Чехол для смартфона,6180.0,11990.0,4.7,0.36,0.1,0,B,Z,BZ,6180,0.0005277214737296,1.0,⚠ РИСКОВАННЫЕ - Контролировать запасы,Средний
FFF_Green_3427,Robiton,Батарейки и аккумуляторы,Аккумуляторная батарейка,11990.0,11990.0,5.0,0.43,0.2,0,A,Z,AZ,11990,0.0010238479724949,1.0,⚡ ВОПРОСЫ - Изучить нестабильность,Высокий
HHH_Pink_7833,KZDOO,Чехлы,Чехол для смартфона,2980.0,11990.0,4.5,0.36,0.1,0,C,Z,CZ,2980,0.0002544676361997,1.0,❌ ПРОБЛЕМНЫЕ - Кандидат на исключение,Низкий
CCC_Pink_8696,KEEPHONE,Чехлы,Чехол для смартфона,5980.0,11990.0,4.9,0.28,0.1,0,B,Z,BZ,5980,0.000510643108884,1.0,⚠ РИСКОВАННЫЕ - Контролировать запасы,Средний
FFF_Green_9000,KEEPHONE,Чехлы,Чехол для смартфона,4700.0,11990.0,3.2,0.4,0.1,0,B,Z,BZ,9400,0.0008026831477441,1.0,⚠ РИСКОВАННЫЕ - Контролировать запасы,Средний
HHH_Red_5637,KEEPHONE,Чехлы,Чехол для смартфона,2890.0,3490.0,5.0,0.28,0.1,0,B,Z,BZ,5780,0.0004935647440384,1.0,⚠ РИСКОВАННЫЕ - Контролировать запасы,Средний
FFF_Titanium_3323,KZDOO,Чехлы,Чехол для смартфона,11100.0,11990.0,5.0,0.36,0.1,0,A,Z,AZ,22200,0.0018956984978638,1.0,⚡ ВОПРОСЫ - Изучить нестабильность,Высокий
AAA_Blue_2952,KZDOO,Чехлы,Чехол для смартфона,1550.0,2490.0,4.9,0.36,0.1,0,C,Z,CZ,1550,0.0001323573275535,1.0,❌ ПРОБЛЕМНЫЕ - Кандидат на исключение,Низкий
HHH_Purple_1747,KZDOO,Чехлы,Чехол для смартфона,4180.0,11990.0,4.9,0.36,0.1,0,A,Z,AZ,12540,0.0010708134758204,1.0,⚡ ВОПРОСЫ - Изучить нестабильность,Высокий
GGG_Pink_9489,KZDOO,Чехлы,Чехол для смартфона,4980.0,11990.0,4.2,0.36,0.1,0,B,Z,BZ,9960,0.0008505025693119,1.0,⚠ РИСКОВАННЫЕ - Контролировать запасы,Средний
CCC_Titanium_9741,KZDOO,Чехлы,Чехол для смартфона,5580.0,11990.0,4.8,0.36,0.1,0,B,Z,BZ,5580,0.0004764863791928,1.0,⚠ РИСКОВАННЫЕ - Контролировать запасы,Средний
DDD_Purple_9858,KEEPHONE,Чехлы,Чехол для смартфона,6980.0,11990.0,0.0,0.28,0.1,0,A,Z,AZ,13960,0.0011920698662243,1.0,⚡ ВОПРОСЫ - Изучить нестабильность,Высокий
BBB_Blue_2694,KEEPHONE,Чехлы,Чехол для смартфона,2690.0,4750.0,0.0,0.28,0.1,0,B,Z,BZ,5380,0.0004594080143471,1.0,⚠ РИСКОВАННЫЕ - Контролировать запасы,Средний
FFF_Clear_3563,KZDOO,Чехлы,Чехол для смартфона,2980.0,11990.0,4.8,0.36,0.1,0,C,Z,CZ,2980,0.0002544676361997,1.0,❌ ПРОБЛЕМНЫЕ - Кандидат на исключение,Низкий
CCC_Green_3835,KZDOO,Чехлы,Чехол для смартфона,6000.0,11000.0,0.0,0.36,0.1,0,A,Z,AZ,12000,0.0010247018907372,1.0,⚡ ВОПРОСЫ - Изучить нестабильность,Высокий
BBB_White_3695,KZDOO,Чехлы,Чехол для смартфона,4980.0,11990.0,4.2,0.36,0.1,0,C,Z,CZ,4980,0.0004252512846559,1.0,❌ ПРОБЛЕМНЫЕ - Кандидат на исключение,Низкий
AAA_Green_9915,Robiton,Батарейки и аккумуляторы,Батарейка,980.0,4900.0,4.9,0.01,0.1,0,C,Z,CZ,1960,0.000167367975487,1.0,❌ ПРОБЛЕМНЫЕ - Кандидат на исключение,Низкий
CCC_Green_3664,KZDOO,Чехлы,Чехол для смартфона,5580.0,11990.0,4.8,0.36,0.1,0,A,Z,AZ,11160,0.0009529727583856,1.0,⚡ ВОПРОСЫ - Изучить нестабильность,Высокий
FFF_Blue_7743,KEEPHONE,Чехлы,Чехол для смартфона,6990.0,8990.0,4.9,0.41,0.1,0,B,Z,BZ,6990,0.0005968888513544,1.0,⚠ РИСКОВАННЫЕ - Контролировать запасы,Средний
EEE_Pink_1768,KZDOO,Чехлы,Чехол для смартфона,5980.0,11990.0,4.7,0.36,0.1,0,B,Z,BZ,5980,0.000510643108884,1.0,⚠ РИСКОВАННЫЕ - Контролировать запасы,Средний
EEE_Green_7533,KEEPHONE,Чехлы,Чехол для смартфона,6580.0,11990.0,0.0,0.38,0.1,0,B,Z,BZ,6580,0.0005618782034209,1.0,⚠ РИСКОВАННЫЕ - Контролировать запасы,Средний
FFF_Black_8837,KZDOO,Чехлы,Чехол для смартфона,11100.0,11990.0,5.0,0.36,0.1,0,A,Z,AZ,22200,0.0018956984978638,1.0,⚡ ВОПРОСЫ - Изучить нестабильность,Высокий
AAA_Purple_8747,KZDOO,Чехлы,Чехол для смартфона,6000.0,11000.0,0.0,0.36,0.1,0,A,Z,AZ,12000,0.0010247018907372,1.0,⚡ ВОПРОСЫ - Изучить нестабильность,Высокий
EEE_Black_8254,KZDOO,Чехлы,Чехол для смартфона,2780.0,11990.0,4.6,0.36,0.1,0,B,Z,BZ,5560,0.0004747785427082,1.0,⚠ РИСКОВАННЫЕ - Контролировать запасы,Средний
HHH_Pink_5858,KEEPHONE,Чехлы,Чехол для смартфона,7580.0,11990.0,5.0,0.28,0.1,0,B,Z,BZ,7580,0.000647270027649,1.0,⚠ РИСКОВАННЫЕ - Контролировать запасы,Средний
FFF_Red_5929,KZDOO,Чехлы,Чехол для смартфона,2780.0,11990.0,4.9,0.36,0.1,0,C,Z,CZ,2780,0.0002373892713541,1.0,❌ ПРОБЛЕМНЫЕ - Кандидат на исключение,Низкий
CCC_Blue_1631,KZDOO,Чехлы,Чехол для смартфона,3180.0,11990.0,4.7,0.36,0.1,0,C,Z,CZ,3180,0.0002715460010453,1.0,❌ ПРОБЛЕМНЫЕ - Кандидат на исключение,Низкий
EEE_Purple_4363,Renata,Батарейки и аккумуляторы,Батарейка,1890.0,2990.0,5.0,0.04,0.1,0,C,Z,CZ,3780,0.0003227810955822,1.0,❌ ПРОБЛЕМНЫЕ - Кандидат на исключение,Низкий
AAA_Black_7343,KEEPHONE,Чехлы,Чехол для смартфона,5980.0,11990.0,4.9,0.28,0.1,0,B,Z,BZ,5980,0.000510643108884,1.0,⚠ РИСКОВАННЫЕ - Контролировать запасы,Средний
CCC_Green_2906,KZDOO,Чехлы,Чехол для смартфона,7180.0,11990.0,4.8,0.36,0.1,0,B,Z,BZ,7180,0.0006131132979577,1.0,⚠ РИСКОВАННЫЕ - Контролировать запасы,Средний
EEE_Green_2359,KZDOO,Чехлы,Чехол для смартфона,3100.0,11990.0,4.8,0.36,0.1,0,B,Z,BZ,6200,0.0005294293102142,1.0,⚠ РИСКОВАННЫЕ - Контролировать запасы,Средний
AAA_White_6767,KZDOO,Чехлы,Чехол для смартфона,3490.0,3490.0,0.0,1.32,0.3,0,C,Z,CZ,3490,0.000298017466556,1.0,❌ ПРОБЛЕМНЫЕ - Кандидат на исключение,Низкий
DDD_Blue_8330,KZDOO,Чехлы,Чехол для смартфона,6180.0,11990.0,4.7,0.36,0.1,0,B,Z,BZ,6180,0.0005277214737296,1.0,⚠ РИСКОВАННЫЕ - Контролировать запасы,Средний
EEE_Black_4500,KZDOO,Чехлы,Чехол для смартфона,11100.0,11990.0,5.0,0.36,0.1,0,A,Z,AZ,22200,0.0018956984978638,1.0,⚡ ВОПРОСЫ - Изучить нестабильность,Высокий
GGG_Pink_9388,KZDOO,Чехлы,Чехол для смартфона,3100.0,11990.0,4.8,0.36,0.1,0,C,Z,CZ,3100,0.0002647146551071,1.0,❌ ПРОБЛЕМНЫЕ - Кандидат на исключение,Низкий
DDD_Green_8043,KZDOO,Чехлы,Чехол для смартфона,7180.0,11990.0,4.8,0.36,0.1,0,A,Z,AZ,21540,0.0018393398938733,1.824828759089466,⚡ ВОПРОСЫ - Изучить нестабильность,Высокий
BBB_Titanium_2456,KEEPHONE,Чехлы,Чехол для смартфона,6490.0,9990.0,0.0,0.41,0.1,0,B,Z,BZ,6490,0.0005541929392403,1.0,⚠ РИСКОВАННЫЕ - Контролировать запасы,Средний
CCC_White_7349,KEEPHONE,Чехлы,Чехол для смартфона,8990.0,8990.0,4.8,0.41,0.1,0,A,Z,AZ,17980,0.0015353449996212,1.0,⚡ ВОПРОСЫ - Изучить нестабильность,Высокий
DDD_Red_2803,Robiton,Батарейки и аккумуляторы,Батарейка,1460.0,4900.0,5.0,0.07,0.1,0,C,Z,CZ,1460,0.000124672063373,1.0,❌ ПРОБЛЕМНЫЕ - Кандидат на исключение,Низкий
EEE_Blue_2638,KZDOO,Чехлы,Чехол для смартфона,3180.0,11990.0,4.7,0.36,0.1,0,B,Z,BZ,6360,0.0005430920020907,1.0,⚠ РИСКОВАННЫЕ - Контролировать запасы,Средний
FFF_Red_4458,KZDOO,Чехлы,Чехол для наушников,5100.0,11990.0,4.9,0.3,0.1,0,B,Z,BZ,10200,0.0008709966071266,1.0,⚠ РИСКОВАННЫЕ - Контролировать запасы,Средний
FFF_Purple_9353,KZDOO,Чехлы,Чехол для смартфона,11100.0,11990.0,4.8,0.36,0.1,0,A,Z,AZ,11100,0.0009478492489319,1.0,⚡ ВОПРОСЫ - Изучить нестабильность,Высокий
CCC_Clear_6860,KZDOO,Чехлы,Чехол для смартфона,3180.0,11990.0,4.8,0.36,0.1,0,B,Z,BZ,6360,0.0005430920020907,1.0,⚠ РИСКОВАННЫЕ - Контролировать запасы,Средний
HHH_White_3648,KZDOO,Чехлы,Чехол для смартфона,10780.0,11990.0,4.8,0.36,0.1,0,A,Z,AZ,21560,0.0018410477303578,1.0,⚡ ВОПРОСЫ - Изучить нестабильность,Высокий
EEE_Black_2185,Нет бренда,Чехлы,Неизвестно,9100.0,11990.0,4.7,0.36,0.1,0,B,Z,BZ,9100,0.0007770656004757,1.0,⚠ РИСКОВАННЫЕ - Контролировать запасы,Средний
FFF_Blue_3236,KZDOO,Чехлы,Чехол для смартфона,3490.0,3490.0,0.0,0.36,0.1,0,A,Z,AZ,10470,0.0008940523996682,1.0,⚡ ВОПРОСЫ - Изучить нестабильность,Высокий
GGG_Red_4578,Renata,Батарейки и аккумуляторы,Батарейка,1900.0,7900.0,5.0,0.04,0.1,0,C,Z,CZ,1900,0.0001622444660333,1.0,❌ ПРОБЛЕМНЫЕ - Кандидат на исключение,Низкий
FFF_Green_4430,REMAX,Защитные пленки и стекла,Защитное стекло,1040.0,4900.0,0.0,0.23,0.2,0,C,Z,CZ,1040,8.880749719722685e-05,1.0,❌ ПРОБЛЕМНЫЕ - Кандидат на исключение,Низкий
DDD_Clear_5853,KZDOO,Чехлы,Чехол для смартфона,1390.0,2290.0,4.8,0.36,0.1,0,C,Z,CZ,1390,0.000118694635677,1.0,❌ ПРОБЛЕМНЫЕ - Кандидат на исключение,Низкий
BBB_Pink_9025,KZDOO,Чехлы,Чехол для смартфона,2580.0,11990.0,4.7,0.36,0.1,0,C,Z,CZ,2580,0.0002203109065085,1.0,❌ ПРОБЛЕМНЫЕ - Кандидат на исключение,Низкий
BBB_White_5235,KZDOO,Чехлы,Чехол для смартфона,5180.0,11990.0,4.3,0.36,0.1,0,A,Z,AZ,20720,0.0017693185980062,1.572622172000563,⚡ ВОПРОСЫ - Изучить нестабильность,Высокий
HHH_Pink_8206,KZDOO,Чехлы,Чехол для смартфона,4980.0,11990.0,4.4,0.36,0.1,0,C,Z,CZ,4980,0.0004252512846559,1.0,❌ ПРОБЛЕМНЫЕ - Кандидат на исключение,Низкий
BBB_Black_7878,KZDOO,Чехлы,Чехол для смартфона,2580.0,11990.0,4.9,0.36,0.1,0,C,Z,CZ,2580,0.0002203109065085,1.0,❌ ПРОБЛЕМНЫЕ - Кандидат на исключение,Низкий
FFF_Green_9071,KZDOO,Чехлы,Чехол для смартфона,3100.0,11990.0,4.8,0.36,0.1,0,B,Z,BZ,9300,0.0007941439653213,1.0,⚠ РИСКОВАННЫЕ - Контролировать запасы,Средний
AAA_Black_1627,KEEPHONE,Чехлы,Чехол для смартфона,7990.0,11990.0,5.0,0.41,0.1,0,B,Z,BZ,7990,0.0006822806755825,1.0,⚠ РИСКОВАННЫЕ - Контролировать запасы,Средний
CCC_Green_2957,Robiton,Батарейки и аккумуляторы,Аккумуляторная батарейка,3400.0,11990.0,4.8,0.06,0.1,0,B,Z,BZ,6800,0.000580664404751,1.0,⚠ РИСКОВАННЫЕ - Контролировать запасы,Средний
EEE_Black_5363,KEEPHONE,Чехлы,Чехол для смартфона,5990.0,11990.0,4.9,0.41,0.1,0,B,Z,BZ,5990,0.0005114970271263,1.0,⚠ РИСКОВАННЫЕ - Контролировать запасы,Средний
HHH_Clear_4657,KZDOO,Чехлы,Чехол для смартфона,4980.0,11990.0,4.4,0.36,0.1,0,A,Z,AZ,14940,0.0012757538539678,1.0,⚡ ВОПРОСЫ - Изучить нестабильность,Высокий
HHH_Pink_7589,KEEPHONE,Чехлы,Чехол для смартфона,6380.0,11990.0,5.0,0.36,0.1,0,B,Z,BZ,6380,0.0005447998385752,1.0,⚠ РИСКОВАННЫЕ - Контролировать запасы,Средний
DDD_White_9097,KZDOO,Чехлы,Чехол для смартфона,3180.0,11990.0,4.6,0.36,0.1,0,B,Z,BZ,9540,0.0008146380031361,1.0,⚠ РИСКОВАННЫЕ - Контролировать запасы,Средний
GGG_Black_5293,K-DOO,Чехлы,Чехол для смартфона,3590.0,4990.0,4.7,0.36,0.1,0,C,Z,CZ,3590,0.0003065566489788,1.0,❌ ПРОБЛЕМНЫЕ - Кандидат на исключение,Низкий
BBB_Red_4612,KEEPHONE,Чехлы,Чехол для смартфона,6980.0,11990.0,0.0,0.27,0.1,0,B,Z,BZ,6980,0.0005960349331121,1.0,⚠ РИСКОВАННЫЕ - Контролировать запасы,Средний
DDD_Blue_4861,KZDOO,Чехлы,Чехол для смартфона,7380.0,11990.0,4.9,0.36,0.1,0,B,Z,BZ,7380,0.0006301916628033,1.0,⚠ РИСКОВАННЫЕ - Контролировать запасы,Средний
AAA_Purple_5605,KZDOO,Чехлы,Чехол для смартфона,6180.0,11990.0,4.9,0.36,0.1,0,B,Z,BZ,6180,0.0005277214737296,1.0,⚠ РИСКОВАННЫЕ - Контролировать запасы,Средний
AAA_Green_8877,KZDOO,Чехлы,Чехол для смартфона,5500.0,11000.0,0.0,0.36,0.1,0,B,Z,BZ,5500,0.0004696550332545,1.0,⚠ РИСКОВАННЫЕ - Контролировать запасы,Средний
AAA_Pink_4930,KZDOO,Чехлы,Чехол для смартфона,4980.0,11990.0,4.8,0.36,0.1,0,C,Z,CZ,4980,0.0004252512846559,1.0,❌ ПРОБЛЕМНЫЕ - Кандидат на исключение,Низкий
EEE_Green_9886,Robiton,Батарейки и аккумуляторы,Батарейка,1560.0,4900.0,4.8,0.05,0.1,0,C,Z,CZ,1560,0.0001332112457958,1.0,❌ ПРОБЛЕМНЫЕ - Кандидат на исключение,Низкий
HHH_Titanium_6539,KZDOO,Чехлы,Чехол для смартфона,2490.0,2490.0,0.0,0.36,0.1,0,C,Z,CZ,2490,0.0002126256423279,1.0,❌ ПРОБЛЕМНЫЕ - Кандидат на исключение,Низкий
GGG_White_2841,KZDOO,Чехлы,Чехол для смартфона,4980.0,11990.0,4.8,0.36,0.1,0,B,Z,BZ,9960,0.0008505025693119,1.0,⚠ РИСКОВАННЫЕ - Контролировать запасы,Средний
AAA_Blue_6809,KZDOO,Чехлы,Чехол для смартфона,2780.0,11990.0,4.7,0.36,0.1,0,C,Z,CZ,2780,0.0002373892713541,1.0,❌ ПРОБЛЕМНЫЕ - Кандидат на исключение,Низкий
DDD_White_3168,KEEPHONE,Чехлы,Чехол для смартфона,6580.0,11990.0,5.0,0.38,0.1,0,A,Z,AZ,13160,0.0011237564068418,1.0,⚡ ВОПРОСЫ - Изучить нестабильность,Высокий
EEE_Blue_2874,KZDOO,Чехлы,Чехол для смартфона,2490.0,2490.0,0.0,0.36,0.1,0,C,Z,CZ,2490,0.0002126256423279,1.0,❌ ПРОБЛЕМНЫЕ - Кандидат на исключение,Низкий
HHH_Blue_7358,KZDOO,Чехлы,Чехол для смартфона,2490.0,2490.0,0.0,0.36,0.1,0,C,Z,CZ,2490,0.0002126256423279,1.0,❌ ПРОБЛЕМНЫЕ - Кандидат на исключение,Низкий
DDD_Green_4790,Varta,Батарейки и аккумуляторы,Батарейка,1540.0,4900.0,5.0,0.04,0.1,0,C,Z,CZ,1540,0.0001315034093112,1.0,❌ ПРОБЛЕМНЫЕ - Кандидат на исключение,Низкий
HHH_White_7443,KZDOO,Чехлы,Чехол для смартфона,9180.0,11990.0,4.8,0.36,0.1,0,B,Z,BZ,9180,0.0007838969464139,1.0,⚠ РИСКОВАННЫЕ - Контролировать запасы,Средний
HHH_Black_2849,KZDOO,Чехлы,Чехол для смартфона,6638.0,11990.0,5.0,0.36,0.1,0,B,Z,BZ,6638,0.0005668309292261,1.0,⚠ РИСКОВАННЫЕ - Контролировать запасы,Средний
EEE_Blue_2822,Robiton,Батарейки и аккумуляторы,Батарейка,1160.0,4900.0,4.9,0.16,0.1,0,C,Z,CZ,1160,9.905451610459918e-05,1.0,❌ ПРОБЛЕМНЫЕ - Кандидат на исключение,Низкий
AAA_Red_7044,KZDOO,Чехлы,Чехол для смартфона,3490.0,3490.0,0.0,0.36,0.1,0,C,Z,CZ,3490,0.000298017466556,1.0,❌ ПРОБЛЕМНЫЕ - Кандидат на исключение,Низкий
FFF_Green_9273,KZDOO,Чехлы,Чехол для смартфона,2200.0,7900.0,4.9,0.36,0.1,0,C,Z,CZ,2200,0.0001878620133018,1.0,❌ ПРОБЛЕМНЫЕ - Кандидат на исключение,Низкий
AAA_Pink_5462,KZDOO,Чехлы,Чехол для смартфона,5180.0,11990.0,4.3,0.36,0.1,0,C,Z,CZ,5180,0.0004423296495015,1.0,❌ ПРОБЛЕМНЫЕ - Кандидат на исключение,Низкий
CCC_Red_3462,K-DOO,Чехлы,Чехол для смартфона,7180.0,11990.0,4.7,0.36,0.1,0,B,Z,BZ,7180,0.0006131132979577,1.0,⚠ РИСКОВАННЫЕ - Контролировать запасы,Средний
CCC_Green_3365,KZDOO,Чехлы,Чехол для смартфона,2900.0,11990.0,4.7,0.36,0.1,0,C,Z,CZ,2900,0.0002476362902614,1.0,❌ ПРОБЛЕМНЫЕ - Кандидат на исключение,Низкий
BBB_Titanium_3592,KEEPHONE,Чехлы,Чехол для смартфона,3450.0,5090.0,5.0,0.38,0.1,0,C,Z,CZ,3450,0.0002946017935869,1.0,❌ ПРОБЛЕМНЫЕ - Кандидат на исключение,Низкий
HHH_White_4492,K-DOO,Чехлы,Чехол для смартфона,2700.0,11990.0,4.8,0.36,0.1,0,C,Z,CZ,2700,0.0002305579254158,1.0,❌ ПРОБЛЕМНЫЕ - Кандидат на исключение,Низкий
CCC_Green_8093,KZDOO,Чехлы,Чехол для смартфона,5648.0,11990.0,5.0,0.36,0.1,0,B,Z,BZ,5648,0.0004822930232403,1.0,⚠ РИСКОВАННЫЕ - Контролировать запасы,Средний
GGG_Pink_2598,KZDOO,Чехлы,Чехол для смартфона,5300.0,11990.0,0.0,0.36,0.1,0,C,Z,CZ,5300,0.0004525766684089,1.0,❌ ПРОБЛЕМНЫЕ - Кандидат на исключение,Низкий
EEE_Clear_4786,KZDOO,Чехлы,Чехол для смартфона,4980.0,11990.0,4.8,0.36,0.1,0,C,Z,CZ,4980,0.0004252512846559,1.0,❌ ПРОБЛЕМНЫЕ - Кандидат на исключение,Низкий
CCC_Blue_6685,KZDOO,Чехлы,Чехол для смартфона,4980.0,11990.0,4.8,0.36,0.1,0,C,Z,CZ,4980,0.0004252512846559,1.0,❌ ПРОБЛЕМНЫЕ - Кандидат на исключение,Низкий
AAA_Black_9762,Robiton,Батарейки и аккумуляторы,Батарейка,690.0,1090.0,4.8,0.03,0.2,0,C,Z,CZ,690,5.892035871739089e-05,1.0,❌ ПРОБЛЕМНЫЕ - Кандидат на исключение,Низкий
GGG_Red_4652,KZDOO,Чехлы,Чехол для смартфона,11100.0,11990.0,4.8,0.36,0.1,0,A,Z,AZ,11100,0.0009478492489319,1.0,⚡ ВОПРОСЫ - Изучить нестабильность,Высокий
GGG_Pink_3547,KZDOO,Чехлы,Чехол для смартфона,5580.0,11990.0,4.9,0.36,0.1,0,B,Z,BZ,5580,0.0004764863791928,1.0,⚠ РИСКОВАННЫЕ - Контролировать запасы,Средний
CCC_Titanium_8246,Неизвестно,Чехлы,Неизвестно,10380.0,11990.0,5.0,0.36,0.1,0,A,Z,AZ,20760,0.0017727342709754,1.0,⚡ ВОПРОСЫ - Изучить нестабильность,Высокий
BBB_Pink_7223,KZDOO,Чехлы,Чехол для смартфона,2550.0,2550.0,0.0,0.36,0.1,0,C,Z,CZ,2550,0.0002177491517816,1.0,❌ ПРОБЛЕМНЫЕ - Кандидат на исключение,Низкий
DDD_Blue_3167,KZDOO,Чехлы,Чехол для смартфона,5980.0,11990.0,4.7,0.36,0.1,0,A,Z,AZ,11960,0.0010212862177681,1.0,⚡ ВОПРОСЫ - Изучить нестабильность,Высокий
GGG_Clear_9364,Robiton,Батарейки и аккумуляторы,Батарейка,980.0,4900.0,4.9,0.02,0.1,0,C,Z,CZ,980,8.368398774354069e-05,1.0,❌ ПРОБЛЕМНЫЕ - Кандидат на исключение,Низкий
HHH_Red_4760,KZDOO,Чехлы,Чехол для смартфона,4980.0,11990.0,4.4,0.36,0.1,0,C,Z,CZ,4980,0.0004252512846559,1.0,❌ ПРОБЛЕМНЫЕ - Кандидат на исключение,Низкий
CCC_Red_1845,REMAX,Защитные пленки и стекла,Защитное стекло,1460.0,4900.0,5.0,0.17,0.1,0,C,Z,CZ,1460,0.000124672063373,1.0,❌ ПРОБЛЕМНЫЕ - Кандидат на исключение,Низкий
CCC_Titanium_4186,KZDOO,Чехлы,Чехол для смартфона,2980.0,11990.0,4.5,0.36,0.1,0,C,Z,CZ,2980,0.0002544676361997,1.0,❌ ПРОБЛЕМНЫЕ - Кандидат на исключение,Низкий
AAA_Purple_7596,KZDOO,Чехлы,Чехол для смартфона,1290.0,2990.0,4.7,0.36,0.1,0,C,Z,CZ,1290,0.0001101554532542,1.0,❌ ПРОБЛЕМНЫЕ - Кандидат на исключение,Низкий
DDD_Titanium_8491,KZDOO,Чехлы,Чехол для смартфона,5648.0,11990.0,5.0,0.36,0.1,0,B,Z,BZ,5648,0.0004822930232403,1.0,⚠ РИСКОВАННЫЕ - Контролировать запасы,Средний
