date,order_id,customer_id,sku,revenue,quantity,profit,margin,year,month,week,day_of_week,day_of_month,month_name,Бренд,Категория,Тип,current_price,segment,tier,avg_price,profit_margin
2025-02-02,ORD479150,25673692,HHH_Titanium_2410,8500,1,259.0,0.0304705882352941,2025,2,5,Sunday,2,February,KZDOO,Чехлы,Чехол для смартфона,8500.0,High Value New Customers,Platinum,8500.0,0.030470588235294117
2025-03-01,ORD290474,10991330,GGG_Green_7035,2600,4,7445.0,1.0,2025,3,9,Saturday,1,March,Robiton,Батарейки и аккумуляторы,Аккумуляторная батарейка,2600.0,At Risk,Bronze,650.0,2.8634615384615385
2025-08-22,ORD775156,96985825,HHH_Purple_2504,3200,1,19.0,0.0059375,2025,8,34,Friday,22,August,KZDOO,Чехлы,Чехол для смартфона,3200.0,High Value New Customers,Gold,3200.0,0.0059375
2025-09-19,ORD269078,41515025,DDD_Purple_3677,980,4,2124.8,1.0,2025,9,38,Friday,19,September,Varta,Батарейки и аккумуляторы,Батарейка,980.0,New Customers,Silver,245.0,2.1681632653061227
2025-07-27,ORD857346,60822434,GGG_Pink_4564,9100,1,1644.0,0.1806593406593406,2025,7,30,Sunday,27,July,KZDOO,Чехлы,Чехол для смартфона,9100.0,325,Gold,9100.0,0.18065934065934067
2025-06-26,ORD727936,73779124,HHH_Clear_8504,5580,3,9844.2,1.0,2025,6,26,Thursday,26,June,KZDOO,Чехлы,Чехол для смартфона,5580.0,Potential Loyalists,Silver,1860.0,1.764193548387097
2025-06-19,ORD517481,96125000,FFF_Clear_9868,5560,2,4916.799999999999,0.8843165467625898,2025,6,25,Thursday,19,June,KZDOO,Чехлы,Чехол для смартфона,5560.0,New Customers,Silver,2780.0,0.8843165467625898
2025-07-20,ORD990878,23021957,EEE_Black_4856,1000,4,2211.0,1.0,2025,7,29,Sunday,20,July,REMAX,Защитные пленки и стекла,Защитное стекло,1000.0,Potential Loyalists,Silver,250.0,2.211
2025-04-01,ORD641941,61473853,BBB_Black_4989,6050,1,318.5,0.0526446280991735,2025,4,14,Tuesday,1,April,KZDOO,Чехлы,Чехол для смартфона,6050.0,113,Bronze,6050.0,0.05264462809917356
2025-06-06,ORD945104,37293235,AAA_Titanium_1777,3090,2,2691.5,0.8710355987055016,2025,6,23,Friday,6,June,KEEPHONE,Чехлы,Чехол для смартфона,3090.0,At Risk,Bronze,1545.0,0.8710355987055016
2025-06-12,ORD593281,81893634,GGG_Red_7442,5980,1,404.1999999999998,0.0675919732441471,2025,6,24,Thursday,12,June,KZDOO,Чехлы,Чехол для смартфона,5980.0,324,Gold,5980.0,0.06759197324414713
2025-01-18,ORD530990,91076807,AAA_Red_5295,3090,2,2048.6,0.6629773462783172,2025,1,3,Saturday,18,January,KEEPHONE,Чехлы,Чехол для смартфона,3090.0,New Customers,Gold,1545.0,0.6629773462783172
2025-09-15,ORD503940,43502425,BBB_Blue_7291,10006,2,9152.7,0.9147211672996204,2025,9,38,Monday,15,September,KZDOO,Чехлы,Чехол для смартфона,10006.0,High Value New Customers,Gold,5003.0,0.9147211672996203
2025-05-29,ORD576104,41460381,AAA_Green_6938,3816,1,373.72000000000025,0.0979350104821803,2025,5,22,Thursday,29,May,KZDOO,Чехлы,Чехол для смартфона,3816.0,324,Gold,3816.0,0.09793501048218035
2025-06-17,ORD101019,80700206,BBB_Black_9217,2780,4,6998.4,1.0,2025,6,25,Tuesday,17,June,KZDOO,Чехлы,Чехол для смартфона,2780.0,At Risk,Bronze,695.0,2.5174100719424457
2025-05-08,ORD455346,99772524,GGG_Purple_5307,1100,4,2894.0,1.0,2025,5,19,Thursday,8,May,KZDOO,Чехлы,Чехол для смартфона,1100.0,At Risk,Bronze,275.0,2.630909090909091
2025-05-26,ORD258093,72055283,DDD_Purple_2787,10980,3,22519.0,1.0,2025,5,22,Monday,26,May,KZDOO,Чехлы,Чехол для смартфона,10980.0,Cannot Lose Them,Silver,3660.0,2.050910746812386
2025-03-21,ORD233161,86313043,CCC_Purple_9765,3490,2,3534.9,1.0,2025,3,12,Friday,21,March,KZDOO,Чехлы,Чехол для смартфона,3490.0,Loyal Customers,Gold,1745.0,1.012865329512894
2025-02-08,ORD575676,70160612,AAA_Purple_3399,7828,3,14419.920000000002,1.0,2025,2,6,Saturday,8,February,KZDOO,Чехлы,Чехол для смартфона,7828.0,Champions,Platinum,2609.3333333333335,1.8420950434338275
2025-01-25,ORD253973,97578232,DDD_Titanium_7441,4980,3,8724.0,1.0,2025,1,4,Saturday,25,January,K-DOO,Чехлы,Чехол для наушников,4980.0,235,Gold,1660.0,1.7518072289156625
2025-09-22,ORD636470,51684723,DDD_Green_6168,7180,1,1471.0,0.2048746518105849,2025,9,39,Monday,22,September,KZDOO,Чехлы,Чехол для смартфона,7180.0,High Value New Customers,Gold,7180.0,0.20487465181058495
2025-07-01,ORD766443,44373202,AAA_Purple_7609,1580,1,-305.0,-0.1930379746835443,2025,7,27,Tuesday,1,July,REMAX,Защитные пленки и стекла,Защитное стекло,1580.0,New Customers,Silver,1580.0,-0.1930379746835443
2025-01-23,ORD712310,11732154,BBB_Green_4467,4980,1,1052.6,0.2113654618473895,2025,1,4,Thursday,23,January,KZDOO,Чехлы,Чехол для смартфона,4980.0,At Risk,Bronze,4980.0,0.21136546184738955
2025-08-19,ORD862071,59197687,GGG_Blue_7759,9180,2,7817.0,0.851525054466231,2025,8,34,Tuesday,19,August,KZDOO,Чехлы,Чехол для смартфона,9180.0,Loyal Customers,Platinum,4590.0,0.851525054466231
2025-03-16,ORD302165,96808638,AAA_Titanium_9014,2933,1,-186.01,-0.0634197067848619,2025,3,11,Sunday,16,March,KEEPHONE,Чехлы,Чехол для смартфона,2933.0,Potential Loyalists,Silver,2933.0,-0.06341970678486192
2025-06-25,ORD930014,27378295,GGG_Blue_2566,900,1,-420.0,-0.4666666666666667,2025,6,26,Wednesday,25,June,Robiton,Батарейки и аккумуляторы,Батарейка,900.0,Potential Loyalists,Silver,900.0,-0.4666666666666667
2025-04-21,ORD872256,71218572,BBB_White_1747,3100,2,2164.0,0.6980645161290323,2025,4,17,Monday,21,April,KZDOO,Чехлы,Чехол для смартфона,3100.0,Loyal Customers,Gold,1550.0,0.6980645161290323
2025-07-26,ORD354718,88663806,AAA_Black_2640,1020,2,699.5999999999999,0.6858823529411764,2025,7,30,Saturday,26,July,Robiton,Батарейки и аккумуляторы,Батарейка,1020.0,342,Gold,510.0,0.6858823529411764
2025-04-29,ORD403816,28074469,HHH_Black_6852,4990,4,13322.6,1.0,2025,4,18,Tuesday,29,April,KZDOO,Чехлы,Чехол для смартфона,4990.0,Loyal Customers,Platinum,1247.5,2.669859719438878
2025-09-02,ORD675177,43049959,EEE_Purple_6689,5500,1,162.0,0.0294545454545454,2025,9,36,Tuesday,2,September,KZDOO,Чехлы,Чехол для смартфона,5500.0,High Value New Customers,Platinum,5500.0,0.029454545454545455
2025-03-25,ORD360591,26492321,EEE_Purple_3803,2300,1,226.0,0.0982608695652173,2025,3,13,Tuesday,25,March,Renata,Батарейки и аккумуляторы,Батарейка,2300.0,Loyal Customers,Gold,2300.0,0.09826086956521739
2025-08-14,ORD969172,19770679,HHH_Red_1115,7828,1,1158.3199999999997,0.1479713847726111,2025,8,33,Thursday,14,August,K-DOO,Чехлы,Чехол для смартфона,7828.0,Loyal Customers,Platinum,7828.0,0.1479713847726111
2025-07-31,ORD341446,12307278,DDD_White_5998,7522,4,20333.38,1.0,2025,7,31,Thursday,31,July,KZDOO,Чехлы,Чехол для смартфона,7522.0,High Value New Customers,Gold,1880.5,2.703187981919702
2025-06-03,ORD341029,62741760,HHH_Titanium_3383,8990,1,361.0,0.0401557285873192,2025,6,23,Tuesday,3,June,KEEPHONE,Чехлы,Чехол для смартфона,8990.0,Cannot Lose Them,Silver,8990.0,0.040155728587319243
2025-01-21,ORD618048,85505511,FFF_Purple_4867,2000,4,5211.0,1.0,2025,1,4,Tuesday,21,January,REMAX,Защитные пленки и стекла,Защитное стекло,2000.0,At Risk,Bronze,500.0,2.6055
2025-03-13,ORD399461,80855016,FFF_Titanium_1848,5990,3,9180.7,1.0,2025,3,11,Thursday,13,March,KEEPHONE,Чехлы,Чехол для смартфона,5990.0,Loyal Customers,Platinum,1996.6666666666667,1.532671118530885
2025-08-10,ORD918840,44260719,HHH_Purple_8562,3790,4,9305.6,1.0,2025,8,32,Sunday,10,August,KEEPHONE,Чехлы,Чехол для смартфона,3790.0,Loyal Customers,Gold,947.5,2.4553034300791556
2025-04-07,ORD470357,51633895,BBB_Purple_8101,2000,3,3431.0,1.0,2025,4,15,Monday,7,April,Нет бренда,Чехлы,Чехол для смартфона,2000.0,At Risk,Bronze,666.6666666666666,1.7155
2025-03-29,ORD113279,68446959,HHH_Blue_5098,5980,1,735.1999999999998,0.122943143812709,2025,3,13,Saturday,29,March,KZDOO,Чехлы,Чехол для смартфона,5980.0,113,Bronze,5980.0,0.122943143812709
2025-05-09,ORD873526,48819696,BBB_Black_2129,5100,3,8021.0,1.0,2025,5,19,Friday,9,May,KZDOO,Чехлы,Чехол для наушников,5100.0,Cannot Lose Them,Silver,1700.0,1.5727450980392157
2025-03-12,ORD159437,19991230,GGG_Clear_6751,5380,4,12741.2,1.0,2025,3,11,Wednesday,12,March,KZDOO,Чехлы,Чехол для смартфона,5380.0,Potential Loyalists,Silver,1345.0,2.3682527881040896
2025-06-12,ORD844963,84862533,FFF_Red_8076,7580,2,7875.799999999999,1.0,2025,6,24,Thursday,12,June,KEEPHONE,Чехлы,Чехол для смартфона,7580.0,235,Gold,3790.0,1.0390237467018468
2025-01-25,ORD503417,99453640,CCC_Green_7311,11100,3,21388.0,1.0,2025,1,4,Saturday,25,January,KZDOO,Чехлы,Чехол для смартфона,11100.0,Loyal Customers,Platinum,3700.0,1.926846846846847
2025-07-04,ORD469944,15752189,HHH_Pink_7554,5100,3,8002.0,1.0,2025,7,27,Friday,4,July,KZDOO,Чехлы,Чехол для наушников,5100.0,Loyal Customers,Platinum,1700.0,1.5690196078431373
2025-04-01,ORD914651,61524158,FFF_Blue_7386,5100,1,984.0,0.1929411764705882,2025,4,14,Tuesday,1,April,KZDOO,Чехлы,Чехол для смартфона,5100.0,Loyal Customers,Platinum,5100.0,0.19294117647058823
2025-06-27,ORD585317,31882676,CCC_Titanium_5561,4980,4,13912.6,1.0,2025,6,26,Friday,27,June,KZDOO,Чехлы,Чехол для смартфона,4980.0,213,Silver,1245.0,2.793694779116466
2025-02-11,ORD622448,30155466,GGG_Red_1294,5580,3,9803.0,1.0,2025,2,7,Tuesday,11,February,KZDOO,Чехлы,Чехол для смартфона,5580.0,Loyal Customers,Platinum,1860.0,1.756810035842294
2025-07-24,ORD113296,93626225,FFF_Clear_4303,9990,3,16498.2,1.0,2025,7,30,Thursday,24,July,KZDOO,Чехлы,Чехол для смартфона,9990.0,Champions,Platinum,3330.0,1.6514714714714716
2025-03-02,ORD457465,95754103,EEE_White_9532,2980,3,5019.8,1.0,2025,3,9,Sunday,2,March,KZDOO,Чехлы,Чехол для смартфона,2980.0,Potential Loyalists,Silver,993.3333333333334,1.684496644295302
2025-09-16,ORD361670,93626225,FFF_Clear_4303,9990,3,16900.6,1.0,2025,9,38,Tuesday,16,September,KZDOO,Чехлы,Чехол для смартфона,9990.0,Champions,Platinum,3330.0,1.6917517517517515
2025-01-13,ORD718001,39196346,AAA_Purple_3049,5980,2,4705.799999999999,0.7869230769230768,2025,1,3,Monday,13,January,KZDOO,Чехлы,Чехол для смартфона,5980.0,High Value New Customers,Gold,2990.0,0.7869230769230768
2025-09-03,ORD946589,45016869,GGG_Black_6808,3490,4,9739.9,1.0,2025,9,36,Wednesday,3,September,KZDOO,Чехлы,Чехол для смартфона,3490.0,New Customers,Gold,872.5,2.7908022922636104
2025-02-28,ORD605723,59404266,GGG_Pink_4100,6090,1,779.3000000000002,0.1279638752052545,2025,2,9,Friday,28,February,KZDOO,Чехлы,Чехол для смартфона,6090.0,113,Bronze,6090.0,0.12796387520525454
2025-04-11,ORD213113,33351587,CCC_Black_6996,9980,1,1840.4,0.1844088176352705,2025,4,15,Friday,11,April,KZDOO,Чехлы,Чехол для смартфона,9980.0,High Value New Customers,Platinum,9980.0,0.18440881763527056
2025-05-29,ORD856285,43510857,GGG_Green_3846,6580,2,5422.6,0.8241033434650457,2025,5,22,Thursday,29,May,KZDOO,Чехлы,Чехол для смартфона,6580.0,High Value New Customers,Gold,3290.0,0.8241033434650457
2025-08-05,ORD656901,11165756,BBB_Clear_6493,6490,4,17239.7,1.0,2025,8,32,Tuesday,5,August,KEEPHONE,Чехлы,Чехол для смартфона,6490.0,314,Silver,1622.5,2.6563482280431434
2025-06-21,ORD805783,97578232,DDD_Titanium_7441,4980,3,8237.8,1.0,2025,6,25,Saturday,21,June,K-DOO,Чехлы,Чехол для наушников,4980.0,235,Gold,1660.0,1.654176706827309
2025-06-30,ORD533471,74566460,FFF_Blue_4146,11316,2,12329.760000000002,1.0,2025,6,27,Monday,30,June,KZDOO,Чехлы,Чехол для смартфона,11316.0,High Value New Customers,Platinum,5658.0,1.0895864262990458
2025-02-23,ORD555979,11935679,DDD_Green_2791,6580,4,17229.0,1.0,2025,2,8,Sunday,23,February,KZDOO,Чехлы,Чехол для смартфона,6580.0,Cannot Lose Them,Silver,1645.0,2.61838905775076
2025-01-28,ORD402712,33871669,EEE_Titanium_5854,4980,3,9574.6,1.0,2025,1,5,Tuesday,28,January,KZDOO,Чехлы,Чехол для смартфона,4980.0,At Risk,Bronze,1660.0,1.9226104417670684
2025-01-18,ORD387929,23021957,EEE_Black_4856,1000,2,507.0,0.507,2025,1,3,Saturday,18,January,REMAX,Защитные пленки и стекла,Защитное стекло,1000.0,Potential Loyalists,Silver,500.0,0.507
2025-08-05,ORD216082,99447531,HHH_Blue_6556,6580,4,16529.4,1.0,2025,8,32,Tuesday,5,August,KZDOO,Чехлы,Чехол для смартфона,6580.0,Potential Loyalists,Silver,1645.0,2.512066869300912
2025-04-20,ORD892776,77963118,EEE_Clear_8396,2850,1,-243.5,-0.085438596491228,2025,4,16,Sunday,20,April,KEEPHONE,Чехлы,Чехол для смартфона,2850.0,At Risk,Bronze,2850.0,-0.08543859649122806
2025-07-25,ORD990435,61490753,EEE_Purple_3010,1140,1,-110.0,-0.0964912280701754,2025,7,30,Friday,25,July,Renata,Батарейки и аккумуляторы,Батарейка,1140.0,New Customers,Silver,1140.0,-0.09649122807017543
2025-03-14,ORD562096,13837776,CCC_Clear_4340,900,4,1942.0,1.0,2025,3,11,Friday,14,March,Robiton,Батарейки и аккумуляторы,Батарейка,900.0,At Risk,Bronze,225.0,2.1577777777777776
2025-05-12,ORD277485,42673199,HHH_White_7627,7180,1,587.8000000000002,0.0818662952646239,2025,5,20,Monday,12,May,KZDOO,Чехлы,Чехол для смартфона,7180.0,High Value New Customers,Gold,7180.0,0.08186629526462398
2025-09-17,ORD334132,51813913,BBB_Blue_8050,2150,4,5055.5,1.0,2025,9,38,Wednesday,17,September,KEEPHONE,Чехлы,Чехол для смартфона,2150.0,New Customers,Gold,537.5,2.3513953488372095
2025-02-18,ORD343999,52180216,FFF_Red_7430,1800,3,2719.0,1.0,2025,2,8,Tuesday,18,February,K-DOO,Чехлы,Чехол для смартфона,1800.0,At Risk,Bronze,600.0,1.5105555555555557
2025-01-12,ORD238567,91841741,CCC_Pink_9680,7500,4,19746.0,1.0,2025,1,2,Sunday,12,January,KZDOO,Чехлы,Чехол для смартфона,7500.0,High Value New Customers,Platinum,1875.0,2.6328
2025-09-04,ORD796337,95432311,HHH_Clear_8087,4980,3,8743.2,1.0,2025,9,36,Thursday,4,September,KZDOO,Чехлы,Чехол для смартфона,4980.0,New Customers,Silver,1660.0,1.7556626506024098
2025-07-12,ORD365405,45437720,DDD_Black_8635,2850,2,2860.0,1.0,2025,7,28,Saturday,12,July,KEEPHONE,Чехлы,Чехол для смартфона,2850.0,Champions,Platinum,1425.0,1.0035087719298246
2025-08-15,ORD318298,64474460,DDD_Titanium_4062,6520,4,16748.4,1.0,2025,8,33,Friday,15,August,KZDOO,Чехлы,Чехол для смартфона,6520.0,High Value New Customers,Gold,1630.0,2.5687730061349696
2025-01-18,ORD341055,15266766,AAA_Black_3318,3490,2,3006.7,0.8615186246418337,2025,1,3,Saturday,18,January,KZDOO,Чехлы,Чехол для смартфона,3490.0,Potential Loyalists,Silver,1745.0,0.8615186246418337
2025-01-24,ORD657307,83601675,HHH_White_5225,9180,1,446.6000000000004,0.0486492374727669,2025,1,4,Friday,24,January,KZDOO,Чехлы,Чехол для смартфона,9180.0,High Value New Customers,Gold,9180.0,0.04864923747276693
2025-02-07,ORD380998,38137830,CCC_Titanium_4802,5380,3,8830.8,1.0,2025,2,6,Friday,7,February,KZDOO,Чехлы,Чехол для смартфона,5380.0,High Value New Customers,Gold,1793.3333333333333,1.6414126394052044
2025-01-20,ORD634818,30184321,DDD_Clear_2056,2780,4,7657.0,1.0,2025,1,4,Monday,20,January,KZDOO,Чехлы,Чехол для смартфона,2780.0,At Risk,Bronze,695.0,2.75431654676259
2025-09-08,ORD971365,43049959,EEE_Purple_6689,5500,2,4717.0,0.8576363636363636,2025,9,37,Monday,8,September,KZDOO,Чехлы,Чехол для смартфона,5500.0,High Value New Customers,Platinum,2750.0,0.8576363636363636
2025-01-01,ORD980613,26677770,CCC_Titanium_7668,3700,3,7114.0,1.0,2025,1,1,Wednesday,1,January,KEEPHONE,Чехлы,Чехол для смартфона,3700.0,234,Gold,1233.3333333333333,1.9227027027027026
2025-08-03,ORD749831,30038596,CCC_Red_8685,2150,3,3596.0,1.0,2025,8,31,Sunday,3,August,KEEPHONE,Чехлы,Чехол для смартфона,2150.0,Potential Loyalists,Bronze,716.6666666666666,1.6725581395348836
2025-04-11,ORD464135,57648642,AAA_Blue_3186,7380,1,1086.1999999999998,0.1471815718157181,2025,4,15,Friday,11,April,KEEPHONE,Чехлы,Чехол для смартфона,7380.0,At Risk,Bronze,7380.0,0.14718157181571814
2025-07-28,ORD496712,68455110,AAA_Purple_5764,4980,1,642.5999999999999,0.1290361445783132,2025,7,31,Monday,28,July,KZDOO,Чехлы,Чехол для смартфона,4980.0,Loyal Customers,Platinum,4980.0,0.12903614457831322
2025-04-12,ORD244390,97371150,CCC_Titanium_4827,6000,3,10813.0,1.0,2025,4,15,Saturday,12,April,KZDOO,Чехлы,Чехол для смартфона,6000.0,324,Gold,2000.0,1.8021666666666667
2025-05-11,ORD660354,58507722,AAA_Purple_1838,5500,3,10310.0,1.0,2025,5,19,Sunday,11,May,K-DOO,Чехлы,Чехол для смартфона,5500.0,Potential Loyalists,Silver,1833.3333333333333,1.8745454545454545
2025-05-29,ORD964759,20929551,HHH_White_8048,1450,4,3349.5,1.0,2025,5,22,Thursday,29,May,KZDOO,Чехлы,Чехол для смартфона,1450.0,At Risk,Bronze,362.5,2.31
2025-01-23,ORD817554,12665141,EEE_Clear_2689,5580,3,8901.8,1.0,2025,1,4,Thursday,23,January,KZDOO,Чехлы,Чехол для смартфона,5580.0,325,Gold,1860.0,1.5953046594982077
2025-07-10,ORD226932,21656338,AAA_Purple_3646,5100,4,12752.0,1.0,2025,7,28,Thursday,10,July,KZDOO,Чехлы,Чехол для смартфона,5100.0,324,Gold,1275.0,2.500392156862745
2025-08-07,ORD452265,38609788,FFF_Black_2193,5980,3,10880.2,1.0,2025,8,32,Thursday,7,August,KZDOO,Чехлы,Чехол для смартфона,5980.0,New Customers,Gold,1993.3333333333333,1.8194314381270904
2025-07-16,ORD916245,86313043,CCC_Purple_9765,3490,1,-60.0,-0.0171919770773638,2025,7,29,Wednesday,16,July,KZDOO,Чехлы,Чехол для смартфона,3490.0,Loyal Customers,Gold,3490.0,-0.017191977077363897
2025-05-29,ORD246086,13837776,CCC_Clear_4340,900,4,2174.0,1.0,2025,5,22,Thursday,29,May,Robiton,Батарейки и аккумуляторы,Батарейка,900.0,At Risk,Bronze,225.0,2.4155555555555557
2025-07-01,ORD346717,19963943,AAA_Black_2871,1400,2,1220.0,0.8714285714285714,2025,7,27,Tuesday,1,July,Нет бренда,Кабели и переходники,Кабель-переходник,1400.0,Potential Loyalists,Silver,700.0,0.8714285714285714
2025-09-21,ORD233938,70074612,BBB_Red_5004,2860,1,206.4000000000001,0.0721678321678322,2025,9,38,Sunday,21,September,Robiton,Батарейки и аккумуляторы,Батарейка,2860.0,New Customers,Silver,2860.0,0.0721678321678322
2025-03-30,ORD619117,13739750,BBB_Pink_5147,6090,4,17015.2,1.0,2025,3,13,Sunday,30,March,KZDOO,Чехлы,Чехол для смартфона,6090.0,Cannot Lose Them,Gold,1522.5,2.7939573070607553
2025-05-04,ORD250806,60736622,HHH_Pink_2327,9380,4,23937.2,1.0,2025,5,18,Sunday,4,May,KZDOO,Чехлы,Чехол для смартфона,9380.0,Cannot Lose Them,Gold,2345.0,2.551940298507463
2025-05-04,ORD250806,60736622,HHH_Pink_2327,9380,4,23937.2,1.0,2025,5,18,Sunday,4,May,KZDOO,Чехлы,Чехол для смартфона,9380.0,Cannot Lose Them,Gold,2345.0,2.551940298507463
2025-03-03,ORD353102,94015399,HHH_Titanium_5260,4980,2,4607.8,0.9252610441767068,2025,3,10,Monday,3,March,KZDOO,Чехлы,Чехол для смартфона,4980.0,Cannot Lose Them,Silver,2490.0,0.9252610441767068
2025-01-31,ORD168427,46775139,EEE_Green_8714,6580,4,18260.2,1.0,2025,1,5,Friday,31,January,KZDOO,Чехлы,Чехол для смартфона,6580.0,Cannot Lose Them,Silver,1645.0,2.7751063829787235
2025-06-22,ORD899287,63259901,CCC_White_6266,5100,3,9437.0,1.0,2025,6,25,Sunday,22,June,KZDOO,Чехлы,Чехол для наушников,5100.0,Loyal Customers,Gold,1700.0,1.850392156862745
2025-06-25,ORD135392,42076004,BBB_Titanium_8654,5100,2,4840.0,0.9490196078431372,2025,6,26,Wednesday,25,June,KZDOO,Чехлы,Чехол для смартфона,5100.0,At Risk,Bronze,2550.0,0.9490196078431372
2025-03-03,ORD461712,49649549,BBB_Black_9198,880,1,-319.6,-0.3631818181818182,2025,3,10,Monday,3,March,Robiton,Батарейки и аккумуляторы,Батарейка,880.0,New Customers,Silver,880.0,-0.3631818181818182
2025-02-18,ORD676755,50907007,DDD_White_7187,11100,1,354.0,0.0318918918918918,2025,2,8,Tuesday,18,February,KZDOO,Чехлы,Чехол для смартфона,11100.0,Cannot Lose Them,Gold,11100.0,0.03189189189189189
2025-09-22,ORD535118,79145863,BBB_Clear_5799,2980,3,5576.2,1.0,2025,9,39,Monday,22,September,KZDOO,Чехлы,Чехол для смартфона,2980.0,New Customers,Gold,993.3333333333334,1.8712080536912752
2025-06-01,ORD854740,55426923,AAA_Red_9393,7828,1,1940.4,0.247879407256004,2025,6,22,Sunday,1,June,K-DOO,Чехлы,Чехол для смартфона,7828.0,Cannot Lose Them,Gold,7828.0,0.2478794072560041
2025-05-09,ORD702940,91929436,HHH_Red_3612,2700,4,6678.0,1.0,2025,5,19,Friday,9,May,KZDOO,Чехлы,Чехол для смартфона,2700.0,At Risk,Bronze,675.0,2.473333333333333
2025-05-12,ORD946946,93626225,FFF_Clear_4303,9990,4,27512.0,1.0,2025,5,20,Monday,12,May,KZDOO,Чехлы,Чехол для смартфона,9990.0,Champions,Platinum,2497.5,2.753953953953954
2025-04-25,ORD999527,21837136,GGG_Clear_8073,2300,3,3858.0,1.0,2025,4,17,Friday,25,April,Varta,Батарейки и аккумуляторы,Батарейка,2300.0,New Customers,Silver,766.6666666666666,1.6773913043478261
2025-08-22,ORD831209,38056815,AAA_Pink_8879,2390,1,4.099999999999909,0.001715481171548,2025,8,34,Friday,22,August,KEEPHONE,Чехлы,Чехол для смартфона,2390.0,New Customers,Silver,2390.0,0.0017154811715480792
2025-05-05,ORD550422,94336108,EEE_Titanium_3108,5580,1,79.0,0.0141577060931899,2025,5,19,Monday,5,May,KZDOO,Чехлы,Чехол для смартфона,5580.0,235,Gold,5580.0,0.014157706093189963
2025-09-07,ORD858186,41515025,DDD_Purple_3677,980,3,1484.1999999999998,1.0,2025,9,36,Sunday,7,September,Varta,Батарейки и аккумуляторы,Батарейка,980.0,New Customers,Silver,326.6666666666667,1.5144897959183672
2025-03-27,ORD766814,39478464,BBB_Clear_6099,3700,2,3929.0,1.0,2025,3,13,Thursday,27,March,KEEPHONE,Чехлы,Чехол для смартфона,3700.0,New Customers,Gold,1850.0,1.0618918918918918
2025-08-22,ORD547785,54781961,DDD_Titanium_1016,7522,1,891.5200000000004,0.1185216697686786,2025,8,34,Friday,22,August,KZDOO,Чехлы,Чехол для смартфона,7522.0,High Value New Customers,Gold,7522.0,0.1185216697686786
2025-02-12,ORD578554,70326795,FFF_Purple_9422,11100,2,9284.0,0.8363963963963964,2025,2,7,Wednesday,12,February,Неизвестно,Чехлы,Неизвестно,11100.0,Champions,Platinum,5550.0,0.8363963963963964
2025-08-24,ORD704250,40042947,GGG_Green_4062,5990,1,-103.59999999999992,-0.0172954924874791,2025,8,34,Sunday,24,August,KEEPHONE,Чехлы,Чехол для смартфона,5990.0,New Customers,Silver,5990.0,-0.01729549248747912
2025-02-27,ORD314660,61674284,DDD_Black_1765,5560,1,287.1999999999998,0.0516546762589927,2025,2,9,Thursday,27,February,KZDOO,Чехлы,Чехол для смартфона,5560.0,Potential Loyalists,Silver,5560.0,0.051654676258992775
2025-04-06,ORD451731,59240777,DDD_Titanium_5938,1220,1,23.600000000000023,0.0193442622950819,2025,4,14,Sunday,6,April,REMAX,Защитные пленки и стекла,Защитное стекло,1220.0,New Customers,Gold,1220.0,0.019344262295081988
2025-04-02,ORD314839,21970497,GGG_Black_1389,3914,1,661.5,0.1690086867654573,2025,4,14,Wednesday,2,April,KZDOO,Чехлы,Чехол для смартфона,3914.0,New Customers,Silver,3914.0,0.16900868676545733
2025-07-13,ORD116411,11460725,EEE_Purple_9341,7580,4,20136.8,1.0,2025,7,28,Sunday,13,July,KEEPHONE,Чехлы,Чехол для смартфона,7580.0,314,Silver,1895.0,2.656569920844327
2025-07-04,ORD541226,16837385,AAA_Blue_3988,7580,2,5987.6,0.7899208443271768,2025,7,27,Friday,4,July,KEEPHONE,Чехлы,Чехол для смартфона,7580.0,Loyal Customers,Platinum,3790.0,0.7899208443271768
2025-04-04,ORD931992,77440758,DDD_Red_3932,9180,2,8855.8,0.9646840958605664,2025,4,14,Friday,4,April,KZDOO,Чехлы,Чехол для смартфона,9180.0,Cannot Lose Them,Silver,4590.0,0.9646840958605664
2025-01-04,ORD709248,17961013,GGG_Purple_4980,3490,1,-330.5,-0.0946991404011461,2025,1,1,Saturday,4,January,KZDOO,Чехлы,Чехол для смартфона,3490.0,123,Silver,3490.0,-0.09469914040114613
2025-05-20,ORD118389,58484682,GGG_Green_9626,4380,1,-25.800000000000185,-0.0058904109589041,2025,5,21,Tuesday,20,May,KZDOO,Чехлы,Чехол для смартфона,4380.0,Loyal Customers,Platinum,4380.0,-0.005890410958904152
2025-09-27,ORD256204,82611352,HHH_Pink_5740,3380,2,2844.4,0.8415384615384615,2025,9,39,Saturday,27,September,KZDOO,Чехлы,Чехол для смартфона,3380.0,High Value New Customers,Gold,1690.0,0.8415384615384616
2025-08-22,ORD644336,13687354,DDD_Black_1710,4990,4,13043.8,1.0,2025,8,34,Friday,22,August,KZDOO,Чехлы,Чехол для смартфона,4990.0,High Value New Customers,Gold,1247.5,2.6139879759519036
2025-01-23,ORD506926,65992151,FFF_Red_3712,3400,3,5323.0,1.0,2025,1,4,Thursday,23,January,KEEPHONE,Чехлы,Чехол для смартфона,3400.0,Loyal Customers,Gold,1133.3333333333333,1.5655882352941177
2025-04-10,ORD189433,72864961,BBB_Red_7058,6980,3,12304.2,1.0,2025,4,15,Thursday,10,April,KEEPHONE,Чехлы,Чехол для смартфона,6980.0,Loyal Customers,Gold,2326.6666666666665,1.7627793696275074
2025-09-24,ORD881760,28310439,HHH_White_7575,2790,2,2091.8,0.7497491039426524,2025,9,39,Wednesday,24,September,KZDOO,Чехлы,Чехол для смартфона,2790.0,New Customers,Silver,1395.0,0.7497491039426524
2025-07-27,ORD250394,93363944,DDD_Blue_6449,580,1,-432.6,-0.7458620689655173,2025,7,30,Sunday,27,July,Robiton,Батарейки и аккумуляторы,Батарейка,580.0,Potential Loyalists,Silver,580.0,-0.7458620689655173
2025-06-07,ORD988969,85687791,AAA_Black_9253,5980,1,846.6000000000004,0.1415719063545151,2025,6,23,Saturday,7,June,KEEPHONE,Чехлы,Чехол для смартфона,5980.0,Cannot Lose Them,Gold,5980.0,0.1415719063545151
2025-01-03,ORD802878,97679450,DDD_Titanium_6156,1340,4,3116.6000000000004,1.0,2025,1,1,Friday,3,January,REMAX,Защитные пленки и стекла,Защитное стекло,1340.0,New Customers,Silver,335.0,2.3258208955223885
2025-06-16,ORD101096,24862643,FFF_Clear_2774,7380,3,12895.0,1.0,2025,6,25,Monday,16,June,K-DOO,Чехлы,Чехол для смартфона,7380.0,Loyal Customers,Platinum,2460.0,1.747289972899729
2025-06-19,ORD405606,26492031,BBB_Pink_5852,1800,4,4084.0,1.0,2025,6,25,Thursday,19,June,K-DOO,Чехлы,Чехол для смартфона,1800.0,Loyal Customers,Gold,450.0,2.2688888888888887
2025-06-12,ORD586618,55970003,CCC_Blue_8291,5580,3,10157.0,1.0,2025,6,24,Thursday,12,June,KZDOO,Чехлы,Чехол для смартфона,5580.0,324,Gold,1860.0,1.8202508960573476
2025-08-11,ORD308994,79587722,BBB_Green_5708,2700,2,2537.0,0.9396296296296296,2025,8,33,Monday,11,August,KZDOO,Чехлы,Чехол для смартфона,2700.0,New Customers,Silver,1350.0,0.9396296296296296
2025-05-06,ORD254230,51633895,BBB_Purple_8101,2000,3,3007.0,1.0,2025,5,19,Tuesday,6,May,Нет бренда,Чехлы,Чехол для смартфона,2000.0,At Risk,Bronze,666.6666666666666,1.5035
2025-03-07,ORD518488,18398142,BBB_Black_6019,6580,4,17122.2,1.0,2025,3,10,Friday,7,March,KZDOO,Чехлы,Чехол для смартфона,6580.0,Cannot Lose Them,Silver,1645.0,2.6021580547112464
2025-01-16,ORD319057,82471173,FFF_Pink_7016,3100,4,7981.0,1.0,2025,1,3,Thursday,16,January,KZDOO,Чехлы,Чехол для смартфона,3100.0,Loyal Customers,Platinum,775.0,2.5745161290322582
2025-02-18,ORD126292,59197687,GGG_Blue_7759,9180,4,27111.0,1.0,2025,2,8,Tuesday,18,February,KZDOO,Чехлы,Чехол для смартфона,9180.0,Loyal Customers,Platinum,2295.0,2.9532679738562093
2025-02-05,ORD716773,38702896,CCC_Pink_9065,4980,2,3778.2,0.7586746987951807,2025,2,6,Wednesday,5,February,K-DOO,Чехлы,Чехол для наушников,4980.0,At Risk,Bronze,2490.0,0.7586746987951807
2025-02-15,ORD943493,62735344,GGG_Blue_8476,2980,3,4584.2,1.0,2025,2,7,Saturday,15,February,KZDOO,Чехлы,Чехол для смартфона,2980.0,New Customers,Gold,993.3333333333334,1.5383221476510067
2025-04-24,ORD371806,80809032,CCC_Green_8797,2100,3,3640.0,1.0,2025,4,17,Thursday,24,April,KZDOO,Чехлы,Чехол для смартфона,2100.0,At Risk,Bronze,700.0,1.7333333333333334
2025-05-12,ORD318418,58035424,DDD_Purple_3955,2700,4,6974.0,1.0,2025,5,20,Monday,12,May,KZDOO,Чехлы,Чехол для смартфона,2700.0,New Customers,Gold,675.0,2.582962962962963
2025-04-22,ORD217586,85419196,BBB_Pink_3586,640,3,497.4000000000001,0.7771875000000001,2025,4,17,Tuesday,22,April,Varta,Батарейки и аккумуляторы,Батарейка,640.0,At Risk,Bronze,213.33333333333334,0.7771875000000001
2025-04-28,ORD820283,69586840,GGG_White_9441,3180,1,-217.79999999999995,-0.0684905660377358,2025,4,18,Monday,28,April,KZDOO,Чехлы,Чехол для смартфона,3180.0,At Risk,Bronze,3180.0,-0.06849056603773583
2025-09-01,ORD462336,96094802,HHH_Pink_9568,1390,1,-114.70000000000005,-0.0825179856115108,2025,9,36,Monday,1,September,KZDOO,Чехлы,Чехол для смартфона,1390.0,New Customers,Silver,1390.0,-0.08251798561151083
2025-05-24,ORD613479,86076744,CCC_Titanium_7873,850,1,-279.0,-0.328235294117647,2025,5,21,Saturday,24,May,Robiton,Батарейки и аккумуляторы,Батарейка,850.0,At Risk,Bronze,850.0,-0.32823529411764707
2025-07-04,ORD676161,43817644,AAA_Green_1908,11100,3,20173.0,1.0,2025,7,27,Friday,4,July,KZDOO,Чехлы,Чехол для смартфона,11100.0,High Value New Customers,Platinum,3700.0,1.8173873873873874
2025-06-09,ORD439314,34751007,EEE_Purple_9678,1980,2,1388.1999999999998,0.701111111111111,2025,6,24,Monday,9,June,Robiton,Батарейки и аккумуляторы,Аккумуляторная батарейка,1980.0,Potential Loyalists,Silver,990.0,0.701111111111111
2025-07-02,ORD750637,74692955,DDD_Black_2968,5124,2,4575.039999999999,0.8928649492583917,2025,7,27,Wednesday,2,July,KZDOO,Чехлы,Чехол для смартфона,5124.0,Champions,Platinum,2562.0,0.8928649492583917
2025-09-10,ORD789045,54421974,AAA_Titanium_7555,520,2,162.0,0.3115384615384615,2025,9,37,Wednesday,10,September,Robiton,Батарейки и аккумуляторы,Батарейка,520.0,New Customers,Silver,260.0,0.31153846153846154
2025-02-01,ORD249643,32897454,AAA_Black_9206,4980,2,4860.4,0.9759839357429718,2025,2,5,Saturday,1,February,KZDOO,Чехлы,Чехол для смартфона,4980.0,113,Bronze,2490.0,0.9759839357429718
2025-06-23,ORD682845,50339234,CCC_Black_7296,2933,1,314.93000000000006,0.1073747016706444,2025,6,26,Monday,23,June,KEEPHONE,Чехлы,Чехол для смартфона,2933.0,Potential Loyalists,Silver,2933.0,0.10737470167064442
2025-06-01,ORD976516,73878829,BBB_White_4633,2900,1,-268.0,-0.0924137931034482,2025,6,22,Sunday,1,June,KZDOO,Чехлы,Чехол для смартфона,2900.0,Loyal Customers,Gold,2900.0,-0.09241379310344827
2025-01-05,ORD163349,97679450,DDD_Titanium_6156,1340,4,3025.8,1.0,2025,1,1,Sunday,5,January,REMAX,Защитные пленки и стекла,Защитное стекло,1340.0,New Customers,Silver,335.0,2.2580597014925377
2025-01-10,ORD911442,28964554,HHH_Clear_2719,2700,3,4317.0,1.0,2025,1,2,Friday,10,January,K-DOO,Чехлы,Чехол для смартфона,2700.0,Potential Loyalists,Silver,900.0,1.5988888888888888
2025-08-28,ORD544332,68974260,EEE_Clear_3113,2500,3,4689.0,1.0,2025,8,35,Thursday,28,August,KZDOO,Чехлы,Чехол для смартфона,2500.0,New Customers,Silver,833.3333333333334,1.8756
2025-04-17,ORD785528,73339847,BBB_Clear_5381,2596,2,2372.6,0.9139445300462248,2025,4,16,Thursday,17,April,KZDOO,Чехлы,Чехол для смартфона,2596.0,Loyal Customers,Gold,1298.0,0.9139445300462249
2025-06-01,ORD561033,86221208,DDD_Clear_1598,6580,1,437.6000000000004,0.0665045592705167,2025,6,22,Sunday,1,June,KZDOO,Чехлы,Чехол для смартфона,6580.0,Loyal Customers,Platinum,6580.0,0.06650455927051678
2025-04-26,ORD135628,44426303,CCC_Green_5742,4980,2,5106.4,1.0,2025,4,17,Saturday,26,April,KZDOO,Чехлы,Чехол для смартфона,4980.0,113,Bronze,2490.0,1.0253815261044177
2025-03-22,ORD995509,64199822,AAA_White_3239,5300,4,13831.0,1.0,2025,3,12,Saturday,22,March,KZDOO,Чехлы,Чехол для смартфона,5300.0,213,Silver,1325.0,2.609622641509434
2025-05-15,ORD289273,27500707,AAA_Titanium_8848,1890,3,2967.2,1.0,2025,5,20,Thursday,15,May,KEEPHONE,Чехлы,Чехол для смартфона,1890.0,Potential Loyalists,Silver,630.0,1.5699470899470898
2025-04-16,ORD944982,22934764,GGG_White_7632,1420,3,2456.0,1.0,2025,4,16,Wednesday,16,April,REMAX,Защитные пленки и стекла,Защитное стекло,1420.0,Potential Loyalists,Bronze,473.3333333333333,1.7295774647887323
2025-09-25,ORD765618,20586151,CCC_Red_5609,6990,2,6060.9,0.8670815450643776,2025,9,39,Thursday,25,September,KEEPHONE,Чехлы,Чехол для смартфона,6990.0,High Value New Customers,Platinum,3495.0,0.8670815450643776
2025-07-06,ORD965404,49991507,CCC_Blue_6413,11990,4,31363.4,1.0,2025,7,27,Sunday,6,July,KEEPHONE,Чехлы,Чехол для смартфона,11990.0,High Value New Customers,Platinum,2997.5,2.615796497080901
2025-05-28,ORD742900,47344384,FFF_Blue_2457,3980,3,6608.6,1.0,2025,5,22,Wednesday,28,May,KZDOO,Чехлы,Чехол для смартфона,3980.0,324,Gold,1326.6666666666667,1.6604522613065327
2025-09-19,ORD572082,92900294,CCC_Titanium_9375,11100,4,30700.0,1.0,2025,9,38,Friday,19,September,KZDOO,Чехлы,Чехол для смартфона,11100.0,New Customers,Gold,2775.0,2.765765765765766
2025-09-10,ORD945201,26194974,AAA_Black_7725,3380,4,8450.0,1.0,2025,9,37,Wednesday,10,September,KZDOO,Чехлы,Чехол для смартфона,3380.0,Champions,Platinum,845.0,2.5
2025-02-16,ORD567865,83447966,BBB_Blue_8761,5180,2,4518.6,0.8723166023166024,2025,2,7,Sunday,16,February,KZDOO,Чехлы,Чехол для смартфона,5180.0,Champions,Platinum,2590.0,0.8723166023166024
2025-01-27,ORD756870,43923333,EEE_Red_1730,5990,1,1334.0,0.2227045075125208,2025,1,5,Monday,27,January,Нет бренда,Чехлы,Неизвестно,5990.0,Cannot Lose Them,Silver,5990.0,0.22270450751252086
2025-05-10,ORD815106,86313043,CCC_Purple_9765,3490,2,3324.5,0.9525787965616046,2025,5,19,Saturday,10,May,KZDOO,Чехлы,Чехол для смартфона,3490.0,Loyal Customers,Gold,1745.0,0.9525787965616046
2025-09-10,ORD822890,74784496,EEE_Red_7366,11100,1,1870.0,0.1684684684684684,2025,9,37,Wednesday,10,September,KZDOO,Чехлы,Чехол для смартфона,11100.0,High Value New Customers,Platinum,11100.0,0.16846846846846847
2025-01-20,ORD203240,72357603,GGG_Red_6138,5180,4,13855.8,1.0,2025,1,4,Monday,20,January,KZDOO,Чехлы,Чехол для смартфона,5180.0,Cannot Lose Them,Silver,1295.0,2.6748648648648645
2025-01-15,ORD876616,55570580,BBB_White_3663,11100,1,1701.0,0.1532432432432432,2025,1,3,Wednesday,15,January,KZDOO,Чехлы,Чехол для смартфона,11100.0,High Risk High Value,Gold,11100.0,0.15324324324324323
2025-07-28,ORD539052,78108555,BBB_Green_2236,6050,4,15272.5,1.0,2025,7,31,Monday,28,July,KZDOO,Чехлы,Чехол для смартфона,6050.0,Champions,Platinum,1512.5,2.5243801652892564
2025-03-21,ORD171956,97371150,CCC_Titanium_4827,6000,3,10733.0,1.0,2025,3,12,Friday,21,March,KZDOO,Чехлы,Чехол для смартфона,6000.0,324,Gold,2000.0,1.7888333333333333
2025-08-02,ORD151529,54781961,DDD_Titanium_1016,7522,3,11875.86,1.0,2025,8,31,Saturday,2,August,KZDOO,Чехлы,Чехол для смартфона,7522.0,High Value New Customers,Gold,2507.3333333333335,1.5788168040414785
2025-03-18,ORD662098,98761418,FFF_White_2354,3380,3,6465.200000000001,1.0,2025,3,12,Tuesday,18,March,KZDOO,Чехлы,Чехол для смартфона,3380.0,At Risk,Bronze,1126.6666666666667,1.9127810650887576
2025-08-03,ORD136226,18140841,EEE_Pink_1003,4980,2,4441.2,0.8918072289156627,2025,8,31,Sunday,3,August,KZDOO,Чехлы,Чехол для смартфона,4980.0,Loyal Customers,Gold,2490.0,0.8918072289156627
2025-03-26,ORD247609,69728328,HHH_Red_6449,1800,2,1607.0,0.8927777777777778,2025,3,13,Wednesday,26,March,Panasonic,Батарейки и аккумуляторы,Батарейка,1800.0,Loyal Customers,Gold,900.0,0.8927777777777778
2025-07-04,ORD157781,18885984,DDD_Purple_4347,6200,4,15822.0,1.0,2025,7,27,Friday,4,July,KEEPHONE,Чехлы,Чехол для смартфона,6200.0,325,Gold,1550.0,2.5519354838709676
2025-03-03,ORD967578,20586151,CCC_Red_5609,6990,3,12072.2,1.0,2025,3,10,Monday,3,March,KEEPHONE,Чехлы,Чехол для смартфона,6990.0,High Value New Customers,Platinum,2330.0,1.7270672389127326
2025-09-10,ORD767827,57338726,DDD_Red_2755,4980,2,4037.0,0.8106425702811245,2025,9,37,Wednesday,10,September,KZDOO,Чехлы,Чехол для смартфона,4980.0,High Value New Customers,Gold,2490.0,0.8106425702811245
2025-04-20,ORD333177,32717202,HHH_Purple_7702,2320,3,3700.2,1.0,2025,4,16,Sunday,20,April,Robiton,Батарейки и аккумуляторы,Батарейка,2320.0,New Customers,Gold,773.3333333333334,1.5949137931034483
2025-01-15,ORD365544,79490292,AAA_Black_3015,3490,2,3311.8,0.9489398280802293,2025,1,3,Wednesday,15,January,KZDOO,Чехлы,Чехол для смартфона,3490.0,At Risk,Bronze,1745.0,0.9489398280802293
2025-03-28,ORD520022,87660983,EEE_Green_6626,3380,1,450.4000000000001,0.1332544378698225,2025,3,13,Friday,28,March,KZDOO,Чехлы,Чехол для смартфона,3380.0,Potential Loyalists,Silver,3380.0,0.13325443786982252
2025-05-02,ORD540861,12911883,DDD_Red_2385,680,1,-226.4,-0.3329411764705882,2025,5,18,Friday,2,May,Robiton,Батарейки и аккумуляторы,Батарейка,680.0,At Risk,Bronze,680.0,-0.33294117647058824
2025-06-22,ORD740178,73534464,AAA_White_5914,2780,3,4470.0,1.0,2025,6,25,Sunday,22,June,KZDOO,Чехлы,Чехол для смартфона,2780.0,At Risk,Bronze,926.6666666666666,1.6079136690647482
2025-05-14,ORD991610,26492031,BBB_Pink_5852,1800,4,4422.0,1.0,2025,5,20,Wednesday,14,May,K-DOO,Чехлы,Чехол для смартфона,1800.0,Loyal Customers,Gold,450.0,2.4566666666666666
2025-04-11,ORD490824,81335479,GGG_Purple_4170,2000,2,1615.0,0.8075,2025,4,15,Friday,11,April,Нет бренда,Чехлы,Чехол для смартфона,2000.0,Potential Loyalists,Bronze,1000.0,0.8075
2025-06-28,ORD389974,60654307,EEE_Pink_1140,3100,2,2658.0,0.8574193548387097,2025,6,26,Saturday,28,June,KZDOO,Чехлы,Чехол для смартфона,3100.0,About To Sleep,Silver,1550.0,0.8574193548387097
2025-05-31,ORD808139,96010532,HHH_Black_6946,2490,1,-309.20000000000005,-0.1241767068273092,2025,5,22,Saturday,31,May,KZDOO,Чехлы,Чехол для смартфона,2490.0,Potential Loyalists,Silver,2490.0,-0.12417670682730926
2025-02-12,ORD887437,47113990,GGG_Pink_5720,6900,1,1417.0,0.2053623188405797,2025,2,7,Wednesday,12,February,KZDOO,Чехлы,Чехол для смартфона,6900.0,Cannot Lose Them,Silver,6900.0,0.2053623188405797
2025-03-08,ORD880745,24046960,GGG_Purple_6176,2980,4,7253.4,1.0,2025,3,10,Saturday,8,March,KZDOO,Чехлы,Чехол для смартфона,2980.0,New Customers,Gold,745.0,2.4340268456375838
2025-02-15,ORD254944,52308782,AAA_Clear_6277,3980,4,10051.0,1.0,2025,2,7,Saturday,15,February,KZDOO,Чехлы,Чехол для смартфона,3980.0,Loyal Customers,Platinum,995.0,2.5253768844221107
2025-05-03,ORD338739,94463588,EEE_Pink_5016,4980,4,13219.2,1.0,2025,5,18,Saturday,3,May,KEEPHONE,Чехлы,Чехол для смартфона,4980.0,324,Gold,1245.0,2.6544578313253013
2025-04-30,ORD706496,71320164,DDD_Pink_5120,6490,3,13050.3,1.0,2025,4,18,Wednesday,30,April,KZDOO,Чехлы,Чехол для смартфона,6490.0,At Risk,Bronze,2163.3333333333335,2.0108320493066256
2025-06-20,ORD659582,22078766,EEE_White_3455,7500,1,1066.0,0.1421333333333333,2025,6,25,Friday,20,June,KZDOO,Чехлы,Чехол для смартфона,7500.0,At Risk,Bronze,7500.0,0.14213333333333333
2025-05-19,ORD736557,41865954,GGG_White_9632,5980,3,9448.4,1.0,2025,5,21,Monday,19,May,KZDOO,Чехлы,Чехол для смартфона,5980.0,325,Gold,1993.3333333333333,1.5799999999999998
2025-02-22,ORD137433,38119865,GGG_Blue_2701,5380,1,1269.6000000000004,0.2359851301115242,2025,2,8,Saturday,22,February,KZDOO,Чехлы,Чехол для смартфона,5380.0,Cannot Lose Them,Silver,5380.0,0.23598513011152422
2025-06-09,ORD854286,27622520,CCC_Purple_8847,3490,1,809.1999999999998,0.231862464183381,2025,6,24,Monday,9,June,KZDOO,Чехлы,Чехол для смартфона,3490.0,Cannot Lose Them,Silver,3490.0,0.23186246418338102
2025-02-06,ORD489068,71643669,CCC_Green_1403,11100,2,11411.0,1.0,2025,2,6,Thursday,6,February,KZDOO,Чехлы,Чехол для смартфона,11100.0,Loyal Customers,Platinum,5550.0,1.028018018018018
2025-08-10,ORD324154,74566460,FFF_Blue_4146,11316,1,52.48000000000047,0.0046376811594203,2025,8,32,Sunday,10,August,KZDOO,Чехлы,Чехол для смартфона,11316.0,High Value New Customers,Platinum,11316.0,0.004637681159420331
2025-01-03,ORD447336,49991507,CCC_Blue_6413,11990,1,1411.5,0.1177231025854879,2025,1,1,Friday,3,January,KEEPHONE,Чехлы,Чехол для смартфона,11990.0,High Value New Customers,Platinum,11990.0,0.1177231025854879
2025-01-18,ORD840478,73878829,BBB_White_4633,2900,3,4663.0,1.0,2025,1,3,Saturday,18,January,KZDOO,Чехлы,Чехол для смартфона,2900.0,Loyal Customers,Gold,966.6666666666666,1.6079310344827586
2025-05-09,ORD927376,16837385,AAA_Blue_3988,7580,1,632.0,0.083377308707124,2025,5,19,Friday,9,May,KEEPHONE,Чехлы,Чехол для смартфона,7580.0,Loyal Customers,Platinum,7580.0,0.08337730870712401
2025-02-10,ORD204127,19331204,BBB_Pink_6613,5100,3,9678.0,1.0,2025,2,7,Monday,10,February,KZDOO,Чехлы,Чехол для смартфона,5100.0,New Customers,Gold,1700.0,1.8976470588235295
2025-02-17,ORD205830,79747505,AAA_Blue_9495,5980,4,15877.2,1.0,2025,2,8,Monday,17,February,KEEPHONE,Чехлы,Чехол для смартфона,5980.0,213,Silver,1495.0,2.6550501672240805
2025-08-01,ORD872667,44760063,BBB_Purple_6571,5980,1,338.4000000000001,0.0565886287625418,2025,8,31,Friday,1,August,KZDOO,Чехлы,Чехол для смартфона,5980.0,Potential Loyalists,Silver,5980.0,0.05658862876254182
2025-02-28,ORD557755,46780122,HHH_Black_4468,5500,1,419.0,0.0761818181818181,2025,2,9,Friday,28,February,K-DOO,Чехлы,Чехол для смартфона,5500.0,Potential Loyalists,Silver,5500.0,0.07618181818181818
2025-02-17,ORD433686,48759312,AAA_Clear_7073,1490,3,2298.8,1.0,2025,2,8,Monday,17,February,KZDOO,Чехлы,Чехол для смартфона,1490.0,Potential Loyalists,Silver,496.6666666666667,1.5428187919463088
2025-03-21,ORD539020,89677157,DDD_White_8101,7180,4,18725.0,1.0,2025,3,12,Friday,21,March,K-DOO,Чехлы,Чехол для смартфона,7180.0,325,Gold,1795.0,2.6079387186629526
2025-02-11,ORD132349,18398142,BBB_Black_6019,6580,2,6263.200000000001,0.9518541033434652,2025,2,7,Tuesday,11,February,KZDOO,Чехлы,Чехол для смартфона,6580.0,Cannot Lose Them,Silver,3290.0,0.9518541033434652
2025-07-25,ORD691754,44323356,GGG_Clear_9401,5100,4,13448.0,1.0,2025,7,30,Friday,25,July,KZDOO,Чехлы,Чехол для смартфона,5100.0,324,Gold,1275.0,2.636862745098039
2025-01-31,ORD297210,48542574,BBB_Pink_9074,4990,3,8054.9,1.0,2025,1,5,Friday,31,January,KZDOO,Чехлы,Чехол для смартфона,4990.0,Cannot Lose Them,Silver,1663.3333333333333,1.6142084168336672
2025-05-18,ORD297539,17625450,EEE_Red_9020,5580,4,14309.2,1.0,2025,5,20,Sunday,18,May,KZDOO,Чехлы,Чехол для смартфона,5580.0,Cannot Lose Them,Gold,1395.0,2.564372759856631
2025-09-27,ORD792189,60481401,BBB_Titanium_5485,3380,3,5636.0,1.0,2025,9,39,Saturday,27,September,KZDOO,Чехлы,Чехол для смартфона,3380.0,High Value New Customers,Gold,1126.6666666666667,1.667455621301775
2025-07-26,ORD320375,57636631,HHH_Red_3578,3100,3,5595.0,1.0,2025,7,30,Saturday,26,July,KZDOO,Чехлы,Чехол для смартфона,3100.0,Potential Loyalists,Silver,1033.3333333333333,1.8048387096774194
2025-09-13,ORD401324,99453640,CCC_Green_7311,11100,2,10558.0,0.9511711711711712,2025,9,37,Saturday,13,September,KZDOO,Чехлы,Чехол для смартфона,11100.0,Loyal Customers,Platinum,5550.0,0.9511711711711712
2025-03-21,ORD695740,62448369,HHH_Purple_1302,2980,1,244.4000000000001,0.0820134228187919,2025,3,12,Friday,21,March,KZDOO,Чехлы,Чехол для смартфона,2980.0,New Customers,Gold,2980.0,0.08201342281879198
2025-07-13,ORD204744,47344384,FFF_Blue_2457,3980,3,7295.6,1.0,2025,7,28,Sunday,13,July,KZDOO,Чехлы,Чехол для смартфона,3980.0,324,Gold,1326.6666666666667,1.833065326633166
2025-05-20,ORD788494,71947674,AAA_Titanium_9034,5500,3,10546.0,1.0,2025,5,21,Tuesday,20,May,KZDOO,Чехлы,Чехол для смартфона,5500.0,Loyal Customers,Platinum,1833.3333333333333,1.9174545454545455
2025-02-25,ORD343982,29302655,FFF_Red_4364,3100,2,2369.0,0.7641935483870967,2025,2,9,Tuesday,25,February,KZDOO,Чехлы,Чехол для смартфона,3100.0,Loyal Customers,Gold,1550.0,0.7641935483870967
2025-01-01,ORD240632,60481401,BBB_Titanium_5485,3380,3,6173.200000000001,1.0,2025,1,1,Wednesday,1,January,KZDOO,Чехлы,Чехол для смартфона,3380.0,High Value New Customers,Gold,1126.6666666666667,1.826390532544379
2025-06-21,ORD948211,28964554,HHH_Clear_2719,2700,1,-225.0,-0.0833333333333333,2025,6,25,Saturday,21,June,K-DOO,Чехлы,Чехол для смартфона,2700.0,Potential Loyalists,Silver,2700.0,-0.08333333333333333
2025-07-01,ORD817781,51313051,DDD_Clear_9288,11100,2,9136.0,0.8230630630630631,2025,7,27,Tuesday,1,July,KZDOO,Чехлы,Чехол для смартфона,11100.0,High Value New Customers,Platinum,5550.0,0.8230630630630631
2025-08-17,ORD883838,79145863,BBB_Clear_5799,2980,1,56.200000000000045,0.0188590604026845,2025,8,33,Sunday,17,August,KZDOO,Чехлы,Чехол для смартфона,2980.0,New Customers,Gold,2980.0,0.01885906040268458
2025-08-23,ORD302560,83601675,HHH_White_5225,9180,1,1669.1999999999998,0.1818300653594771,2025,8,34,Saturday,23,August,KZDOO,Чехлы,Чехол для смартфона,9180.0,High Value New Customers,Gold,9180.0,0.1818300653594771
2025-04-15,ORD523344,61640595,AAA_Purple_8645,3380,2,3018.2,0.8929585798816567,2025,4,16,Tuesday,15,April,KZDOO,Чехлы,Чехол для смартфона,3380.0,Loyal Customers,Gold,1690.0,0.8929585798816567
2025-07-13,ORD334906,93626225,FFF_Clear_4303,9990,3,18739.8,1.0,2025,7,28,Sunday,13,July,KZDOO,Чехлы,Чехол для смартфона,9990.0,Champions,Platinum,3330.0,1.8758558558558558
2025-06-12,ORD124514,43502425,BBB_Blue_7291,10006,1,126.36000000000058,0.0126284229462323,2025,6,24,Thursday,12,June,KZDOO,Чехлы,Чехол для смартфона,10006.0,High Value New Customers,Gold,10006.0,0.012628422946232318
2025-06-24,ORD362236,91197986,FFF_Clear_7187,3100,1,-143.0,-0.0461290322580645,2025,6,26,Tuesday,24,June,KZDOO,Чехлы,Чехол для смартфона,3100.0,High Value New Customers,Gold,3100.0,-0.046129032258064515
2025-03-14,ORD687757,82503737,EEE_Green_1464,3380,1,149.5999999999999,0.0442603550295857,2025,3,11,Friday,14,March,KZDOO,Чехлы,Чехол для смартфона,3380.0,Loyal Customers,Platinum,3380.0,0.04426035502958577
2025-08-30,ORD952597,17280340,CCC_Clear_4480,4300,1,435.0,0.1011627906976744,2025,8,35,Saturday,30,August,KEEPHONE,Чехлы,Чехол для смартфона,4300.0,High Value New Customers,Gold,4300.0,0.10116279069767442
2025-01-09,ORD103024,86731291,EEE_Black_7932,3100,2,2713.0,0.8751612903225806,2025,1,2,Thursday,9,January,KZDOO,Чехлы,Чехол для смартфона,3100.0,About To Sleep,Silver,1550.0,0.8751612903225806
2025-04-07,ORD636445,73878829,BBB_White_4633,2900,2,2916.0,1.0,2025,4,15,Monday,7,April,KZDOO,Чехлы,Чехол для смартфона,2900.0,Loyal Customers,Gold,1450.0,1.0055172413793103
2025-09-12,ORD741757,30155466,GGG_Red_1294,5580,4,14899.2,1.0,2025,9,37,Friday,12,September,KZDOO,Чехлы,Чехол для смартфона,5580.0,Loyal Customers,Platinum,1395.0,2.6701075268817207
2025-06-21,ORD243990,75134712,FFF_Clear_9481,2580,4,7027.799999999999,1.0,2025,6,25,Saturday,21,June,K-DOO,Чехлы,Чехол для смартфона,2580.0,Loyal Customers,Gold,645.0,2.723953488372093
2025-03-08,ORD328149,25990523,DDD_Clear_6349,680,1,-120.60000000000002,-0.1773529411764706,2025,3,10,Saturday,8,March,Robiton,Батарейки и аккумуляторы,Батарейка,680.0,New Customers,Silver,680.0,-0.17735294117647063
2025-09-02,ORD669087,64096625,GGG_Black_5356,700,3,1024.0,1.0,2025,9,36,Tuesday,2,September,Robiton,Батарейки и аккумуляторы,Батарейка,700.0,New Customers,Silver,233.33333333333334,1.4628571428571429
2025-03-04,ORD579586,15551074,HHH_Blue_2524,4700,1,-337.0,-0.0717021276595744,2025,3,10,Tuesday,4,March,KZDOO,Чехлы,Чехол для смартфона,4700.0,High Value New Customers,Gold,4700.0,-0.07170212765957447
2025-08-04,ORD517482,93626225,FFF_Clear_4303,9990,3,17675.7,1.0,2025,8,32,Monday,4,August,KZDOO,Чехлы,Чехол для смартфона,9990.0,Champions,Platinum,3330.0,1.7693393393393395
2025-08-28,ORD222441,41413237,DDD_Blue_1722,7180,1,1247.3999999999996,0.1737325905292478,2025,8,35,Thursday,28,August,KZDOO,Чехлы,Чехол для смартфона,7180.0,New Customers,Silver,7180.0,0.17373259052924786
2025-05-06,ORD368282,93760761,DDD_Red_2976,4980,4,11924.4,1.0,2025,5,19,Tuesday,6,May,KZDOO,Чехлы,Чехол для смартфона,4980.0,213,Silver,1245.0,2.394457831325301
2025-01-17,ORD221021,23392944,FFF_Pink_5900,6590,4,18232.8,1.0,2025,1,3,Friday,17,January,KEEPHONE,Чехлы,Чехол для смартфона,6590.0,Cannot Lose Them,Silver,1647.5,2.7667374810318663
2025-04-05,ORD470123,41313579,CCC_Blue_4612,1200,3,1827.0,1.0,2025,4,14,Saturday,5,April,REMAX,Защитные пленки и стекла,Защитное стекло,1200.0,New Customers,Silver,400.0,1.5225
2025-02-23,ORD512663,12001967,CCC_Pink_6619,2900,1,-253.0,-0.0872413793103448,2025,2,8,Sunday,23,February,KZDOO,Чехлы,Чехол для смартфона,2900.0,Potential Loyalists,Silver,2900.0,-0.08724137931034483
2025-09-01,ORD645461,48742299,CCC_Pink_8383,11100,3,20609.0,1.0,2025,9,36,Monday,1,September,KZDOO,Чехлы,Чехол для смартфона,11100.0,Loyal Customers,Platinum,3700.0,1.8566666666666667
2025-08-10,ORD583366,39478464,BBB_Clear_6099,3700,4,8951.0,1.0,2025,8,32,Sunday,10,August,KEEPHONE,Чехлы,Чехол для смартфона,3700.0,New Customers,Gold,925.0,2.419189189189189
2025-01-21,ORD900223,35421823,EEE_Green_9742,860,1,-271.2,-0.3153488372093023,2025,1,4,Tuesday,21,January,Robiton,Батарейки и аккумуляторы,Батарейка,860.0,New Customers,Silver,860.0,-0.3153488372093023
2025-07-26,ORD634601,66638917,HHH_Green_1488,2780,1,206.4000000000001,0.0742446043165468,2025,7,30,Saturday,26,July,KZDOO,Чехлы,Чехол для смартфона,2780.0,New Customers,Silver,2780.0,0.0742446043165468
2025-05-27,ORD234914,83149727,CCC_Purple_9600,5990,3,10386.1,1.0,2025,5,22,Tuesday,27,May,KEEPHONE,Чехлы,Чехол для смартфона,5990.0,Loyal Customers,Gold,1996.6666666666667,1.7339065108514191
2025-06-16,ORD126316,84683767,GGG_Titanium_8096,11100,2,11306.0,1.0,2025,6,25,Monday,16,June,KZDOO,Чехлы,Чехол для смартфона,11100.0,Cannot Lose Them,Gold,5550.0,1.0185585585585586
2025-03-28,ORD332260,75134712,FFF_Clear_9481,2580,3,4555.8,1.0,2025,3,13,Friday,28,March,K-DOO,Чехлы,Чехол для смартфона,2580.0,Loyal Customers,Gold,860.0,1.7658139534883721
2025-02-01,ORD391777,11935679,DDD_Green_2791,6580,4,18359.8,1.0,2025,2,5,Saturday,1,February,KZDOO,Чехлы,Чехол для смартфона,6580.0,Cannot Lose Them,Silver,1645.0,2.790243161094225
2025-01-13,ORD792139,82785519,FFF_Purple_3886,2690,4,6334.3,1.0,2025,1,3,Monday,13,January,KZDOO,Чехлы,Чехол для смартфона,2690.0,At Risk,Bronze,672.5,2.354758364312268
2025-03-14,ORD637468,43923333,EEE_Red_1730,5990,4,15875.8,1.0,2025,3,11,Friday,14,March,Нет бренда,Чехлы,Неизвестно,5990.0,Cannot Lose Them,Silver,1497.5,2.6503839732888146
2025-01-05,ORD939874,70160612,AAA_Purple_3399,7828,4,20900.0,1.0,2025,1,1,Sunday,5,January,KZDOO,Чехлы,Чехол для смартфона,7828.0,Champions,Platinum,1957.0,2.6699029126213594
2025-03-02,ORD191727,14715236,GGG_Purple_5110,6580,4,16056.2,1.0,2025,3,9,Sunday,2,March,KZDOO,Чехлы,Чехол для смартфона,6580.0,324,Gold,1645.0,2.4401519756838908
2025-05-07,ORD384773,91964708,GGG_Purple_5633,2380,2,2197.2,0.9231932773109244,2025,5,19,Wednesday,7,May,KZDOO,Чехлы,Чехол для смартфона,2380.0,New Customers,Gold,1190.0,0.9231932773109243
2025-01-13,ORD702747,32921978,FFF_Purple_2135,7180,1,902.3999999999996,0.1256824512534818,2025,1,3,Monday,13,January,KZDOO,Чехлы,Чехол для смартфона,7180.0,235,Gold,7180.0,0.12568245125348185
2025-02-07,ORD705305,98454420,AAA_Titanium_4017,7180,3,12588.6,1.0,2025,2,6,Friday,7,February,KZDOO,Чехлы,Чехол для смартфона,7180.0,Cannot Lose Them,Silver,2393.3333333333335,1.7532869080779945
2025-03-28,ORD908613,80809032,CCC_Green_8797,2100,3,3221.0,1.0,2025,3,13,Friday,28,March,KZDOO,Чехлы,Чехол для смартфона,2100.0,At Risk,Bronze,700.0,1.5338095238095237
2025-04-04,ORD714754,42364136,GGG_Blue_5870,2780,4,7429.6,1.0,2025,4,14,Friday,4,April,KZDOO,Чехлы,Чехол для смартфона,2780.0,Loyal Customers,Platinum,695.0,2.672517985611511
2025-05-24,ORD137963,87949160,DDD_Blue_7114,2980,3,5227.0,1.0,2025,5,21,Saturday,24,May,KZDOO,Чехлы,Чехол для смартфона,2980.0,New Customers,Gold,993.3333333333334,1.7540268456375838
2025-04-18,ORD714529,42123172,AAA_White_3643,2050,4,4706.5,1.0,2025,4,16,Friday,18,April,KEEPHONE,Чехлы,Чехол для смартфона,2050.0,Champions,Platinum,512.5,2.2958536585365854
2025-08-11,ORD685129,33846396,GGG_White_5000,3290,2,2922.8,0.8883890577507599,2025,8,33,Monday,11,August,KZDOO,Чехлы,Чехол для смартфона,3290.0,New Customers,Gold,1645.0,0.8883890577507599
2025-04-03,ORD412185,32826828,EEE_Titanium_7662,6990,2,6188.700000000001,0.8853648068669528,2025,4,14,Thursday,3,April,KEEPHONE,Чехлы,Чехол для смартфона,6990.0,Loyal Customers,Platinum,3495.0,0.8853648068669528
2025-03-09,ORD592085,72952203,EEE_Pink_4218,6738,1,1368.7400000000002,0.203137429504304,2025,3,10,Sunday,9,March,KZDOO,Чехлы,Чехол для смартфона,6738.0,High Value New Customers,Gold,6738.0,0.203137429504304
2025-01-04,ORD728970,41865954,GGG_White_9632,5980,2,4944.6,0.82685618729097,2025,1,1,Saturday,4,January,KZDOO,Чехлы,Чехол для смартфона,5980.0,325,Gold,2990.0,0.82685618729097
2025-04-14,ORD640746,19259686,HHH_Pink_2327,2000,2,1401.0,0.7005,2025,4,16,Monday,14,April,KZDOO,Чехлы,Чехол для смартфона,9380.0,Loyal Customers,Gold,1000.0,0.7005
2025-04-14,ORD640746,19259686,HHH_Pink_2327,2000,2,1401.0,0.7005,2025,4,16,Monday,14,April,KZDOO,Чехлы,Чехол для смартфона,9380.0,Loyal Customers,Gold,1000.0,0.7005
2025-02-05,ORD101893,68959314,FFF_White_9121,7580,1,979.0,0.129155672823219,2025,2,6,Wednesday,5,February,KEEPHONE,Чехлы,Чехол для смартфона,7580.0,High Value New Customers,Gold,7580.0,0.129155672823219
2025-04-22,ORD507460,84114415,CCC_Blue_8287,3100,3,4554.0,1.0,2025,4,17,Tuesday,22,April,KZDOO,Чехлы,Чехол для смартфона,3100.0,123,Silver,1033.3333333333333,1.469032258064516
2025-01-19,ORD989581,88663806,AAA_Black_2640,1020,4,1952.6,1.0,2025,1,3,Sunday,19,January,Robiton,Батарейки и аккумуляторы,Батарейка,1020.0,342,Gold,255.0,1.914313725490196
2025-07-29,ORD822856,86131619,FFF_Blue_9955,640,4,954.6,1.0,2025,7,31,Tuesday,29,July,Robiton,Батарейки и аккумуляторы,Батарейка,640.0,New Customers,Silver,160.0,1.4915625000000001
2025-02-25,ORD776065,42123172,AAA_White_3643,2050,3,3229.0,1.0,2025,2,9,Tuesday,25,February,KEEPHONE,Чехлы,Чехол для смартфона,2050.0,Champions,Platinum,683.3333333333334,1.5751219512195123
2025-02-18,ORD320034,78108555,BBB_Green_2236,6050,1,43.0,0.0071074380165289,2025,2,8,Tuesday,18,February,KZDOO,Чехлы,Чехол для смартфона,6050.0,Champions,Platinum,6050.0,0.007107438016528926
2025-06-14,ORD436474,36763385,DDD_Black_4197,5990,3,10922.8,1.0,2025,6,24,Saturday,14,June,KZDOO,Чехлы,Чехол для смартфона,5990.0,High Value New Customers,Gold,1996.6666666666667,1.823505843071786
2025-01-01,ORD498530,82500306,FFF_Green_5531,5500,2,4659.0,0.8470909090909091,2025,1,1,Wednesday,1,January,KZDOO,Чехлы,Чехол для смартфона,5500.0,High Value New Customers,Platinum,2750.0,0.8470909090909091
2025-07-03,ORD211590,12665141,EEE_Clear_2689,5580,1,835.1999999999998,0.1496774193548386,2025,7,27,Thursday,3,July,KZDOO,Чехлы,Чехол для смартфона,5580.0,325,Gold,5580.0,0.14967741935483866
2025-06-07,ORD217862,44323356,GGG_Clear_9401,5100,1,-96.0,-0.0188235294117647,2025,6,23,Saturday,7,June,KZDOO,Чехлы,Чехол для смартфона,5100.0,324,Gold,5100.0,-0.018823529411764704
2025-05-21,ORD104432,42123172,AAA_White_3643,2050,1,-36.0,-0.0175609756097561,2025,5,21,Wednesday,21,May,KEEPHONE,Чехлы,Чехол для смартфона,2050.0,Champions,Platinum,2050.0,-0.0175609756097561
2025-05-26,ORD331516,19963943,AAA_Black_2871,1400,4,3383.0,1.0,2025,5,22,Monday,26,May,Нет бренда,Кабели и переходники,Кабель-переходник,1400.0,Potential Loyalists,Silver,350.0,2.4164285714285714
2025-04-01,ORD509574,80091756,CCC_Titanium_1713,3100,3,5585.0,1.0,2025,4,14,Tuesday,1,April,KZDOO,Чехлы,Чехол для смартфона,3100.0,At Risk,Bronze,1033.3333333333333,1.8016129032258064
2025-04-26,ORD917649,84625234,FFF_Titanium_1292,3100,1,230.0,0.0741935483870967,2025,4,17,Saturday,26,April,KEEPHONE,Чехлы,Чехол для смартфона,3100.0,High Value New Customers,Gold,3100.0,0.07419354838709677
2025-06-15,ORD482127,13739750,BBB_Pink_5147,6090,1,588.6000000000004,0.0966502463054187,2025,6,24,Sunday,15,June,KZDOO,Чехлы,Чехол для смартфона,6090.0,Cannot Lose Them,Gold,6090.0,0.09665024630541878
2025-09-24,ORD732069,67317287,HHH_White_3457,1000,1,-160.0,-0.16,2025,9,39,Wednesday,24,September,Нет бренда,Чехлы,Чехол для смартфона,1000.0,New Customers,Silver,1000.0,-0.16
2025-01-18,ORD226283,42669478,FFF_Black_3829,11100,3,22908.0,1.0,2025,1,3,Saturday,18,January,KZDOO,Чехлы,Чехол для смартфона,11100.0,235,Gold,3700.0,2.0637837837837836
2025-07-10,ORD567096,75134712,FFF_Clear_9481,2580,4,6208.0,1.0,2025,7,28,Thursday,10,July,K-DOO,Чехлы,Чехол для смартфона,2580.0,Loyal Customers,Gold,645.0,2.406201550387597
2025-08-15,ORD290543,25990523,DDD_Clear_6349,680,2,202.0,0.2970588235294117,2025,8,33,Friday,15,August,Robiton,Батарейки и аккумуляторы,Батарейка,680.0,New Customers,Silver,340.0,0.29705882352941176
2025-02-12,ORD830058,41999620,CCC_Green_7276,1420,4,3443.0,1.0,2025,2,7,Wednesday,12,February,Robiton,Батарейки и аккумуляторы,Батарейка,1420.0,New Customers,Silver,355.0,2.424647887323944
2025-08-31,ORD848674,69857947,BBB_Pink_3387,11100,1,1122.0,0.101081081081081,2025,8,35,Sunday,31,August,KZDOO,Чехлы,Чехол для смартфона,11100.0,High Value New Customers,Gold,11100.0,0.10108108108108108
2025-06-14,ORD576884,42294120,CCC_Pink_2372,4980,4,14220.6,1.0,2025,6,24,Saturday,14,June,K-DOO,Чехлы,Чехол для наушников,4980.0,324,Gold,1245.0,2.855542168674699
2025-09-23,ORD901176,58484682,GGG_Green_9626,4380,4,12028.4,1.0,2025,9,39,Tuesday,23,September,KZDOO,Чехлы,Чехол для смартфона,4380.0,Loyal Customers,Platinum,1095.0,2.7462100456621004
2025-05-14,ORD856067,43923333,EEE_Red_1730,5990,2,6806.0,1.0,2025,5,20,Wednesday,14,May,Нет бренда,Чехлы,Неизвестно,5990.0,Cannot Lose Them,Silver,2995.0,1.1362270450751253
2025-01-06,ORD327654,50907007,DDD_White_7187,11100,3,20182.0,1.0,2025,1,2,Monday,6,January,KZDOO,Чехлы,Чехол для смартфона,11100.0,Cannot Lose Them,Gold,3700.0,1.8181981981981983
2025-05-14,ORD242693,32921978,FFF_Purple_2135,7180,3,12450.2,1.0,2025,5,20,Wednesday,14,May,KZDOO,Чехлы,Чехол для смартфона,7180.0,235,Gold,2393.3333333333335,1.7340111420612814
2025-01-26,ORD436332,48742299,CCC_Pink_8383,11100,4,31009.0,1.0,2025,1,4,Sunday,26,January,KZDOO,Чехлы,Чехол для смартфона,11100.0,Loyal Customers,Platinum,2775.0,2.7936036036036036
2025-09-08,ORD293780,68149765,BBB_Purple_8018,3380,4,7895.4,1.0,2025,9,37,Monday,8,September,Robiton,Батарейки и аккумуляторы,Аккумуляторная батарейка,3380.0,New Customers,Silver,845.0,2.3359171597633135
2025-07-14,ORD553673,35605795,CCC_Titanium_5935,2200,3,3587.0,1.0,2025,7,29,Monday,14,July,KZDOO,Чехлы,Чехол для смартфона,2200.0,Potential Loyalists,Bronze,733.3333333333334,1.6304545454545454
2025-04-02,ORD235040,86078699,DDD_Clear_7450,6580,3,12100.2,1.0,2025,4,14,Wednesday,2,April,KZDOO,Чехлы,Чехол для смартфона,6580.0,Cannot Lose Them,Silver,2193.3333333333335,1.838936170212766
2025-08-26,ORD504849,59157402,CCC_Clear_4137,3100,2,3317.0,1.0,2025,8,35,Tuesday,26,August,KZDOO,Чехлы,Чехол для смартфона,3100.0,New Customers,Silver,1550.0,1.07
2025-08-04,ORD103544,38798252,GGG_Pink_6405,2700,1,79.0,0.0292592592592592,2025,8,32,Monday,4,August,KZDOO,Чехлы,Чехол для смартфона,2700.0,Potential Loyalists,Silver,2700.0,0.02925925925925926
2025-01-06,ORD569758,33150933,CCC_Purple_8000,5580,4,14209.0,1.0,2025,1,2,Monday,6,January,KZDOO,Чехлы,Чехол для смартфона,5580.0,213,Silver,1395.0,2.546415770609319
2025-08-03,ORD492516,33746541,DDD_Pink_7994,2750,3,3852.5,1.0,2025,8,31,Sunday,3,August,KEEPHONE,Чехлы,Чехол для смартфона,2750.0,Potential Loyalists,Bronze,916.6666666666666,1.4009090909090909
2025-03-04,ORD370051,29875570,DDD_Black_2486,660,4,1359.6,1.0,2025,3,10,Tuesday,4,March,Robiton,Батарейки и аккумуляторы,Батарейка,660.0,541,Gold,165.0,2.06
2025-09-12,ORD127548,57338726,DDD_Red_2755,4980,4,13832.2,1.0,2025,9,37,Friday,12,September,KZDOO,Чехлы,Чехол для смартфона,4980.0,High Value New Customers,Gold,1245.0,2.777550200803213
2025-01-13,ORD698551,94803962,CCC_Black_9304,6180,3,10459.2,1.0,2025,1,3,Monday,13,January,KZDOO,Чехлы,Чехол для смартфона,6180.0,At Risk,Bronze,2060.0,1.6924271844660195
2025-09-05,ORD713318,72395314,GGG_Green_9259,2990,2,2401.3,0.8031103678929766,2025,9,36,Friday,5,September,KEEPHONE,Чехлы,Чехол для смартфона,2990.0,New Customers,Gold,1495.0,0.8031103678929766
2025-08-03,ORD312343,42354439,HHH_Red_3959,6580,4,17596.4,1.0,2025,8,31,Sunday,3,August,KZDOO,Чехлы,Чехол для смартфона,6580.0,314,Silver,1645.0,2.674224924012158
2025-03-03,ORD143232,85372595,CCC_Titanium_6837,2550,2,2090.0,0.8196078431372549,2025,3,10,Monday,3,March,KZDOO,Чехлы,Чехол для смартфона,2550.0,At Risk,Bronze,1275.0,0.8196078431372549
2025-09-17,ORD473988,79748321,BBB_Green_4107,7180,3,12292.6,1.0,2025,9,38,Wednesday,17,September,KZDOO,Чехлы,Чехол для смартфона,7180.0,Loyal Customers,Platinum,2393.3333333333335,1.7120612813370475
2025-05-01,ORD400751,37130177,FFF_Purple_8028,2580,1,323.79999999999995,0.1255038759689922,2025,5,18,Thursday,1,May,KZDOO,Чехлы,Чехол для смартфона,2580.0,At Risk,Bronze,2580.0,0.12550387596899223
2025-04-16,ORD286398,42530270,HHH_Pink_4655,4990,1,851.9000000000001,0.1707214428857715,2025,4,16,Wednesday,16,April,KZDOO,Чехлы,Чехол для смартфона,4990.0,213,Silver,4990.0,0.17072144288577157
2025-01-22,ORD699953,84862533,FFF_Red_8076,7580,4,20617.2,1.0,2025,1,4,Wednesday,22,January,KEEPHONE,Чехлы,Чехол для смартфона,7580.0,235,Gold,1895.0,2.719947229551451
2025-04-16,ORD768495,77629680,AAA_Pink_1762,6580,3,13423.0,1.0,2025,4,16,Wednesday,16,April,KEEPHONE,Чехлы,Чехол для смартфона,6580.0,Cannot Lose Them,Silver,2193.3333333333335,2.039969604863222
2025-05-18,ORD240414,99198177,AAA_Green_5033,7300,2,6849.0,0.9382191780821918,2025,5,20,Sunday,18,May,KZDOO,Чехлы,Чехол для смартфона,7300.0,Loyal Customers,Gold,3650.0,0.9382191780821918
2025-04-21,ORD607878,78752940,AAA_Pink_7909,7180,4,18588.4,1.0,2025,4,17,Monday,21,April,KZDOO,Чехлы,Чехол для смартфона,7180.0,324,Gold,1795.0,2.58891364902507
2025-06-30,ORD425080,73339847,BBB_Clear_5381,2596,3,5044.719999999999,1.0,2025,6,27,Monday,30,June,KZDOO,Чехлы,Чехол для смартфона,2596.0,Loyal Customers,Gold,865.3333333333334,1.94326656394453
2025-01-19,ORD932252,54981333,HHH_Blue_9302,2890,3,4595.2,1.0,2025,1,3,Sunday,19,January,KZDOO,Чехлы,Чехол для смартфона,2890.0,At Risk,Bronze,963.3333333333334,1.5900346020761245
2025-02-26,ORD924518,60866651,EEE_Pink_8352,5580,2,5770.200000000001,1.0,2025,2,9,Wednesday,26,February,KZDOO,Чехлы,Чехол для смартфона,5580.0,Cannot Lose Them,Silver,2790.0,1.0340860215053764
2025-03-04,ORD920681,95054310,EEE_Pink_8103,5780,4,16021.4,1.0,2025,3,10,Tuesday,4,March,KEEPHONE,Чехлы,Чехол для смартфона,5780.0,Cannot Lose Them,Silver,1445.0,2.7718685121107267
2025-08-22,ORD922262,71734525,HHH_Pink_8063,2200,3,3289.0,1.0,2025,8,34,Friday,22,August,KZDOO,Чехлы,Чехол для смартфона,2200.0,New Customers,Silver,733.3333333333334,1.495
2025-04-05,ORD424127,58295345,GGG_Clear_8444,4700,3,8378.0,1.0,2025,4,14,Saturday,5,April,KZDOO,Чехлы,Чехол для смартфона,4700.0,Champions,Platinum,1566.6666666666667,1.7825531914893618
2025-02-12,ORD823688,19928290,AAA_Pink_1311,3600,3,6803.0,1.0,2025,2,7,Wednesday,12,February,KZDOO,Чехлы,Чехол для смартфона,3600.0,New Customers,Gold,1200.0,1.8897222222222223
2025-08-26,ORD637223,44146850,CCC_Red_7696,7828,2,7371.72,0.941711803781298,2025,8,35,Tuesday,26,August,KZDOO,Чехлы,Чехол для смартфона,7828.0,High Value New Customers,Gold,3914.0,0.9417118037812979
2025-01-26,ORD169988,72864961,BBB_Red_7058,6980,4,18392.6,1.0,2025,1,4,Sunday,26,January,KEEPHONE,Чехлы,Чехол для смартфона,6980.0,Loyal Customers,Gold,1745.0,2.635042979942693
2025-04-23,ORD937786,34657339,BBB_Titanium_6310,5500,4,15911.0,1.0,2025,4,17,Wednesday,23,April,KZDOO,Чехлы,Чехол для смартфона,5500.0,Loyal Customers,Platinum,1375.0,2.892909090909091
2025-02-22,ORD178524,21656338,AAA_Purple_3646,5100,4,13101.0,1.0,2025,2,8,Saturday,22,February,KZDOO,Чехлы,Чехол для смартфона,5100.0,324,Gold,1275.0,2.5688235294117647
2025-07-24,ORD879020,41999620,CCC_Green_7276,1420,4,2990.2,1.0,2025,7,30,Thursday,24,July,Robiton,Батарейки и аккумуляторы,Батарейка,1420.0,New Customers,Silver,355.0,2.1057746478873236
2025-05-18,ORD658910,45437720,DDD_Black_8635,2850,1,-162.0,-0.0568421052631578,2025,5,20,Sunday,18,May,KEEPHONE,Чехлы,Чехол для смартфона,2850.0,Champions,Platinum,2850.0,-0.056842105263157895
2025-05-14,ORD829436,84862533,FFF_Red_8076,7580,1,1273.1999999999998,0.1679683377308707,2025,5,20,Wednesday,14,May,KEEPHONE,Чехлы,Чехол для смартфона,7580.0,235,Gold,7580.0,0.1679683377308707
2025-04-06,ORD980871,96700442,BBB_Red_9074,7380,4,18304.4,1.0,2025,4,14,Sunday,6,April,KZDOO,Чехлы,Чехол для смартфона,7380.0,Cannot Lose Them,Silver,1845.0,2.4802710027100274
2025-03-07,ORD853209,75174314,AAA_Green_5116,7380,2,8019.6,1.0,2025,3,10,Friday,7,March,KZDOO,Чехлы,Чехол для смартфона,7380.0,Cannot Lose Them,Silver,3690.0,1.0866666666666667
2025-03-01,ORD757032,94463588,EEE_Pink_5016,4980,1,376.5999999999999,0.0756224899598393,2025,3,9,Saturday,1,March,KEEPHONE,Чехлы,Чехол для смартфона,4980.0,324,Gold,4980.0,0.07562248995983933
2025-02-03,ORD372333,20450748,EEE_Black_1662,11100,3,20896.0,1.0,2025,2,6,Monday,3,February,KZDOO,Чехлы,Чехол для смартфона,11100.0,High Value New Customers,Platinum,3700.0,1.8825225225225226
2025-05-20,ORD774481,26561997,CCC_Titanium_7137,6580,1,880.1999999999998,0.1337689969604863,2025,5,21,Tuesday,20,May,KZDOO,Чехлы,Чехол для смартфона,6580.0,Cannot Lose Them,Silver,6580.0,0.1337689969604863
2025-06-20,ORD987615,61043170,HHH_Red_8358,2690,3,4162.9,1.0,2025,6,25,Friday,20,June,KEEPHONE,Чехлы,Чехол для смартфона,2690.0,About To Sleep,Silver,896.6666666666666,1.5475464684014868
2025-04-17,ORD982830,88157875,BBB_Green_9675,5300,4,14571.0,1.0,2025,4,16,Thursday,17,April,KZDOO,Чехлы,Чехол для смартфона,5300.0,Loyal Customers,Gold,1325.0,2.749245283018868
2025-08-23,ORD569269,33336859,BBB_Blue_8197,6000,1,948.0,0.158,2025,8,34,Saturday,23,August,KZDOO,Чехлы,Чехол для смартфона,6000.0,Loyal Customers,Platinum,6000.0,0.158
2025-09-21,ORD680908,91197986,FFF_Clear_7187,3100,2,3008.0,0.9703225806451612,2025,9,38,Sunday,21,September,KZDOO,Чехлы,Чехол для смартфона,3100.0,High Value New Customers,Gold,1550.0,0.9703225806451613
2025-01-13,ORD463680,11723919,EEE_Black_5621,3180,1,-124.0,-0.0389937106918239,2025,1,3,Monday,13,January,KZDOO,Чехлы,Чехол для смартфона,3180.0,Cannot Lose Them,Silver,3180.0,-0.0389937106918239
2025-01-20,ORD208088,77440758,DDD_Red_3932,9180,1,1350.3999999999996,0.1471023965141611,2025,1,4,Monday,20,January,KZDOO,Чехлы,Чехол для смартфона,9180.0,Cannot Lose Them,Silver,9180.0,0.14710239651416118
2025-08-24,ORD437618,86313043,CCC_Purple_9765,3490,1,-317.20000000000005,-0.0908882521489971,2025,8,34,Sunday,24,August,KZDOO,Чехлы,Чехол для смартфона,3490.0,Loyal Customers,Gold,3490.0,-0.09088825214899715
2025-09-22,ORD816953,24666903,BBB_Titanium_9028,3380,4,9204.6,1.0,2025,9,39,Monday,22,September,KZDOO,Чехлы,Чехол для смартфона,3380.0,New Customers,Gold,845.0,2.7232544378698225
2025-03-06,ORD953867,44703697,CCC_Black_8407,4980,2,4229.8,0.8493574297188755,2025,3,10,Thursday,6,March,KZDOO,Чехлы,Чехол для смартфона,4980.0,Loyal Customers,Platinum,2490.0,0.8493574297188755
2025-02-28,ORD122803,71947674,AAA_Titanium_9034,5500,1,872.0,0.1585454545454545,2025,2,9,Friday,28,February,KZDOO,Чехлы,Чехол для смартфона,5500.0,Loyal Customers,Platinum,5500.0,0.15854545454545454
2025-05-21,ORD173767,86731291,EEE_Black_7932,3100,2,2739.0,0.8835483870967742,2025,5,21,Wednesday,21,May,KZDOO,Чехлы,Чехол для смартфона,3100.0,About To Sleep,Silver,1550.0,0.8835483870967742
2025-04-13,ORD574252,35122854,FFF_Titanium_2565,5500,4,15216.0,1.0,2025,4,15,Sunday,13,April,KZDOO,Чехлы,Чехол для смартфона,5500.0,325,Gold,1375.0,2.7665454545454544
2025-08-23,ORD184988,46140671,BBB_Black_8066,7300,3,12593.0,1.0,2025,8,34,Saturday,23,August,KZDOO,Чехлы,Чехол для смартфона,7300.0,High Value New Customers,Gold,2433.3333333333335,1.725068493150685
2025-04-22,ORD510331,84888512,EEE_Green_3323,1250,1,-65.5,-0.0524,2025,4,17,Tuesday,22,April,Robiton,Батарейки и аккумуляторы,Батарейка,1250.0,Potential Loyalists,Silver,1250.0,-0.0524
2025-01-06,ORD562471,12919215,BBB_Clear_1809,1320,2,1250.6,0.9474242424242424,2025,1,2,Monday,6,January,REMAX,Защитные пленки и стекла,Защитное стекло,1320.0,At Risk,Bronze,660.0,0.9474242424242424
2025-07-15,ORD807127,98799862,FFF_Red_8901,11100,2,11195.0,1.0,2025,7,29,Tuesday,15,July,KZDOO,Чехлы,Чехол для смартфона,11100.0,Potential Loyalists,Silver,5550.0,1.0085585585585586
2025-09-24,ORD366770,83514799,GGG_Blue_1183,7180,4,18099.6,1.0,2025,9,39,Wednesday,24,September,K-DOO,Чехлы,Чехол для смартфона,7180.0,New Customers,Silver,1795.0,2.5208356545961
2025-07-13,ORD953833,72864961,BBB_Red_7058,6980,1,690.0,0.0988538681948424,2025,7,28,Sunday,13,July,KEEPHONE,Чехлы,Чехол для смартфона,6980.0,Loyal Customers,Gold,6980.0,0.0988538681948424
2025-05-13,ORD736121,99198177,AAA_Green_5033,7300,3,13313.0,1.0,2025,5,20,Tuesday,13,May,KZDOO,Чехлы,Чехол для смартфона,7300.0,Loyal Customers,Gold,2433.3333333333335,1.8236986301369864
2025-08-02,ORD214508,45437720,DDD_Black_8635,2850,2,2414.0,0.8470175438596491,2025,8,31,Saturday,2,August,KEEPHONE,Чехлы,Чехол для смартфона,2850.0,Champions,Platinum,1425.0,0.8470175438596491
2025-08-04,ORD496321,65489961,HHH_Clear_2252,6420,1,319.39999999999964,0.0497507788161993,2025,8,32,Monday,4,August,KZDOO,Чехлы,Чехол для смартфона,6420.0,325,Gold,6420.0,0.04975077881619932
2025-06-07,ORD985435,84503528,EEE_Black_2767,5648,3,10403.12,1.0,2025,6,23,Saturday,7,June,KZDOO,Чехлы,Чехол для смартфона,5648.0,High Value New Customers,Gold,1882.6666666666667,1.8419121813031163
2025-09-22,ORD546665,61427977,CCC_Clear_6193,3490,2,3022.7,0.8661031518624641,2025,9,39,Monday,22,September,KZDOO,Чехлы,Чехол для смартфона,3490.0,High Value New Customers,Gold,1745.0,0.8661031518624641
2025-07-26,ORD952839,19963943,AAA_Black_2871,1400,2,1081.0,0.7721428571428571,2025,7,30,Saturday,26,July,Нет бренда,Кабели и переходники,Кабель-переходник,1400.0,Potential Loyalists,Silver,700.0,0.7721428571428571
2025-08-07,ORD995091,56604839,GGG_Titanium_3952,3490,3,6061.799999999999,1.0,2025,8,32,Thursday,7,August,KZDOO,Чехлы,Чехол для смартфона,3490.0,324,Gold,1163.3333333333333,1.7369054441260743
2025-01-06,ORD733553,99926256,GGG_Purple_9523,4980,3,8686.8,1.0,2025,1,2,Monday,6,January,KZDOO,Чехлы,Чехол для смартфона,4980.0,At Risk,Bronze,1660.0,1.7443373493975902
2025-03-15,ORD527141,52629278,FFF_Purple_6937,5990,4,17342.0,1.0,2025,3,11,Saturday,15,March,KEEPHONE,Чехлы,Чехол для смартфона,5990.0,235,Gold,1497.5,2.895158597662771
2025-03-20,ORD503829,93427155,CCC_Green_8669,3980,1,-55.59999999999991,-0.0139698492462311,2025,3,12,Thursday,20,March,KZDOO,Чехлы,Чехол для смартфона,3980.0,At Risk,Bronze,3980.0,-0.013969849246231132
2025-03-07,ORD484242,84867052,BBB_Black_9984,3980,1,381.8000000000002,0.095929648241206,2025,3,10,Friday,7,March,KZDOO,Чехлы,Чехол для смартфона,3980.0,Cannot Lose Them,Silver,3980.0,0.09592964824120608
2025-04-30,ORD201384,47477350,AAA_Blue_8334,5500,4,14774.0,1.0,2025,4,18,Wednesday,30,April,K-DOO,Чехлы,Чехол для смартфона,5500.0,Loyal Customers,Platinum,1375.0,2.6861818181818182
2025-07-21,ORD494612,89677157,DDD_White_8101,7180,2,6279.4,0.8745682451253481,2025,7,30,Monday,21,July,K-DOO,Чехлы,Чехол для смартфона,7180.0,325,Gold,3590.0,0.8745682451253481
2025-05-25,ORD607852,69990915,DDD_Titanium_6779,1600,3,2276.0,1.0,2025,5,21,Sunday,25,May,K-DOO,Чехлы,Чехол для смартфона,1600.0,At Risk,Bronze,533.3333333333334,1.4225
2025-06-05,ORD843228,42364136,GGG_Blue_5870,2780,3,4892.0,1.0,2025,6,23,Thursday,5,June,KZDOO,Чехлы,Чехол для смартфона,2780.0,Loyal Customers,Platinum,926.6666666666666,1.7597122302158272
2025-08-16,ORD637118,83447966,BBB_Blue_8761,5180,3,10008.0,1.0,2025,8,33,Saturday,16,August,KZDOO,Чехлы,Чехол для смартфона,5180.0,Champions,Platinum,1726.6666666666667,1.9320463320463321
2025-07-08,ORD815509,65415657,HHH_Black_7735,7180,2,7591.4,1.0,2025,7,28,Tuesday,8,July,KZDOO,Чехлы,Чехол для смартфона,7180.0,Loyal Customers,Platinum,3590.0,1.0572980501392757
2025-01-02,ORD349892,94336108,EEE_Titanium_3108,5580,3,8736.4,1.0,2025,1,1,Thursday,2,January,KZDOO,Чехлы,Чехол для смартфона,5580.0,235,Gold,1860.0,1.565663082437276
2025-09-28,ORD345779,71669416,AAA_Titanium_6370,2780,3,4097.2,1.0,2025,9,39,Sunday,28,September,KZDOO,Чехлы,Чехол для смартфона,2780.0,New Customers,Silver,926.6666666666666,1.4738129496402876
2025-01-03,ORD842285,97578232,DDD_Titanium_7441,4980,4,13111.8,1.0,2025,1,1,Friday,3,January,K-DOO,Чехлы,Чехол для наушников,4980.0,235,Gold,1245.0,2.63289156626506
2025-05-28,ORD789759,28663473,GGG_Clear_4848,720,2,257.0,0.3569444444444444,2025,5,22,Wednesday,28,May,Robiton,Батарейки и аккумуляторы,Батарейка,720.0,At Risk,Bronze,360.0,0.35694444444444445
2025-05-02,ORD451271,44809215,AAA_Black_2397,7300,1,908.0,0.1243835616438356,2025,5,18,Friday,2,May,KZDOO,Чехлы,Чехол для смартфона,7300.0,Cannot Lose Them,Silver,7300.0,0.12438356164383561
2025-08-23,ORD652723,87448383,AAA_Green_2528,4300,4,10702.0,1.0,2025,8,34,Saturday,23,August,KZDOO,Чехлы,Чехол для смартфона,4300.0,Loyal Customers,Gold,1075.0,2.4888372093023254
2025-09-13,ORD308319,16337630,EEE_Blue_8965,4100,4,9960.0,1.0,2025,9,37,Saturday,13,September,KZDOO,Чехлы,Чехол для смартфона,4100.0,Loyal Customers,Platinum,1025.0,2.4292682926829268
2025-06-03,ORD867146,55418733,EEE_Purple_9330,11100,1,1058.0,0.0953153153153153,2025,6,23,Tuesday,3,June,KZDOO,Чехлы,Чехол для смартфона,11100.0,High Value New Customers,Platinum,11100.0,0.09531531531531531
2025-09-20,ORD463559,79710676,AAA_White_1844,4990,4,13774.0,1.0,2025,9,38,Saturday,20,September,KZDOO,Чехлы,Чехол для смартфона,4990.0,High Value New Customers,Gold,1247.5,2.760320641282565
2025-02-17,ORD421657,93760761,DDD_Red_2976,4980,2,4267.0,0.8568273092369478,2025,2,8,Monday,17,February,KZDOO,Чехлы,Чехол для смартфона,4980.0,213,Silver,2490.0,0.8568273092369478
2025-02-22,ORD984280,30465096,FFF_Blue_9107,4980,3,8849.2,1.0,2025,2,8,Saturday,22,February,KZDOO,Чехлы,Чехол для смартфона,4980.0,At Risk,Bronze,1660.0,1.7769477911646587
2025-07-27,ORD653359,36763385,DDD_Black_4197,5990,2,5433.0,0.9070116861435726,2025,7,30,Sunday,27,July,KZDOO,Чехлы,Чехол для смартфона,5990.0,High Value New Customers,Gold,2995.0,0.9070116861435726
2025-06-12,ORD107428,95808454,AAA_Clear_6434,3600,1,690.0,0.1916666666666666,2025,6,24,Thursday,12,June,Robiton,Батарейки и аккумуляторы,Аккумуляторная батарейка,3600.0,Cannot Lose Them,Silver,3600.0,0.19166666666666668
2025-09-08,ORD586320,64089075,GGG_Purple_7302,4600,1,554.0,0.1204347826086956,2025,9,37,Monday,8,September,Robiton,Батарейки и аккумуляторы,Аккумуляторная батарейка,4600.0,Loyal Customers,Platinum,4600.0,0.12043478260869565
2025-06-30,ORD772758,38070392,HHH_Purple_3039,9980,4,26559.6,1.0,2025,6,27,Monday,30,June,KZDOO,Чехлы,Чехол для смартфона,9980.0,Cannot Lose Them,Gold,2495.0,2.6612825651302603
2025-09-09,ORD111579,25324439,HHH_Red_4713,2000,2,1886.0,0.943,2025,9,37,Tuesday,9,September,Нет бренда,Чехлы,Чехол для смартфона,2000.0,New Customers,Gold,1000.0,0.943
2025-05-16,ORD166115,52629278,FFF_Purple_6937,5990,2,5499.200000000001,0.9180634390651088,2025,5,20,Friday,16,May,KEEPHONE,Чехлы,Чехол для смартфона,5990.0,235,Gold,2995.0,0.9180634390651087
2025-07-30,ORD712815,13307981,HHH_Red_3772,2700,1,-181.0,-0.067037037037037,2025,7,31,Wednesday,30,July,K-DOO,Чехлы,Чехол для смартфона,2700.0,Potential Loyalists,Silver,2700.0,-0.06703703703703703
2025-07-01,ORD378123,42375033,HHH_Clear_7819,9100,2,9031.0,0.9924175824175824,2025,7,27,Tuesday,1,July,Неизвестно,Чехлы,Неизвестно,9100.0,213,Silver,4550.0,0.9924175824175824
2025-09-01,ORD929134,68959314,FFF_White_9121,7580,1,1674.1999999999998,0.2208707124010553,2025,9,36,Monday,1,September,KEEPHONE,Чехлы,Чехол для смартфона,7580.0,High Value New Customers,Gold,7580.0,0.22087071240105538
2025-06-01,ORD496365,86731291,EEE_Black_7932,3100,2,2057.0,0.6635483870967742,2025,6,22,Sunday,1,June,KZDOO,Чехлы,Чехол для смартфона,3100.0,About To Sleep,Silver,1550.0,0.6635483870967742
2025-08-18,ORD743290,83447966,BBB_Blue_8761,5180,2,5106.0,0.9857142857142858,2025,8,34,Monday,18,August,KZDOO,Чехлы,Чехол для смартфона,5180.0,Champions,Platinum,2590.0,0.9857142857142858
2025-07-24,ORD261133,32067104,AAA_Red_8661,7300,2,6629.0,0.908082191780822,2025,7,30,Thursday,24,July,KZDOO,Чехлы,Чехол для смартфона,7300.0,325,Gold,3650.0,0.908082191780822
2025-02-01,ORD399613,96985825,HHH_Purple_2504,3200,1,433.0,0.1353125,2025,2,5,Saturday,1,February,KZDOO,Чехлы,Чехол для смартфона,3200.0,High Value New Customers,Gold,3200.0,0.1353125
2025-01-02,ORD260292,15511860,AAA_Clear_9841,4990,4,13965.0,1.0,2025,1,1,Thursday,2,January,KZDOO,Чехлы,Чехол для смартфона,4990.0,213,Silver,1247.5,2.7985971943887775
2025-03-17,ORD149414,13735368,EEE_Clear_4552,3490,2,3121.4,0.8943839541547277,2025,3,12,Monday,17,March,KZDOO,Чехлы,Чехол для смартфона,3490.0,123,Silver,1745.0,0.8943839541547278
2025-07-14,ORD677266,24148272,AAA_Pink_9594,3490,1,396.5,0.1136103151862464,2025,7,29,Monday,14,July,KZDOO,Чехлы,Чехол для смартфона,3490.0,Potential Loyalists,Silver,3490.0,0.11361031518624642
2025-03-12,ORD565574,77440758,DDD_Red_3932,9180,1,421.0,0.0458605664488017,2025,3,11,Wednesday,12,March,KZDOO,Чехлы,Чехол для смартфона,9180.0,Cannot Lose Them,Silver,9180.0,0.045860566448801744
2025-01-29,ORD167669,49167948,CCC_Red_2568,7180,2,6725.0,0.9366295264623956,2025,1,5,Wednesday,29,January,KZDOO,Чехлы,Чехол для смартфона,7180.0,At Risk,Bronze,3590.0,0.9366295264623955
2025-02-19,ORD688456,46775139,EEE_Green_8714,6580,2,5608.799999999999,0.852401215805471,2025,2,8,Wednesday,19,February,KZDOO,Чехлы,Чехол для смартфона,6580.0,Cannot Lose Them,Silver,3290.0,0.852401215805471
2025-07-31,ORD391474,77597491,DDD_Pink_4647,7300,4,20971.0,1.0,2025,7,31,Thursday,31,July,K-DOO,Чехлы,Чехол для смартфона,7300.0,325,Gold,1825.0,2.8727397260273975
2025-07-06,ORD420354,11460725,EEE_Purple_9341,7580,1,1084.0,0.1430079155672823,2025,7,27,Sunday,6,July,KEEPHONE,Чехлы,Чехол для смартфона,7580.0,314,Silver,7580.0,0.14300791556728232
2025-07-11,ORD319705,35214367,FFF_White_7199,9990,1,1191.3000000000002,0.1192492492492492,2025,7,28,Friday,11,July,KZDOO,Чехлы,Чехол для смартфона,9990.0,325,Gold,9990.0,0.11924924924924926
2025-02-24,ORD108173,21820132,FFF_Blue_2194,11100,3,19459.0,1.0,2025,2,9,Monday,24,February,KZDOO,Чехлы,Чехол для смартфона,11100.0,High Value New Customers,Gold,3700.0,1.753063063063063
2025-04-21,ORD528270,19770679,HHH_Red_1115,7828,1,349.5199999999995,0.0446499744506897,2025,4,17,Monday,21,April,K-DOO,Чехлы,Чехол для смартфона,7828.0,Loyal Customers,Platinum,7828.0,0.04464997445068977
2025-08-11,ORD880147,77137463,GGG_Red_9072,1550,4,3287.0,1.0,2025,8,33,Monday,11,August,KZDOO,Чехлы,Чехол для смартфона,1550.0,New Customers,Silver,387.5,2.1206451612903225
2025-09-26,ORD368835,65491653,FFF_Pink_3549,3380,3,6192.6,1.0,2025,9,39,Friday,26,September,KZDOO,Чехлы,Чехол для смартфона,3380.0,New Customers,Silver,1126.6666666666667,1.832130177514793
2025-09-13,ORD842548,32717202,HHH_Purple_7702,2320,3,4005.2,1.0,2025,9,37,Saturday,13,September,Robiton,Батарейки и аккумуляторы,Батарейка,2320.0,New Customers,Gold,773.3333333333334,1.7263793103448275
2025-04-14,ORD418499,26492321,EEE_Purple_3803,2300,3,4228.0,1.0,2025,4,16,Monday,14,April,Renata,Батарейки и аккумуляторы,Батарейка,2300.0,Loyal Customers,Gold,766.6666666666666,1.8382608695652174
2025-04-14,ORD702963,94336108,EEE_Titanium_3108,5580,2,5367.799999999999,0.9619713261648744,2025,4,16,Monday,14,April,KZDOO,Чехлы,Чехол для смартфона,5580.0,235,Gold,2790.0,0.9619713261648745
2025-03-28,ORD742454,47380526,EEE_White_3357,4990,2,4861.7,0.9742885771543086,2025,3,13,Friday,28,March,KZDOO,Чехлы,Чехол для смартфона,4990.0,324,Gold,2495.0,0.9742885771543086
2025-02-03,ORD570056,29108949,AAA_Blue_6496,6990,1,1022.3000000000002,0.1462517882689556,2025,2,6,Monday,3,February,KEEPHONE,Чехлы,Чехол для смартфона,6990.0,Cannot Lose Them,Silver,6990.0,0.14625178826895568
2025-02-06,ORD719003,13735368,EEE_Clear_4552,3490,3,5549.2,1.0,2025,2,6,Thursday,6,February,KZDOO,Чехлы,Чехол для смартфона,3490.0,123,Silver,1163.3333333333333,1.5900286532951289
2025-03-11,ORD542548,86076744,CCC_Titanium_7873,850,4,2012.0,1.0,2025,3,11,Tuesday,11,March,Robiton,Батарейки и аккумуляторы,Батарейка,850.0,At Risk,Bronze,212.5,2.367058823529412
2025-09-20,ORD938642,68974260,EEE_Clear_3113,2500,2,2138.0,0.8552,2025,9,38,Saturday,20,September,KZDOO,Чехлы,Чехол для смартфона,2500.0,New Customers,Silver,1250.0,0.8552
2025-01-12,ORD134659,90338470,HHH_Pink_5159,9980,4,25625.8,1.0,2025,1,2,Sunday,12,January,KZDOO,Чехлы,Чехол для смартфона,9980.0,High Value New Customers,Gold,2495.0,2.5677154308617234
2025-05-13,ORD675412,29875570,DDD_Black_2486,660,4,1158.0,1.0,2025,5,20,Tuesday,13,May,Robiton,Батарейки и аккумуляторы,Батарейка,660.0,541,Gold,165.0,1.7545454545454546
2025-09-07,ORD377394,91197986,FFF_Clear_7187,3100,2,3084.0,0.9948387096774194,2025,9,36,Sunday,7,September,KZDOO,Чехлы,Чехол для смартфона,3100.0,High Value New Customers,Gold,1550.0,0.9948387096774194
2025-08-02,ORD932698,27500707,AAA_Titanium_8848,1890,2,1330.4,0.7039153439153439,2025,8,31,Saturday,2,August,KEEPHONE,Чехлы,Чехол для смартфона,1890.0,Potential Loyalists,Silver,945.0,0.7039153439153439
2025-04-04,ORD173853,54154203,CCC_Blue_3473,2980,2,2653.6000000000004,0.8904697986577182,2025,4,14,Friday,4,April,KZDOO,Чехлы,Чехол для смартфона,2980.0,123,Silver,1490.0,0.8904697986577182
2025-05-29,ORD850941,12307278,DDD_White_5998,7522,2,6954.78,0.924591863865993,2025,5,22,Thursday,29,May,KZDOO,Чехлы,Чехол для смартфона,7522.0,High Value New Customers,Gold,3761.0,0.924591863865993
2025-09-08,ORD949126,34657339,BBB_Titanium_6310,5500,3,9740.0,1.0,2025,9,37,Monday,8,September,KZDOO,Чехлы,Чехол для смартфона,5500.0,Loyal Customers,Platinum,1833.3333333333333,1.770909090909091
2025-03-24,ORD227942,74588621,HHH_Titanium_9363,2550,3,4153.5,1.0,2025,3,13,Monday,24,March,KZDOO,Чехлы,Чехол для смартфона,2550.0,Champions,Platinum,850.0,1.6288235294117648
2025-06-11,ORD688387,69113632,GGG_Red_8930,2100,3,3943.0,1.0,2025,6,24,Wednesday,11,June,KZDOO,Чехлы,Чехол для смартфона,2100.0,At Risk,Bronze,700.0,1.8776190476190475
2025-04-26,ORD108918,50394726,AAA_Blue_9288,600,3,631.0,1.0,2025,4,17,Saturday,26,April,Robiton,Батарейки и аккумуляторы,Батарейка,600.0,At Risk,Bronze,200.0,1.0516666666666667
2025-04-10,ORD760668,85505511,FFF_Purple_4867,2000,1,-208.0,-0.104,2025,4,15,Thursday,10,April,REMAX,Защитные пленки и стекла,Защитное стекло,2000.0,At Risk,Bronze,2000.0,-0.104
2025-06-05,ORD980319,18519010,DDD_Blue_8362,6580,3,12115.6,1.0,2025,6,23,Thursday,5,June,KEEPHONE,Чехлы,Чехол для смартфона,6580.0,High Value New Customers,Gold,2193.3333333333335,1.8412765957446808
2025-05-24,ORD219651,54290924,DDD_Green_9078,7180,2,6902.4,0.9613370473537604,2025,5,21,Saturday,24,May,KZDOO,Чехлы,Чехол для смартфона,7180.0,Loyal Customers,Platinum,3590.0,0.9613370473537604
2025-08-11,ORD958610,89421563,DDD_White_1350,660,4,1274.4,1.0,2025,8,33,Monday,11,August,REMAX,Защитные пленки и стекла,Защитное стекло,660.0,New Customers,Silver,165.0,1.9309090909090911
2025-08-11,ORD958610,89421563,DDD_White_1350,660,4,1274.4,1.0,2025,8,33,Monday,11,August,REMAX,Защитные пленки и стекла,Защитное стекло,660.0,New Customers,Silver,165.0,1.9309090909090911
2025-09-09,ORD269242,47418597,BBB_Red_3217,2900,3,5400.0,1.0,2025,9,37,Tuesday,9,September,KZDOO,Чехлы,Чехол для смартфона,2900.0,New Customers,Silver,966.6666666666666,1.8620689655172413
2025-02-02,ORD429836,47335358,GGG_Pink_1893,2780,1,186.4000000000001,0.0670503597122302,2025,2,5,Sunday,2,February,KZDOO,Чехлы,Чехол для смартфона,2780.0,Loyal Customers,Platinum,2780.0,0.06705035971223025
2025-05-27,ORD755672,39196346,AAA_Purple_3049,5980,2,6650.0,1.0,2025,5,22,Tuesday,27,May,KZDOO,Чехлы,Чехол для смартфона,5980.0,High Value New Customers,Gold,2990.0,1.1120401337792643
2025-04-17,ORD981780,87706785,BBB_Clear_2976,3180,4,7190.200000000001,1.0,2025,4,16,Thursday,17,April,KZDOO,Чехлы,Чехол для смартфона,3180.0,At Risk,Bronze,795.0,2.2610691823899374
2025-06-10,ORD728089,68455110,AAA_Purple_5764,4980,4,13246.0,1.0,2025,6,24,Tuesday,10,June,KZDOO,Чехлы,Чехол для смартфона,4980.0,Loyal Customers,Platinum,1245.0,2.659839357429719
2025-06-18,ORD490049,15551074,HHH_Blue_2524,4700,3,7522.0,1.0,2025,6,25,Wednesday,18,June,KZDOO,Чехлы,Чехол для смартфона,4700.0,High Value New Customers,Gold,1566.6666666666667,1.6004255319148937
2025-07-20,ORD176293,33739806,CCC_Green_2534,1000,4,2334.0,1.0,2025,7,29,Sunday,20,July,REMAX,Защитные пленки и стекла,Защитное стекло,1000.0,New Customers,Silver,250.0,2.334
2025-09-13,ORD254119,36571012,HHH_Green_9565,1290,3,2051.3,1.0,2025,9,37,Saturday,13,September,K-DOO,Чехлы,Чехол для смартфона,1290.0,New Customers,Gold,430.0,1.59015503875969
2025-02-08,ORD990143,26492321,EEE_Purple_3803,2300,3,4015.0,1.0,2025,2,6,Saturday,8,February,Renata,Батарейки и аккумуляторы,Батарейка,2300.0,Loyal Customers,Gold,766.6666666666666,1.7456521739130435
2025-07-16,ORD837473,61640595,AAA_Purple_8645,3380,2,2855.8,0.8449112426035503,2025,7,29,Wednesday,16,July,KZDOO,Чехлы,Чехол для смартфона,3380.0,Loyal Customers,Gold,1690.0,0.8449112426035503
2025-07-24,ORD837423,78752940,AAA_Pink_7909,7180,2,6318.200000000001,0.8799721448467968,2025,7,30,Thursday,24,July,KZDOO,Чехлы,Чехол для смартфона,7180.0,324,Gold,3590.0,0.8799721448467968
2025-08-28,ORD273401,67151078,CCC_White_3332,6180,1,1061.3999999999996,0.1717475728155339,2025,8,35,Thursday,28,August,KZDOO,Чехлы,Чехол для смартфона,6180.0,New Customers,Silver,6180.0,0.17174757281553393
2025-01-07,ORD158215,17961013,GGG_Purple_4980,3490,2,2946.8,0.8443553008595989,2025,1,2,Tuesday,7,January,KZDOO,Чехлы,Чехол для смартфона,3490.0,123,Silver,1745.0,0.8443553008595989
2025-07-23,ORD535470,71602389,CCC_Clear_3162,5100,2,4818.0,0.9447058823529412,2025,7,30,Wednesday,23,July,KZDOO,Чехлы,Чехол для наушников,5100.0,Potential Loyalists,Silver,2550.0,0.9447058823529412
2025-02-07,ORD674193,84867052,BBB_Black_9984,3980,3,7430.0,1.0,2025,2,6,Friday,7,February,KZDOO,Чехлы,Чехол для смартфона,3980.0,Cannot Lose Them,Silver,1326.6666666666667,1.8668341708542713
2025-06-21,ORD591751,43138987,CCC_Green_3542,6580,2,5862.4,0.8909422492401216,2025,6,25,Saturday,21,June,KZDOO,Чехлы,Чехол для смартфона,6580.0,High Value New Customers,Platinum,3290.0,0.8909422492401216
2025-05-10,ORD730364,94336108,EEE_Titanium_3108,5580,3,9729.8,1.0,2025,5,19,Saturday,10,May,KZDOO,Чехлы,Чехол для смартфона,5580.0,235,Gold,1860.0,1.7436917562724012
2025-07-06,ORD635901,65415657,HHH_Black_7735,7180,3,12802.8,1.0,2025,7,27,Sunday,6,July,KZDOO,Чехлы,Чехол для смартфона,7180.0,Loyal Customers,Platinum,2393.3333333333335,1.7831197771587743
2025-05-26,ORD845704,43776637,EEE_Blue_5790,5980,2,4530.6,0.7576254180602008,2025,5,22,Monday,26,May,KZDOO,Чехлы,Чехол для смартфона,5980.0,Loyal Customers,Platinum,2990.0,0.7576254180602008
2025-03-05,ORD830834,72357603,GGG_Red_6138,5180,1,663.0,0.127992277992278,2025,3,10,Wednesday,5,March,KZDOO,Чехлы,Чехол для смартфона,5180.0,Cannot Lose Them,Silver,5180.0,0.127992277992278
2025-05-02,ORD120354,28074469,HHH_Black_6852,4990,1,-26.90000000000009,-0.0053907815631262,2025,5,18,Friday,2,May,KZDOO,Чехлы,Чехол для смартфона,4990.0,Loyal Customers,Platinum,4990.0,-0.00539078156312627
2025-04-06,ORD252260,45162734,BBB_Green_6613,5500,4,14132.0,1.0,2025,4,14,Sunday,6,April,K-DOO,Чехлы,Чехол для смартфона,5500.0,213,Silver,1375.0,2.5694545454545454
2025-04-04,ORD125653,32639679,EEE_Blue_5688,6990,4,18016.6,1.0,2025,4,14,Friday,4,April,KEEPHONE,Чехлы,Чехол для смартфона,6990.0,Cannot Lose Them,Silver,1747.5,2.5774821173104434
2025-02-13,ORD278846,26802010,EEE_Clear_6744,4200,2,3775.0,0.8988095238095238,2025,2,7,Thursday,13,February,K-DOO,Чехлы,Чехол для смартфона,4200.0,Loyal Customers,Platinum,2100.0,0.8988095238095238
2025-02-04,ORD593740,82901378,CCC_Pink_7762,3100,1,180.0,0.0580645161290322,2025,2,6,Tuesday,4,February,KEEPHONE,Чехлы,Чехол для смартфона,3100.0,Potential Loyalists,Silver,3100.0,0.05806451612903226
2025-03-22,ORD582954,84625234,FFF_Titanium_1292,3100,3,5418.0,1.0,2025,3,12,Saturday,22,March,KEEPHONE,Чехлы,Чехол для смартфона,3100.0,High Value New Customers,Gold,1033.3333333333333,1.747741935483871
2025-08-01,ORD954611,81977680,AAA_Titanium_7478,7380,4,18494.6,1.0,2025,8,31,Friday,1,August,K-DOO,Чехлы,Чехол для смартфона,7380.0,314,Silver,1845.0,2.5060433604336043
2025-05-12,ORD539694,63259901,CCC_White_6266,5100,3,9155.0,1.0,2025,5,20,Monday,12,May,KZDOO,Чехлы,Чехол для наушников,5100.0,Loyal Customers,Gold,1700.0,1.7950980392156863
2025-05-20,ORD563511,74682626,FFF_Purple_7037,2780,4,6509.4,1.0,2025,5,21,Tuesday,20,May,KZDOO,Чехлы,Чехол для смартфона,2780.0,About To Sleep,Silver,695.0,2.341510791366906
2025-03-23,ORD901518,99772524,GGG_Purple_5307,1100,2,759.0,0.69,2025,3,12,Sunday,23,March,KZDOO,Чехлы,Чехол для смартфона,1100.0,At Risk,Bronze,550.0,0.69
2025-09-16,ORD593708,45765450,AAA_Green_9615,3180,1,-58.59999999999991,-0.0184276729559748,2025,9,38,Tuesday,16,September,KZDOO,Чехлы,Чехол для смартфона,3180.0,New Customers,Gold,3180.0,-0.018427672955974816
2025-09-13,ORD691443,83447966,BBB_Blue_8761,5180,4,13944.8,1.0,2025,9,37,Saturday,13,September,KZDOO,Чехлы,Чехол для смартфона,5180.0,Champions,Platinum,1295.0,2.6920463320463317
2025-07-21,ORD544014,96010532,HHH_Black_6946,2490,1,-21.90000000000009,-0.0087951807228916,2025,7,30,Monday,21,July,KZDOO,Чехлы,Чехол для смартфона,2490.0,Potential Loyalists,Silver,2490.0,-0.008795180722891602
2025-01-08,ORD306907,23392944,FFF_Pink_5900,6590,3,12239.9,1.0,2025,1,2,Wednesday,8,January,KEEPHONE,Чехлы,Чехол для смартфона,6590.0,Cannot Lose Them,Silver,2196.6666666666665,1.8573444613050076
2025-07-21,ORD980944,47477350,AAA_Blue_8334,5500,2,5500.0,1.0,2025,7,30,Monday,21,July,K-DOO,Чехлы,Чехол для смартфона,5500.0,Loyal Customers,Platinum,2750.0,1.0
2025-02-18,ORD600126,72395314,GGG_Green_9259,2990,1,40.09999999999991,0.0134113712374581,2025,2,8,Tuesday,18,February,KEEPHONE,Чехлы,Чехол для смартфона,2990.0,New Customers,Gold,2990.0,0.013411371237458164
2025-02-10,ORD466157,58295345,GGG_Clear_8444,4700,2,3904.0,0.8306382978723404,2025,2,7,Monday,10,February,KZDOO,Чехлы,Чехол для смартфона,4700.0,Champions,Platinum,2350.0,0.8306382978723404
2025-01-15,ORD663325,32826828,EEE_Titanium_7662,6990,1,365.0,0.0522174535050071,2025,1,3,Wednesday,15,January,KEEPHONE,Чехлы,Чехол для смартфона,6990.0,Loyal Customers,Platinum,6990.0,0.05221745350500715
2025-08-25,ORD899817,43022400,BBB_Red_2345,2980,3,5340.8,1.0,2025,8,35,Monday,25,August,KZDOO,Чехлы,Чехол для смартфона,2980.0,New Customers,Gold,993.3333333333334,1.7922147651006712
2025-03-02,ORD297786,68096550,GGG_Green_1753,5200,3,9139.0,1.0,2025,3,9,Sunday,2,March,KEEPHONE,Чехлы,Чехол для смартфона,5200.0,At Risk,Bronze,1733.3333333333333,1.7575
2025-02-26,ORD694124,76161009,AAA_Green_4817,6190,2,6190.200000000001,1.0,2025,2,9,Wednesday,26,February,KEEPHONE,Чехлы,Чехол для смартфона,6190.0,324,Gold,3095.0,1.000032310177706
2025-01-10,ORD328046,83447966,BBB_Blue_8761,5180,3,10124.6,1.0,2025,1,2,Friday,10,January,KZDOO,Чехлы,Чехол для смартфона,5180.0,Champions,Platinum,1726.6666666666667,1.9545559845559846
2025-02-14,ORD888736,61524158,FFF_Blue_7386,5100,4,13727.0,1.0,2025,2,7,Friday,14,February,KZDOO,Чехлы,Чехол для смартфона,5100.0,Loyal Customers,Platinum,1275.0,2.6915686274509802
2025-04-18,ORD754252,45844803,DDD_Blue_1270,4906,1,-94.51999999999998,-0.0192662046473705,2025,4,16,Friday,18,April,KEEPHONE,Чехлы,Чехол для смартфона,4906.0,At Risk,Bronze,4906.0,-0.019266204647370562
2025-06-14,ORD665455,98767142,GGG_White_8463,5580,3,11196.6,1.0,2025,6,24,Saturday,14,June,KZDOO,Чехлы,Чехол для смартфона,5580.0,324,Gold,1860.0,2.0065591397849465
2025-02-14,ORD266277,80855016,FFF_Titanium_1848,5990,4,17331.5,1.0,2025,2,7,Friday,14,February,KEEPHONE,Чехлы,Чехол для смартфона,5990.0,Loyal Customers,Platinum,1497.5,2.893405676126878
2025-08-21,ORD410095,86055495,AAA_Green_3407,5300,2,5384.0,1.0,2025,8,34,Thursday,21,August,KZDOO,Чехлы,Чехол для смартфона,5300.0,New Customers,Silver,2650.0,1.0158490566037737
2025-03-04,ORD193507,19770679,HHH_Red_1115,7828,4,21758.52,1.0,2025,3,10,Tuesday,4,March,K-DOO,Чехлы,Чехол для смартфона,7828.0,Loyal Customers,Platinum,1957.0,2.779575881451201
2025-04-08,ORD264920,70809079,DDD_Titanium_1174,9980,2,10608.0,1.0,2025,4,15,Tuesday,8,April,KZDOO,Чехлы,Чехол для смартфона,9980.0,High Value New Customers,Gold,4990.0,1.0629258517034068
2025-06-19,ORD561593,91561471,EEE_Red_4134,7000,2,6800.0,0.9714285714285714,2025,6,25,Thursday,19,June,KEEPHONE,Чехлы,Чехол для смартфона,7000.0,High Value New Customers,Platinum,3500.0,0.9714285714285714
2025-07-27,ORD336604,43896197,DDD_Blue_6662,4980,1,353.4000000000001,0.0709638554216867,2025,7,30,Sunday,27,July,K-DOO,Чехлы,Чехол для наушников,4980.0,324,Gold,4980.0,0.07096385542168676
2025-06-29,ORD693863,22172016,BBB_White_7075,6200,1,1026.0,0.1654838709677419,2025,6,26,Sunday,29,June,K-DOO,Чехлы,Чехол для смартфона,6200.0,Cannot Lose Them,Silver,6200.0,0.16548387096774195
2025-04-03,ORD848615,52116150,EEE_Purple_2309,3380,4,9692.8,1.0,2025,4,14,Thursday,3,April,KZDOO,Чехлы,Чехол для смартфона,3380.0,New Customers,Silver,845.0,2.8676923076923075
2025-06-23,ORD416614,95592350,DDD_Green_6347,11100,1,240.0,0.0216216216216216,2025,6,26,Monday,23,June,KZDOO,Чехлы,Чехол для смартфона,11100.0,325,Gold,11100.0,0.021621621621621623
2025-02-06,ORD104010,13739750,BBB_Pink_5147,6090,1,699.0,0.1147783251231527,2025,2,6,Thursday,6,February,KZDOO,Чехлы,Чехол для смартфона,6090.0,Cannot Lose Them,Gold,6090.0,0.11477832512315271
2025-06-16,ORD572902,10060494,EEE_Purple_5001,5180,1,771.0,0.1488416988416988,2025,6,25,Monday,16,June,KZDOO,Чехлы,Чехол для смартфона,5180.0,High Value New Customers,Gold,5180.0,0.14884169884169884
2025-01-02,ORD470542,91561471,EEE_Red_4134,7000,4,18944.0,1.0,2025,1,1,Thursday,2,January,KEEPHONE,Чехлы,Чехол для смартфона,7000.0,High Value New Customers,Platinum,1750.0,2.7062857142857144
2025-05-23,ORD595757,86313043,CCC_Purple_9765,3490,3,6867.0,1.0,2025,5,21,Friday,23,May,KZDOO,Чехлы,Чехол для смартфона,3490.0,Loyal Customers,Gold,1163.3333333333333,1.967621776504298
2025-03-24,ORD651785,74519088,HHH_Blue_2269,5990,1,427.4000000000001,0.0713522537562604,2025,3,13,Monday,24,March,KZDOO,Чехлы,Чехол для смартфона,5990.0,113,Bronze,5990.0,0.07135225375626045
2025-08-21,ORD204907,82611352,HHH_Pink_5740,3380,1,-374.8,-0.110887573964497,2025,8,34,Thursday,21,August,KZDOO,Чехлы,Чехол для смартфона,3380.0,High Value New Customers,Gold,3380.0,-0.11088757396449704
2025-07-31,ORD351830,34469882,HHH_Purple_4677,2450,4,6489.0,1.0,2025,7,31,Thursday,31,July,KEEPHONE,Чехлы,Чехол для смартфона,2450.0,Potential Loyalists,Bronze,612.5,2.6485714285714286
2025-04-20,ORD148791,36496711,GGG_Blue_5448,6736,3,11914.88,1.0,2025,4,16,Sunday,20,April,KZDOO,Чехлы,Чехол для смартфона,6736.0,Cannot Lose Them,Silver,2245.3333333333335,1.768836104513064
2025-07-04,ORD208891,97371150,CCC_Titanium_4827,6000,1,585.0,0.0975,2025,7,27,Friday,4,July,KZDOO,Чехлы,Чехол для смартфона,6000.0,324,Gold,6000.0,0.0975
2025-05-28,ORD909078,27574394,AAA_Purple_7824,2000,2,1283.0,0.6415,2025,5,22,Wednesday,28,May,Нет бренда,Чехлы,Чехол для смартфона,2000.0,About To Sleep,Silver,1000.0,0.6415
2025-05-23,ORD387594,12105804,CCC_Clear_2175,7828,4,19474.12,1.0,2025,5,21,Friday,23,May,KZDOO,Чехлы,Чехол для смартфона,7828.0,325,Gold,1957.0,2.4877516607051606
2025-03-16,ORD541560,78143684,AAA_White_7977,3100,1,34.0,0.0109677419354838,2025,3,11,Sunday,16,March,KZDOO,Чехлы,Чехол для смартфона,3100.0,At Risk,Bronze,3100.0,0.01096774193548387
2025-02-07,ORD681294,80463441,EEE_Clear_2483,7380,1,1364.0,0.1848238482384823,2025,2,6,Friday,7,February,K-DOO,Чехлы,Чехол для смартфона,7380.0,At Risk,Bronze,7380.0,0.18482384823848239
2025-07-19,ORD824145,50339234,CCC_Black_7296,2933,2,2744.3,0.9356631435390386,2025,7,29,Saturday,19,July,KEEPHONE,Чехлы,Чехол для смартфона,2933.0,Potential Loyalists,Silver,1466.5,0.9356631435390386
2025-07-22,ORD679724,88663806,AAA_Black_2640,1020,2,578.0,0.5666666666666667,2025,7,30,Tuesday,22,July,Robiton,Батарейки и аккумуляторы,Батарейка,1020.0,342,Gold,510.0,0.5666666666666667
2025-02-26,ORD946448,37897172,DDD_Titanium_2057,4980,4,14407.0,1.0,2025,2,9,Wednesday,26,February,KZDOO,Чехлы,Чехол для смартфона,4980.0,Cannot Lose Them,Silver,1245.0,2.8929718875502006
2025-05-02,ORD956718,38070392,HHH_Purple_3039,9980,4,24155.2,1.0,2025,5,18,Friday,2,May,KZDOO,Чехлы,Чехол для смартфона,9980.0,Cannot Lose Them,Gold,2495.0,2.420360721442886
2025-04-04,ORD577956,88157875,BBB_Green_9675,5300,2,5284.0,0.9969811320754716,2025,4,14,Friday,4,April,KZDOO,Чехлы,Чехол для смартфона,5300.0,Loyal Customers,Gold,2650.0,0.9969811320754717
2025-01-16,ORD570663,12911883,DDD_Red_2385,680,4,1276.4,1.0,2025,1,3,Thursday,16,January,Robiton,Батарейки и аккумуляторы,Батарейка,680.0,At Risk,Bronze,170.0,1.877058823529412
2025-08-01,ORD806218,80340504,EEE_Pink_6948,4500,2,4190.0,0.9311111111111112,2025,8,31,Friday,1,August,KZDOO,Чехлы,Чехол для смартфона,4500.0,Potential Loyalists,Silver,2250.0,0.9311111111111111
2025-08-09,ORD123511,34965828,FFF_Purple_6666,3368,1,7.839999999999918,0.0023277909738717,2025,8,32,Saturday,9,August,KEEPHONE,Чехлы,Чехол для смартфона,3368.0,Potential Loyalists,Bronze,3368.0,0.0023277909738717096
2025-06-02,ORD819527,43666607,HHH_Clear_1848,2050,2,1584.5,0.7729268292682927,2025,6,23,Monday,2,June,KEEPHONE,Чехлы,Чехол для смартфона,2050.0,New Customers,Silver,1025.0,0.7729268292682927
2025-08-30,ORD277759,68159326,HHH_Clear_5825,1240,2,958.2,0.772741935483871,2025,8,35,Saturday,30,August,REMAX,Защитные пленки и стекла,Защитное стекло,1240.0,Loyal Customers,Platinum,620.0,0.772741935483871
2025-02-05,ORD395874,63259901,CCC_White_6266,5100,3,9200.0,1.0,2025,2,6,Wednesday,5,February,KZDOO,Чехлы,Чехол для наушников,5100.0,Loyal Customers,Gold,1700.0,1.803921568627451
2025-07-03,ORD932531,99453640,CCC_Green_7311,11100,2,12489.0,1.0,2025,7,27,Thursday,3,July,KZDOO,Чехлы,Чехол для смартфона,11100.0,Loyal Customers,Platinum,5550.0,1.125135135135135
2025-01-29,ORD401931,34643765,GGG_Black_5712,6980,2,7534.799999999999,1.0,2025,1,5,Wednesday,29,January,KEEPHONE,Чехлы,Чехол для смартфона,6980.0,Loyal Customers,Platinum,3490.0,1.079484240687679
2025-02-22,ORD170025,82438067,EEE_Red_8950,5980,3,10896.4,1.0,2025,2,8,Saturday,22,February,KZDOO,Чехлы,Чехол для смартфона,5980.0,High Value New Customers,Gold,1993.3333333333333,1.8221404682274247
2025-08-18,ORD776128,18488674,CCC_Clear_9381,3490,4,8678.1,1.0,2025,8,34,Monday,18,August,KZDOO,Чехлы,Чехол для смартфона,3490.0,Loyal Customers,Gold,872.5,2.4865616045845274
2025-04-24,ORD288424,81037751,GGG_Titanium_4851,6380,3,9986.8,1.0,2025,4,17,Thursday,24,April,KZDOO,Чехлы,Чехол для смартфона,6380.0,At Risk,Bronze,2126.6666666666665,1.5653291536050156
2025-04-11,ORD645787,39912009,AAA_Black_7462,4990,1,140.19999999999982,0.0280961923847695,2025,4,15,Friday,11,April,KZDOO,Чехлы,Чехол для смартфона,4990.0,Loyal Customers,Platinum,4990.0,0.028096192384769503
2025-02-10,ORD564192,68942875,BBB_Purple_2912,5990,3,10536.9,1.0,2025,2,7,Monday,10,February,KEEPHONE,Чехлы,Чехол для смартфона,5990.0,213,Silver,1996.6666666666667,1.7590818030050084
2025-06-04,ORD962679,48759312,AAA_Clear_7073,1490,1,190.4000000000001,0.1277852348993289,2025,6,23,Wednesday,4,June,KZDOO,Чехлы,Чехол для смартфона,1490.0,Potential Loyalists,Silver,1490.0,0.12778523489932891
2025-07-05,ORD305787,19861565,AAA_Red_7612,6580,4,15805.2,1.0,2025,7,27,Saturday,5,July,KZDOO,Чехлы,Чехол для смартфона,6580.0,325,Gold,1645.0,2.402006079027356
2025-08-04,ORD593136,82503737,EEE_Green_1464,3380,3,6575.6,1.0,2025,8,32,Monday,4,August,KZDOO,Чехлы,Чехол для смартфона,3380.0,Loyal Customers,Platinum,1126.6666666666667,1.9454437869822487
2025-07-18,ORD241418,17897185,BBB_Red_6872,4990,3,9342.4,1.0,2025,7,29,Friday,18,July,KZDOO,Чехлы,Чехол для смартфона,4990.0,324,Gold,1663.3333333333333,1.8722244488977955
2025-09-03,ORD659517,85884486,AAA_Red_7992,6580,4,17221.6,1.0,2025,9,36,Wednesday,3,September,KZDOO,Чехлы,Чехол для смартфона,6580.0,Loyal Customers,Platinum,1645.0,2.617264437689969
2025-07-06,ORD320441,46780122,HHH_Black_4468,5500,1,391.0,0.0710909090909091,2025,7,27,Sunday,6,July,K-DOO,Чехлы,Чехол для смартфона,5500.0,Potential Loyalists,Silver,5500.0,0.0710909090909091
2025-03-06,ORD976716,14773482,DDD_White_5541,5990,3,10568.3,1.0,2025,3,10,Thursday,6,March,KZDOO,Чехлы,Чехол для смартфона,5990.0,Loyal Customers,Gold,1996.6666666666667,1.7643238731218696
2025-09-14,ORD878197,98575820,EEE_Red_5832,1800,1,-119.0,-0.0661111111111111,2025,9,37,Sunday,14,September,K-DOO,Чехлы,Чехол для смартфона,1800.0,New Customers,Silver,1800.0,-0.0661111111111111
2025-01-07,ORD710471,80718283,DDD_White_2968,7980,3,14656.2,1.0,2025,1,2,Tuesday,7,January,KEEPHONE,Чехлы,Чехол для смартфона,7980.0,Cannot Lose Them,Silver,2660.0,1.8366165413533835
2025-08-18,ORD610593,68455110,AAA_Purple_5764,4980,2,4523.0,0.9082329317269076,2025,8,34,Monday,18,August,KZDOO,Чехлы,Чехол для смартфона,4980.0,Loyal Customers,Platinum,2490.0,0.9082329317269077
2025-01-11,ORD991813,32639679,EEE_Blue_5688,6990,3,12582.3,1.0,2025,1,2,Saturday,11,January,KEEPHONE,Чехлы,Чехол для смартфона,6990.0,Cannot Lose Them,Silver,2330.0,1.8000429184549356
2025-09-02,ORD732956,84863522,GGG_Clear_4484,2460,4,6349.6,1.0,2025,9,36,Tuesday,2,September,Robiton,Батарейки и аккумуляторы,Батарейка,2460.0,New Customers,Silver,615.0,2.581138211382114
2025-09-09,ORD926494,36890351,AAA_White_3056,5180,4,13301.8,1.0,2025,9,37,Tuesday,9,September,KZDOO,Чехлы,Чехол для смартфона,5180.0,New Customers,Gold,1295.0,2.567915057915058
2025-02-16,ORD184240,74588621,HHH_Titanium_9363,2550,1,335.0,0.1313725490196078,2025,2,7,Sunday,16,February,KZDOO,Чехлы,Чехол для смартфона,2550.0,Champions,Platinum,2550.0,0.13137254901960785
2025-05-03,ORD281527,55765055,FFF_Clear_1289,2980,3,5392.0,1.0,2025,5,18,Saturday,3,May,KZDOO,Чехлы,Чехол для смартфона,2980.0,About To Sleep,Silver,993.3333333333334,1.8093959731543625
2025-03-24,ORD979989,88223836,EEE_Red_9650,7500,1,354.0,0.0472,2025,3,13,Monday,24,March,KZDOO,Чехлы,Чехол для смартфона,7500.0,325,Gold,7500.0,0.0472
2025-08-21,ORD722445,38137830,CCC_Titanium_4802,5380,1,903.3999999999996,0.1679182156133828,2025,8,34,Thursday,21,August,KZDOO,Чехлы,Чехол для смартфона,5380.0,High Value New Customers,Gold,5380.0,0.16791821561338283
2025-08-07,ORD423067,28610359,GGG_Black_5174,3162,2,2327.3200000000006,0.7360278304870337,2025,8,32,Thursday,7,August,KZDOO,Чехлы,Чехол для смартфона,3162.0,Potential Loyalists,Bronze,1581.0,0.7360278304870337
2025-07-16,ORD695202,37203467,GGG_Purple_7207,6580,2,6353.4,0.965562310030395,2025,7,29,Wednesday,16,July,KZDOO,Чехлы,Чехол для смартфона,6580.0,High Value New Customers,Gold,3290.0,0.965562310030395
2025-09-20,ORD547155,51575941,DDD_Purple_5314,3380,4,9513.0,1.0,2025,9,38,Saturday,20,September,KZDOO,Чехлы,Чехол для смартфона,3380.0,Loyal Customers,Platinum,845.0,2.8144970414201183
2025-04-06,ORD888093,70326795,FFF_Purple_9422,11100,1,2571.0,0.2316216216216216,2025,4,14,Sunday,6,April,Неизвестно,Чехлы,Неизвестно,11100.0,Champions,Platinum,11100.0,0.23162162162162162
2025-03-30,ORD763851,71130502,FFF_Black_4039,9990,4,26807.6,1.0,2025,3,13,Sunday,30,March,KZDOO,Чехлы,Чехол для смартфона,9990.0,High Value New Customers,Gold,2497.5,2.6834434434434433
2025-06-06,ORD220839,27574394,AAA_Purple_7824,2000,3,3300.0,1.0,2025,6,23,Friday,6,June,Нет бренда,Чехлы,Чехол для смартфона,2000.0,About To Sleep,Silver,666.6666666666666,1.65
2025-03-01,ORD711636,84822158,BBB_Blue_9580,5500,1,472.0,0.0858181818181818,2025,3,9,Saturday,1,March,K-DOO,Чехлы,Чехол для смартфона,5500.0,Loyal Customers,Platinum,5500.0,0.08581818181818182
2025-06-27,ORD999647,62425327,DDD_Titanium_2708,7180,1,1485.0,0.2068245125348189,2025,6,26,Friday,27,June,KZDOO,Чехлы,Чехол для смартфона,7180.0,High Value New Customers,Gold,7180.0,0.20682451253481896
2025-07-30,ORD538396,43747379,GGG_Pink_7385,2980,3,4553.2,1.0,2025,7,31,Wednesday,30,July,KZDOO,Чехлы,Чехол для смартфона,2980.0,New Customers,Gold,993.3333333333334,1.5279194630872484
2025-07-20,ORD550209,52308782,AAA_Clear_6277,3980,3,6754.799999999999,1.0,2025,7,29,Sunday,20,July,KZDOO,Чехлы,Чехол для смартфона,3980.0,Loyal Customers,Platinum,1326.6666666666667,1.697185929648241
2025-08-20,ORD861330,30155466,GGG_Red_1294,5580,4,14641.4,1.0,2025,8,34,Wednesday,20,August,KZDOO,Чехлы,Чехол для смартфона,5580.0,Loyal Customers,Platinum,1395.0,2.6239068100358423
2025-03-10,ORD404302,84839270,FFF_Black_2376,2890,4,6805.1,1.0,2025,3,11,Monday,10,March,KZDOO,Чехлы,Чехол для смартфона,2890.0,At Risk,Bronze,722.5,2.3547058823529414
2025-05-23,ORD300626,58239097,FFF_Titanium_8411,7380,3,14027.2,1.0,2025,5,21,Friday,23,May,KZDOO,Чехлы,Чехол для смартфона,7380.0,At Risk,Bronze,2460.0,1.9007046070460705
2025-01-17,ORD870685,62741760,HHH_Titanium_3383,8990,4,24347.4,1.0,2025,1,3,Friday,17,January,KEEPHONE,Чехлы,Чехол для смартфона,8990.0,Cannot Lose Them,Silver,2247.5,2.7082758620689655
2025-02-01,ORD701184,10060494,EEE_Purple_5001,5180,3,9457.2,1.0,2025,2,5,Saturday,1,February,KZDOO,Чехлы,Чехол для смартфона,5180.0,High Value New Customers,Gold,1726.6666666666667,1.8257142857142858
2025-07-14,ORD555103,42624136,BBB_Green_8505,9180,1,480.0,0.0522875816993464,2025,7,29,Monday,14,July,KZDOO,Чехлы,Чехол для смартфона,9180.0,Loyal Customers,Platinum,9180.0,0.05228758169934641
2025-01-20,ORD875748,37857061,AAA_Black_9470,2900,1,-126.0,-0.0434482758620689,2025,1,4,Monday,20,January,KZDOO,Чехлы,Чехол для смартфона,2900.0,Potential Loyalists,Silver,2900.0,-0.043448275862068966
2025-01-25,ORD830395,87949160,DDD_Blue_7114,2980,2,2206.2,0.7403355704697986,2025,1,4,Saturday,25,January,KZDOO,Чехлы,Чехол для смартфона,2980.0,New Customers,Gold,1490.0,0.7403355704697986
2025-08-05,ORD251412,99453640,CCC_Green_7311,11100,1,20.0,0.0018018018018018,2025,8,32,Tuesday,5,August,KZDOO,Чехлы,Чехол для смартфона,11100.0,Loyal Customers,Platinum,11100.0,0.0018018018018018018
2025-03-11,ORD776411,80289394,GGG_Purple_5051,6580,3,12536.0,1.0,2025,3,11,Tuesday,11,March,KZDOO,Чехлы,Чехол для смартфона,6580.0,High Value New Customers,Gold,2193.3333333333335,1.9051671732522797
2025-03-24,ORD651342,31882676,CCC_Titanium_5561,4980,4,13226.6,1.0,2025,3,13,Monday,24,March,KZDOO,Чехлы,Чехол для смартфона,4980.0,213,Silver,1245.0,2.655943775100402
2025-04-08,ORD111488,87448383,AAA_Green_2528,4300,2,4003.0,0.9309302325581396,2025,4,15,Tuesday,8,April,KZDOO,Чехлы,Чехол для смартфона,4300.0,Loyal Customers,Gold,2150.0,0.9309302325581396
2025-06-15,ORD530101,15211947,DDD_Green_9844,6738,4,17256.56,1.0,2025,6,24,Sunday,15,June,KZDOO,Чехлы,Чехол для смартфона,6738.0,At Risk,Bronze,1684.5,2.5610804392994955
2025-05-21,ORD574186,78108555,BBB_Green_2236,6050,3,11859.5,1.0,2025,5,21,Wednesday,21,May,KZDOO,Чехлы,Чехол для смартфона,6050.0,Champions,Platinum,2016.6666666666667,1.9602479338842975
2025-04-15,ORD313059,67732421,HHH_Black_7854,7300,1,744.0,0.101917808219178,2025,4,16,Tuesday,15,April,K-DOO,Чехлы,Чехол для смартфона,7300.0,High Value New Customers,Gold,7300.0,0.10191780821917808
2025-06-04,ORD463773,58484682,GGG_Green_9626,4380,2,3352.2,0.7653424657534246,2025,6,23,Wednesday,4,June,KZDOO,Чехлы,Чехол для смартфона,4380.0,Loyal Customers,Platinum,2190.0,0.7653424657534246
2025-07-07,ORD833189,84503528,EEE_Black_2767,5648,3,10015.84,1.0,2025,7,28,Monday,7,July,KZDOO,Чехлы,Чехол для смартфона,5648.0,High Value New Customers,Gold,1882.6666666666667,1.773342776203966
2025-05-16,ORD837197,51313051,DDD_Clear_9288,11100,2,10749.0,0.9683783783783784,2025,5,20,Friday,16,May,KZDOO,Чехлы,Чехол для смартфона,11100.0,High Value New Customers,Platinum,5550.0,0.9683783783783784
2025-09-06,ORD600423,69728328,HHH_Red_6449,1800,2,1198.0,0.6655555555555556,2025,9,36,Saturday,6,September,Panasonic,Батарейки и аккумуляторы,Батарейка,1800.0,Loyal Customers,Gold,900.0,0.6655555555555556
2025-04-07,ORD324256,25673692,HHH_Titanium_2410,8500,1,860.0,0.1011764705882353,2025,4,15,Monday,7,April,KZDOO,Чехлы,Чехол для смартфона,8500.0,High Value New Customers,Platinum,8500.0,0.1011764705882353
2025-07-08,ORD125621,48103158,BBB_Blue_2666,2500,3,4221.0,1.0,2025,7,28,Tuesday,8,July,KZDOO,Чехлы,Чехол для смартфона,2500.0,New Customers,Gold,833.3333333333334,1.6884
2025-05-03,ORD914690,74952520,DDD_Green_2949,4980,4,12355.8,1.0,2025,5,18,Saturday,3,May,KZDOO,Чехлы,Чехол для смартфона,4980.0,High Value New Customers,Gold,1245.0,2.4810843373493974
2025-05-21,ORD362353,64538087,CCC_Clear_4692,3490,2,2843.6000000000004,0.8147851002865331,2025,5,21,Wednesday,21,May,KZDOO,Чехлы,Чехол для смартфона,3490.0,234,Gold,1745.0,0.8147851002865331
2025-04-01,ORD811756,85372595,CCC_Titanium_6837,2550,2,2168.5,0.850392156862745,2025,4,14,Tuesday,1,April,KZDOO,Чехлы,Чехол для смартфона,2550.0,At Risk,Bronze,1275.0,0.850392156862745
2025-01-24,ORD468701,52760747,EEE_Titanium_6892,4700,4,12375.0,1.0,2025,1,4,Friday,24,January,KZDOO,Чехлы,Чехол для смартфона,4700.0,High Value New Customers,Gold,1175.0,2.632978723404255
2025-04-27,ORD638331,71333535,CCC_Clear_1274,1460,3,2402.4,1.0,2025,4,17,Sunday,27,April,REMAX,Защитные пленки и стекла,Защитное стекло,1460.0,Loyal Customers,Gold,486.6666666666667,1.6454794520547946
2025-06-10,ORD478782,18488674,CCC_Clear_9381,3490,2,3644.2,1.0,2025,6,24,Tuesday,10,June,KZDOO,Чехлы,Чехол для смартфона,3490.0,Loyal Customers,Gold,1745.0,1.0441833810888252
2025-09-01,ORD130061,89459784,FFF_Purple_8560,6580,2,6335.6,0.962857142857143,2025,9,36,Monday,1,September,KZDOO,Чехлы,Чехол для смартфона,6580.0,Loyal Customers,Platinum,3290.0,0.962857142857143
2025-02-28,ORD756809,33336859,BBB_Blue_8197,6000,2,5769.0,0.9615,2025,2,9,Friday,28,February,KZDOO,Чехлы,Чехол для смартфона,6000.0,Loyal Customers,Platinum,3000.0,0.9615
2025-03-11,ORD833401,26561997,CCC_Titanium_7137,6580,3,12009.8,1.0,2025,3,11,Tuesday,11,March,KZDOO,Чехлы,Чехол для смартфона,6580.0,Cannot Lose Them,Silver,2193.3333333333335,1.8251975683890576
2025-06-01,ORD649872,40831517,HHH_Titanium_9359,3590,3,6723.0,1.0,2025,6,22,Sunday,1,June,KZDOO,Чехлы,Чехол для смартфона,3590.0,About To Sleep,Silver,1196.6666666666667,1.8727019498607242
2025-08-22,ORD748309,80225576,BBB_Titanium_7452,1360,4,3172.6000000000004,1.0,2025,8,34,Friday,22,August,Varta,Батарейки и аккумуляторы,Батарейка,1360.0,New Customers,Silver,340.0,2.332794117647059
2025-09-01,ORD947949,82562635,BBB_Green_6494,2780,3,4620.4,1.0,2025,9,36,Monday,1,September,KZDOO,Чехлы,Чехол для смартфона,2780.0,New Customers,Silver,926.6666666666666,1.6620143884892085
2025-07-20,ORD920966,22599508,GGG_Blue_2762,7180,3,14103.0,1.0,2025,7,29,Sunday,20,July,KZDOO,Чехлы,Чехол для смартфона,7180.0,Potential Loyalists,Silver,2393.3333333333335,1.9642061281337047
2025-04-16,ORD107742,60736622,HHH_Pink_2327,9380,1,2084.0,0.2221748400852878,2025,4,16,Wednesday,16,April,KZDOO,Чехлы,Чехол для смартфона,9380.0,Cannot Lose Them,Gold,9380.0,0.22217484008528784
2025-04-16,ORD107742,60736622,HHH_Pink_2327,9380,1,2084.0,0.2221748400852878,2025,4,16,Wednesday,16,April,KZDOO,Чехлы,Чехол для смартфона,9380.0,Cannot Lose Them,Gold,9380.0,0.22217484008528784
2025-07-23,ORD501860,54290924,DDD_Green_9078,7180,4,18580.2,1.0,2025,7,30,Wednesday,23,July,KZDOO,Чехлы,Чехол для смартфона,7180.0,Loyal Customers,Platinum,1795.0,2.587771587743733
2025-05-02,ORD865861,65415657,HHH_Black_7735,7180,2,7306.799999999999,1.0,2025,5,18,Friday,2,May,KZDOO,Чехлы,Чехол для смартфона,7180.0,Loyal Customers,Platinum,3590.0,1.0176601671309191
2025-01-09,ORD446483,27730464,CCC_White_7695,7180,3,12517.6,1.0,2025,1,2,Thursday,9,January,KZDOO,Чехлы,Чехол для смартфона,7180.0,324,Gold,2393.3333333333335,1.743398328690808
2025-09-20,ORD982269,16337630,EEE_Blue_8965,4100,2,3424.0,0.8351219512195122,2025,9,38,Saturday,20,September,KZDOO,Чехлы,Чехол для смартфона,4100.0,Loyal Customers,Platinum,2050.0,0.8351219512195122
2025-02-15,ORD905602,78585756,AAA_Titanium_1682,6580,2,6376.799999999999,0.9691185410334344,2025,2,7,Saturday,15,February,KZDOO,Чехлы,Чехол для смартфона,6580.0,235,Gold,3290.0,0.9691185410334345
2025-09-17,ORD124351,41812842,BBB_Green_4942,4980,1,707.4000000000001,0.1420481927710843,2025,9,38,Wednesday,17,September,KZDOO,Чехлы,Чехол для смартфона,4980.0,High Value New Customers,Gold,4980.0,0.14204819277108435
2025-06-03,ORD490294,89466257,FFF_Green_6760,7828,3,13632.12,1.0,2025,6,23,Tuesday,3,June,KZDOO,Чехлы,Чехол для смартфона,7828.0,Loyal Customers,Gold,2609.3333333333335,1.7414563106796117
2025-06-24,ORD968161,61392847,HHH_Purple_2910,5580,4,15604.8,1.0,2025,6,26,Tuesday,24,June,KZDOO,Чехлы,Чехол для смартфона,5580.0,325,Gold,1395.0,2.796559139784946
2025-04-22,ORD573995,79336129,EEE_Purple_7709,5500,3,9478.0,1.0,2025,4,17,Tuesday,22,April,KZDOO,Чехлы,Чехол для смартфона,5500.0,113,Bronze,1833.3333333333333,1.7232727272727273
2025-08-15,ORD855375,45437720,DDD_Black_8635,2850,2,2804.5,0.9840350877192984,2025,8,33,Friday,15,August,KEEPHONE,Чехлы,Чехол для смартфона,2850.0,Champions,Platinum,1425.0,0.9840350877192983
2025-06-20,ORD285753,74085515,CCC_Purple_3517,5990,4,16764.5,1.0,2025,6,25,Friday,20,June,KZDOO,Чехлы,Чехол для смартфона,5990.0,New Customers,Gold,1497.5,2.798747913188648
2025-01-07,ORD178060,99230127,BBB_Purple_4146,2980,3,5573.6,1.0,2025,1,2,Tuesday,7,January,KZDOO,Чехлы,Чехол для смартфона,2980.0,Loyal Customers,Gold,993.3333333333334,1.8703355704697988
2025-08-05,ORD438460,25995510,EEE_Clear_8415,4600,2,3695.0,0.8032608695652174,2025,8,32,Tuesday,5,August,KEEPHONE,Чехлы,Чехол для смартфона,4600.0,324,Gold,2300.0,0.8032608695652174
2025-02-11,ORD487349,33846396,GGG_White_5000,3290,2,3082.0,0.9367781155015198,2025,2,7,Tuesday,11,February,KZDOO,Чехлы,Чехол для смартфона,3290.0,New Customers,Gold,1645.0,0.9367781155015198
2025-06-24,ORD679385,62743855,EEE_Blue_8678,3380,1,-179.5999999999999,-0.0531360946745561,2025,6,26,Tuesday,24,June,KZDOO,Чехлы,Чехол для смартфона,3380.0,At Risk,Bronze,3380.0,-0.053136094674556184
2025-06-15,ORD968374,55041656,AAA_Green_9617,2790,1,38.200000000000045,0.0136917562724014,2025,6,24,Sunday,15,June,KZDOO,Чехлы,Чехол для смартфона,2790.0,At Risk,Bronze,2790.0,0.01369175627240145
2025-06-17,ORD233074,12911883,DDD_Red_2385,680,1,-254.2,-0.3738235294117646,2025,6,25,Tuesday,17,June,Robiton,Батарейки и аккумуляторы,Батарейка,680.0,At Risk,Bronze,680.0,-0.37382352941176467
2025-05-08,ORD297726,74230163,CCC_Blue_5972,4990,2,4346.6,0.871062124248497,2025,5,19,Thursday,8,May,KZDOO,Чехлы,Чехол для смартфона,4990.0,213,Silver,2495.0,0.871062124248497
2025-01-19,ORD879907,24666903,BBB_Titanium_9028,3380,3,5849.8,1.0,2025,1,3,Sunday,19,January,KZDOO,Чехлы,Чехол для смартфона,3380.0,New Customers,Gold,1126.6666666666667,1.7307100591715976
2025-04-18,ORD751983,61392847,HHH_Purple_2910,5580,1,345.0,0.0618279569892473,2025,4,16,Friday,18,April,KZDOO,Чехлы,Чехол для смартфона,5580.0,325,Gold,5580.0,0.06182795698924731
2025-05-19,ORD882680,29055787,FFF_Blue_7389,7180,3,12907.2,1.0,2025,5,21,Monday,19,May,KZDOO,Чехлы,Чехол для смартфона,7180.0,235,Gold,2393.3333333333335,1.7976601671309194
2025-08-10,ORD146417,51304009,BBB_Red_7529,6990,1,1642.1000000000004,0.2349213161659514,2025,8,32,Sunday,10,August,KEEPHONE,Чехлы,Чехол для смартфона,6990.0,High Value New Customers,Gold,6990.0,0.2349213161659514
2025-01-29,ORD552340,62613196,BBB_Red_1893,6580,4,15988.4,1.0,2025,1,5,Wednesday,29,January,KEEPHONE,Чехлы,Чехол для смартфона,6580.0,325,Gold,1645.0,2.4298480243161094
2025-03-07,ORD326262,59874443,FFF_Green_9068,3380,4,8306.2,1.0,2025,3,10,Friday,7,March,KZDOO,Чехлы,Чехол для смартфона,3380.0,Potential Loyalists,Silver,845.0,2.4574556213017753
2025-04-23,ORD590449,38119865,GGG_Blue_2701,5380,1,-45.19999999999982,-0.0084014869888475,2025,4,17,Wednesday,23,April,KZDOO,Чехлы,Чехол для смартфона,5380.0,Cannot Lose Them,Silver,5380.0,-0.00840148698884755
2025-04-23,ORD449428,69857947,BBB_Pink_3387,11100,2,10399.0,0.9368468468468468,2025,4,17,Wednesday,23,April,KZDOO,Чехлы,Чехол для смартфона,11100.0,High Value New Customers,Gold,5550.0,0.9368468468468468
2025-06-10,ORD883822,38174132,AAA_Pink_2294,2290,1,83.90000000000009,0.0366375545851528,2025,6,24,Tuesday,10,June,KEEPHONE,Чехлы,Чехол для смартфона,2290.0,Loyal Customers,Gold,2290.0,0.03663755458515288
2025-02-28,ORD932993,99973635,CCC_Black_9622,5980,1,91.59999999999992,0.0153177257525083,2025,2,9,Friday,28,February,KZDOO,Чехлы,Чехол для смартфона,5980.0,At Risk,Bronze,5980.0,0.015317725752508348
2025-05-10,ORD186358,42673199,HHH_White_7627,7180,2,7312.799999999999,1.0,2025,5,19,Saturday,10,May,KZDOO,Чехлы,Чехол для смартфона,7180.0,High Value New Customers,Gold,3590.0,1.0184958217270195
2025-04-17,ORD482248,82538041,EEE_Pink_7010,5990,4,16620.3,1.0,2025,4,16,Thursday,17,April,KEEPHONE,Чехлы,Чехол для смартфона,5990.0,113,Bronze,1497.5,2.7746744574290485
2025-04-05,ORD674215,35600902,GGG_Clear_3876,7500,3,14926.0,1.0,2025,4,14,Saturday,5,April,KZDOO,Чехлы,Чехол для смартфона,7500.0,Cannot Lose Them,Silver,2500.0,1.9901333333333333
2025-06-06,ORD966705,52297033,EEE_Red_3557,2550,1,109.0,0.0427450980392156,2025,6,23,Friday,6,June,KZDOO,Чехлы,Чехол для смартфона,2550.0,New Customers,Gold,2550.0,0.04274509803921569
2025-02-24,ORD771207,56604839,GGG_Titanium_3952,3490,2,3198.3,0.9164183381088826,2025,2,9,Monday,24,February,KZDOO,Чехлы,Чехол для смартфона,3490.0,324,Gold,1745.0,0.9164183381088826
2025-06-13,ORD285399,28865428,CCC_White_6197,1900,1,210.0,0.1105263157894736,2025,6,24,Friday,13,June,Varta,Батарейки и аккумуляторы,Батарейка,1900.0,At Risk,Bronze,1900.0,0.11052631578947368
2025-09-20,ORD635339,93401890,GGG_Titanium_7551,2790,2,2485.8,0.8909677419354839,2025,9,38,Saturday,20,September,KZDOO,Чехлы,Чехол для смартфона,2790.0,New Customers,Silver,1395.0,0.8909677419354839
2025-05-30,ORD653724,16278472,EEE_Blue_7850,7180,3,12878.4,1.0,2025,5,22,Friday,30,May,KZDOO,Чехлы,Чехол для смартфона,7180.0,High Value New Customers,Gold,2393.3333333333335,1.7936490250696377
2025-03-09,ORD593825,13642174,BBB_Black_4746,5500,3,9427.0,1.0,2025,3,10,Sunday,9,March,KZDOO,Чехлы,Чехол для смартфона,5500.0,113,Bronze,1833.3333333333333,1.714
2025-08-09,ORD985444,20762733,GGG_Purple_4715,1550,4,3407.0,1.0,2025,8,32,Saturday,9,August,KZDOO,Чехлы,Чехол для смартфона,1550.0,New Customers,Silver,387.5,2.1980645161290324
2025-04-02,ORD627397,16238464,GGG_Green_8833,3380,2,2712.2,0.8024260355029585,2025,4,14,Wednesday,2,April,KZDOO,Чехлы,Чехол для смартфона,3380.0,At Risk,Bronze,1690.0,0.8024260355029585
2025-04-15,ORD256706,96985825,HHH_Purple_2504,3200,2,3164.0,0.98875,2025,4,16,Tuesday,15,April,KZDOO,Чехлы,Чехол для смартфона,3200.0,High Value New Customers,Gold,1600.0,0.98875
2025-06-02,ORD791932,35605795,CCC_Titanium_5935,2200,4,5863.0,1.0,2025,6,23,Monday,2,June,KZDOO,Чехлы,Чехол для смартфона,2200.0,Potential Loyalists,Bronze,550.0,2.665
2025-08-11,ORD142801,97009468,BBB_Red_2622,5580,4,13086.2,1.0,2025,8,33,Monday,11,August,KZDOO,Чехлы,Чехол для смартфона,5580.0,New Customers,Silver,1395.0,2.3451971326164878
2025-08-06,ORD619117,94453894,CCC_Green_6440,7300,2,6356.0,0.8706849315068493,2025,8,32,Wednesday,6,August,KZDOO,Чехлы,Чехол для смартфона,7300.0,325,Gold,3650.0,0.8706849315068493
2025-01-16,ORD912659,40831517,HHH_Titanium_9359,3590,4,9150.2,1.0,2025,1,3,Thursday,16,January,KZDOO,Чехлы,Чехол для смартфона,3590.0,About To Sleep,Silver,897.5,2.5488022284122565
2025-09-15,ORD462429,52732703,CCC_Pink_7226,6200,3,10647.0,1.0,2025,9,38,Monday,15,September,Robiton,Батарейки и аккумуляторы,Аккумуляторная батарейка,6200.0,Loyal Customers,Platinum,2066.6666666666665,1.717258064516129
2025-02-11,ORD856555,17625450,EEE_Red_9020,5580,1,844.3999999999996,0.1513261648745519,2025,2,7,Tuesday,11,February,KZDOO,Чехлы,Чехол для смартфона,5580.0,Cannot Lose Them,Gold,5580.0,0.15132616487455192
2025-03-11,ORD993686,49969528,HHH_Purple_2012,2980,3,5039.4,1.0,2025,3,11,Tuesday,11,March,KZDOO,Чехлы,Чехол для смартфона,2980.0,New Customers,Silver,993.3333333333334,1.6910738255033555
2025-06-07,ORD562029,69371023,AAA_Red_8534,6180,4,16811.6,1.0,2025,6,23,Saturday,7,June,KZDOO,Чехлы,Чехол для смартфона,6180.0,Champions,Platinum,1545.0,2.720323624595469
2025-08-12,ORD546311,84625234,FFF_Titanium_1292,3100,2,2391.0,0.7712903225806451,2025,8,33,Tuesday,12,August,KEEPHONE,Чехлы,Чехол для смартфона,3100.0,High Value New Customers,Gold,1550.0,0.7712903225806451
2025-08-03,ORD953942,29143377,CCC_Titanium_5503,380,2,-161.4,-0.4247368421052632,2025,8,31,Sunday,3,August,Нет бренда,Чехлы,Чехол для смартфона,380.0,New Customers,Gold,190.0,-0.4247368421052632
2025-04-26,ORD819026,71333535,CCC_Clear_1274,1460,3,2072.2,1.0,2025,4,17,Saturday,26,April,REMAX,Защитные пленки и стекла,Защитное стекло,1460.0,Loyal Customers,Gold,486.6666666666667,1.4193150684931506
2025-04-02,ORD977452,84044517,AAA_Clear_3473,2590,2,2210.6,0.8535135135135135,2025,4,14,Wednesday,2,April,KZDOO,Чехлы,Чехол для смартфона,2590.0,At Risk,Bronze,1295.0,0.8535135135135135
2025-06-29,ORD308906,18519010,DDD_Blue_8362,6580,4,16448.6,1.0,2025,6,26,Sunday,29,June,KEEPHONE,Чехлы,Чехол для смартфона,6580.0,High Value New Customers,Gold,1645.0,2.499787234042553
2025-05-07,ORD666125,93626225,FFF_Clear_4303,9990,3,20417.3,1.0,2025,5,19,Wednesday,7,May,KZDOO,Чехлы,Чехол для смартфона,9990.0,Champions,Platinum,3330.0,2.043773773773774
2025-06-05,ORD655237,84867052,BBB_Black_9984,3980,2,2916.4,0.7327638190954773,2025,6,23,Thursday,5,June,KZDOO,Чехлы,Чехол для смартфона,3980.0,Cannot Lose Them,Silver,1990.0,0.7327638190954774
2025-06-12,ORD486500,91512215,DDD_Red_1755,2490,1,203.0,0.0815261044176706,2025,6,24,Thursday,12,June,KZDOO,Чехлы,Чехол для смартфона,2490.0,At Risk,Bronze,2490.0,0.08152610441767068
2025-06-07,ORD545107,51023847,FFF_Green_1065,4990,1,130.0,0.0260521042084168,2025,6,23,Saturday,7,June,KZDOO,Чехлы,Чехол для смартфона,4990.0,High Value New Customers,Gold,4990.0,0.026052104208416832
2025-05-31,ORD545401,18885984,DDD_Purple_4347,6200,4,17404.0,1.0,2025,5,22,Saturday,31,May,KEEPHONE,Чехлы,Чехол для смартфона,6200.0,325,Gold,1550.0,2.8070967741935484
2025-09-01,ORD639745,99230127,BBB_Purple_4146,2980,2,2772.6000000000004,0.9304026845637584,2025,9,36,Monday,1,September,KZDOO,Чехлы,Чехол для смартфона,2980.0,Loyal Customers,Gold,1490.0,0.9304026845637585
2025-06-19,ORD992206,24644733,FFF_Black_3652,3477,4,8662.36,1.0,2025,6,25,Thursday,19,June,KEEPHONE,Чехлы,Чехол для смартфона,3477.0,Potential Loyalists,Silver,869.25,2.491331607707794
2025-05-16,ORD210044,10226963,FFF_Green_2714,9180,3,15819.4,1.0,2025,5,20,Friday,16,May,KZDOO,Чехлы,Чехол для смартфона,9180.0,213,Silver,3060.0,1.7232461873638343
2025-04-26,ORD386456,11723919,EEE_Black_5621,3180,1,-214.4000000000001,-0.0674213836477987,2025,4,17,Saturday,26,April,KZDOO,Чехлы,Чехол для смартфона,3180.0,Cannot Lose Them,Silver,3180.0,-0.06742138364779877
2025-03-03,ORD210660,23429358,HHH_Pink_8971,11100,3,20252.0,1.0,2025,3,10,Monday,3,March,KZDOO,Чехлы,Чехол для смартфона,11100.0,Cannot Lose Them,Silver,3700.0,1.8245045045045045
2025-02-09,ORD773752,74692955,DDD_Black_2968,5124,2,4882.0,0.9527712724434036,2025,2,6,Sunday,9,February,KZDOO,Чехлы,Чехол для смартфона,5124.0,Champions,Platinum,2562.0,0.9527712724434035
2025-04-20,ORD778832,52629278,FFF_Purple_6937,5990,4,15463.6,1.0,2025,4,16,Sunday,20,April,KEEPHONE,Чехлы,Чехол для смартфона,5990.0,235,Gold,1497.5,2.5815692821368947
2025-09-18,ORD939451,71643669,CCC_Green_1403,11100,4,29753.0,1.0,2025,9,38,Thursday,18,September,KZDOO,Чехлы,Чехол для смартфона,11100.0,Loyal Customers,Platinum,2775.0,2.6804504504504503
2025-06-22,ORD134912,64493994,EEE_Clear_3126,2980,4,7714.799999999999,1.0,2025,6,25,Sunday,22,June,KZDOO,Чехлы,Чехол для смартфона,2980.0,New Customers,Silver,745.0,2.5888590604026844
2025-08-18,ORD586311,39497042,BBB_White_2474,2000,3,3094.0,1.0,2025,8,34,Monday,18,August,REMAX,Защитные пленки и стекла,Защитное стекло,2000.0,New Customers,Silver,666.6666666666666,1.547
2025-05-09,ORD694727,20387700,HHH_Black_9830,6980,1,1339.6000000000004,0.191919770773639,2025,5,19,Friday,9,May,KEEPHONE,Чехлы,Чехол для смартфона,6980.0,Cannot Lose Them,Silver,6980.0,0.19191977077363903
2025-01-08,ORD861478,50625074,EEE_White_5636,5980,3,9724.4,1.0,2025,1,2,Wednesday,8,January,KZDOO,Чехлы,Чехол для смартфона,5980.0,213,Silver,1993.3333333333333,1.626153846153846
2025-03-11,ORD680472,53675020,DDD_Titanium_6448,5580,3,9633.4,1.0,2025,3,11,Tuesday,11,March,KZDOO,Чехлы,Чехол для смартфона,5580.0,High Value New Customers,Gold,1860.0,1.7264157706093188
2025-07-19,ORD301565,42354439,HHH_Red_3959,6580,2,6093.6,0.9260790273556232,2025,7,29,Saturday,19,July,KZDOO,Чехлы,Чехол для смартфона,6580.0,314,Silver,3290.0,0.9260790273556232
2025-04-27,ORD841509,72055283,DDD_Purple_2787,10980,2,10540.8,0.96,2025,4,17,Sunday,27,April,KZDOO,Чехлы,Чехол для смартфона,10980.0,Cannot Lose Them,Silver,5490.0,0.96
2025-07-31,ORD659013,59874443,FFF_Green_9068,3380,2,3311.6000000000004,0.9797633136094676,2025,7,31,Thursday,31,July,KZDOO,Чехлы,Чехол для смартфона,3380.0,Potential Loyalists,Silver,1690.0,0.9797633136094676
2025-04-19,ORD110586,45963238,FFF_Titanium_5998,2600,1,210.0,0.0807692307692307,2025,4,16,Saturday,19,April,KEEPHONE,Чехлы,Чехол для смартфона,2600.0,At Risk,Bronze,2600.0,0.08076923076923077
2025-02-03,ORD971992,93094444,DDD_White_9135,2990,1,552.3000000000002,0.1847157190635452,2025,2,6,Monday,3,February,KEEPHONE,Чехлы,Чехол для смартфона,2990.0,234,Gold,2990.0,0.18471571906354523
2025-04-18,ORD919705,21929427,FFF_Green_1597,4990,2,3828.2,0.7671743486973948,2025,4,16,Friday,18,April,KZDOO,Чехлы,Чехол для смартфона,4990.0,High Value New Customers,Gold,2495.0,0.7671743486973948
2025-06-19,ORD540263,20387700,HHH_Black_9830,6980,2,6274.4,0.8989111747851002,2025,6,25,Thursday,19,June,KEEPHONE,Чехлы,Чехол для смартфона,6980.0,Cannot Lose Them,Silver,3490.0,0.8989111747851002
2025-09-20,ORD111634,65415657,HHH_Black_7735,7180,1,437.0,0.0608635097493036,2025,9,38,Saturday,20,September,KZDOO,Чехлы,Чехол для смартфона,7180.0,Loyal Customers,Platinum,7180.0,0.06086350974930362
2025-09-20,ORD111891,72952203,EEE_Pink_4218,6738,4,18217.02,1.0,2025,9,38,Saturday,20,September,KZDOO,Чехлы,Чехол для смартфона,6738.0,High Value New Customers,Gold,1684.5,2.703624220837044
2025-06-22,ORD412750,98454420,AAA_Titanium_4017,7180,1,1375.0,0.1915041782729805,2025,6,25,Sunday,22,June,KZDOO,Чехлы,Чехол для смартфона,7180.0,Cannot Lose Them,Silver,7180.0,0.1915041782729805
2025-04-05,ORD730153,18140841,EEE_Pink_1003,4980,1,374.5999999999999,0.0752208835341365,2025,4,14,Saturday,5,April,KZDOO,Чехлы,Чехол для смартфона,4980.0,Loyal Customers,Gold,4980.0,0.07522088353413653
2025-07-20,ORD858641,77364242,EEE_White_7896,7000,1,1132.0,0.1617142857142857,2025,7,29,Sunday,20,July,KEEPHONE,Чехлы,Чехол для смартфона,7000.0,Potential Loyalists,Silver,7000.0,0.16171428571428573
2025-08-29,ORD555909,43776637,EEE_Blue_5790,5980,2,5875.0,0.9824414715719064,2025,8,35,Friday,29,August,KZDOO,Чехлы,Чехол для смартфона,5980.0,Loyal Customers,Platinum,2990.0,0.9824414715719063
2025-06-22,ORD625885,36919791,CCC_Clear_1118,1800,4,4401.0,1.0,2025,6,25,Sunday,22,June,K-DOO,Чехлы,Чехол для смартфона,1800.0,New Customers,Gold,450.0,2.445
2025-03-24,ORD276217,82611352,HHH_Pink_5740,3380,1,144.19999999999982,0.042662721893491,2025,3,13,Monday,24,March,KZDOO,Чехлы,Чехол для смартфона,3380.0,High Value New Customers,Gold,3380.0,0.04266272189349107
2025-08-27,ORD552853,56847236,GGG_Purple_3146,9180,2,9472.6,1.0,2025,8,35,Wednesday,27,August,KZDOO,Чехлы,Чехол для смартфона,9180.0,High Value New Customers,Gold,4590.0,1.0318736383442266
2025-03-02,ORD949317,34643765,GGG_Black_5712,6980,3,12245.4,1.0,2025,3,9,Sunday,2,March,KEEPHONE,Чехлы,Чехол для смартфона,6980.0,Loyal Customers,Platinum,2326.6666666666665,1.754355300859599
2025-09-20,ORD477046,21167732,EEE_Black_9568,9980,3,18810.6,1.0,2025,9,38,Saturday,20,September,KZDOO,Чехлы,Чехол для смартфона,9980.0,High Value New Customers,Gold,3326.6666666666665,1.884829659318637
2025-09-15,ORD699926,32826828,EEE_Titanium_7662,6990,1,-183.5,-0.0262517882689556,2025,9,38,Monday,15,September,KEEPHONE,Чехлы,Чехол для смартфона,6990.0,Loyal Customers,Platinum,6990.0,-0.02625178826895565
2025-05-02,ORD850161,13735368,EEE_Clear_4552,3490,3,6543.5,1.0,2025,5,18,Friday,2,May,KZDOO,Чехлы,Чехол для смартфона,3490.0,123,Silver,1163.3333333333333,1.8749283667621777
2025-03-21,ORD677246,89677157,DDD_White_8101,7180,4,18631.2,1.0,2025,3,12,Friday,21,March,K-DOO,Чехлы,Чехол для смартфона,7180.0,325,Gold,1795.0,2.594874651810585
2025-05-18,ORD350701,48819696,BBB_Black_2129,5100,3,9915.0,1.0,2025,5,20,Sunday,18,May,KZDOO,Чехлы,Чехол для наушников,5100.0,Cannot Lose Them,Silver,1700.0,1.9441176470588235
2025-07-29,ORD231272,25324439,HHH_Red_4713,2000,3,3111.0,1.0,2025,7,31,Tuesday,29,July,Нет бренда,Чехлы,Чехол для смартфона,2000.0,New Customers,Gold,666.6666666666666,1.5555
2025-08-28,ORD530893,70160612,AAA_Purple_3399,7828,4,23068.0,1.0,2025,8,35,Thursday,28,August,KZDOO,Чехлы,Чехол для смартфона,7828.0,Champions,Platinum,1957.0,2.946857434849259
2025-05-09,ORD762118,74230163,CCC_Blue_5972,4990,1,334.4000000000001,0.0670140280561122,2025,5,19,Friday,9,May,KZDOO,Чехлы,Чехол для смартфона,4990.0,213,Silver,4990.0,0.06701402805611224
2025-06-26,ORD348235,16502779,HHH_Titanium_2914,3250,1,37.5,0.0115384615384615,2025,6,26,Thursday,26,June,KZDOO,Чехлы,Чехол для смартфона,3250.0,New Customers,Gold,3250.0,0.011538461538461539
2025-02-15,ORD911790,43817644,AAA_Green_1908,11100,4,28921.0,1.0,2025,2,7,Saturday,15,February,KZDOO,Чехлы,Чехол для смартфона,11100.0,High Value New Customers,Platinum,2775.0,2.6054954954954956
2025-05-31,ORD595374,93363944,DDD_Blue_6449,580,4,1211.2,1.0,2025,5,22,Saturday,31,May,Robiton,Батарейки и аккумуляторы,Батарейка,580.0,Potential Loyalists,Silver,145.0,2.0882758620689654
2025-02-17,ORD992713,22843017,BBB_Black_5404,6090,4,16738.6,1.0,2025,2,8,Monday,17,February,KZDOO,Чехлы,Чехол для смартфона,6090.0,At Risk,Bronze,1522.5,2.7485385878489326
2025-07-11,ORD858391,88157875,BBB_Green_9675,5300,3,9584.0,1.0,2025,7,28,Friday,11,July,KZDOO,Чехлы,Чехол для смартфона,5300.0,Loyal Customers,Gold,1766.6666666666667,1.8083018867924527
2025-01-10,ORD568967,35214367,FFF_White_7199,9990,4,27356.0,1.0,2025,1,2,Friday,10,January,KZDOO,Чехлы,Чехол для смартфона,9990.0,325,Gold,2497.5,2.7383383383383384
2025-09-07,ORD205246,24046960,GGG_Purple_6176,2980,2,2651.8,0.8898657718120806,2025,9,36,Sunday,7,September,KZDOO,Чехлы,Чехол для смартфона,2980.0,New Customers,Gold,1490.0,0.8898657718120806
2025-05-16,ORD809267,98875006,EEE_Black_6295,2500,3,4306.0,1.0,2025,5,20,Friday,16,May,Robiton,Батарейки и аккумуляторы,Аккумуляторная батарейка,2500.0,At Risk,Bronze,833.3333333333334,1.7224
2025-04-19,ORD973267,78108555,BBB_Green_2236,6050,1,707.5,0.1169421487603305,2025,4,16,Saturday,19,April,KZDOO,Чехлы,Чехол для смартфона,6050.0,Champions,Platinum,6050.0,0.11694214876033057
2025-01-14,ORD358580,19259686,HHH_Pink_2327,2000,1,-107.0,-0.0535,2025,1,3,Tuesday,14,January,KZDOO,Чехлы,Чехол для смартфона,9380.0,Loyal Customers,Gold,2000.0,-0.0535
2025-01-14,ORD358580,19259686,HHH_Pink_2327,2000,1,-107.0,-0.0535,2025,1,3,Tuesday,14,January,KZDOO,Чехлы,Чехол для смартфона,9380.0,Loyal Customers,Gold,2000.0,-0.0535
2025-08-17,ORD212642,96001367,AAA_Purple_5672,6580,1,-223.5999999999999,-0.0339817629179331,2025,8,33,Sunday,17,August,KZDOO,Чехлы,Чехол для смартфона,6580.0,High Value New Customers,Gold,6580.0,-0.03398176291793312
2025-07-16,ORD379406,67734976,CCC_Green_5247,4980,3,8821.2,1.0,2025,7,29,Wednesday,16,July,KZDOO,Чехлы,Чехол для смартфона,4980.0,Potential Loyalists,Silver,1660.0,1.7713253012048193
2025-05-15,ORD100242,58519965,FFF_White_5263,5800,2,4803.0,0.828103448275862,2025,5,20,Thursday,15,May,Robiton,Батарейки и аккумуляторы,Аккумуляторная батарейка,5800.0,At Risk,Bronze,2900.0,0.828103448275862
2025-03-29,ORD351220,76585970,FFF_White_7505,5180,4,13689.0,1.0,2025,3,13,Saturday,29,March,KEEPHONE,Чехлы,Чехол для смартфона,5180.0,235,Gold,1295.0,2.6426640926640927
2025-06-27,ORD600934,84738673,HHH_White_1139,11000,4,29851.0,1.0,2025,6,26,Friday,27,June,KZDOO,Чехлы,Чехол для смартфона,11000.0,Cannot Lose Them,Gold,2750.0,2.7137272727272728
2025-02-02,ORD382176,93054617,BBB_Purple_1296,2700,1,58.0,0.0214814814814814,2025,2,5,Sunday,2,February,KZDOO,Чехлы,Чехол для смартфона,2700.0,Potential Loyalists,Silver,2700.0,0.02148148148148148
2025-09-07,ORD818991,79145863,BBB_Clear_5799,2980,1,-201.5999999999999,-0.0676510067114093,2025,9,36,Sunday,7,September,KZDOO,Чехлы,Чехол для смартфона,2980.0,New Customers,Gold,2980.0,-0.06765100671140936
2025-03-19,ORD982411,69371023,AAA_Red_8534,6180,3,12339.6,1.0,2025,3,12,Wednesday,19,March,KZDOO,Чехлы,Чехол для смартфона,6180.0,Champions,Platinum,2060.0,1.9966990291262137
2025-01-18,ORD571411,60679385,EEE_White_2537,1340,2,979.0,0.7305970149253731,2025,1,3,Saturday,18,January,Robiton,Батарейки и аккумуляторы,Батарейка,1340.0,At Risk,Bronze,670.0,0.7305970149253731
2025-01-27,ORD559801,57336840,DDD_White_8173,1800,4,4507.0,1.0,2025,1,5,Monday,27,January,K-DOO,Чехлы,Чехол для смартфона,1800.0,At Risk,Bronze,450.0,2.503888888888889
2025-08-06,ORD809526,76161009,AAA_Green_4817,6190,3,9749.7,1.0,2025,8,32,Wednesday,6,August,KEEPHONE,Чехлы,Чехол для смартфона,6190.0,324,Gold,2063.3333333333335,1.5750726978998386
2025-01-29,ORD753932,43022400,BBB_Red_2345,2980,4,7740.0,1.0,2025,1,5,Wednesday,29,January,KZDOO,Чехлы,Чехол для смартфона,2980.0,New Customers,Gold,745.0,2.597315436241611
2025-02-28,ORD281346,15266766,AAA_Black_3318,3490,1,4.900000000000091,0.001404011461318,2025,2,9,Friday,28,February,KZDOO,Чехлы,Чехол для смартфона,3490.0,Potential Loyalists,Silver,3490.0,0.0014040114613180776
2025-09-12,ORD998709,80855016,FFF_Titanium_1848,5990,4,14231.6,1.0,2025,9,37,Friday,12,September,KEEPHONE,Чехлы,Чехол для смартфона,5990.0,Loyal Customers,Platinum,1497.5,2.3758931552587645
2025-06-22,ORD336497,69586840,GGG_White_9441,3180,2,2388.2,0.751006289308176,2025,6,25,Sunday,22,June,KZDOO,Чехлы,Чехол для смартфона,3180.0,At Risk,Bronze,1590.0,0.751006289308176
2025-08-03,ORD487477,17430134,AAA_Red_9681,6590,2,6801.299999999999,1.0,2025,8,31,Sunday,3,August,KEEPHONE,Чехлы,Чехол для смартфона,6590.0,314,Silver,3295.0,1.0320637329286797
2025-07-28,ORD699218,58507722,AAA_Purple_1838,5500,1,270.0,0.049090909090909,2025,7,31,Monday,28,July,K-DOO,Чехлы,Чехол для смартфона,5500.0,Potential Loyalists,Silver,5500.0,0.04909090909090909
2025-02-26,ORD986970,70326795,FFF_Purple_9422,11100,2,10999.0,0.9909009009009008,2025,2,9,Wednesday,26,February,Неизвестно,Чехлы,Неизвестно,11100.0,Champions,Platinum,5550.0,0.9909009009009009
2025-08-11,ORD746418,86056168,FFF_Green_1588,11000,2,9211.0,0.8373636363636363,2025,8,33,Monday,11,August,KZDOO,Чехлы,Чехол для смартфона,11000.0,High Value New Customers,Gold,5500.0,0.8373636363636363
2025-08-22,ORD230205,58794039,GGG_Titanium_5888,3300,3,5629.0,1.0,2025,8,34,Friday,22,August,KZDOO,Чехлы,Чехол для смартфона,3300.0,New Customers,Gold,1100.0,1.7057575757575758
2025-02-04,ORD292339,68455110,AAA_Purple_5764,4980,4,13220.8,1.0,2025,2,6,Tuesday,4,February,KZDOO,Чехлы,Чехол для смартфона,4980.0,Loyal Customers,Platinum,1245.0,2.654779116465863
2025-07-29,ORD580959,26479913,EEE_Pink_1004,7180,1,1103.8000000000002,0.1537325905292479,2025,7,31,Tuesday,29,July,KZDOO,Чехлы,Чехол для смартфона,7180.0,314,Silver,7180.0,0.15373259052924793
2025-06-28,ORD283560,13687354,DDD_Black_1710,4990,1,210.5,0.0421843687374749,2025,6,26,Saturday,28,June,KZDOO,Чехлы,Чехол для смартфона,4990.0,High Value New Customers,Gold,4990.0,0.04218436873747495
2025-07-13,ORD979253,56270048,HHH_Black_8961,7180,1,1474.3999999999996,0.2053481894150417,2025,7,28,Sunday,13,July,KZDOO,Чехлы,Чехол для смартфона,7180.0,High Value New Customers,Gold,7180.0,0.20534818941504174
2025-05-12,ORD143339,46303448,EEE_Green_9795,10400,1,1243.0,0.1195192307692307,2025,5,20,Monday,12,May,Robiton,Батарейки и аккумуляторы,Аккумуляторная батарейка,10400.0,325,Gold,10400.0,0.11951923076923077
2025-02-25,ORD892321,32156174,DDD_White_3845,1950,1,122.5,0.0628205128205128,2025,2,9,Tuesday,25,February,KEEPHONE,Чехлы,Чехол для смартфона,1950.0,New Customers,Silver,1950.0,0.06282051282051282
2025-08-23,ORD232223,81535584,HHH_White_8297,11100,2,9711.0,0.8748648648648648,2025,8,34,Saturday,23,August,KZDOO,Чехлы,Чехол для смартфона,11100.0,High Value New Customers,Gold,5550.0,0.8748648648648648
2025-06-11,ORD754916,17897185,BBB_Red_6872,4990,3,8713.3,1.0,2025,6,24,Wednesday,11,June,KZDOO,Чехлы,Чехол для смартфона,4990.0,324,Gold,1663.3333333333333,1.7461523046092182
2025-02-23,ORD777904,48103158,BBB_Blue_2666,2500,1,-314.0,-0.1256,2025,2,8,Sunday,23,February,KZDOO,Чехлы,Чехол для смартфона,2500.0,New Customers,Gold,2500.0,-0.1256
2025-01-25,ORD728401,22705435,CCC_Green_4282,6580,3,11593.2,1.0,2025,1,4,Saturday,25,January,KZDOO,Чехлы,Чехол для смартфона,6580.0,314,Silver,2193.3333333333335,1.7618844984802433
2025-05-22,ORD512922,32219595,GGG_Pink_3942,2200,3,3842.0,1.0,2025,5,21,Thursday,22,May,KZDOO,Чехлы,Чехол для смартфона,2200.0,About To Sleep,Silver,733.3333333333334,1.7463636363636363
2025-03-11,ORD791215,34469882,HHH_Purple_4677,2450,2,1933.0,0.7889795918367347,2025,3,11,Tuesday,11,March,KEEPHONE,Чехлы,Чехол для смартфона,2450.0,Potential Loyalists,Bronze,1225.0,0.7889795918367347
2025-01-31,ORD809691,85687791,AAA_Black_9253,5980,1,1452.6000000000004,0.2429096989966555,2025,1,5,Friday,31,January,KEEPHONE,Чехлы,Чехол для смартфона,5980.0,Cannot Lose Them,Gold,5980.0,0.24290969899665557
2025-06-03,ORD223482,42236708,HHH_Green_6711,5580,2,5425.0,0.9722222222222222,2025,6,23,Tuesday,3,June,KZDOO,Чехлы,Чехол для смартфона,5580.0,Loyal Customers,Platinum,2790.0,0.9722222222222222
2025-01-13,ORD356046,18386274,EEE_Pink_4898,2900,1,-81.0,-0.0279310344827586,2025,1,3,Monday,13,January,Robiton,Батарейки и аккумуляторы,Батарейка,2900.0,At Risk,Bronze,2900.0,-0.02793103448275862
2025-01-15,ORD592489,28732161,DDD_Blue_4543,490,2,166.70000000000005,0.3402040816326531,2025,1,3,Wednesday,15,January,Robiton,Батарейки и аккумуляторы,Батарейка,490.0,At Risk,Bronze,245.0,0.34020408163265314
2025-06-19,ORD673333,95808454,AAA_Clear_6434,3600,3,6798.0,1.0,2025,6,25,Thursday,19,June,Robiton,Батарейки и аккумуляторы,Аккумуляторная батарейка,3600.0,Cannot Lose Them,Silver,1200.0,1.8883333333333334
2025-09-19,ORD907519,75709449,EEE_Green_6861,11100,1,415.0,0.0373873873873873,2025,9,38,Friday,19,September,KZDOO,Чехлы,Чехол для смартфона,11100.0,High Value New Customers,Gold,11100.0,0.03738738738738739
2025-07-21,ORD247686,26492321,EEE_Purple_3803,2300,4,5728.0,1.0,2025,7,30,Monday,21,July,Renata,Батарейки и аккумуляторы,Батарейка,2300.0,Loyal Customers,Gold,575.0,2.4904347826086957
2025-06-15,ORD857597,83953719,BBB_Blue_5153,6980,3,13752.8,1.0,2025,6,24,Sunday,15,June,KEEPHONE,Чехлы,Чехол для смартфона,6980.0,325,Gold,2326.6666666666665,1.9703151862464183
2025-05-23,ORD772635,80262000,FFF_Titanium_1822,11100,4,27052.0,1.0,2025,5,21,Friday,23,May,KZDOO,Чехлы,Чехол для смартфона,11100.0,Loyal Customers,Platinum,2775.0,2.437117117117117
2025-09-19,ORD189847,33346489,EEE_Purple_4483,1060,3,1694.8000000000002,1.0,2025,9,38,Friday,19,September,Robiton,Батарейки и аккумуляторы,Батарейка,1060.0,New Customers,Silver,353.3333333333333,1.598867924528302
2025-06-16,ORD512362,17932091,GGG_Black_4469,3490,2,2677.9,0.7673065902578795,2025,6,25,Monday,16,June,KZDOO,Чехлы,Чехол для смартфона,3490.0,Potential Loyalists,Silver,1745.0,0.7673065902578797
2025-04-24,ORD521233,80507859,HHH_Clear_8794,3500,1,297.0,0.0848571428571428,2025,4,17,Thursday,24,April,KZDOO,Чехлы,Чехол для смартфона,3500.0,At Risk,Bronze,3500.0,0.08485714285714285
2025-03-31,ORD111270,79710676,AAA_White_1844,4990,3,8522.8,1.0,2025,3,14,Monday,31,March,KZDOO,Чехлы,Чехол для смартфона,4990.0,High Value New Customers,Gold,1663.3333333333333,1.7079759519038076
2025-09-03,ORD492694,28074469,HHH_Black_6852,4990,2,5110.1,1.0,2025,9,36,Wednesday,3,September,KZDOO,Чехлы,Чехол для смартфона,4990.0,Loyal Customers,Platinum,2495.0,1.0240681362725452
2025-05-16,ORD178085,55570580,BBB_White_3663,11100,1,997.0,0.0898198198198198,2025,5,20,Friday,16,May,KZDOO,Чехлы,Чехол для смартфона,11100.0,High Risk High Value,Gold,11100.0,0.08981981981981982
2025-06-11,ORD139926,22270955,CCC_Purple_4954,2980,1,131.79999999999995,0.044228187919463,2025,6,24,Wednesday,11,June,KZDOO,Чехлы,Чехол для смартфона,2980.0,Loyal Customers,Platinum,2980.0,0.04422818791946307
2025-03-25,ORD307680,83447966,BBB_Blue_8761,5180,3,9350.4,1.0,2025,3,13,Tuesday,25,March,KZDOO,Чехлы,Чехол для смартфона,5180.0,Champions,Platinum,1726.6666666666667,1.805096525096525
2025-05-28,ORD575764,87709977,GGG_Black_5508,5648,1,279.8000000000002,0.0495396600566572,2025,5,22,Wednesday,28,May,KZDOO,Чехлы,Чехол для смартфона,5648.0,Cannot Lose Them,Gold,5648.0,0.049539660056657255
2025-02-08,ORD198246,38119865,GGG_Blue_2701,5380,3,8321.8,1.0,2025,2,6,Saturday,8,February,KZDOO,Чехлы,Чехол для смартфона,5380.0,Cannot Lose Them,Silver,1793.3333333333333,1.546802973977695
2025-09-22,ORD641771,70160612,AAA_Purple_3399,7828,1,926.92,0.1184108329075115,2025,9,39,Monday,22,September,KZDOO,Чехлы,Чехол для смартфона,7828.0,Champions,Platinum,7828.0,0.11841083290751149
2025-07-14,ORD659338,12105804,CCC_Clear_2175,7828,4,21321.84,1.0,2025,7,29,Monday,14,July,KZDOO,Чехлы,Чехол для смартфона,7828.0,325,Gold,1957.0,2.723791517629024
2025-08-08,ORD920232,30155466,GGG_Red_1294,5580,2,4942.4,0.8857347670250896,2025,8,32,Friday,8,August,KZDOO,Чехлы,Чехол для смартфона,5580.0,Loyal Customers,Platinum,2790.0,0.8857347670250896
2025-06-05,ORD915478,42669478,FFF_Black_3829,11100,4,29215.0,1.0,2025,6,23,Thursday,5,June,KZDOO,Чехлы,Чехол для смартфона,11100.0,235,Gold,2775.0,2.631981981981982
2025-07-19,ORD238973,47477350,AAA_Blue_8334,5500,3,9770.0,1.0,2025,7,29,Saturday,19,July,K-DOO,Чехлы,Чехол для смартфона,5500.0,Loyal Customers,Platinum,1833.3333333333333,1.7763636363636364
2025-02-02,ORD230219,44426303,CCC_Green_5742,4980,4,12127.4,1.0,2025,2,5,Sunday,2,February,KZDOO,Чехлы,Чехол для смартфона,4980.0,113,Bronze,1245.0,2.4352208835341367
2025-06-03,ORD158596,74559111,AAA_Purple_3253,1390,3,2144.8,1.0,2025,6,23,Tuesday,3,June,KZDOO,Чехлы,Чехол для смартфона,1390.0,At Risk,Bronze,463.3333333333333,1.5430215827338132
2025-03-07,ORD517241,51178363,BBB_White_3471,2980,1,92.59999999999992,0.0310738255033556,2025,3,10,Friday,7,March,KZDOO,Чехлы,Чехол для смартфона,2980.0,At Risk,Bronze,2980.0,0.03107382550335568
2025-04-20,ORD783150,48759312,AAA_Clear_7073,1490,1,-295.29999999999995,-0.1981879194630872,2025,4,16,Sunday,20,April,KZDOO,Чехлы,Чехол для смартфона,1490.0,Potential Loyalists,Silver,1490.0,-0.19818791946308723
2025-02-08,ORD416791,12636113,HHH_Clear_3600,1000,3,1525.0,1.0,2025,2,6,Saturday,8,February,Renata,Батарейки и аккумуляторы,Батарейка,1000.0,At Risk,Bronze,333.3333333333333,1.525
2025-07-04,ORD637103,65992151,FFF_Red_3712,3400,4,7949.0,1.0,2025,7,27,Friday,4,July,KEEPHONE,Чехлы,Чехол для смартфона,3400.0,Loyal Customers,Gold,850.0,2.337941176470588
2025-03-24,ORD963341,18488674,CCC_Clear_9381,3490,1,-77.30000000000018,-0.0221489971346705,2025,3,13,Monday,24,March,KZDOO,Чехлы,Чехол для смартфона,3490.0,Loyal Customers,Gold,3490.0,-0.02214899713467054
2025-01-16,ORD476546,37739044,AAA_Red_6276,3490,2,3330.0,0.9541547277936964,2025,1,3,Thursday,16,January,KZDOO,Чехлы,Чехол для смартфона,3490.0,At Risk,Bronze,1745.0,0.9541547277936963
2025-03-28,ORD398374,61640595,AAA_Purple_8645,3380,1,492.0,0.1455621301775148,2025,3,13,Friday,28,March,KZDOO,Чехлы,Чехол для смартфона,3380.0,Loyal Customers,Gold,3380.0,0.1455621301775148
2025-01-27,ORD963642,20765137,CCC_Pink_8919,1580,2,1224.4,0.7749367088607596,2025,1,5,Monday,27,January,REMAX,Защитные пленки и стекла,Защитное стекло,1580.0,About To Sleep,Silver,790.0,0.7749367088607596
2025-09-15,ORD829841,61427977,CCC_Clear_6193,3490,4,8206.6,1.0,2025,9,38,Monday,15,September,KZDOO,Чехлы,Чехол для смартфона,3490.0,High Value New Customers,Gold,872.5,2.351461318051576
2025-06-30,ORD711584,84981649,HHH_Blue_6949,2700,2,2811.0,1.0,2025,6,27,Monday,30,June,KZDOO,Чехлы,Чехол для смартфона,2700.0,New Customers,Gold,1350.0,1.041111111111111
2025-08-27,ORD222113,92488093,BBB_Pink_3494,5300,2,4485.0,0.8462264150943396,2025,8,35,Wednesday,27,August,KZDOO,Чехлы,Чехол для смартфона,5300.0,New Customers,Silver,2650.0,0.8462264150943396
2025-09-26,ORD214578,28410571,GGG_Green_8168,3490,2,2744.7,0.7864469914040114,2025,9,39,Friday,26,September,KZDOO,Чехлы,Чехол для смартфона,3490.0,New Customers,Silver,1745.0,0.7864469914040114
2025-01-26,ORD894448,75709449,EEE_Green_6861,11100,2,10287.0,0.9267567567567568,2025,1,4,Sunday,26,January,KZDOO,Чехлы,Чехол для смартфона,11100.0,High Value New Customers,Gold,5550.0,0.9267567567567567
2025-06-03,ORD340075,42624136,BBB_Green_8505,9180,1,1535.6000000000004,0.167276688453159,2025,6,23,Tuesday,3,June,KZDOO,Чехлы,Чехол для смартфона,9180.0,Loyal Customers,Platinum,9180.0,0.16727668845315907
2025-03-19,ORD501174,60679385,EEE_White_2537,1340,2,842.5999999999999,0.6288059701492537,2025,3,12,Wednesday,19,March,Robiton,Батарейки и аккумуляторы,Батарейка,1340.0,At Risk,Bronze,670.0,0.6288059701492537
2025-07-04,ORD693772,44323356,GGG_Clear_9401,5100,1,241.0,0.0472549019607843,2025,7,27,Friday,4,July,KZDOO,Чехлы,Чехол для смартфона,5100.0,324,Gold,5100.0,0.047254901960784315
2025-02-21,ORD788516,74517804,GGG_Blue_2602,250,2,-314.0,-1.0,2025,2,8,Friday,21,February,Panasonic,Батарейки и аккумуляторы,Батарейка,250.0,At Risk,Bronze,125.0,-1.256
2025-08-08,ORD552722,26751676,CCC_Clear_7128,3500,3,6479.0,1.0,2025,8,32,Friday,8,August,KZDOO,Чехлы,Чехол для смартфона,3500.0,Potential Loyalists,Silver,1166.6666666666667,1.8511428571428572
2025-01-05,ORD422004,23429358,HHH_Pink_8971,11100,4,30536.0,1.0,2025,1,1,Sunday,5,January,KZDOO,Чехлы,Чехол для смартфона,11100.0,Cannot Lose Them,Silver,2775.0,2.750990990990991
2025-08-05,ORD841829,62021585,FFF_Clear_3735,1860,2,1434.4,0.7711827956989248,2025,8,32,Tuesday,5,August,Robiton,Батарейки и аккумуляторы,Батарейка,1860.0,New Customers,Silver,930.0,0.7711827956989248
2025-03-30,ORD993982,50877595,GGG_Blue_3143,3350,3,5991.5,1.0,2025,3,13,Sunday,30,March,KEEPHONE,Чехлы,Чехол для смартфона,3350.0,At Risk,Bronze,1116.6666666666667,1.7885074626865671
2025-05-26,ORD764215,42364136,GGG_Blue_5870,2780,2,2849.4,1.0,2025,5,22,Monday,26,May,KZDOO,Чехлы,Чехол для смартфона,2780.0,Loyal Customers,Platinum,1390.0,1.0249640287769783
2025-02-19,ORD161106,33958975,HHH_Clear_1031,4990,2,4708.7,0.943627254509018,2025,2,8,Wednesday,19,February,KZDOO,Чехлы,Чехол для смартфона,4990.0,Potential Loyalists,Silver,2495.0,0.943627254509018
2025-03-09,ORD828083,97009468,BBB_Red_2622,5580,2,4740.0,0.8494623655913979,2025,3,10,Sunday,9,March,KZDOO,Чехлы,Чехол для смартфона,5580.0,New Customers,Silver,2790.0,0.8494623655913979
2025-09-09,ORD767930,39181299,AAA_White_4614,7180,3,13433.0,1.0,2025,9,37,Tuesday,9,September,K-DOO,Чехлы,Чехол для смартфона,7180.0,New Customers,Silver,2393.3333333333335,1.870891364902507
2025-02-16,ORD104059,26677770,CCC_Titanium_7668,3700,4,10252.0,1.0,2025,2,7,Sunday,16,February,KEEPHONE,Чехлы,Чехол для смартфона,3700.0,234,Gold,925.0,2.770810810810811
2025-02-09,ORD747078,60481401,BBB_Titanium_5485,3380,3,6383.0,1.0,2025,2,6,Sunday,9,February,KZDOO,Чехлы,Чехол для смартфона,3380.0,High Value New Customers,Gold,1126.6666666666667,1.8884615384615384
2025-08-04,ORD154888,34088668,EEE_Pink_4192,7580,4,20756.2,1.0,2025,8,32,Monday,4,August,KEEPHONE,Чехлы,Чехол для смартфона,7580.0,High Value New Customers,Gold,1895.0,2.7382849604221637
2025-07-11,ORD438954,95592350,DDD_Green_6347,11100,2,11437.0,1.0,2025,7,28,Friday,11,July,KZDOO,Чехлы,Чехол для смартфона,11100.0,325,Gold,5550.0,1.0303603603603604
2025-04-28,ORD250204,78746042,HHH_Pink_8731,560,1,-394.4,-0.7042857142857143,2025,4,18,Monday,28,April,Robiton,Батарейки и аккумуляторы,Батарейка,560.0,At Risk,Bronze,560.0,-0.7042857142857143
2025-08-07,ORD791326,41865954,GGG_White_9632,5980,2,5988.0,1.0,2025,8,32,Thursday,7,August,KZDOO,Чехлы,Чехол для смартфона,5980.0,325,Gold,2990.0,1.0013377926421405
2025-07-13,ORD797715,52923583,GGG_Green_6367,1000,4,2426.0,1.0,2025,7,28,Sunday,13,July,Нет бренда,Чехлы,Чехол для смартфона,1000.0,Potential Loyalists,Bronze,250.0,2.426
2025-02-13,ORD708214,82503737,EEE_Green_1464,3380,3,6189.0,1.0,2025,2,7,Thursday,13,February,KZDOO,Чехлы,Чехол для смартфона,3380.0,Loyal Customers,Platinum,1126.6666666666667,1.8310650887573965
2025-01-12,ORD954483,30184321,DDD_Clear_2056,2780,2,2334.0,0.839568345323741,2025,1,2,Sunday,12,January,KZDOO,Чехлы,Чехол для смартфона,2780.0,At Risk,Bronze,1390.0,0.839568345323741
2025-06-05,ORD459826,99198177,AAA_Green_5033,7300,3,12996.0,1.0,2025,6,23,Thursday,5,June,KZDOO,Чехлы,Чехол для смартфона,7300.0,Loyal Customers,Gold,2433.3333333333335,1.7802739726027397
2025-02-21,ORD138251,52297033,EEE_Red_3557,2550,3,4284.5,1.0,2025,2,8,Friday,21,February,KZDOO,Чехлы,Чехол для смартфона,2550.0,New Customers,Gold,850.0,1.6801960784313725
2025-06-11,ORD608213,29143377,CCC_Titanium_5503,380,3,292.0,0.7684210526315789,2025,6,24,Wednesday,11,June,Нет бренда,Чехлы,Чехол для смартфона,380.0,New Customers,Gold,126.66666666666667,0.7684210526315789
2025-07-04,ORD439097,83447966,BBB_Blue_8761,5180,2,5189.0,1.0,2025,7,27,Friday,4,July,KZDOO,Чехлы,Чехол для смартфона,5180.0,Champions,Platinum,2590.0,1.0017374517374518
2025-08-01,ORD448993,62021585,FFF_Clear_3735,1860,3,3387.0,1.0,2025,8,31,Friday,1,August,Robiton,Батарейки и аккумуляторы,Батарейка,1860.0,New Customers,Silver,620.0,1.820967741935484
2025-02-08,ORD128496,54251905,HHH_Green_1705,2000,3,3049.0,1.0,2025,2,6,Saturday,8,February,REMAX,Защитные пленки и стекла,Защитное стекло,2000.0,New Customers,Gold,666.6666666666666,1.5245
2025-03-18,ORD974743,35738540,CCC_Titanium_2027,5500,2,5238.0,0.9523636363636364,2025,3,12,Tuesday,18,March,KZDOO,Чехлы,Чехол для смартфона,5500.0,Cannot Lose Them,Silver,2750.0,0.9523636363636364
2025-05-13,ORD229254,27995241,GGG_Blue_6871,2490,3,4596.0,1.0,2025,5,20,Tuesday,13,May,KZDOO,Чехлы,Чехол для смартфона,2490.0,Loyal Customers,Platinum,830.0,1.8457831325301204
2025-07-04,ORD455337,12133233,FFF_Titanium_8960,4100,2,3261.0,0.7953658536585366,2025,7,27,Friday,4,July,KZDOO,Чехлы,Чехол для смартфона,4100.0,324,Gold,2050.0,0.7953658536585366
2025-01-11,ORD552435,14737689,DDD_Red_4608,10380,4,27639.6,1.0,2025,1,2,Saturday,11,January,Неизвестно,Чехлы,Неизвестно,10380.0,High Value New Customers,Gold,2595.0,2.6627745664739884
2025-04-29,ORD670120,64474460,DDD_Titanium_4062,6520,4,15593.6,1.0,2025,4,18,Tuesday,29,April,KZDOO,Чехлы,Чехол для смартфона,6520.0,High Value New Customers,Gold,1630.0,2.3916564417177915
2025-01-06,ORD505066,46140671,BBB_Black_8066,7300,4,17708.0,1.0,2025,1,2,Monday,6,January,KZDOO,Чехлы,Чехол для смартфона,7300.0,High Value New Customers,Gold,1825.0,2.4257534246575343
2025-07-22,ORD514877,99198177,AAA_Green_5033,7300,3,13324.0,1.0,2025,7,30,Tuesday,22,July,KZDOO,Чехлы,Чехол для смартфона,7300.0,Loyal Customers,Gold,2433.3333333333335,1.8252054794520547
2025-07-27,ORD668875,59917650,FFF_Clear_9409,5648,1,894.1200000000003,0.1583073654390935,2025,7,30,Sunday,27,July,KZDOO,Чехлы,Чехол для смартфона,5648.0,Potential Loyalists,Silver,5648.0,0.15830736543909354
2025-08-24,ORD222948,68159326,HHH_Clear_5825,1240,1,-247.79999999999995,-0.1998387096774193,2025,8,34,Sunday,24,August,REMAX,Защитные пленки и стекла,Защитное стекло,1240.0,Loyal Customers,Platinum,1240.0,-0.19983870967741932
2025-04-06,ORD252926,91504638,AAA_Green_7796,9180,3,15178.2,1.0,2025,4,14,Sunday,6,April,Неизвестно,Чехлы,Неизвестно,9180.0,Cannot Lose Them,Silver,3060.0,1.6533986928104576
2025-06-16,ORD803589,63093696,EEE_Black_5749,2980,1,48.79999999999996,0.0163758389261744,2025,6,25,Monday,16,June,KZDOO,Чехлы,Чехол для смартфона,2980.0,About To Sleep,Silver,2980.0,0.016375838926174485
2025-03-14,ORD237116,54375561,CCC_Blue_2528,2700,2,2617.0,0.9692592592592592,2025,3,11,Friday,14,March,KZDOO,Чехлы,Чехол для смартфона,2700.0,123,Silver,1350.0,0.9692592592592593
2025-03-20,ORD799085,34508876,DDD_Black_1495,5580,1,485.5999999999999,0.0870250896057347,2025,3,12,Thursday,20,March,KZDOO,Чехлы,Чехол для смартфона,5580.0,At Risk,Bronze,5580.0,0.08702508960573475
2025-07-23,ORD327871,43178236,HHH_Red_3860,6000,3,10395.0,1.0,2025,7,30,Wednesday,23,July,KZDOO,Чехлы,Чехол для смартфона,6000.0,324,Gold,2000.0,1.7325
2025-07-31,ORD578778,32717202,HHH_Purple_7702,2320,3,4180.2,1.0,2025,7,31,Thursday,31,July,Robiton,Батарейки и аккумуляторы,Батарейка,2320.0,New Customers,Gold,773.3333333333334,1.8018103448275862
2025-03-20,ORD915819,93094444,DDD_White_9135,2990,2,2808.4,0.9392642140468226,2025,3,12,Thursday,20,March,KEEPHONE,Чехлы,Чехол для смартфона,2990.0,234,Gold,1495.0,0.9392642140468228
2025-05-05,ORD827365,29055787,FFF_Blue_7389,7180,4,18708.0,1.0,2025,5,19,Monday,5,May,KZDOO,Чехлы,Чехол для смартфона,7180.0,235,Gold,1795.0,2.6055710306406685
2025-02-20,ORD973693,87233179,DDD_Blue_9263,5500,3,10927.0,1.0,2025,2,8,Thursday,20,February,K-DOO,Чехлы,Чехол для смартфона,5500.0,High Value New Customers,Platinum,1833.3333333333333,1.9867272727272727
2025-04-28,ORD109978,77597491,DDD_Pink_4647,7300,2,6487.0,0.8886301369863013,2025,4,18,Monday,28,April,K-DOO,Чехлы,Чехол для смартфона,7300.0,325,Gold,3650.0,0.8886301369863013
2025-03-27,ORD188872,91076807,AAA_Red_5295,3090,1,347.5999999999999,0.1124919093851132,2025,3,13,Thursday,27,March,KEEPHONE,Чехлы,Чехол для смартфона,3090.0,New Customers,Gold,3090.0,0.11249190938511323
2025-06-17,ORD291147,19979751,BBB_Red_4497,6050,1,1212.5,0.2004132231404958,2025,6,25,Tuesday,17,June,KZDOO,Чехлы,Чехол для смартфона,6050.0,At Risk,Bronze,6050.0,0.20041322314049587
2025-01-07,ORD770942,51752271,BBB_Blue_9621,5500,2,5575.0,1.0,2025,1,2,Tuesday,7,January,KZDOO,Чехлы,Чехол для смартфона,5500.0,213,Silver,2750.0,1.0136363636363637
2025-04-11,ORD201985,30321714,CCC_Pink_5146,11000,2,10182.0,0.9256363636363636,2025,4,15,Friday,11,April,KZDOO,Чехлы,Чехол для смартфона,11000.0,High Value New Customers,Gold,5500.0,0.9256363636363636
2025-07-06,ORD899543,68243217,HHH_Pink_1972,3590,3,6317.4,1.0,2025,7,27,Sunday,6,July,KZDOO,Чехлы,Чехол для смартфона,3590.0,Potential Loyalists,Bronze,1196.6666666666667,1.7597214484679664
2025-03-04,ORD827099,62613196,BBB_Red_1893,6580,1,664.3999999999996,0.1009726443768996,2025,3,10,Tuesday,4,March,KEEPHONE,Чехлы,Чехол для смартфона,6580.0,325,Gold,6580.0,0.10097264437689964
2025-04-11,ORD210878,66208240,BBB_Black_7214,4980,2,5746.0,1.0,2025,4,15,Friday,11,April,KZDOO,Чехлы,Чехол для смартфона,4980.0,Cannot Lose Them,Silver,2490.0,1.1538152610441768
2025-04-16,ORD148595,69990915,DDD_Titanium_6779,1600,1,-49.0,-0.030625,2025,4,16,Wednesday,16,April,K-DOO,Чехлы,Чехол для смартфона,1600.0,At Risk,Bronze,1600.0,-0.030625
2025-01-22,ORD696220,79971043,HHH_Purple_2646,5580,2,4911.799999999999,0.8802508960573475,2025,1,4,Wednesday,22,January,KZDOO,Чехлы,Чехол для смартфона,5580.0,At Risk,Bronze,2790.0,0.8802508960573475
2025-08-12,ORD101761,86205843,EEE_Black_4149,5500,1,285.0,0.0518181818181818,2025,8,33,Tuesday,12,August,KZDOO,Чехлы,Чехол для смартфона,5500.0,New Customers,Silver,5500.0,0.05181818181818182
2025-03-03,ORD310296,96808638,AAA_Titanium_9014,2933,4,7164.81,1.0,2025,3,10,Monday,3,March,KEEPHONE,Чехлы,Чехол для смартфона,2933.0,Potential Loyalists,Silver,733.25,2.4428264575519947
2025-08-24,ORD517907,16616230,AAA_White_8136,4990,3,8363.4,1.0,2025,8,34,Sunday,24,August,KZDOO,Чехлы,Чехол для смартфона,4990.0,New Customers,Silver,1663.3333333333333,1.6760320641282564
2025-02-20,ORD464719,80855016,FFF_Titanium_1848,5990,1,352.9000000000001,0.058914858096828,2025,2,8,Thursday,20,February,KEEPHONE,Чехлы,Чехол для смартфона,5990.0,Loyal Customers,Platinum,5990.0,0.05891485809682806
2025-07-01,ORD925127,47418597,BBB_Red_3217,2900,4,6571.0,1.0,2025,7,27,Tuesday,1,July,KZDOO,Чехлы,Чехол для смартфона,2900.0,New Customers,Silver,725.0,2.265862068965517
2025-01-15,ORD922813,90424966,CCC_Red_9477,1550,1,-457.5,-0.2951612903225806,2025,1,3,Wednesday,15,January,KZDOO,Чехлы,Чехол для смартфона,1550.0,Potential Loyalists,Bronze,1550.0,-0.29516129032258065
2025-06-11,ORD418025,69376098,CCC_Titanium_2771,2990,1,286.8000000000002,0.0959197324414716,2025,6,24,Wednesday,11,June,KEEPHONE,Чехлы,Чехол для смартфона,2990.0,At Risk,Bronze,2990.0,0.09591973244147163
2025-09-04,ORD552752,27922657,FFF_Purple_3823,5778,4,14673.7,1.0,2025,9,36,Thursday,4,September,KZDOO,Чехлы,Чехол для смартфона,5778.0,New Customers,Silver,1444.5,2.5395811699550017
2025-03-14,ORD773973,76585970,FFF_White_7505,5180,1,264.5999999999999,0.051081081081081,2025,3,11,Friday,14,March,KEEPHONE,Чехлы,Чехол для смартфона,5180.0,235,Gold,5180.0,0.051081081081081066
2025-01-14,ORD848271,67182647,GGG_Black_4596,3100,1,291.0,0.0938709677419354,2025,1,3,Tuesday,14,January,KEEPHONE,Чехлы,Чехол для смартфона,3100.0,324,Gold,3100.0,0.09387096774193548
2025-05-29,ORD301285,12911883,DDD_Red_2385,680,3,970.0,1.0,2025,5,22,Thursday,29,May,Robiton,Батарейки и аккумуляторы,Батарейка,680.0,At Risk,Bronze,226.66666666666666,1.4264705882352942
2025-08-01,ORD229052,35122854,FFF_Titanium_2565,5500,4,15156.0,1.0,2025,8,31,Friday,1,August,KZDOO,Чехлы,Чехол для смартфона,5500.0,325,Gold,1375.0,2.7556363636363637
2025-03-05,ORD408630,87660983,EEE_Green_6626,3380,4,8186.6,1.0,2025,3,10,Wednesday,5,March,KZDOO,Чехлы,Чехол для смартфона,3380.0,Potential Loyalists,Silver,845.0,2.42207100591716
2025-02-17,ORD430141,29055787,FFF_Blue_7389,7180,2,6940.4,0.9666295264623956,2025,2,8,Monday,17,February,KZDOO,Чехлы,Чехол для смартфона,7180.0,235,Gold,3590.0,0.9666295264623955
2025-08-29,ORD235617,13544308,BBB_Titanium_5322,10880,1,174.80000000000018,0.0160661764705882,2025,8,35,Friday,29,August,KZDOO,Чехлы,Чехол для смартфона,10880.0,High Value New Customers,Gold,10880.0,0.01606617647058825
2025-01-02,ORD614033,94828431,AAA_Black_1577,3180,3,6087.0,1.0,2025,1,1,Thursday,2,January,KZDOO,Чехлы,Чехол для смартфона,3180.0,123,Silver,1060.0,1.9141509433962265
2025-04-21,ORD642365,59775520,HHH_Purple_5299,490,1,-467.9,-0.9548979591836734,2025,4,17,Monday,21,April,REMAX,Защитные пленки и стекла,Защитное стекло,490.0,New Customers,Silver,490.0,-0.9548979591836734
2025-05-09,ORD412169,88421485,DDD_Clear_8430,4200,1,741.0,0.1764285714285714,2025,5,19,Friday,9,May,Robiton,Батарейки и аккумуляторы,Аккумуляторная батарейка,4200.0,Cannot Lose Them,Silver,4200.0,0.17642857142857143
2025-03-22,ORD474171,64089075,GGG_Purple_7302,4600,2,4712.0,1.0,2025,3,12,Saturday,22,March,Robiton,Батарейки и аккумуляторы,Аккумуляторная батарейка,4600.0,Loyal Customers,Platinum,2300.0,1.0243478260869565
2025-05-13,ORD360983,89551751,HHH_Purple_7181,9180,1,655.1999999999998,0.0713725490196078,2025,5,20,Tuesday,13,May,KZDOO,Чехлы,Чехол для смартфона,9180.0,High Value New Customers,Gold,9180.0,0.07137254901960782
2025-03-12,ORD804479,62735344,GGG_Blue_8476,2980,3,4370.4,1.0,2025,3,11,Wednesday,12,March,KZDOO,Чехлы,Чехол для смартфона,2980.0,New Customers,Gold,993.3333333333334,1.4665771812080535
2025-02-03,ORD326405,11476432,DDD_Titanium_7638,6380,3,11468.2,1.0,2025,2,6,Monday,3,February,KEEPHONE,Чехлы,Чехол для смартфона,6380.0,At Risk,Bronze,2126.6666666666665,1.7975235109717869
2025-09-24,ORD899663,47335358,GGG_Pink_1893,2780,2,1992.6,0.7167625899280575,2025,9,39,Wednesday,24,September,KZDOO,Чехлы,Чехол для смартфона,2780.0,Loyal Customers,Platinum,1390.0,0.7167625899280575
2025-01-30,ORD597059,29400855,HHH_White_3901,6580,1,959.6000000000004,0.1458358662613982,2025,1,5,Thursday,30,January,KZDOO,Чехлы,Чехол для смартфона,6580.0,Cannot Lose Them,Silver,6580.0,0.14583586626139824
2025-09-06,ORD289737,42624136,BBB_Green_8505,9180,3,16725.6,1.0,2025,9,36,Saturday,6,September,KZDOO,Чехлы,Чехол для смартфона,9180.0,Loyal Customers,Platinum,3060.0,1.8219607843137253
2025-01-26,ORD608838,92713858,AAA_Green_1858,2180,1,-344.6,-0.1580733944954128,2025,1,4,Sunday,26,January,KZDOO,Чехлы,Чехол для смартфона,2180.0,New Customers,Gold,2180.0,-0.15807339449541286
2025-01-10,ORD649760,27730464,CCC_White_7695,7180,1,1042.6000000000004,0.1452089136490251,2025,1,2,Friday,10,January,KZDOO,Чехлы,Чехол для смартфона,7180.0,324,Gold,7180.0,0.1452089136490251
2025-02-14,ORD430152,84862533,FFF_Red_8076,7580,1,407.0,0.0536939313984168,2025,2,7,Friday,14,February,KEEPHONE,Чехлы,Чехол для смартфона,7580.0,235,Gold,7580.0,0.05369393139841688
2025-01-14,ORD546464,52491122,BBB_Titanium_6217,5980,2,5889.4,0.9848494983277593,2025,1,3,Tuesday,14,January,KEEPHONE,Чехлы,Чехол для смартфона,5980.0,New Customers,Gold,2990.0,0.9848494983277591
2025-06-29,ORD517463,65992151,FFF_Red_3712,3400,1,437.0,0.1285294117647059,2025,6,26,Sunday,29,June,KEEPHONE,Чехлы,Чехол для смартфона,3400.0,Loyal Customers,Gold,3400.0,0.1285294117647059
2025-09-18,ORD603789,28866848,EEE_Red_3383,2980,3,5022.0,1.0,2025,9,38,Thursday,18,September,KZDOO,Чехлы,Чехол для смартфона,2980.0,New Customers,Silver,993.3333333333334,1.685234899328859
2025-08-29,ORD624245,54064492,AAA_Titanium_8916,4980,1,-448.1999999999998,-0.0899999999999999,2025,8,35,Friday,29,August,K-DOO,Чехлы,Чехол для наушников,4980.0,New Customers,Silver,4980.0,-0.08999999999999997
2025-07-08,ORD244021,91524796,CCC_Purple_9225,3380,3,5997.0,1.0,2025,7,28,Tuesday,8,July,KZDOO,Чехлы,Чехол для смартфона,3380.0,Potential Loyalists,Silver,1126.6666666666667,1.774260355029586
2025-04-26,ORD760880,68959920,FFF_Red_1714,2380,1,-213.5999999999999,-0.0897478991596638,2025,4,17,Saturday,26,April,K-DOO,Чехлы,Чехол для смартфона,2380.0,At Risk,Bronze,2380.0,-0.08974789915966383
2025-08-31,ORD591518,40042947,GGG_Green_4062,5990,3,10234.9,1.0,2025,8,35,Sunday,31,August,KEEPHONE,Чехлы,Чехол для смартфона,5990.0,New Customers,Silver,1996.6666666666667,1.7086644407345575
2025-02-07,ORD174750,84888512,EEE_Green_3323,1250,3,1727.5,1.0,2025,2,6,Friday,7,February,Robiton,Батарейки и аккумуляторы,Батарейка,1250.0,Potential Loyalists,Silver,416.6666666666667,1.382
2025-04-02,ORD261084,41812842,BBB_Green_4942,4980,1,-337.4000000000001,-0.0677510040160642,2025,4,14,Wednesday,2,April,KZDOO,Чехлы,Чехол для смартфона,4980.0,High Value New Customers,Gold,4980.0,-0.06775100401606428
2025-06-30,ORD185815,50877595,GGG_Blue_3143,3350,1,616.0,0.1838805970149253,2025,6,27,Monday,30,June,KEEPHONE,Чехлы,Чехол для смартфона,3350.0,At Risk,Bronze,3350.0,0.18388059701492537
2025-05-12,ORD466763,45016869,GGG_Black_6808,3490,3,5818.9,1.0,2025,5,20,Monday,12,May,KZDOO,Чехлы,Чехол для смартфона,3490.0,New Customers,Gold,1163.3333333333333,1.6673065902578796
2025-08-28,ORD793096,28227796,EEE_Blue_6964,5200,4,14104.0,1.0,2025,8,35,Thursday,28,August,KEEPHONE,Чехлы,Чехол для смартфона,5200.0,High Value New Customers,Gold,1300.0,2.712307692307692
2025-03-11,ORD349831,77963118,EEE_Clear_8396,2850,2,2078.0,0.7291228070175438,2025,3,11,Tuesday,11,March,KEEPHONE,Чехлы,Чехол для смартфона,2850.0,At Risk,Bronze,1425.0,0.7291228070175438
2025-09-27,ORD299127,52441227,CCC_White_6545,2580,4,6418.4,1.0,2025,9,39,Saturday,27,September,KZDOO,Чехлы,Чехол для смартфона,2580.0,New Customers,Silver,645.0,2.487751937984496
2025-09-28,ORD618375,84436404,DDD_Pink_8616,11100,4,28509.0,1.0,2025,9,39,Sunday,28,September,KZDOO,Чехлы,Чехол для смартфона,11100.0,High Value New Customers,Platinum,2775.0,2.5683783783783785
2025-08-04,ORD568897,81335479,GGG_Purple_4170,2000,1,129.0,0.0645,2025,8,32,Monday,4,August,Нет бренда,Чехлы,Чехол для смартфона,2000.0,Potential Loyalists,Bronze,2000.0,0.0645
2025-05-20,ORD500475,22020509,FFF_Green_7357,1490,2,750.8,0.5038926174496644,2025,5,21,Tuesday,20,May,KZDOO,Чехлы,Чехол для смартфона,1490.0,At Risk,Bronze,745.0,0.5038926174496644
2025-07-12,ORD751035,68159326,HHH_Clear_5825,1240,4,2791.8,1.0,2025,7,28,Saturday,12,July,REMAX,Защитные пленки и стекла,Защитное стекло,1240.0,Loyal Customers,Platinum,310.0,2.251451612903226
2025-08-05,ORD796529,53977919,GGG_White_4695,5580,1,778.1999999999998,0.1394623655913978,2025,8,32,Tuesday,5,August,KZDOO,Чехлы,Чехол для смартфона,5580.0,High Value New Customers,Gold,5580.0,0.13946236559139782
2025-09-14,ORD520170,53249946,HHH_Green_4614,1624,4,4310.120000000001,1.0,2025,9,37,Sunday,14,September,KZDOO,Чехлы,Чехол для смартфона,1624.0,New Customers,Silver,406.0,2.6540147783251236
2025-08-14,ORD803931,34539743,DDD_Green_2563,2990,4,8185.0,1.0,2025,8,33,Thursday,14,August,KEEPHONE,Чехлы,Чехол для смартфона,2990.0,New Customers,Gold,747.5,2.737458193979933
2025-05-12,ORD359496,27922657,FFF_Purple_3823,5778,1,1427.8400000000006,0.2471166493596401,2025,5,20,Monday,12,May,KZDOO,Чехлы,Чехол для смартфона,5778.0,New Customers,Silver,5778.0,0.24711664935964012
2025-04-04,ORD308094,17430134,AAA_Red_9681,6590,1,902.1999999999998,0.1369044006069802,2025,4,14,Friday,4,April,KEEPHONE,Чехлы,Чехол для смартфона,6590.0,314,Silver,6590.0,0.13690440060698025
2025-02-22,ORD384733,84625234,FFF_Titanium_1292,3100,1,412.0,0.1329032258064516,2025,2,8,Saturday,22,February,KEEPHONE,Чехлы,Чехол для смартфона,3100.0,High Value New Customers,Gold,3100.0,0.1329032258064516
2025-05-28,ORD893964,69857947,BBB_Pink_3387,11100,2,9715.0,0.8752252252252253,2025,5,22,Wednesday,28,May,KZDOO,Чехлы,Чехол для смартфона,11100.0,High Value New Customers,Gold,5550.0,0.8752252252252253
2025-01-15,ORD722438,61392847,HHH_Purple_2910,5580,4,14022.0,1.0,2025,1,3,Wednesday,15,January,KZDOO,Чехлы,Чехол для смартфона,5580.0,325,Gold,1395.0,2.5129032258064514
2025-07-12,ORD381390,44146850,CCC_Red_7696,7828,1,1626.7200000000005,0.2078078691875319,2025,7,28,Saturday,12,July,KZDOO,Чехлы,Чехол для смартфона,7828.0,High Value New Customers,Gold,7828.0,0.207807869187532
2025-02-11,ORD464332,15752189,HHH_Pink_7554,5100,3,9814.0,1.0,2025,2,7,Tuesday,11,February,KZDOO,Чехлы,Чехол для наушников,5100.0,Loyal Customers,Platinum,1700.0,1.924313725490196
2025-02-08,ORD191728,39478464,BBB_Clear_6099,3700,4,10066.0,1.0,2025,2,6,Saturday,8,February,KEEPHONE,Чехлы,Чехол для смартфона,3700.0,New Customers,Gold,925.0,2.7205405405405405
2025-07-03,ORD672521,43138987,CCC_Green_3542,6580,3,11371.4,1.0,2025,7,27,Thursday,3,July,KZDOO,Чехлы,Чехол для смартфона,6580.0,High Value New Customers,Platinum,2193.3333333333335,1.728176291793313
2025-08-24,ORD844398,68723156,EEE_Titanium_7354,3490,2,2731.4,0.7826361031518624,2025,8,34,Sunday,24,August,KZDOO,Чехлы,Чехол для смартфона,3490.0,New Customers,Silver,1745.0,0.7826361031518625
2025-05-09,ORD564578,56052630,FFF_Blue_4443,2780,1,-56.59999999999991,-0.0203597122302157,2025,5,19,Friday,9,May,KZDOO,Чехлы,Чехол для смартфона,2780.0,New Customers,Silver,2780.0,-0.020359712230215793
2025-07-19,ORD858186,43178236,HHH_Red_3860,6000,3,10823.0,1.0,2025,7,29,Saturday,19,July,KZDOO,Чехлы,Чехол для смартфона,6000.0,324,Gold,2000.0,1.8038333333333334
2025-03-04,ORD563299,47545727,AAA_Purple_8362,1800,2,1659.0,0.9216666666666666,2025,3,10,Tuesday,4,March,K-DOO,Чехлы,Чехол для смартфона,1800.0,About To Sleep,Silver,900.0,0.9216666666666666
2025-09-04,ORD532850,86131619,FFF_Blue_9955,640,1,-360.0,-0.5625,2025,9,36,Thursday,4,September,Robiton,Батарейки и аккумуляторы,Батарейка,640.0,New Customers,Silver,640.0,-0.5625
2025-07-20,ORD664446,17280340,CCC_Clear_4480,4300,3,7372.0,1.0,2025,7,29,Sunday,20,July,KEEPHONE,Чехлы,Чехол для смартфона,4300.0,High Value New Customers,Gold,1433.3333333333333,1.7144186046511627
2025-09-25,ORD525553,30155466,GGG_Red_1294,5580,3,9806.2,1.0,2025,9,39,Thursday,25,September,KZDOO,Чехлы,Чехол для смартфона,5580.0,Loyal Customers,Platinum,1860.0,1.757383512544803
2025-06-28,ORD489164,11165756,BBB_Clear_6493,6490,2,6050.9,0.932342064714946,2025,6,26,Saturday,28,June,KEEPHONE,Чехлы,Чехол для смартфона,6490.0,314,Silver,3245.0,0.932342064714946
2025-03-25,ORD403428,98767142,GGG_White_8463,5580,1,1341.6000000000004,0.2404301075268818,2025,3,13,Tuesday,25,March,KZDOO,Чехлы,Чехол для смартфона,5580.0,324,Gold,5580.0,0.2404301075268818
2025-02-26,ORD715152,46536130,HHH_Black_9412,3690,1,324.6999999999998,0.0879945799457994,2025,2,9,Wednesday,26,February,KEEPHONE,Чехлы,Чехол для смартфона,3690.0,About To Sleep,Silver,3690.0,0.08799457994579941
2025-03-09,ORD849809,74559111,AAA_Purple_3253,1390,3,2589.3,1.0,2025,3,10,Sunday,9,March,KZDOO,Чехлы,Чехол для смартфона,1390.0,At Risk,Bronze,463.3333333333333,1.8628057553956836
2025-02-26,ORD764003,62235684,AAA_Pink_4756,5980,3,10544.0,1.0,2025,2,9,Wednesday,26,February,KEEPHONE,Чехлы,Чехол для смартфона,5980.0,At Risk,Bronze,1993.3333333333333,1.7632107023411372
2025-07-25,ORD117101,54094339,EEE_Blue_6146,6580,3,12133.2,1.0,2025,7,30,Friday,25,July,KZDOO,Чехлы,Чехол для смартфона,6580.0,314,Silver,2193.3333333333335,1.8439513677811552
2025-02-07,ORD127068,88157875,BBB_Green_9675,5300,1,718.0,0.1354716981132075,2025,2,6,Friday,7,February,KZDOO,Чехлы,Чехол для смартфона,5300.0,Loyal Customers,Gold,5300.0,0.13547169811320756
2025-09-22,ORD185551,46434145,GGG_Pink_1622,5180,2,3843.6,0.742007722007722,2025,9,39,Monday,22,September,KZDOO,Чехлы,Чехол для смартфона,5180.0,High Value New Customers,Gold,2590.0,0.742007722007722
2025-01-22,ORD956377,25995510,EEE_Clear_8415,4600,2,4092.0,0.8895652173913043,2025,1,4,Wednesday,22,January,KEEPHONE,Чехлы,Чехол для смартфона,4600.0,324,Gold,2300.0,0.8895652173913043
2025-06-17,ORD317110,98709059,AAA_Pink_6723,2500,1,179.0,0.0716,2025,6,25,Tuesday,17,June,KZDOO,Чехлы,Чехол для смартфона,2500.0,New Customers,Silver,2500.0,0.0716
2025-07-31,ORD643706,61392847,HHH_Purple_2910,5580,4,14595.6,1.0,2025,7,31,Thursday,31,July,KZDOO,Чехлы,Чехол для смартфона,5580.0,325,Gold,1395.0,2.615698924731183
2025-07-15,ORD149522,79145863,BBB_Clear_5799,2980,2,2529.6000000000004,0.8488590604026847,2025,7,29,Tuesday,15,July,KZDOO,Чехлы,Чехол для смартфона,2980.0,New Customers,Gold,1490.0,0.8488590604026847
2025-03-01,ORD992984,14773482,DDD_White_5541,5990,3,11170.5,1.0,2025,3,9,Saturday,1,March,KZDOO,Чехлы,Чехол для смартфона,5990.0,Loyal Customers,Gold,1996.6666666666667,1.8648580968280468
2025-01-27,ORD107430,32921978,FFF_Purple_2135,7180,4,20580.6,1.0,2025,1,5,Monday,27,January,KZDOO,Чехлы,Чехол для смартфона,7180.0,235,Gold,1795.0,2.866378830083565
2025-08-26,ORD151626,34539743,DDD_Green_2563,2990,4,7115.700000000001,1.0,2025,8,35,Tuesday,26,August,KEEPHONE,Чехлы,Чехол для смартфона,2990.0,New Customers,Gold,747.5,2.379832775919733
2025-09-22,ORD575784,43138987,CCC_Green_3542,6580,2,5784.799999999999,0.8791489361702126,2025,9,39,Monday,22,September,KZDOO,Чехлы,Чехол для смартфона,6580.0,High Value New Customers,Platinum,3290.0,0.8791489361702126
2025-01-31,ORD539498,77282880,EEE_Purple_1729,5580,4,14154.2,1.0,2025,1,5,Friday,31,January,KZDOO,Чехлы,Чехол для смартфона,5580.0,Loyal Customers,Gold,1395.0,2.5365949820788534
2025-04-14,ORD520081,14299738,FFF_Clear_9181,7380,4,20161.2,1.0,2025,4,16,Monday,14,April,KZDOO,Чехлы,Чехол для смартфона,7380.0,314,Silver,1845.0,2.731869918699187
2025-09-19,ORD906132,51498093,GGG_Purple_1161,5580,2,5263.6,0.9432974910394266,2025,9,38,Friday,19,September,KZDOO,Чехлы,Чехол для смартфона,5580.0,New Customers,Silver,2790.0,0.9432974910394266
2025-02-05,ORD969933,89402108,HHH_Pink_1353,2550,2,1764.0,0.691764705882353,2025,2,6,Wednesday,5,February,KZDOO,Чехлы,Чехол для смартфона,2550.0,At Risk,Bronze,1275.0,0.691764705882353
2025-07-07,ORD777088,64280433,HHH_Clear_1273,5396,4,14581.88,1.0,2025,7,28,Monday,7,July,KZDOO,Чехлы,Чехол для смартфона,5396.0,Potential Loyalists,Silver,1349.0,2.7023498888065234
2025-03-31,ORD105492,38798252,GGG_Pink_6405,2700,3,4295.0,1.0,2025,3,14,Monday,31,March,KZDOO,Чехлы,Чехол для смартфона,2700.0,Potential Loyalists,Silver,900.0,1.5907407407407408
2025-02-04,ORD905525,72864961,BBB_Red_7058,6980,1,15.800000000000182,0.0022636103151862,2025,2,6,Tuesday,4,February,KEEPHONE,Чехлы,Чехол для смартфона,6980.0,Loyal Customers,Gold,6980.0,0.0022636103151862726
2025-05-12,ORD660055,71446261,EEE_Titanium_2576,5180,4,13641.8,1.0,2025,5,20,Monday,12,May,Raigor,Чехлы,Чехол для смартфона,5180.0,Loyal Customers,Gold,1295.0,2.6335521235521235
2025-04-28,ORD685946,80262000,FFF_Titanium_1822,11100,4,30606.0,1.0,2025,4,18,Monday,28,April,KZDOO,Чехлы,Чехол для смартфона,11100.0,Loyal Customers,Platinum,2775.0,2.7572972972972973
2025-06-23,ORD147840,13307981,HHH_Red_3772,2700,3,4476.0,1.0,2025,6,26,Monday,23,June,K-DOO,Чехлы,Чехол для смартфона,2700.0,Potential Loyalists,Silver,900.0,1.6577777777777778
2025-01-06,ORD787908,65415657,HHH_Black_7735,7180,4,19985.0,1.0,2025,1,2,Monday,6,January,KZDOO,Чехлы,Чехол для смартфона,7180.0,Loyal Customers,Platinum,1795.0,2.783426183844011
2025-01-16,ORD882294,72155725,CCC_Green_7884,5648,4,16108.68,1.0,2025,1,3,Thursday,16,January,KZDOO,Чехлы,Чехол для смартфона,5648.0,High Value New Customers,Gold,1412.0,2.8521033994334277
2025-08-04,ORD295369,78722650,FFF_Titanium_9574,9180,1,1435.3999999999996,0.1563616557734204,2025,8,32,Monday,4,August,KZDOO,Чехлы,Чехол для смартфона,9180.0,325,Gold,9180.0,0.15636165577342043
2025-06-07,ORD368016,49649549,BBB_Black_9198,880,1,-281.2,-0.3195454545454545,2025,6,23,Saturday,7,June,Robiton,Батарейки и аккумуляторы,Батарейка,880.0,New Customers,Silver,880.0,-0.3195454545454545
2025-07-26,ORD142095,71333535,CCC_Clear_1274,1460,1,14.399999999999975,0.0098630136986301,2025,7,30,Saturday,26,July,REMAX,Защитные пленки и стекла,Защитное стекло,1460.0,Loyal Customers,Gold,1460.0,0.00986301369863012
2025-08-04,ORD125449,42364136,GGG_Blue_5870,2780,2,2241.8,0.8064028776978418,2025,8,32,Monday,4,August,KZDOO,Чехлы,Чехол для смартфона,2780.0,Loyal Customers,Platinum,1390.0,0.8064028776978418
2025-07-14,ORD121712,37857061,AAA_Black_9470,2900,2,2546.0,0.8779310344827587,2025,7,29,Monday,14,July,KZDOO,Чехлы,Чехол для смартфона,2900.0,Potential Loyalists,Silver,1450.0,0.8779310344827587
2025-03-20,ORD331388,64327413,GGG_Pink_5430,3100,1,-268.0,-0.0864516129032258,2025,3,12,Thursday,20,March,KZDOO,Чехлы,Чехол для смартфона,3100.0,Loyal Customers,Gold,3100.0,-0.08645161290322581
2025-03-04,ORD639303,88223836,EEE_Red_9650,7500,1,1041.0,0.1388,2025,3,10,Tuesday,4,March,KZDOO,Чехлы,Чехол для смартфона,7500.0,325,Gold,7500.0,0.1388
2025-07-19,ORD946949,84888512,EEE_Green_3323,1250,2,959.0,0.7672,2025,7,29,Saturday,19,July,Robiton,Батарейки и аккумуляторы,Батарейка,1250.0,Potential Loyalists,Silver,625.0,0.7672
2025-07-04,ORD137820,51304009,BBB_Red_7529,6990,3,12650.5,1.0,2025,7,27,Friday,4,July,KEEPHONE,Чехлы,Чехол для смартфона,6990.0,High Value New Customers,Gold,2330.0,1.809799713876967
2025-02-03,ORD213134,99772524,GGG_Purple_5307,1100,4,2427.0,1.0,2025,2,6,Monday,3,February,KZDOO,Чехлы,Чехол для смартфона,1100.0,At Risk,Bronze,275.0,2.2063636363636365
2025-01-16,ORD714946,13739750,BBB_Pink_5147,6090,4,16121.5,1.0,2025,1,3,Thursday,16,January,KZDOO,Чехлы,Чехол для смартфона,6090.0,Cannot Lose Them,Gold,1522.5,2.647208538587849
2025-02-03,ORD383402,89402108,HHH_Pink_1353,2550,1,215.0,0.084313725490196,2025,2,6,Monday,3,February,KZDOO,Чехлы,Чехол для смартфона,2550.0,At Risk,Bronze,2550.0,0.08431372549019608
2025-06-03,ORD794887,41313579,CCC_Blue_4612,1200,3,1761.0,1.0,2025,6,23,Tuesday,3,June,REMAX,Защитные пленки и стекла,Защитное стекло,1200.0,New Customers,Silver,400.0,1.4675
2025-01-10,ORD826364,40831517,HHH_Titanium_9359,3590,2,3132.0,0.8724233983286908,2025,1,2,Friday,10,January,KZDOO,Чехлы,Чехол для смартфона,3590.0,About To Sleep,Silver,1795.0,0.8724233983286908
2025-05-07,ORD960244,55765055,FFF_Clear_1289,2980,1,330.1999999999998,0.1108053691275167,2025,5,19,Wednesday,7,May,KZDOO,Чехлы,Чехол для смартфона,2980.0,About To Sleep,Silver,2980.0,0.11080536912751672
2025-08-30,ORD769235,71947674,AAA_Titanium_9034,5500,3,9744.0,1.0,2025,8,35,Saturday,30,August,KZDOO,Чехлы,Чехол для смартфона,5500.0,Loyal Customers,Platinum,1833.3333333333333,1.7716363636363637
2025-03-21,ORD449813,57336840,DDD_White_8173,1800,3,2804.0,1.0,2025,3,12,Friday,21,March,K-DOO,Чехлы,Чехол для смартфона,1800.0,At Risk,Bronze,600.0,1.5577777777777777
2025-04-23,ORD285047,10145273,DDD_Red_7490,3490,3,5847.4,1.0,2025,4,17,Wednesday,23,April,KEEPHONE,Чехлы,Чехол для смартфона,3490.0,Loyal Customers,Platinum,1163.3333333333333,1.6754727793696274
2025-01-31,ORD969105,42669478,FFF_Black_3829,11100,2,10815.0,0.9743243243243244,2025,1,5,Friday,31,January,KZDOO,Чехлы,Чехол для смартфона,11100.0,235,Gold,5550.0,0.9743243243243244
2025-04-26,ORD264411,15413660,DDD_Clear_5170,4980,2,4391.6,0.881847389558233,2025,4,17,Saturday,26,April,KZDOO,Чехлы,Чехол для смартфона,4980.0,At Risk,Bronze,2490.0,0.881847389558233
2025-07-17,ORD189939,55594711,CCC_Black_1285,3162,4,7704.06,1.0,2025,7,29,Thursday,17,July,KZDOO,Чехлы,Чехол для смартфона,3162.0,Potential Loyalists,Bronze,790.5,2.436451612903226
2025-06-09,ORD117340,68942875,BBB_Purple_2912,5990,4,15079.1,1.0,2025,6,24,Monday,9,June,KEEPHONE,Чехлы,Чехол для смартфона,5990.0,213,Silver,1497.5,2.517378964941569
2025-04-13,ORD344418,34502560,CCC_White_9014,7828,3,15333.280000000002,1.0,2025,4,15,Sunday,13,April,KZDOO,Чехлы,Чехол для смартфона,7828.0,At Risk,Bronze,2609.3333333333335,1.9587736331119063
2025-02-14,ORD761809,99772524,GGG_Purple_5307,1100,3,1309.0,1.0,2025,2,7,Friday,14,February,KZDOO,Чехлы,Чехол для смартфона,1100.0,At Risk,Bronze,366.6666666666667,1.19
2025-02-16,ORD923131,72536399,HHH_Titanium_2358,1600,2,1367.0,0.854375,2025,2,7,Sunday,16,February,K-DOO,Чехлы,Чехол для смартфона,1600.0,At Risk,Bronze,800.0,0.854375
2025-01-15,ORD305758,37293235,AAA_Titanium_1777,3090,4,8257.5,1.0,2025,1,3,Wednesday,15,January,KEEPHONE,Чехлы,Чехол для смартфона,3090.0,At Risk,Bronze,772.5,2.6723300970873787
2025-02-01,ORD688772,17280340,CCC_Clear_4480,4300,3,7178.0,1.0,2025,2,5,Saturday,1,February,KEEPHONE,Чехлы,Чехол для смартфона,4300.0,High Value New Customers,Gold,1433.3333333333333,1.6693023255813952
2025-04-12,ORD737888,80262000,FFF_Titanium_1822,11100,4,29143.0,1.0,2025,4,15,Saturday,12,April,KZDOO,Чехлы,Чехол для смартфона,11100.0,Loyal Customers,Platinum,2775.0,2.6254954954954957
2025-04-15,ORD718172,58794039,GGG_Titanium_5888,3300,4,8416.0,1.0,2025,4,16,Tuesday,15,April,KZDOO,Чехлы,Чехол для смартфона,3300.0,New Customers,Gold,825.0,2.5503030303030303
2025-09-18,ORD798166,62735344,GGG_Blue_8476,2980,3,5132.0,1.0,2025,9,38,Thursday,18,September,KZDOO,Чехлы,Чехол для смартфона,2980.0,New Customers,Gold,993.3333333333334,1.7221476510067113
2025-08-06,ORD653701,43747379,GGG_Pink_7385,2980,2,2552.2,0.8564429530201342,2025,8,32,Wednesday,6,August,KZDOO,Чехлы,Чехол для смартфона,2980.0,New Customers,Gold,1490.0,0.8564429530201342
2025-03-25,ORD976643,51813913,BBB_Blue_8050,2150,3,4093.0,1.0,2025,3,13,Tuesday,25,March,KEEPHONE,Чехлы,Чехол для смартфона,2150.0,New Customers,Gold,716.6666666666666,1.9037209302325582
2025-07-28,ORD709111,57461608,AAA_White_5001,3500,3,6369.0,1.0,2025,7,31,Monday,28,July,KZDOO,Чехлы,Чехол для смартфона,3500.0,Potential Loyalists,Silver,1166.6666666666667,1.8197142857142856
2025-02-18,ORD677769,65461995,BBB_Blue_5229,5980,4,15704.2,1.0,2025,2,8,Tuesday,18,February,KZDOO,Чехлы,Чехол для смартфона,5980.0,At Risk,Bronze,1495.0,2.6261204013377926
2025-09-06,ORD816401,96240921,HHH_Purple_9148,11100,3,22048.0,1.0,2025,9,36,Saturday,6,September,KZDOO,Чехлы,Чехол для смартфона,11100.0,High Value New Customers,Gold,3700.0,1.9863063063063062
2025-04-04,ORD686807,17932091,GGG_Black_4469,3490,2,2887.8,0.8274498567335244,2025,4,14,Friday,4,April,KZDOO,Чехлы,Чехол для смартфона,3490.0,Potential Loyalists,Silver,1745.0,0.8274498567335244
2025-08-30,ORD186706,97679450,DDD_Titanium_6156,1340,3,2154.2,1.0,2025,8,35,Saturday,30,August,REMAX,Защитные пленки и стекла,Защитное стекло,1340.0,New Customers,Silver,446.6666666666667,1.6076119402985074
2025-08-09,ORD755048,24763399,DDD_Blue_3072,11100,2,10158.0,0.9151351351351352,2025,8,32,Saturday,9,August,KZDOO,Чехлы,Чехол для смартфона,11100.0,315,Gold,5550.0,0.9151351351351351
2025-08-14,ORD519601,16278472,EEE_Blue_7850,7180,2,6010.6,0.8371309192200558,2025,8,33,Thursday,14,August,KZDOO,Чехлы,Чехол для смартфона,7180.0,High Value New Customers,Gold,3590.0,0.8371309192200558
2025-03-14,ORD346388,73953828,DDD_Titanium_3655,4990,4,13317.0,1.0,2025,3,11,Friday,14,March,KZDOO,Чехлы,Чехол для смартфона,4990.0,High Value New Customers,Gold,1247.5,2.6687374749499
2025-02-06,ORD938128,16225379,AAA_Purple_1560,6190,1,1390.3000000000002,0.2246042003231018,2025,2,6,Thursday,6,February,KEEPHONE,Чехлы,Чехол для смартфона,6190.0,Cannot Lose Them,Silver,6190.0,0.2246042003231018
2025-09-21,ORD663817,71130502,FFF_Black_4039,9990,1,1978.7,0.198068068068068,2025,9,38,Sunday,21,September,KZDOO,Чехлы,Чехол для смартфона,9990.0,High Value New Customers,Gold,9990.0,0.19806806806806806
2025-01-16,ORD316927,25688149,DDD_Blue_3042,7300,4,19435.0,1.0,2025,1,3,Thursday,16,January,KZDOO,Чехлы,Чехол для смартфона,7300.0,235,Gold,1825.0,2.6623287671232876
2025-09-02,ORD486220,73339847,BBB_Clear_5381,2596,3,4961.960000000001,1.0,2025,9,36,Tuesday,2,September,KZDOO,Чехлы,Чехол для смартфона,2596.0,Loyal Customers,Gold,865.3333333333334,1.9113867488443763
2025-07-30,ORD552289,88157875,BBB_Green_9675,5300,4,12993.0,1.0,2025,7,31,Wednesday,30,July,KZDOO,Чехлы,Чехол для смартфона,5300.0,Loyal Customers,Gold,1325.0,2.451509433962264
2025-04-26,ORD700430,86155356,EEE_Black_2069,6590,2,5643.6,0.8563884673748103,2025,4,17,Saturday,26,April,KEEPHONE,Чехлы,Чехол для смартфона,6590.0,Cannot Lose Them,Silver,3295.0,0.8563884673748103
2025-05-22,ORD950634,47113990,GGG_Pink_5720,6900,1,-285.0,-0.0413043478260869,2025,5,21,Thursday,22,May,KZDOO,Чехлы,Чехол для смартфона,6900.0,Cannot Lose Them,Silver,6900.0,-0.041304347826086954
2025-03-11,ORD348892,96240921,HHH_Purple_9148,11100,4,27744.0,1.0,2025,3,11,Tuesday,11,March,KZDOO,Чехлы,Чехол для смартфона,11100.0,High Value New Customers,Gold,2775.0,2.4994594594594592
2025-02-21,ORD544451,77629680,AAA_Pink_1762,6580,3,11015.2,1.0,2025,2,8,Friday,21,February,KEEPHONE,Чехлы,Чехол для смартфона,6580.0,Cannot Lose Them,Silver,2193.3333333333335,1.6740425531914895
2025-03-21,ORD953839,52059480,BBB_Titanium_4146,4990,4,12270.8,1.0,2025,3,12,Friday,21,March,KZDOO,Чехлы,Чехол для смартфона,4990.0,113,Bronze,1247.5,2.459078156312625
2025-01-10,ORD234772,99962600,EEE_Clear_5090,4990,1,289.8000000000002,0.0580761523046092,2025,1,2,Friday,10,January,KZDOO,Чехлы,Чехол для смартфона,4990.0,113,Bronze,4990.0,0.05807615230460925
2025-04-20,ORD282026,25273810,GGG_Titanium_7570,2980,4,8456.0,1.0,2025,4,16,Sunday,20,April,KZDOO,Чехлы,Чехол для смартфона,2980.0,Potential Loyalists,Silver,745.0,2.8375838926174497
2025-02-11,ORD577167,72357603,GGG_Red_6138,5180,4,13997.4,1.0,2025,2,7,Tuesday,11,February,KZDOO,Чехлы,Чехол для смартфона,5180.0,Cannot Lose Them,Silver,1295.0,2.702200772200772
2025-01-27,ORD838770,80855016,FFF_Titanium_1848,5990,1,571.1999999999998,0.0953589315525876,2025,1,5,Monday,27,January,KEEPHONE,Чехлы,Чехол для смартфона,5990.0,Loyal Customers,Platinum,5990.0,0.09535893155258762
2025-02-28,ORD606350,70074612,BBB_Red_5004,2860,2,2560.0,0.8951048951048951,2025,2,9,Friday,28,February,Robiton,Батарейки и аккумуляторы,Батарейка,2860.0,New Customers,Silver,1430.0,0.8951048951048951
2025-01-06,ORD503373,98423853,BBB_Pink_8845,5300,2,5435.0,1.0,2025,1,2,Monday,6,January,KZDOO,Чехлы,Чехол для смартфона,5300.0,113,Bronze,2650.0,1.0254716981132075
2025-09-05,ORD237377,74588621,HHH_Titanium_9363,2550,1,408.0,0.16,2025,9,36,Friday,5,September,KZDOO,Чехлы,Чехол для смартфона,2550.0,Champions,Platinum,2550.0,0.16
2025-08-27,ORD928466,70809079,DDD_Titanium_1174,9980,4,28186.4,1.0,2025,8,35,Wednesday,27,August,KZDOO,Чехлы,Чехол для смартфона,9980.0,High Value New Customers,Gold,2495.0,2.824288577154309
2025-07-21,ORD310939,14268446,AAA_Clear_1693,11100,1,2598.0,0.234054054054054,2025,7,30,Monday,21,July,KZDOO,Чехлы,Чехол для смартфона,11100.0,325,Gold,11100.0,0.23405405405405405
2025-05-19,ORD572940,77282880,EEE_Purple_1729,5580,2,4936.200000000001,0.8846236559139786,2025,5,21,Monday,19,May,KZDOO,Чехлы,Чехол для смартфона,5580.0,Loyal Customers,Gold,2790.0,0.8846236559139786
2025-08-04,ORD938842,39912009,AAA_Black_7462,4990,3,8151.700000000001,1.0,2025,8,32,Monday,4,August,KZDOO,Чехлы,Чехол для смартфона,4990.0,Loyal Customers,Platinum,1663.3333333333333,1.6336072144288578
2025-02-24,ORD991607,78884710,AAA_White_5168,11990,4,32032.800000000003,1.0,2025,2,9,Monday,24,February,KZDOO,Чехлы,Чехол для смартфона,11990.0,High Value New Customers,Platinum,2997.5,2.6716263552960804
2025-02-27,ORD836812,40542742,FFF_Titanium_6126,5200,2,4167.0,0.8013461538461538,2025,2,9,Thursday,27,February,K-DOO,Чехлы,Чехол для смартфона,5200.0,New Customers,Gold,2600.0,0.8013461538461538
2025-01-04,ORD947421,54094339,EEE_Blue_6146,6580,4,18039.2,1.0,2025,1,1,Saturday,4,January,KZDOO,Чехлы,Чехол для смартфона,6580.0,314,Silver,1645.0,2.741519756838906
2025-01-13,ORD432422,61640595,AAA_Purple_8645,3380,1,383.5999999999999,0.113491124260355,2025,1,3,Monday,13,January,KZDOO,Чехлы,Чехол для смартфона,3380.0,Loyal Customers,Gold,3380.0,0.113491124260355
2025-09-27,ORD848882,91841741,CCC_Pink_9680,7500,3,14399.0,1.0,2025,9,39,Saturday,27,September,KZDOO,Чехлы,Чехол для смартфона,7500.0,High Value New Customers,Platinum,2500.0,1.9198666666666666
2025-05-01,ORD814544,97750622,FFF_White_2222,6100,1,58.0,0.0095081967213114,2025,5,18,Thursday,1,May,KEEPHONE,Чехлы,Чехол для смартфона,6100.0,High Value New Customers,Gold,6100.0,0.009508196721311476
2025-02-04,ORD330746,64538087,CCC_Clear_4692,3490,3,6903.299999999999,1.0,2025,2,6,Tuesday,4,February,KZDOO,Чехлы,Чехол для смартфона,3490.0,234,Gold,1163.3333333333333,1.978022922636103
2025-06-17,ORD262219,69728328,HHH_Red_6449,1800,4,4195.0,1.0,2025,6,25,Tuesday,17,June,Panasonic,Батарейки и аккумуляторы,Батарейка,1800.0,Loyal Customers,Gold,450.0,2.3305555555555557
2025-06-03,ORD645964,43094185,CCC_White_6356,4700,4,11400.0,1.0,2025,6,23,Tuesday,3,June,KZDOO,Чехлы,Чехол для смартфона,4700.0,213,Silver,1175.0,2.425531914893617
2025-08-21,ORD709405,65491653,FFF_Pink_3549,3380,1,-110.20000000000005,-0.032603550295858,2025,8,34,Thursday,21,August,KZDOO,Чехлы,Чехол для смартфона,3380.0,New Customers,Silver,3380.0,-0.032603550295858
2025-05-13,ORD947478,91964708,GGG_Purple_5633,2380,3,3352.4,1.0,2025,5,20,Tuesday,13,May,KZDOO,Чехлы,Чехол для смартфона,2380.0,New Customers,Gold,793.3333333333334,1.4085714285714286
2025-05-16,ORD266755,79587722,BBB_Green_5708,2700,3,4854.0,1.0,2025,5,20,Friday,16,May,KZDOO,Чехлы,Чехол для смартфона,2700.0,New Customers,Silver,900.0,1.7977777777777777
2025-01-22,ORD640743,32484702,HHH_Clear_2518,7300,4,19897.0,1.0,2025,1,4,Wednesday,22,January,KZDOO,Чехлы,Чехол для смартфона,7300.0,Cannot Lose Them,Gold,1825.0,2.7256164383561643
2025-08-09,ORD287242,58356356,DDD_Black_9724,2580,1,381.8,0.147984496124031,2025,8,32,Saturday,9,August,K-DOO,Чехлы,Чехол для смартфона,2580.0,New Customers,Gold,2580.0,0.147984496124031
2025-03-29,ORD700247,38916371,GGG_Blue_9644,8200,3,14336.0,1.0,2025,3,13,Saturday,29,March,KZDOO,Чехлы,Чехол для смартфона,8200.0,High Value New Customers,Platinum,2733.3333333333335,1.7482926829268293
2025-06-29,ORD885160,26751676,CCC_Clear_7128,3500,4,8702.0,1.0,2025,6,26,Sunday,29,June,KZDOO,Чехлы,Чехол для смартфона,3500.0,Potential Loyalists,Silver,875.0,2.486285714285714
2025-01-20,ORD273772,44703697,CCC_Black_8407,4980,2,4435.0,0.8905622489959839,2025,1,4,Monday,20,January,KZDOO,Чехлы,Чехол для смартфона,4980.0,Loyal Customers,Platinum,2490.0,0.8905622489959839
2025-06-21,ORD286215,11351952,EEE_Blue_1505,2000,1,24.0,0.012,2025,6,25,Saturday,21,June,Нет бренда,Чехлы,Чехол для смартфона,2000.0,Potential Loyalists,Silver,2000.0,0.012
2025-03-31,ORD646772,11000967,CCC_White_6006,5124,2,4254.08,0.8302263856362216,2025,3,14,Monday,31,March,KZDOO,Чехлы,Чехол для смартфона,5124.0,113,Bronze,2562.0,0.8302263856362216
2025-05-13,ORD562518,58035424,DDD_Purple_3955,2700,1,-36.0,-0.0133333333333333,2025,5,20,Tuesday,13,May,KZDOO,Чехлы,Чехол для смартфона,2700.0,New Customers,Gold,2700.0,-0.013333333333333334
2025-02-12,ORD634494,65992151,FFF_Red_3712,3400,4,8504.0,1.0,2025,2,7,Wednesday,12,February,KEEPHONE,Чехлы,Чехол для смартфона,3400.0,Loyal Customers,Gold,850.0,2.501176470588235
2025-06-09,ORD761535,27574394,AAA_Purple_7824,2000,3,3150.0,1.0,2025,6,24,Monday,9,June,Нет бренда,Чехлы,Чехол для смартфона,2000.0,About To Sleep,Silver,666.6666666666666,1.575
2025-07-08,ORD650373,14715236,GGG_Purple_5110,6580,3,13004.6,1.0,2025,7,28,Tuesday,8,July,KZDOO,Чехлы,Чехол для смартфона,6580.0,324,Gold,2193.3333333333335,1.9763829787234044
2025-08-02,ORD927782,87660983,EEE_Green_6626,3380,3,5268.2,1.0,2025,8,31,Saturday,2,August,KZDOO,Чехлы,Чехол для смартфона,3380.0,Potential Loyalists,Silver,1126.6666666666667,1.5586390532544379
2025-03-09,ORD618740,22270955,CCC_Purple_4954,2980,1,385.8000000000002,0.1294630872483222,2025,3,10,Sunday,9,March,KZDOO,Чехлы,Чехол для смартфона,2980.0,Loyal Customers,Platinum,2980.0,0.1294630872483222
2025-01-11,ORD476556,47113990,GGG_Pink_5720,6900,4,18940.0,1.0,2025,1,2,Saturday,11,January,KZDOO,Чехлы,Чехол для смартфона,6900.0,Cannot Lose Them,Silver,1725.0,2.744927536231884
2025-02-13,ORD659394,88157875,BBB_Green_9675,5300,2,5142.0,0.9701886792452832,2025,2,7,Thursday,13,February,KZDOO,Чехлы,Чехол для смартфона,5300.0,Loyal Customers,Gold,2650.0,0.9701886792452831
2025-01-05,ORD679790,79748321,BBB_Green_4107,7180,4,19031.6,1.0,2025,1,1,Sunday,5,January,KZDOO,Чехлы,Чехол для смартфона,7180.0,Loyal Customers,Platinum,1795.0,2.6506406685236765
2025-04-05,ORD623093,39493765,BBB_Purple_8946,9100,2,9471.0,1.0,2025,4,14,Saturday,5,April,Неизвестно,Чехлы,Неизвестно,9100.0,113,Bronze,4550.0,1.0407692307692307
2025-09-02,ORD369265,83447966,BBB_Blue_8761,5180,1,-32.19999999999982,-0.0062162162162161,2025,9,36,Tuesday,2,September,KZDOO,Чехлы,Чехол для смартфона,5180.0,Champions,Platinum,5180.0,-0.006216216216216181
2025-06-25,ORD162491,84862533,FFF_Red_8076,7580,1,-238.6000000000004,-0.0314775725593668,2025,6,26,Wednesday,25,June,KEEPHONE,Чехлы,Чехол для смартфона,7580.0,235,Gold,7580.0,-0.031477572559366805
2025-05-16,ORD129565,25990523,DDD_Clear_6349,680,2,201.6,0.2964705882352941,2025,5,20,Friday,16,May,Robiton,Батарейки и аккумуляторы,Батарейка,680.0,New Customers,Silver,340.0,0.2964705882352941
2025-08-14,ORD768429,52067394,HHH_Black_4225,940,2,511.5999999999999,0.5442553191489361,2025,8,33,Thursday,14,August,Robiton,Батарейки и аккумуляторы,Батарейка,940.0,New Customers,Silver,470.0,0.5442553191489361
2025-04-14,ORD229310,89459784,FFF_Purple_8560,6580,2,5023.6,0.7634650455927052,2025,4,16,Monday,14,April,KZDOO,Чехлы,Чехол для смартфона,6580.0,Loyal Customers,Platinum,3290.0,0.7634650455927052
2025-06-29,ORD824556,45765450,AAA_Green_9615,3180,4,8281.4,1.0,2025,6,26,Sunday,29,June,KZDOO,Чехлы,Чехол для смартфона,3180.0,New Customers,Gold,795.0,2.6042138364779874
2025-07-19,ORD472454,15752189,HHH_Pink_7554,5100,2,5280.0,1.0,2025,7,29,Saturday,19,July,KZDOO,Чехлы,Чехол для наушников,5100.0,Loyal Customers,Platinum,2550.0,1.035294117647059
2025-08-03,ORD377435,14268446,AAA_Clear_1693,11100,1,1817.0,0.1636936936936937,2025,8,31,Sunday,3,August,KZDOO,Чехлы,Чехол для смартфона,11100.0,325,Gold,11100.0,0.1636936936936937
2025-01-12,ORD406522,38056815,AAA_Pink_8879,2390,1,82.20000000000005,0.0343933054393305,2025,1,2,Sunday,12,January,KEEPHONE,Чехлы,Чехол для смартфона,2390.0,New Customers,Silver,2390.0,0.034393305439330564
2025-07-07,ORD965493,57862472,FFF_Clear_1236,3100,3,5581.0,1.0,2025,7,28,Monday,7,July,KZDOO,Чехлы,Чехол для смартфона,3100.0,New Customers,Gold,1033.3333333333333,1.8003225806451613
2025-09-18,ORD638971,59810682,BBB_Clear_3805,3490,2,2686.8,0.7698567335243554,2025,9,38,Thursday,18,September,KZDOO,Чехлы,Чехол для смартфона,3490.0,New Customers,Silver,1745.0,0.7698567335243554
2025-06-05,ORD685508,19928290,AAA_Pink_1311,3600,4,10332.0,1.0,2025,6,23,Thursday,5,June,KZDOO,Чехлы,Чехол для смартфона,3600.0,New Customers,Gold,900.0,2.87
2025-06-03,ORD467455,79101202,EEE_Blue_3320,3780,4,9070.8,1.0,2025,6,23,Tuesday,3,June,Robiton,Батарейки и аккумуляторы,Аккумуляторная батарейка,3780.0,About To Sleep,Silver,945.0,2.3996825396825394
2025-03-21,ORD302845,39497042,BBB_White_2474,2000,4,4699.0,1.0,2025,3,12,Friday,21,March,REMAX,Защитные пленки и стекла,Защитное стекло,2000.0,New Customers,Silver,500.0,2.3495
2025-01-10,ORD600183,64474460,DDD_Titanium_4062,6520,3,12125.0,1.0,2025,1,2,Friday,10,January,KZDOO,Чехлы,Чехол для смартфона,6520.0,High Value New Customers,Gold,2173.3333333333335,1.8596625766871167
2025-01-05,ORD526631,84683767,GGG_Titanium_8096,11100,1,691.0,0.0622522522522522,2025,1,1,Sunday,5,January,KZDOO,Чехлы,Чехол для смартфона,11100.0,Cannot Lose Them,Gold,11100.0,0.062252252252252255
2025-04-29,ORD120165,84436404,DDD_Pink_8616,11100,4,28777.0,1.0,2025,4,18,Tuesday,29,April,KZDOO,Чехлы,Чехол для смартфона,11100.0,High Value New Customers,Platinum,2775.0,2.5925225225225224
2025-03-22,ORD112735,44901759,GGG_Titanium_1488,3500,1,-76.0,-0.0217142857142857,2025,3,12,Saturday,22,March,KZDOO,Чехлы,Чехол для смартфона,3500.0,At Risk,Bronze,3500.0,-0.021714285714285714
2025-03-06,ORD932069,24165881,FFF_Pink_8619,5580,3,9643.2,1.0,2025,3,10,Thursday,6,March,KZDOO,Чехлы,Чехол для смартфона,5580.0,At Risk,Bronze,1860.0,1.7281720430107528
2025-03-17,ORD318868,25688149,DDD_Blue_3042,7300,2,6169.0,0.8450684931506849,2025,3,12,Monday,17,March,KZDOO,Чехлы,Чехол для смартфона,7300.0,235,Gold,3650.0,0.8450684931506849
2025-03-16,ORD719352,98269250,GGG_Blue_2162,5580,2,5314.0,0.9523297491039426,2025,3,11,Sunday,16,March,KZDOO,Чехлы,Чехол для смартфона,5580.0,New Customers,Gold,2790.0,0.9523297491039426
2025-01-06,ORD727131,47631395,BBB_Purple_1482,5580,2,5103.0,0.914516129032258,2025,1,2,Monday,6,January,KZDOO,Чехлы,Чехол для смартфона,5580.0,Loyal Customers,Gold,2790.0,0.9145161290322581
2025-06-09,ORD212926,80507859,HHH_Clear_8794,3500,4,9951.0,1.0,2025,6,24,Monday,9,June,KZDOO,Чехлы,Чехол для смартфона,3500.0,At Risk,Bronze,875.0,2.843142857142857
2025-01-19,ORD828697,24148272,AAA_Pink_9594,3490,2,3319.9,0.9512607449856731,2025,1,3,Sunday,19,January,KZDOO,Чехлы,Чехол для смартфона,3490.0,Potential Loyalists,Silver,1745.0,0.9512607449856734
2025-02-17,ORD356726,47545727,AAA_Purple_8362,1800,4,4297.0,1.0,2025,2,8,Monday,17,February,K-DOO,Чехлы,Чехол для смартфона,1800.0,About To Sleep,Silver,450.0,2.3872222222222224
2025-01-30,ORD808597,84822158,BBB_Blue_9580,5500,3,9614.0,1.0,2025,1,5,Thursday,30,January,K-DOO,Чехлы,Чехол для смартфона,5500.0,Loyal Customers,Platinum,1833.3333333333333,1.748
2025-01-06,ORD679384,14773482,DDD_White_5541,5990,3,11267.6,1.0,2025,1,2,Monday,6,January,KZDOO,Чехлы,Чехол для смартфона,5990.0,Loyal Customers,Gold,1996.6666666666667,1.881068447412354
2025-05-23,ORD268605,83393173,EEE_Blue_8087,5990,4,16671.3,1.0,2025,5,21,Friday,23,May,KZDOO,Чехлы,Чехол для смартфона,5990.0,At Risk,Bronze,1497.5,2.7831886477462437
2025-02-16,ORD406819,94015399,HHH_Titanium_5260,4980,1,915.0,0.1837349397590361,2025,2,7,Sunday,16,February,KZDOO,Чехлы,Чехол для смартфона,4980.0,Cannot Lose Them,Silver,4980.0,0.18373493975903615
2025-07-08,ORD432369,44062204,GGG_Pink_2020,5380,2,4474.6,0.8317100371747213,2025,7,28,Tuesday,8,July,K-DOO,Чехлы,Чехол для смартфона,5380.0,Potential Loyalists,Silver,2690.0,0.8317100371747213
2025-06-14,ORD926968,60672089,AAA_Pink_6484,11990,2,10022.2,0.8358798999165973,2025,6,24,Saturday,14,June,KZDOO,Чехлы,Чехол для смартфона,11990.0,213,Silver,5995.0,0.8358798999165973
2025-06-30,ORD197529,61427977,CCC_Clear_6193,3490,2,2659.8,0.7621203438395416,2025,6,27,Monday,30,June,KZDOO,Чехлы,Чехол для смартфона,3490.0,High Value New Customers,Gold,1745.0,0.7621203438395416
2025-03-01,ORD806296,82538041,EEE_Pink_7010,5990,4,15241.6,1.0,2025,3,9,Saturday,1,March,KEEPHONE,Чехлы,Чехол для смартфона,5990.0,113,Bronze,1497.5,2.5445075125208683
2025-07-25,ORD783183,51575941,DDD_Purple_5314,3380,3,5753.2,1.0,2025,7,30,Friday,25,July,KZDOO,Чехлы,Чехол для смартфона,3380.0,Loyal Customers,Platinum,1126.6666666666667,1.7021301775147928
2025-08-24,ORD438970,80774380,HHH_Blue_9425,2490,2,1756.6,0.7054618473895582,2025,8,34,Sunday,24,August,KEEPHONE,Чехлы,Чехол для смартфона,2490.0,New Customers,Silver,1245.0,0.7054618473895582
2025-09-16,ORD694395,17280340,CCC_Clear_4480,4300,3,7615.0,1.0,2025,9,38,Tuesday,16,September,KEEPHONE,Чехлы,Чехол для смартфона,4300.0,High Value New Customers,Gold,1433.3333333333333,1.7709302325581395
2025-07-24,ORD933172,31684574,CCC_Green_3802,2590,2,2069.1,0.7988803088803088,2025,7,30,Thursday,24,July,KZDOO,Чехлы,Чехол для смартфона,2590.0,Potential Loyalists,Silver,1295.0,0.7988803088803088
2025-08-01,ORD366779,73779124,HHH_Clear_8504,5580,2,5887.0,1.0,2025,8,31,Friday,1,August,KZDOO,Чехлы,Чехол для смартфона,5580.0,Potential Loyalists,Silver,2790.0,1.0550179211469535
2025-05-21,ORD567940,11723919,EEE_Black_5621,3180,4,7307.200000000001,1.0,2025,5,21,Wednesday,21,May,KZDOO,Чехлы,Чехол для смартфона,3180.0,Cannot Lose Them,Silver,795.0,2.297861635220126
2025-05-21,ORD662535,94453894,CCC_Green_6440,7300,1,1441.0,0.1973972602739726,2025,5,21,Wednesday,21,May,KZDOO,Чехлы,Чехол для смартфона,7300.0,325,Gold,7300.0,0.1973972602739726
2025-08-12,ORD515243,40907194,AAA_White_9755,5990,4,16297.8,1.0,2025,8,33,Tuesday,12,August,KEEPHONE,Чехлы,Чехол для смартфона,5990.0,New Customers,Silver,1497.5,2.7208347245409015
2025-05-15,ORD830807,39462607,EEE_Green_1339,11100,2,10677.0,0.9618918918918918,2025,5,20,Thursday,15,May,KZDOO,Чехлы,Чехол для смартфона,11100.0,213,Silver,5550.0,0.9618918918918918
2025-05-03,ORD852043,87706785,BBB_Clear_2976,3180,2,2621.6000000000004,0.8244025157232705,2025,5,18,Saturday,3,May,KZDOO,Чехлы,Чехол для смартфона,3180.0,At Risk,Bronze,1590.0,0.8244025157232705
2025-06-15,ORD986445,38174132,AAA_Pink_2294,2290,1,184.5999999999999,0.0806113537117903,2025,6,24,Sunday,15,June,KEEPHONE,Чехлы,Чехол для смартфона,2290.0,Loyal Customers,Gold,2290.0,0.08061135371179036
2025-09-15,ORD408570,19928290,AAA_Pink_1311,3600,3,6773.0,1.0,2025,9,38,Monday,15,September,KZDOO,Чехлы,Чехол для смартфона,3600.0,New Customers,Gold,1200.0,1.881388888888889
2025-09-16,ORD476846,27995241,GGG_Blue_6871,2490,3,4724.0,1.0,2025,9,38,Tuesday,16,September,KZDOO,Чехлы,Чехол для смартфона,2490.0,Loyal Customers,Platinum,830.0,1.8971887550200803
2025-03-12,ORD724429,34800221,CCC_Black_1999,1120,2,888.5999999999999,0.793392857142857,2025,3,11,Wednesday,12,March,REMAX,Защитные пленки и стекла,Защитное стекло,1120.0,Potential Loyalists,Silver,560.0,0.793392857142857
2025-07-28,ORD830478,19259686,HHH_Pink_2327,2000,3,3054.0,1.0,2025,7,31,Monday,28,July,KZDOO,Чехлы,Чехол для смартфона,9380.0,Loyal Customers,Gold,666.6666666666666,1.527
2025-07-28,ORD830478,19259686,HHH_Pink_2327,2000,3,3054.0,1.0,2025,7,31,Monday,28,July,KZDOO,Чехлы,Чехол для смартфона,9380.0,Loyal Customers,Gold,666.6666666666666,1.527
2025-07-18,ORD711265,87448383,AAA_Green_2528,4300,2,3982.0,0.926046511627907,2025,7,29,Friday,18,July,KZDOO,Чехлы,Чехол для смартфона,4300.0,Loyal Customers,Gold,2150.0,0.926046511627907
2025-03-15,ORD401746,90900699,CCC_Black_2080,5500,1,821.0,0.1492727272727272,2025,3,11,Saturday,15,March,KZDOO,Чехлы,Чехол для смартфона,5500.0,Cannot Lose Them,Silver,5500.0,0.14927272727272728
2025-05-31,ORD179198,42522552,GGG_White_4936,1080,1,-207.2,-0.1918518518518518,2025,5,22,Saturday,31,May,Robiton,Батарейки и аккумуляторы,Батарейка,1080.0,Potential Loyalists,Bronze,1080.0,-0.19185185185185183
2025-05-10,ORD838238,71643669,CCC_Green_1403,11100,2,11736.0,1.0,2025,5,19,Saturday,10,May,KZDOO,Чехлы,Чехол для смартфона,11100.0,Loyal Customers,Platinum,5550.0,1.0572972972972974
2025-07-26,ORD246804,64604307,GGG_Titanium_9467,6980,1,1826.2,0.2616332378223495,2025,7,30,Saturday,26,July,KEEPHONE,Чехлы,Чехол для смартфона,6980.0,324,Gold,6980.0,0.2616332378223496
2025-07-19,ORD698190,85884486,AAA_Red_7992,6580,4,17285.4,1.0,2025,7,29,Saturday,19,July,KZDOO,Чехлы,Чехол для смартфона,6580.0,Loyal Customers,Platinum,1645.0,2.6269604863221887
2025-09-26,ORD504158,29875570,DDD_Black_2486,660,4,1328.6,1.0,2025,9,39,Friday,26,September,Robiton,Батарейки и аккумуляторы,Батарейка,660.0,541,Gold,165.0,2.0130303030303027
2025-04-21,ORD472554,65489961,HHH_Clear_2252,6420,1,833.3999999999996,0.1298130841121494,2025,4,17,Monday,21,April,KZDOO,Чехлы,Чехол для смартфона,6420.0,325,Gold,6420.0,0.12981308411214948
2025-03-01,ORD336871,57338726,DDD_Red_2755,4980,2,4474.6,0.8985140562248997,2025,3,9,Saturday,1,March,KZDOO,Чехлы,Чехол для смартфона,4980.0,High Value New Customers,Gold,2490.0,0.8985140562248997
2025-05-25,ORD192992,31817974,BBB_Green_3184,1450,2,1162.5,0.8017241379310345,2025,5,21,Sunday,25,May,KZDOO,Чехлы,Чехол для смартфона,1450.0,New Customers,Silver,725.0,0.8017241379310345
2025-09-07,ORD542580,80615239,AAA_White_9065,4990,1,178.19999999999982,0.0357114228456913,2025,9,36,Sunday,7,September,KZDOO,Чехлы,Чехол для смартфона,4990.0,High Value New Customers,Gold,4990.0,0.03571142284569134
2025-02-12,ORD814842,73534464,AAA_White_5914,2780,3,4948.6,1.0,2025,2,7,Wednesday,12,February,KZDOO,Чехлы,Чехол для смартфона,2780.0,At Risk,Bronze,926.6666666666666,1.7800719424460434
2025-05-29,ORD588928,71446261,EEE_Titanium_2576,5180,4,12878.8,1.0,2025,5,22,Thursday,29,May,Raigor,Чехлы,Чехол для смартфона,5180.0,Loyal Customers,Gold,1295.0,2.486254826254826
2025-03-07,ORD748976,11351952,EEE_Blue_1505,2000,3,3244.0,1.0,2025,3,10,Friday,7,March,Нет бренда,Чехлы,Чехол для смартфона,2000.0,Potential Loyalists,Silver,666.6666666666666,1.622
2025-05-07,ORD762325,83675423,BBB_White_7079,4990,2,5112.799999999999,1.0,2025,5,19,Wednesday,7,May,KZDOO,Чехлы,Чехол для смартфона,4990.0,High Value New Customers,Gold,2495.0,1.0246092184368736
2025-07-02,ORD543266,57636631,HHH_Red_3578,3100,2,3023.0,0.9751612903225808,2025,7,27,Wednesday,2,July,KZDOO,Чехлы,Чехол для смартфона,3100.0,Potential Loyalists,Silver,1550.0,0.9751612903225807
2025-08-02,ORD266823,42236708,HHH_Green_6711,5580,3,9290.8,1.0,2025,8,31,Saturday,2,August,KZDOO,Чехлы,Чехол для смартфона,5580.0,Loyal Customers,Platinum,1860.0,1.6650179211469534
2025-02-12,ORD945984,52732703,CCC_Pink_7226,6200,1,592.0,0.0954838709677419,2025,2,7,Wednesday,12,February,Robiton,Батарейки и аккумуляторы,Аккумуляторная батарейка,6200.0,Loyal Customers,Platinum,6200.0,0.09548387096774194
2025-09-14,ORD809271,25673692,HHH_Titanium_2410,8500,3,14444.0,1.0,2025,9,37,Sunday,14,September,KZDOO,Чехлы,Чехол для смартфона,8500.0,High Value New Customers,Platinum,2833.3333333333335,1.6992941176470588
2025-04-11,ORD648377,64089075,GGG_Purple_7302,4600,3,7510.0,1.0,2025,4,15,Friday,11,April,Robiton,Батарейки и аккумуляторы,Аккумуляторная батарейка,4600.0,Loyal Customers,Platinum,1533.3333333333333,1.632608695652174
2025-05-18,ORD785176,16278472,EEE_Blue_7850,7180,4,18427.2,1.0,2025,5,20,Sunday,18,May,KZDOO,Чехлы,Чехол для смартфона,7180.0,High Value New Customers,Gold,1795.0,2.5664623955431756
2025-05-07,ORD298590,72864961,BBB_Red_7058,6980,4,19486.8,1.0,2025,5,19,Wednesday,7,May,KEEPHONE,Чехлы,Чехол для смартфона,6980.0,Loyal Customers,Gold,1745.0,2.791805157593123
2025-07-05,ORD197644,96712748,FFF_White_8621,11100,3,21173.0,1.0,2025,7,27,Saturday,5,July,KZDOO,Чехлы,Чехол для смартфона,11100.0,High Value New Customers,Gold,3700.0,1.9074774774774774
2025-05-25,ORD692956,71218572,BBB_White_1747,3100,3,5774.0,1.0,2025,5,21,Sunday,25,May,KZDOO,Чехлы,Чехол для смартфона,3100.0,Loyal Customers,Gold,1033.3333333333333,1.8625806451612903
2025-02-01,ORD742103,34800221,CCC_Black_1999,1120,2,666.5999999999999,0.5951785714285713,2025,2,5,Saturday,1,February,REMAX,Защитные пленки и стекла,Защитное стекло,1120.0,Potential Loyalists,Silver,560.0,0.5951785714285713
2025-03-30,ORD748329,91781807,HHH_Black_7583,5300,4,14015.0,1.0,2025,3,13,Sunday,30,March,KZDOO,Чехлы,Чехол для смартфона,5300.0,Cannot Lose Them,Silver,1325.0,2.6443396226415095
2025-05-08,ORD951146,35892837,GGG_Clear_7869,11000,4,29435.0,1.0,2025,5,19,Thursday,8,May,KZDOO,Чехлы,Чехол для смартфона,11000.0,Cannot Lose Them,Silver,2750.0,2.675909090909091
2025-02-27,ORD943831,61640595,AAA_Purple_8645,3380,2,3324.0,0.983431952662722,2025,2,9,Thursday,27,February,KZDOO,Чехлы,Чехол для смартфона,3380.0,Loyal Customers,Gold,1690.0,0.9834319526627219
2025-08-27,ORD756708,66144867,CCC_Blue_3895,9180,1,874.3999999999996,0.0952505446623093,2025,8,35,Wednesday,27,August,KZDOO,Чехлы,Чехол для смартфона,9180.0,High Value New Customers,Platinum,9180.0,0.09525054466230932
2025-06-07,ORD321705,24653069,BBB_Pink_6893,4980,4,12592.2,1.0,2025,6,23,Saturday,7,June,KZDOO,Чехлы,Чехол для смартфона,4980.0,213,Silver,1245.0,2.52855421686747
2025-03-09,ORD241966,52732703,CCC_Pink_7226,6200,4,16933.0,1.0,2025,3,10,Sunday,9,March,Robiton,Батарейки и аккумуляторы,Аккумуляторная батарейка,6200.0,Loyal Customers,Platinum,1550.0,2.7311290322580644
2025-05-02,ORD535046,13642174,BBB_Black_4746,5500,1,1188.0,0.216,2025,5,18,Friday,2,May,KZDOO,Чехлы,Чехол для смартфона,5500.0,113,Bronze,5500.0,0.216
2025-01-25,ORD718663,27451798,EEE_White_1885,1580,4,3610.6,1.0,2025,1,4,Saturday,25,January,REMAX,Защитные пленки и стекла,Защитное стекло,1580.0,At Risk,Bronze,395.0,2.2851898734177216
2025-07-27,ORD930548,23245835,GGG_Red_8772,2980,4,7265.6,1.0,2025,7,30,Sunday,27,July,KZDOO,Чехлы,Чехол для смартфона,2980.0,New Customers,Silver,745.0,2.4381208053691275
2025-08-02,ORD357574,51863845,AAA_Pink_2206,420,1,-161.8,-0.3852380952380952,2025,8,31,Saturday,2,August,Panasonic,Батарейки и аккумуляторы,Батарейка,420.0,Potential Loyalists,Bronze,420.0,-0.38523809523809527
2025-06-19,ORD324956,71602389,CCC_Clear_3162,5100,1,764.0,0.1498039215686274,2025,6,25,Thursday,19,June,KZDOO,Чехлы,Чехол для наушников,5100.0,Potential Loyalists,Silver,5100.0,0.14980392156862746
2025-07-12,ORD435476,66144867,CCC_Blue_3895,9180,3,16865.6,1.0,2025,7,28,Saturday,12,July,KZDOO,Чехлы,Чехол для смартфона,9180.0,High Value New Customers,Platinum,3060.0,1.8372113289760348
2025-01-14,ORD680633,92519435,HHH_Blue_6459,5980,2,6772.0,1.0,2025,1,3,Tuesday,14,January,KZDOO,Чехлы,Чехол для смартфона,5980.0,At Risk,Bronze,2990.0,1.1324414715719064
2025-05-18,ORD131857,34643765,GGG_Black_5712,6980,2,6579.4,0.9426074498567336,2025,5,20,Sunday,18,May,KEEPHONE,Чехлы,Чехол для смартфона,6980.0,Loyal Customers,Platinum,3490.0,0.9426074498567335
2025-05-11,ORD165933,60736622,HHH_Pink_2327,9380,1,917.1999999999998,0.0977825159914712,2025,5,19,Sunday,11,May,KZDOO,Чехлы,Чехол для смартфона,9380.0,Cannot Lose Them,Gold,9380.0,0.0977825159914712
2025-05-11,ORD165933,60736622,HHH_Pink_2327,9380,1,917.1999999999998,0.0977825159914712,2025,5,19,Sunday,11,May,KZDOO,Чехлы,Чехол для смартфона,9380.0,Cannot Lose Them,Gold,9380.0,0.0977825159914712
2025-09-12,ORD510685,39196346,AAA_Purple_3049,5980,1,206.5999999999999,0.0345484949832775,2025,9,37,Friday,12,September,KZDOO,Чехлы,Чехол для смартфона,5980.0,High Value New Customers,Gold,5980.0,0.034548494983277576
2025-02-21,ORD269396,12665141,EEE_Clear_2689,5580,4,15540.4,1.0,2025,2,8,Friday,21,February,KZDOO,Чехлы,Чехол для смартфона,5580.0,325,Gold,1395.0,2.7850179211469532
2025-07-16,ORD852260,87233179,DDD_Blue_9263,5500,3,9210.0,1.0,2025,7,29,Wednesday,16,July,K-DOO,Чехлы,Чехол для смартфона,5500.0,High Value New Customers,Platinum,1833.3333333333333,1.6745454545454546
2025-06-02,ORD913327,54150352,HHH_Titanium_2732,1690,3,2825.7,1.0,2025,6,23,Monday,2,June,KZDOO,Чехлы,Чехол для смартфона,1690.0,At Risk,Bronze,563.3333333333334,1.6720118343195265
2025-02-17,ORD861081,27622520,CCC_Purple_8847,3490,1,415.9000000000001,0.1191690544412607,2025,2,8,Monday,17,February,KZDOO,Чехлы,Чехол для смартфона,3490.0,Cannot Lose Them,Silver,3490.0,0.11916905444126077
2025-06-25,ORD184604,72387757,HHH_White_1327,700,4,1364.0,1.0,2025,6,26,Wednesday,25,June,Varta,Батарейки и аккумуляторы,Батарейка,700.0,At Risk,Bronze,175.0,1.9485714285714286
2025-05-15,ORD894573,33150933,CCC_Purple_8000,5580,4,15677.6,1.0,2025,5,20,Thursday,15,May,KZDOO,Чехлы,Чехол для смартфона,5580.0,213,Silver,1395.0,2.8096057347670254
2025-08-28,ORD487778,29875570,DDD_Black_2486,660,2,332.4,0.5036363636363635,2025,8,35,Thursday,28,August,Robiton,Батарейки и аккумуляторы,Батарейка,660.0,541,Gold,330.0,0.5036363636363635
2025-02-26,ORD316658,10145273,DDD_Red_7490,3490,2,3621.4,1.0,2025,2,9,Wednesday,26,February,KEEPHONE,Чехлы,Чехол для смартфона,3490.0,Loyal Customers,Platinum,1745.0,1.037650429799427
2025-01-08,ORD139542,37897172,DDD_Titanium_2057,4980,4,12581.0,1.0,2025,1,2,Wednesday,8,January,KZDOO,Чехлы,Чехол для смартфона,4980.0,Cannot Lose Them,Silver,1245.0,2.526305220883534
2025-01-27,ORD395323,46536130,HHH_Black_9412,3690,2,3562.2,0.9653658536585366,2025,1,5,Monday,27,January,KEEPHONE,Чехлы,Чехол для смартфона,3690.0,About To Sleep,Silver,1845.0,0.9653658536585366
2025-02-10,ORD391600,25324439,HHH_Red_4713,2000,1,-73.0,-0.0365,2025,2,7,Monday,10,February,Нет бренда,Чехлы,Чехол для смартфона,2000.0,New Customers,Gold,2000.0,-0.0365
2025-08-10,ORD653827,29143377,CCC_Titanium_5503,380,4,745.2,1.0,2025,8,32,Sunday,10,August,Нет бренда,Чехлы,Чехол для смартфона,380.0,New Customers,Gold,95.0,1.9610526315789474
2025-01-18,ORD791691,35690160,GGG_Purple_2856,5648,2,6060.68,1.0,2025,1,3,Saturday,18,January,KZDOO,Чехлы,Чехол для смартфона,5648.0,324,Gold,2824.0,1.0730665722379604
2025-09-05,ORD668573,74952520,DDD_Green_2949,4980,3,8266.4,1.0,2025,9,36,Friday,5,September,KZDOO,Чехлы,Чехол для смартфона,4980.0,High Value New Customers,Gold,1660.0,1.6599196787148593
2025-03-09,ORD434662,58484682,GGG_Green_9626,4380,4,11707.4,1.0,2025,3,10,Sunday,9,March,KZDOO,Чехлы,Чехол для смартфона,4380.0,Loyal Customers,Platinum,1095.0,2.672922374429224
2025-04-13,ORD340374,78884710,AAA_White_5168,11990,4,32302.5,1.0,2025,4,15,Sunday,13,April,KZDOO,Чехлы,Чехол для смартфона,11990.0,High Value New Customers,Platinum,2997.5,2.6941201000834027
2025-03-14,ORD885576,91756346,FFF_Titanium_8810,4000,3,6712.0,1.0,2025,3,11,Friday,14,March,KZDOO,Чехлы,Чехол для смартфона,4000.0,At Risk,Bronze,1333.3333333333333,1.678
2025-09-01,ORD857319,53977919,GGG_White_4695,5580,1,-183.80000000000013,-0.0329390681003584,2025,9,36,Monday,1,September,KZDOO,Чехлы,Чехол для смартфона,5580.0,High Value New Customers,Gold,5580.0,-0.032939068100358446
2025-01-22,ORD307672,44699881,BBB_Clear_9485,6780,3,11506.4,1.0,2025,1,4,Wednesday,22,January,KEEPHONE,Чехлы,Чехол для смартфона,6780.0,Cannot Lose Them,Silver,2260.0,1.6971091445427728
2025-07-21,ORD811297,93054617,BBB_Purple_1296,2700,4,6953.0,1.0,2025,7,30,Monday,21,July,KZDOO,Чехлы,Чехол для смартфона,2700.0,Potential Loyalists,Silver,675.0,2.5751851851851852
2025-04-13,ORD931980,77629680,AAA_Pink_1762,6580,1,139.39999999999964,0.0211854103343464,2025,4,15,Sunday,13,April,KEEPHONE,Чехлы,Чехол для смартфона,6580.0,Cannot Lose Them,Silver,6580.0,0.021185410334346448
2025-04-11,ORD576217,74588621,HHH_Titanium_9363,2550,2,2593.5,1.0,2025,4,15,Friday,11,April,KZDOO,Чехлы,Чехол для смартфона,2550.0,Champions,Platinum,1275.0,1.0170588235294118
2025-09-03,ORD766960,88610207,CCC_Titanium_7564,10200,2,8646.0,0.8476470588235294,2025,9,36,Wednesday,3,September,Неизвестно,Чехлы,Неизвестно,10200.0,High Value New Customers,Platinum,5100.0,0.8476470588235294
2025-07-29,ORD318367,83953719,BBB_Blue_5153,6980,2,7594.799999999999,1.0,2025,7,31,Tuesday,29,July,KEEPHONE,Чехлы,Чехол для смартфона,6980.0,325,Gold,3490.0,1.088080229226361
2025-06-03,ORD423744,12105804,CCC_Clear_2175,7828,4,20732.88,1.0,2025,6,23,Tuesday,3,June,KZDOO,Чехлы,Чехол для смартфона,7828.0,325,Gold,1957.0,2.648553909044456
2025-04-30,ORD407513,67730240,DDD_Pink_2219,2600,3,4450.0,1.0,2025,4,18,Wednesday,30,April,KEEPHONE,Чехлы,Чехол для смартфона,2600.0,New Customers,Silver,866.6666666666666,1.7115384615384615
2025-08-22,ORD514978,50680192,BBB_Red_5304,11000,1,430.0,0.039090909090909,2025,8,34,Friday,22,August,KZDOO,Чехлы,Чехол для смартфона,11000.0,New Customers,Silver,11000.0,0.03909090909090909
2025-06-14,ORD289935,31684574,CCC_Green_3802,2590,2,1580.8000000000002,0.6103474903474904,2025,6,24,Saturday,14,June,KZDOO,Чехлы,Чехол для смартфона,2590.0,Potential Loyalists,Silver,1295.0,0.6103474903474904
2025-08-18,ORD248458,91964708,GGG_Purple_5633,2380,1,-183.0,-0.076890756302521,2025,8,34,Monday,18,August,KZDOO,Чехлы,Чехол для смартфона,2380.0,New Customers,Gold,2380.0,-0.07689075630252101
2025-09-08,ORD857276,51023847,FFF_Green_1065,4990,4,12406.1,1.0,2025,9,37,Monday,8,September,KZDOO,Чехлы,Чехол для смартфона,4990.0,High Value New Customers,Gold,1247.5,2.4861923847695393
2025-01-30,ORD412216,71114241,FFF_Green_5405,1550,2,1314.0,0.847741935483871,2025,1,5,Thursday,30,January,KZDOO,Чехлы,Чехол для смартфона,1550.0,Potential Loyalists,Bronze,775.0,0.847741935483871
2025-04-07,ORD149879,27622520,CCC_Purple_8847,3490,4,9160.4,1.0,2025,4,15,Monday,7,April,KZDOO,Чехлы,Чехол для смартфона,3490.0,Cannot Lose Them,Silver,872.5,2.624756446991404
2025-09-08,ORD539537,12494667,EEE_Purple_6829,2980,3,5986.0,1.0,2025,9,37,Monday,8,September,KZDOO,Чехлы,Чехол для смартфона,2980.0,New Customers,Gold,993.3333333333334,2.008724832214765
2025-02-26,ORD614246,27622520,CCC_Purple_8847,3490,4,8174.200000000001,1.0,2025,2,9,Wednesday,26,February,KZDOO,Чехлы,Чехол для смартфона,3490.0,Cannot Lose Them,Silver,872.5,2.3421776504297998
2025-09-22,ORD295964,19765974,BBB_White_6972,2980,4,7755.799999999999,1.0,2025,9,39,Monday,22,September,KZDOO,Чехлы,Чехол для смартфона,2980.0,New Customers,Silver,745.0,2.602617449664429
2025-02-13,ORD981224,11135499,DDD_Pink_5595,5980,3,10418.8,1.0,2025,2,7,Thursday,13,February,KEEPHONE,Чехлы,Чехол для смартфона,5980.0,213,Silver,1993.3333333333333,1.7422742474916386
2025-01-02,ORD605041,90338470,HHH_Pink_5159,9980,1,1693.0,0.1696392785571142,2025,1,1,Thursday,2,January,KZDOO,Чехлы,Чехол для смартфона,9980.0,High Value New Customers,Gold,9980.0,0.16963927855711422
2025-05-16,ORD275733,94463588,EEE_Pink_5016,4980,3,8558.6,1.0,2025,5,20,Friday,16,May,KEEPHONE,Чехлы,Чехол для смартфона,4980.0,324,Gold,1660.0,1.7185943775100403
2025-08-31,ORD603852,90338470,HHH_Pink_5159,9980,3,18329.4,1.0,2025,8,35,Sunday,31,August,KZDOO,Чехлы,Чехол для смартфона,9980.0,High Value New Customers,Gold,3326.6666666666665,1.836613226452906
2025-07-04,ORD515578,88322590,EEE_Red_4358,7180,4,19578.6,1.0,2025,7,27,Friday,4,July,KZDOO,Чехлы,Чехол для смартфона,7180.0,High Value New Customers,Gold,1795.0,2.7268245125348187
2025-08-16,ORD699902,60414566,AAA_Black_2294,2650,1,390.5,0.1473584905660377,2025,8,33,Saturday,16,August,KZDOO,Чехлы,Чехол для смартфона,2650.0,New Customers,Silver,2650.0,0.14735849056603773
2025-05-11,ORD651732,32921978,FFF_Purple_2135,7180,2,6203.6,0.8640111420612814,2025,5,19,Sunday,11,May,KZDOO,Чехлы,Чехол для смартфона,7180.0,235,Gold,3590.0,0.8640111420612814
2025-04-22,ORD191013,35122854,FFF_Titanium_2565,5500,3,10249.0,1.0,2025,4,17,Tuesday,22,April,KZDOO,Чехлы,Чехол для смартфона,5500.0,325,Gold,1833.3333333333333,1.8634545454545455
2025-06-11,ORD296243,52326977,DDD_Black_1564,1380,1,-230.20000000000005,-0.1668115942028986,2025,6,24,Wednesday,11,June,REMAX,Защитные пленки и стекла,Защитное стекло,1380.0,Potential Loyalists,Silver,1380.0,-0.1668115942028986
2025-04-13,ORD111516,29055787,FFF_Blue_7389,7180,3,11970.6,1.0,2025,4,15,Sunday,13,April,KZDOO,Чехлы,Чехол для смартфона,7180.0,235,Gold,2393.3333333333335,1.6672144846796657
2025-09-15,ORD181522,84822158,BBB_Blue_9580,5500,3,9224.0,1.0,2025,9,38,Monday,15,September,K-DOO,Чехлы,Чехол для смартфона,5500.0,Loyal Customers,Platinum,1833.3333333333333,1.6770909090909092
2025-08-17,ORD683026,41999620,CCC_Green_7276,1420,3,2126.4,1.0,2025,8,33,Sunday,17,August,Robiton,Батарейки и аккумуляторы,Батарейка,1420.0,New Customers,Silver,473.3333333333333,1.4974647887323944
2025-07-16,ORD937783,82355303,EEE_Black_2399,3380,3,6304.0,1.0,2025,7,29,Wednesday,16,July,KZDOO,Чехлы,Чехол для смартфона,3380.0,Potential Loyalists,Bronze,1126.6666666666667,1.8650887573964496
2025-08-21,ORD836468,69728328,HHH_Red_6449,1800,4,4546.0,1.0,2025,8,34,Thursday,21,August,Panasonic,Батарейки и аккумуляторы,Батарейка,1800.0,Loyal Customers,Gold,450.0,2.5255555555555556
2025-06-19,ORD803574,32712151,BBB_Blue_6933,5980,1,1158.3999999999996,0.1937123745819397,2025,6,25,Thursday,19,June,KZDOO,Чехлы,Чехол для смартфона,5980.0,213,Silver,5980.0,0.19371237458193974
2025-05-22,ORD559136,89466257,FFF_Green_6760,7828,1,983.4799999999996,0.1256361778231987,2025,5,21,Thursday,22,May,KZDOO,Чехлы,Чехол для смартфона,7828.0,Loyal Customers,Gold,7828.0,0.12563617782319872
2025-08-17,ORD282188,99453640,CCC_Green_7311,11100,1,1487.0,0.1339639639639639,2025,8,33,Sunday,17,August,KZDOO,Чехлы,Чехол для смартфона,11100.0,Loyal Customers,Platinum,11100.0,0.13396396396396396
2025-04-15,ORD217338,43138987,CCC_Green_3542,6580,3,11660.8,1.0,2025,4,16,Tuesday,15,April,KZDOO,Чехлы,Чехол для смартфона,6580.0,High Value New Customers,Platinum,2193.3333333333335,1.772158054711246
2025-05-19,ORD746740,24115955,HHH_Green_2539,5180,4,15036.0,1.0,2025,5,21,Monday,19,May,KZDOO,Чехлы,Чехол для смартфона,5180.0,At Risk,Bronze,1295.0,2.902702702702703
2025-09-06,ORD665406,52067394,HHH_Black_4225,940,3,1164.4,1.0,2025,9,36,Saturday,6,September,Robiton,Батарейки и аккумуляторы,Батарейка,940.0,New Customers,Silver,313.3333333333333,1.2387234042553192
2025-09-20,ORD423657,80289394,GGG_Purple_5051,6580,3,10548.8,1.0,2025,9,38,Saturday,20,September,KZDOO,Чехлы,Чехол для смартфона,6580.0,High Value New Customers,Gold,2193.3333333333335,1.603161094224924
2025-04-06,ORD424609,51304009,BBB_Red_7529,6990,1,566.8000000000002,0.0810872675250358,2025,4,14,Sunday,6,April,KEEPHONE,Чехлы,Чехол для смартфона,6990.0,High Value New Customers,Gold,6990.0,0.0810872675250358
2025-09-06,ORD667028,57862472,FFF_Clear_1236,3100,3,5094.0,1.0,2025,9,36,Saturday,6,September,KZDOO,Чехлы,Чехол для смартфона,3100.0,New Customers,Gold,1033.3333333333333,1.643225806451613
2025-05-07,ORD987319,42364136,GGG_Blue_5870,2780,2,2631.6000000000004,0.9466187050359712,2025,5,19,Wednesday,7,May,KZDOO,Чехлы,Чехол для смартфона,2780.0,Loyal Customers,Platinum,1390.0,0.9466187050359713
2025-09-27,ORD426911,84867398,BBB_Pink_7897,2980,3,5395.6,1.0,2025,9,39,Saturday,27,September,KZDOO,Чехлы,Чехол для смартфона,2980.0,Loyal Customers,Platinum,993.3333333333334,1.8106040268456378
2025-03-21,ORD463704,45437720,DDD_Black_8635,2850,2,2618.0,0.9185964912280702,2025,3,12,Friday,21,March,KEEPHONE,Чехлы,Чехол для смартфона,2850.0,Champions,Platinum,1425.0,0.9185964912280702
2025-03-15,ORD977756,74682626,FFF_Purple_7037,2780,3,5067.4,1.0,2025,3,11,Saturday,15,March,KZDOO,Чехлы,Чехол для смартфона,2780.0,About To Sleep,Silver,926.6666666666666,1.8228057553956833
2025-06-22,ORD163133,35690160,GGG_Purple_2856,5648,4,14793.12,1.0,2025,6,25,Sunday,22,June,KZDOO,Чехлы,Чехол для смартфона,5648.0,324,Gold,1412.0,2.619178470254958
2025-02-22,ORD503747,86731987,BBB_Clear_1364,6000,4,16468.0,1.0,2025,2,8,Saturday,22,February,KZDOO,Чехлы,Чехол для смартфона,6000.0,At Risk,Bronze,1500.0,2.744666666666667
2025-07-23,ORD534634,47631395,BBB_Purple_1482,5580,1,414.4000000000001,0.0742652329749104,2025,7,30,Wednesday,23,July,KZDOO,Чехлы,Чехол для смартфона,5580.0,Loyal Customers,Gold,5580.0,0.07426523297491042
2025-05-10,ORD608763,50907007,DDD_White_7187,11100,3,21912.0,1.0,2025,5,19,Saturday,10,May,KZDOO,Чехлы,Чехол для смартфона,11100.0,Cannot Lose Them,Gold,3700.0,1.974054054054054
2025-01-14,ORD572060,55970003,CCC_Blue_8291,5580,2,5383.6,0.9648028673835126,2025,1,3,Tuesday,14,January,KZDOO,Чехлы,Чехол для смартфона,5580.0,324,Gold,2790.0,0.9648028673835126
2025-09-13,ORD505898,73953828,DDD_Titanium_3655,4990,2,5071.2,1.0,2025,9,37,Saturday,13,September,KZDOO,Чехлы,Чехол для смартфона,4990.0,High Value New Customers,Gold,2495.0,1.0162725450901804
2025-05-26,ORD906007,64821792,GGG_Black_8879,5580,3,10654.4,1.0,2025,5,22,Monday,26,May,KZDOO,Чехлы,Чехол для смартфона,5580.0,213,Silver,1860.0,1.9093906810035841
2025-03-04,ORD685079,43423685,EEE_Purple_1098,3380,2,2751.2,0.81396449704142,2025,3,10,Tuesday,4,March,KZDOO,Чехлы,Чехол для смартфона,3380.0,High Value New Customers,Gold,1690.0,0.81396449704142
2025-09-04,ORD435594,23245835,GGG_Red_8772,2980,4,7075.4,1.0,2025,9,36,Thursday,4,September,KZDOO,Чехлы,Чехол для смартфона,2980.0,New Customers,Silver,745.0,2.3742953020134228
2025-07-24,ORD205414,71333535,CCC_Clear_1274,1460,2,1188.1999999999998,0.813835616438356,2025,7,30,Thursday,24,July,REMAX,Защитные пленки и стекла,Защитное стекло,1460.0,Loyal Customers,Gold,730.0,0.813835616438356
2025-03-22,ORD238258,35501394,GGG_Blue_9642,2890,1,-209.0,-0.072318339100346,2025,3,12,Saturday,22,March,KEEPHONE,Чехлы,Чехол для смартфона,2890.0,At Risk,Bronze,2890.0,-0.07231833910034602
2025-05-20,ORD682531,72389005,HHH_Titanium_8232,9980,4,27391.0,1.0,2025,5,21,Tuesday,20,May,KZDOO,Чехлы,Чехол для смартфона,9980.0,213,Silver,2495.0,2.7445891783567133
2025-05-02,ORD406559,38916371,GGG_Blue_9644,8200,4,20746.0,1.0,2025,5,18,Friday,2,May,KZDOO,Чехлы,Чехол для смартфона,8200.0,High Value New Customers,Platinum,2050.0,2.53
2025-04-22,ORD820339,70533928,EEE_Clear_8006,5866,4,15050.24,1.0,2025,4,17,Tuesday,22,April,KZDOO,Чехлы,Чехол для смартфона,5866.0,213,Silver,1466.5,2.565673371974088
2025-01-23,ORD913856,52760747,EEE_Titanium_6892,4700,3,8871.0,1.0,2025,1,4,Thursday,23,January,KZDOO,Чехлы,Чехол для смартфона,4700.0,High Value New Customers,Gold,1566.6666666666667,1.8874468085106384
2025-06-22,ORD681017,60822434,GGG_Pink_4564,9100,3,16318.0,1.0,2025,6,25,Sunday,22,June,KZDOO,Чехлы,Чехол для смартфона,9100.0,325,Gold,3033.3333333333335,1.7931868131868132
2025-01-14,ORD817484,78585756,AAA_Titanium_1682,6580,4,18278.2,1.0,2025,1,3,Tuesday,14,January,KZDOO,Чехлы,Чехол для смартфона,6580.0,235,Gold,1645.0,2.777841945288754
2025-07-24,ORD983190,22934764,GGG_White_7632,1420,3,2295.0,1.0,2025,7,30,Thursday,24,July,REMAX,Защитные пленки и стекла,Защитное стекло,1420.0,Potential Loyalists,Bronze,473.3333333333333,1.6161971830985915
2025-09-18,ORD525096,10425403,HHH_White_4628,3500,2,3354.0,0.9582857142857144,2025,9,38,Thursday,18,September,KEEPHONE,Чехлы,Чехол для смартфона,3500.0,New Customers,Silver,1750.0,0.9582857142857143
2025-08-14,ORD169025,47730210,GGG_Purple_5348,9180,3,15698.4,1.0,2025,8,33,Thursday,14,August,KZDOO,Чехлы,Чехол для смартфона,9180.0,New Customers,Silver,3060.0,1.7100653594771242
2025-09-20,ORD418726,39920707,HHH_Red_5000,1000,3,1451.0,1.0,2025,9,38,Saturday,20,September,REMAX,Защитные пленки и стекла,Защитное стекло,1000.0,New Customers,Silver,333.3333333333333,1.451
2025-04-06,ORD867825,91524796,CCC_Purple_9225,3380,4,8157.4,1.0,2025,4,14,Sunday,6,April,KZDOO,Чехлы,Чехол для смартфона,3380.0,Potential Loyalists,Silver,845.0,2.4134319526627217
2025-09-09,ORD627643,92465778,DDD_Green_9674,9980,1,2213.0,0.2217434869739478,2025,9,37,Tuesday,9,September,KZDOO,Чехлы,Чехол для смартфона,9980.0,High Value New Customers,Gold,9980.0,0.22174348697394788
2025-01-19,ORD744124,72536399,HHH_Titanium_2358,1600,1,-307.0,-0.191875,2025,1,3,Sunday,19,January,K-DOO,Чехлы,Чехол для смартфона,1600.0,At Risk,Bronze,1600.0,-0.191875
2025-09-02,ORD394896,36763385,DDD_Black_4197,5990,1,974.8999999999996,0.1627545909849748,2025,9,36,Tuesday,2,September,KZDOO,Чехлы,Чехол для смартфона,5990.0,High Value New Customers,Gold,5990.0,0.16275459098497488
2025-06-29,ORD221019,18488674,CCC_Clear_9381,3490,2,3308.3,0.9479369627507164,2025,6,26,Sunday,29,June,KZDOO,Чехлы,Чехол для смартфона,3490.0,Loyal Customers,Gold,1745.0,0.9479369627507164
2025-04-26,ORD246762,80855016,FFF_Titanium_1848,5990,3,11449.2,1.0,2025,4,17,Saturday,26,April,KEEPHONE,Чехлы,Чехол для смартфона,5990.0,Loyal Customers,Platinum,1996.6666666666667,1.9113856427378966
2025-09-04,ORD439480,87949160,DDD_Blue_7114,2980,1,317.8000000000002,0.1066442953020134,2025,9,36,Thursday,4,September,KZDOO,Чехлы,Чехол для смартфона,2980.0,New Customers,Gold,2980.0,0.10664429530201348
2025-07-02,ORD958111,42599054,CCC_Blue_6920,7580,4,20847.0,1.0,2025,7,27,Wednesday,2,July,KEEPHONE,Чехлы,Чехол для смартфона,7580.0,At Risk,Bronze,1895.0,2.7502638522427443
2025-09-18,ORD837052,31817974,BBB_Green_3184,1450,1,-248.0,-0.1710344827586206,2025,9,38,Thursday,18,September,KZDOO,Чехлы,Чехол для смартфона,1450.0,New Customers,Silver,1450.0,-0.17103448275862068
2025-02-05,ORD281542,78143684,AAA_White_7977,3100,1,-272.0,-0.0877419354838709,2025,2,6,Wednesday,5,February,KZDOO,Чехлы,Чехол для смартфона,3100.0,At Risk,Bronze,3100.0,-0.08774193548387096
2025-05-23,ORD515788,70533928,EEE_Clear_8006,5866,3,10935.06,1.0,2025,5,21,Friday,23,May,KZDOO,Чехлы,Чехол для смартфона,5866.0,213,Silver,1955.3333333333333,1.864142516195022
2025-03-19,ORD644070,74784496,EEE_Red_7366,11100,3,20707.0,1.0,2025,3,12,Wednesday,19,March,KZDOO,Чехлы,Чехол для смартфона,11100.0,High Value New Customers,Platinum,3700.0,1.8654954954954954
2025-02-07,ORD560559,64327413,GGG_Pink_5430,3100,3,5529.0,1.0,2025,2,6,Friday,7,February,KZDOO,Чехлы,Чехол для смартфона,3100.0,Loyal Customers,Gold,1033.3333333333333,1.783548387096774
2025-06-28,ORD766277,99230127,BBB_Purple_4146,2980,2,2534.0,0.8503355704697987,2025,6,26,Saturday,28,June,KZDOO,Чехлы,Чехол для смартфона,2980.0,Loyal Customers,Gold,1490.0,0.8503355704697987
2025-07-08,ORD293980,28964554,HHH_Clear_2719,2700,2,2439.0,0.9033333333333332,2025,7,28,Tuesday,8,July,K-DOO,Чехлы,Чехол для смартфона,2700.0,Potential Loyalists,Silver,1350.0,0.9033333333333333
2025-02-08,ORD341920,47631395,BBB_Purple_1482,5580,1,792.1999999999998,0.1419713261648745,2025,2,6,Saturday,8,February,KZDOO,Чехлы,Чехол для смартфона,5580.0,Loyal Customers,Gold,5580.0,0.1419713261648745
2025-03-12,ORD421226,24553956,CCC_White_2543,4780,3,9383.0,1.0,2025,3,11,Wednesday,12,March,KEEPHONE,Чехлы,Чехол для смартфона,4780.0,Loyal Customers,Platinum,1593.3333333333333,1.9629707112970711
2025-02-01,ORD128749,88663806,AAA_Black_2640,1020,1,-367.0,-0.3598039215686274,2025,2,5,Saturday,1,February,Robiton,Батарейки и аккумуляторы,Батарейка,1020.0,342,Gold,1020.0,-0.35980392156862745
2025-03-25,ORD341434,47335358,GGG_Pink_1893,2780,4,7250.799999999999,1.0,2025,3,13,Tuesday,25,March,KZDOO,Чехлы,Чехол для смартфона,2780.0,Loyal Customers,Platinum,695.0,2.6082014388489205
2025-05-13,ORD282461,90003367,BBB_Clear_6703,7180,4,19975.0,1.0,2025,5,20,Tuesday,13,May,KZDOO,Чехлы,Чехол для смартфона,7180.0,325,Gold,1795.0,2.782033426183844
2025-08-29,ORD333902,64327413,GGG_Pink_5430,3100,3,5726.0,1.0,2025,8,35,Friday,29,August,KZDOO,Чехлы,Чехол для смартфона,3100.0,Loyal Customers,Gold,1033.3333333333333,1.8470967741935485
2025-04-06,ORD835311,44323356,GGG_Clear_9401,5100,3,8331.0,1.0,2025,4,14,Sunday,6,April,KZDOO,Чехлы,Чехол для смартфона,5100.0,324,Gold,1700.0,1.633529411764706
2025-08-08,ORD476690,56970638,AAA_Black_7840,4780,4,12152.2,1.0,2025,8,32,Friday,8,August,KEEPHONE,Чехлы,Чехол для смартфона,4780.0,Potential Loyalists,Silver,1195.0,2.5423012552301256
2025-06-05,ORD929218,74588621,HHH_Titanium_9363,2550,3,3926.0,1.0,2025,6,23,Thursday,5,June,KZDOO,Чехлы,Чехол для смартфона,2550.0,Champions,Platinum,850.0,1.5396078431372549
2025-03-12,ORD341984,12157882,CCC_Blue_4419,1600,2,1531.0,0.956875,2025,3,11,Wednesday,12,March,K-DOO,Чехлы,Чехол для смартфона,1600.0,New Customers,Silver,800.0,0.956875
2025-04-22,ORD538778,63341383,FFF_Clear_7965,690,2,31.899999999999977,0.0462318840579709,2025,4,17,Tuesday,22,April,Нет бренда,Кабели и переходники,Кабель-переходник,690.0,New Customers,Silver,345.0,0.04623188405797098
2025-09-11,ORD344274,14926551,HHH_Blue_4428,5990,3,11011.0,1.0,2025,9,37,Thursday,11,September,KZDOO,Чехлы,Чехол для смартфона,5990.0,Loyal Customers,Platinum,1996.6666666666667,1.8382303839732888
2025-05-30,ORD343250,80615239,AAA_White_9065,4990,4,13019.8,1.0,2025,5,22,Friday,30,May,KZDOO,Чехлы,Чехол для смартфона,4990.0,High Value New Customers,Gold,1247.5,2.609178356713427
2025-08-28,ORD677681,18519010,DDD_Blue_8362,6580,1,78.59999999999991,0.0119452887537993,2025,8,35,Thursday,28,August,KEEPHONE,Чехлы,Чехол для смартфона,6580.0,High Value New Customers,Gold,6580.0,0.011945288753799379
2025-04-22,ORD152928,32997683,CCC_Purple_7445,2780,3,4523.4,1.0,2025,4,17,Tuesday,22,April,KZDOO,Чехлы,Чехол для смартфона,2780.0,Loyal Customers,Platinum,926.6666666666666,1.6271223021582732
2025-06-30,ORD210887,62613196,BBB_Red_1893,6580,3,11345.4,1.0,2025,6,27,Monday,30,June,KEEPHONE,Чехлы,Чехол для смартфона,6580.0,325,Gold,2193.3333333333335,1.724224924012158
2025-05-15,ORD313719,46536130,HHH_Black_9412,3690,1,212.19999999999985,0.0575067750677506,2025,5,20,Thursday,15,May,KEEPHONE,Чехлы,Чехол для смартфона,3690.0,About To Sleep,Silver,3690.0,0.057506775067750635
2025-01-08,ORD663927,61490753,EEE_Purple_3010,1140,3,1785.8000000000002,1.0,2025,1,2,Wednesday,8,January,Renata,Батарейки и аккумуляторы,Батарейка,1140.0,New Customers,Silver,380.0,1.5664912280701755
2025-08-07,ORD732040,82503737,EEE_Green_1464,3380,1,-212.5999999999999,-0.0628994082840236,2025,8,32,Thursday,7,August,KZDOO,Чехлы,Чехол для смартфона,3380.0,Loyal Customers,Platinum,3380.0,-0.06289940828402364
2025-08-23,ORD688861,71218572,BBB_White_1747,3100,4,8235.0,1.0,2025,8,34,Saturday,23,August,KZDOO,Чехлы,Чехол для смартфона,3100.0,Loyal Customers,Gold,775.0,2.6564516129032256
2025-03-12,ORD907982,55570580,BBB_White_3663,11100,2,10032.0,0.9037837837837838,2025,3,11,Wednesday,12,March,KZDOO,Чехлы,Чехол для смартфона,11100.0,High Risk High Value,Gold,5550.0,0.9037837837837838
2025-01-11,ORD538117,74588621,HHH_Titanium_9363,2550,4,6140.5,1.0,2025,1,2,Saturday,11,January,KZDOO,Чехлы,Чехол для смартфона,2550.0,Champions,Platinum,637.5,2.4080392156862747
2025-07-14,ORD833364,26492031,BBB_Pink_5852,1800,2,1115.0,0.6194444444444445,2025,7,29,Monday,14,July,K-DOO,Чехлы,Чехол для смартфона,1800.0,Loyal Customers,Gold,900.0,0.6194444444444445
2025-06-17,ORD168035,28074469,HHH_Black_6852,4990,1,85.30000000000018,0.0170941883767535,2025,6,25,Tuesday,17,June,KZDOO,Чехлы,Чехол для смартфона,4990.0,Loyal Customers,Platinum,4990.0,0.017094188376753545
2025-08-30,ORD253610,83975242,FFF_Clear_6174,5778,2,4871.3200000000015,0.8430806507442025,2025,8,35,Saturday,30,August,KZDOO,Чехлы,Чехол для смартфона,5778.0,New Customers,Silver,2889.0,0.8430806507442025
2025-09-14,ORD816846,74566460,FFF_Blue_4146,11316,4,28390.64,1.0,2025,9,37,Sunday,14,September,KZDOO,Чехлы,Чехол для смартфона,11316.0,High Value New Customers,Platinum,2829.0,2.508893601979498
2025-07-19,ORD306359,28964554,HHH_Clear_2719,2700,2,1994.0,0.7385185185185185,2025,7,29,Saturday,19,July,K-DOO,Чехлы,Чехол для смартфона,2700.0,Potential Loyalists,Silver,1350.0,0.7385185185185185
2025-04-07,ORD500827,84436404,DDD_Pink_8616,11100,1,1851.0,0.1667567567567567,2025,4,15,Monday,7,April,KZDOO,Чехлы,Чехол для смартфона,11100.0,High Value New Customers,Platinum,11100.0,0.16675675675675675
2025-09-20,ORD531344,68159326,HHH_Clear_5825,1240,2,880.2,0.7098387096774194,2025,9,38,Saturday,20,September,REMAX,Защитные пленки и стекла,Защитное стекло,1240.0,Loyal Customers,Platinum,620.0,0.7098387096774194
2025-01-03,ORD706846,71947674,AAA_Titanium_9034,5500,3,9471.0,1.0,2025,1,1,Friday,3,January,KZDOO,Чехлы,Чехол для смартфона,5500.0,Loyal Customers,Platinum,1833.3333333333333,1.722
2025-05-13,ORD921338,20765137,CCC_Pink_8919,1580,4,4033.6,1.0,2025,5,20,Tuesday,13,May,REMAX,Защитные пленки и стекла,Защитное стекло,1580.0,About To Sleep,Silver,395.0,2.552911392405063
2025-08-22,ORD189230,73878829,BBB_White_4633,2900,3,5167.0,1.0,2025,8,34,Friday,22,August,KZDOO,Чехлы,Чехол для смартфона,2900.0,Loyal Customers,Gold,966.6666666666666,1.7817241379310345
2025-03-16,ORD517806,17625450,EEE_Red_9020,5580,1,149.4000000000001,0.0267741935483871,2025,3,11,Sunday,16,March,KZDOO,Чехлы,Чехол для смартфона,5580.0,Cannot Lose Them,Gold,5580.0,0.02677419354838711
2025-02-24,ORD657961,99230127,BBB_Purple_4146,2980,2,2264.2,0.7597986577181207,2025,2,9,Monday,24,February,KZDOO,Чехлы,Чехол для смартфона,2980.0,Loyal Customers,Gold,1490.0,0.7597986577181207
2025-07-11,ORD908935,53977919,GGG_White_4695,5580,3,9063.8,1.0,2025,7,28,Friday,11,July,KZDOO,Чехлы,Чехол для смартфона,5580.0,High Value New Customers,Gold,1860.0,1.6243369175627238
2025-09-06,ORD990628,63600414,EEE_White_7899,5580,3,10146.6,1.0,2025,9,36,Saturday,6,September,KZDOO,Чехлы,Чехол для смартфона,5580.0,New Customers,Silver,1860.0,1.8183870967741935
2025-09-18,ORD742479,18156492,GGG_Pink_4591,5980,2,5536.6,0.9258528428093646,2025,9,38,Thursday,18,September,KZDOO,Чехлы,Чехол для смартфона,5980.0,High Value New Customers,Platinum,2990.0,0.9258528428093646
2025-06-29,ORD733833,25688149,DDD_Blue_3042,7300,2,6555.0,0.897945205479452,2025,6,26,Sunday,29,June,KZDOO,Чехлы,Чехол для смартфона,7300.0,235,Gold,3650.0,0.897945205479452
2025-01-18,ORD351604,48759312,AAA_Clear_7073,1490,4,3511.4,1.0,2025,1,3,Saturday,18,January,KZDOO,Чехлы,Чехол для смартфона,1490.0,Potential Loyalists,Silver,372.5,2.3566442953020137
2025-06-25,ORD999716,36814941,FFF_Purple_7592,5500,3,9204.0,1.0,2025,6,26,Wednesday,25,June,KZDOO,Чехлы,Чехол для смартфона,5500.0,At Risk,Bronze,1833.3333333333333,1.6734545454545455
2025-05-21,ORD417925,54251905,HHH_Green_1705,2000,3,3208.0,1.0,2025,5,21,Wednesday,21,May,REMAX,Защитные пленки и стекла,Защитное стекло,2000.0,New Customers,Gold,666.6666666666666,1.604
2025-05-09,ORD665347,77137463,GGG_Red_9072,1550,1,85.5,0.0551612903225806,2025,5,19,Friday,9,May,KZDOO,Чехлы,Чехол для смартфона,1550.0,New Customers,Silver,1550.0,0.055161290322580644
2025-04-28,ORD549612,33346489,EEE_Purple_4483,1060,4,2256.0,1.0,2025,4,18,Monday,28,April,Robiton,Батарейки и аккумуляторы,Батарейка,1060.0,New Customers,Silver,265.0,2.128301886792453
2025-09-04,ORD201257,81628656,EEE_Green_5799,2700,1,-45.0,-0.0166666666666666,2025,9,36,Thursday,4,September,KZDOO,Чехлы,Чехол для смартфона,2700.0,New Customers,Silver,2700.0,-0.016666666666666666
2025-03-30,ORD157006,42364136,GGG_Blue_5870,2780,3,4485.4,1.0,2025,3,13,Sunday,30,March,KZDOO,Чехлы,Чехол для смартфона,2780.0,Loyal Customers,Platinum,926.6666666666666,1.6134532374100718
2025-02-01,ORD575393,91504638,AAA_Green_7796,9180,1,593.8000000000002,0.0646840958605664,2025,2,5,Saturday,1,February,Неизвестно,Чехлы,Неизвестно,9180.0,Cannot Lose Them,Silver,9180.0,0.06468409586056646
2025-06-04,ORD518209,32484702,HHH_Clear_2518,7300,3,13527.0,1.0,2025,6,23,Wednesday,4,June,KZDOO,Чехлы,Чехол для смартфона,7300.0,Cannot Lose Them,Gold,2433.3333333333335,1.853013698630137
2025-03-29,ORD579148,88610207,CCC_Titanium_7564,10200,3,19037.0,1.0,2025,3,13,Saturday,29,March,Неизвестно,Чехлы,Неизвестно,10200.0,High Value New Customers,Platinum,3400.0,1.866372549019608
2025-04-28,ORD240278,77879975,AAA_Black_1398,2580,1,-151.20000000000005,-0.0586046511627907,2025,4,18,Monday,28,April,K-DOO,Чехлы,Чехол для смартфона,2580.0,At Risk,Bronze,2580.0,-0.05860465116279071
2025-09-18,ORD906071,88610207,CCC_Titanium_7564,10200,1,1855.0,0.1818627450980392,2025,9,38,Thursday,18,September,Неизвестно,Чехлы,Неизвестно,10200.0,High Value New Customers,Platinum,10200.0,0.1818627450980392
2025-02-08,ORD701823,69113632,GGG_Red_8930,2100,2,1734.0,0.8257142857142857,2025,2,6,Saturday,8,February,KZDOO,Чехлы,Чехол для смартфона,2100.0,At Risk,Bronze,1050.0,0.8257142857142857
2025-05-27,ORD603492,80774380,HHH_Blue_9425,2490,2,2365.9,0.9501606425702812,2025,5,22,Tuesday,27,May,KEEPHONE,Чехлы,Чехол для смартфона,2490.0,New Customers,Silver,1245.0,0.9501606425702812
2025-04-30,ORD269402,14926551,HHH_Blue_4428,5990,2,5081.0,0.8482470784641069,2025,4,18,Wednesday,30,April,KZDOO,Чехлы,Чехол для смартфона,5990.0,Loyal Customers,Platinum,2995.0,0.8482470784641069
2025-02-13,ORD343200,68455110,AAA_Purple_5764,4980,3,8574.8,1.0,2025,2,7,Thursday,13,February,KZDOO,Чехлы,Чехол для смартфона,4980.0,Loyal Customers,Platinum,1660.0,1.7218473895582327
2025-05-09,ORD499443,33336859,BBB_Blue_8197,6000,1,-280.0,-0.0466666666666666,2025,5,19,Friday,9,May,KZDOO,Чехлы,Чехол для смартфона,6000.0,Loyal Customers,Platinum,6000.0,-0.04666666666666667
2025-03-20,ORD775681,74559111,AAA_Purple_3253,1390,4,3272.0,1.0,2025,3,12,Thursday,20,March,KZDOO,Чехлы,Чехол для смартфона,1390.0,At Risk,Bronze,347.5,2.353956834532374
2025-09-06,ORD627665,44260719,HHH_Purple_8562,3790,3,6957.299999999999,1.0,2025,9,36,Saturday,6,September,KEEPHONE,Чехлы,Чехол для смартфона,3790.0,Loyal Customers,Gold,1263.3333333333333,1.8356992084432715
2025-09-01,ORD746426,27685318,GGG_Pink_4187,5300,4,12869.0,1.0,2025,9,36,Monday,1,September,KZDOO,Чехлы,Чехол для смартфона,5300.0,New Customers,Silver,1325.0,2.42811320754717
2025-06-16,ORD429991,60654307,EEE_Pink_1140,3100,1,550.0,0.1774193548387097,2025,6,25,Monday,16,June,KZDOO,Чехлы,Чехол для смартфона,3100.0,About To Sleep,Silver,3100.0,0.1774193548387097
2025-01-10,ORD253796,21059414,AAA_Titanium_6208,2100,3,3397.0,1.0,2025,1,2,Friday,10,January,Robiton,Батарейки и аккумуляторы,Аккумуляторная батарейка,2100.0,At Risk,Bronze,700.0,1.6176190476190475
2025-09-06,ORD233297,78108555,BBB_Green_2236,6050,4,14412.0,1.0,2025,9,36,Saturday,6,September,KZDOO,Чехлы,Чехол для смартфона,6050.0,Champions,Platinum,1512.5,2.3821487603305784
2025-01-25,ORD820201,45765450,AAA_Green_9615,3180,4,8068.4,1.0,2025,1,4,Saturday,25,January,KZDOO,Чехлы,Чехол для смартфона,3180.0,New Customers,Gold,795.0,2.537232704402516
2025-04-26,ORD497158,87949160,DDD_Blue_7114,2980,2,2627.6000000000004,0.8817449664429532,2025,4,17,Saturday,26,April,KZDOO,Чехлы,Чехол для смартфона,2980.0,New Customers,Gold,1490.0,0.8817449664429532
2025-02-22,ORD717303,11000967,CCC_White_6006,5124,2,4480.039999999999,0.8743247462919592,2025,2,8,Saturday,22,February,KZDOO,Чехлы,Чехол для смартфона,5124.0,113,Bronze,2562.0,0.8743247462919592
2025-07-05,ORD208495,46766529,GGG_Pink_5778,7000,2,6216.0,0.888,2025,7,27,Saturday,5,July,KEEPHONE,Чехлы,Чехол для смартфона,7000.0,324,Gold,3500.0,0.888
2025-07-08,ORD577574,96712748,FFF_White_8621,11100,3,18532.0,1.0,2025,7,28,Tuesday,8,July,KZDOO,Чехлы,Чехол для смартфона,11100.0,High Value New Customers,Gold,3700.0,1.6695495495495496
2025-08-17,ORD763421,24565729,HHH_White_4631,9180,1,1442.3999999999996,0.1571241830065359,2025,8,33,Sunday,17,August,KZDOO,Чехлы,Чехол для смартфона,9180.0,High Value New Customers,Gold,9180.0,0.1571241830065359
2025-09-11,ORD309584,82500306,FFF_Green_5531,5500,1,716.0,0.1301818181818181,2025,9,37,Thursday,11,September,KZDOO,Чехлы,Чехол для смартфона,5500.0,High Value New Customers,Platinum,5500.0,0.13018181818181818
2025-08-18,ORD202961,26669048,CCC_Green_5342,11990,2,12109.7,1.0,2025,8,34,Monday,18,August,KEEPHONE,Чехлы,Чехол для смартфона,11990.0,New Customers,Silver,5995.0,1.0099833194328607
2025-01-02,ORD515740,64538087,CCC_Clear_4692,3490,2,3029.9,0.8681661891117477,2025,1,1,Thursday,2,January,KZDOO,Чехлы,Чехол для смартфона,3490.0,234,Gold,1745.0,0.8681661891117479
2025-09-17,ORD952337,74085515,CCC_Purple_3517,5990,2,6166.9,1.0,2025,9,38,Wednesday,17,September,KZDOO,Чехлы,Чехол для смартфона,5990.0,New Customers,Gold,2995.0,1.029532554257095
2025-09-28,ORD770446,64096625,GGG_Black_5356,700,4,1322.0,1.0,2025,9,39,Sunday,28,September,Robiton,Батарейки и аккумуляторы,Батарейка,700.0,New Customers,Silver,175.0,1.8885714285714286
2025-01-28,ORD587195,74692955,DDD_Black_2968,5124,2,4972.200000000001,0.9703747072599532,2025,1,5,Tuesday,28,January,KZDOO,Чехлы,Чехол для смартфона,5124.0,Champions,Platinum,2562.0,0.9703747072599533
2025-05-03,ORD862463,79101202,EEE_Blue_3320,3780,4,9462.6,1.0,2025,5,18,Saturday,3,May,Robiton,Батарейки и аккумуляторы,Аккумуляторная батарейка,3780.0,About To Sleep,Silver,945.0,2.5033333333333334
2025-02-22,ORD766562,51684723,DDD_Green_6168,7180,1,1127.8000000000002,0.157075208913649,2025,2,8,Saturday,22,February,KZDOO,Чехлы,Чехол для смартфона,7180.0,High Value New Customers,Gold,7180.0,0.15707520891364904
2025-05-11,ORD639283,26492321,EEE_Purple_3803,2300,3,4231.0,1.0,2025,5,19,Sunday,11,May,Renata,Батарейки и аккумуляторы,Батарейка,2300.0,Loyal Customers,Gold,766.6666666666666,1.8395652173913044
2025-06-01,ORD585568,48742299,CCC_Pink_8383,11100,3,18665.0,1.0,2025,6,22,Sunday,1,June,KZDOO,Чехлы,Чехол для смартфона,11100.0,Loyal Customers,Platinum,3700.0,1.6815315315315316
2025-09-23,ORD357717,35024002,AAA_Red_8375,3100,3,4856.0,1.0,2025,9,39,Tuesday,23,September,KZDOO,Чехлы,Чехол для смартфона,3100.0,New Customers,Silver,1033.3333333333333,1.5664516129032258
2025-07-25,ORD106113,20586151,CCC_Red_5609,6990,3,14203.0,1.0,2025,7,30,Friday,25,July,KEEPHONE,Чехлы,Чехол для смартфона,6990.0,High Value New Customers,Platinum,2330.0,2.0319027181688125
2025-04-18,ORD295242,65489961,HHH_Clear_2252,6420,4,16937.6,1.0,2025,4,16,Friday,18,April,KZDOO,Чехлы,Чехол для смартфона,6420.0,325,Gold,1605.0,2.6382554517133956
2025-09-26,ORD207964,43776637,EEE_Blue_5790,5980,4,14662.4,1.0,2025,9,39,Friday,26,September,KZDOO,Чехлы,Чехол для смартфона,5980.0,Loyal Customers,Platinum,1495.0,2.45190635451505
2025-03-27,ORD502589,52760747,EEE_Titanium_6892,4700,2,4603.0,0.9793617021276596,2025,3,13,Thursday,27,March,KZDOO,Чехлы,Чехол для смартфона,4700.0,High Value New Customers,Gold,2350.0,0.9793617021276596
2025-08-10,ORD449347,30321714,CCC_Pink_5146,11000,4,27405.0,1.0,2025,8,32,Sunday,10,August,KZDOO,Чехлы,Чехол для смартфона,11000.0,High Value New Customers,Gold,2750.0,2.4913636363636362
2025-02-26,ORD805122,44062204,GGG_Pink_2020,5380,2,5042.799999999999,0.9373234200743492,2025,2,9,Wednesday,26,February,K-DOO,Чехлы,Чехол для смартфона,5380.0,Potential Loyalists,Silver,2690.0,0.9373234200743493
2025-02-04,ORD557046,33846396,GGG_White_5000,3290,2,3081.3,0.936565349544073,2025,2,6,Tuesday,4,February,KZDOO,Чехлы,Чехол для смартфона,3290.0,New Customers,Gold,1645.0,0.936565349544073
2025-09-27,ORD387803,52760747,EEE_Titanium_6892,4700,3,8649.0,1.0,2025,9,39,Saturday,27,September,KZDOO,Чехлы,Чехол для смартфона,4700.0,High Value New Customers,Gold,1566.6666666666667,1.8402127659574468
2025-01-08,ORD949673,76161009,AAA_Green_4817,6190,4,16918.0,1.0,2025,1,2,Wednesday,8,January,KEEPHONE,Чехлы,Чехол для смартфона,6190.0,324,Gold,1547.5,2.7331179321486267
2025-03-03,ORD794817,70160612,AAA_Purple_3399,7828,4,21881.8,1.0,2025,3,10,Monday,3,March,KZDOO,Чехлы,Чехол для смартфона,7828.0,Champions,Platinum,1957.0,2.7953244762391414
2025-04-25,ORD245377,89459784,FFF_Purple_8560,6580,2,6352.4,0.9654103343465044,2025,4,17,Friday,25,April,KZDOO,Чехлы,Чехол для смартфона,6580.0,Loyal Customers,Platinum,3290.0,0.9654103343465045
2025-04-03,ORD151999,91763078,CCC_Clear_8930,1080,2,596.2,0.5520370370370371,2025,4,14,Thursday,3,April,Renata,Батарейки и аккумуляторы,Батарейка,1080.0,New Customers,Silver,540.0,0.5520370370370371
2025-08-31,ORD690109,34643765,GGG_Black_5712,6980,1,859.0,0.1230659025787965,2025,8,35,Sunday,31,August,KEEPHONE,Чехлы,Чехол для смартфона,6980.0,Loyal Customers,Platinum,6980.0,0.12306590257879656
2025-04-07,ORD624535,10678165,GGG_White_4316,3490,1,343.4000000000001,0.0983954154727794,2025,4,15,Monday,7,April,KZDOO,Чехлы,Чехол для смартфона,3490.0,At Risk,Bronze,3490.0,0.0983954154727794
2025-05-04,ORD753696,48542574,BBB_Pink_9074,4990,2,4571.3,0.9160921843687376,2025,5,18,Sunday,4,May,KZDOO,Чехлы,Чехол для смартфона,4990.0,Cannot Lose Them,Silver,2495.0,0.9160921843687375
2025-06-04,ORD684092,36225094,EEE_Titanium_6804,5980,1,888.3999999999996,0.1485618729096989,2025,6,23,Wednesday,4,June,KZDOO,Чехлы,Чехол для смартфона,5980.0,At Risk,Bronze,5980.0,0.14856187290969894
2025-08-05,ORD968983,55068920,GGG_Green_8385,1260,1,-23.600000000000023,-0.0187301587301587,2025,8,32,Tuesday,5,August,REMAX,Защитные пленки и стекла,Защитное стекло,1260.0,New Customers,Gold,1260.0,-0.01873015873015875
2025-05-14,ORD961386,71446261,EEE_Titanium_2576,5180,2,4539.6,0.8763706563706565,2025,5,20,Wednesday,14,May,Raigor,Чехлы,Чехол для смартфона,5180.0,Loyal Customers,Gold,2590.0,0.8763706563706565
2025-05-17,ORD477799,87709977,GGG_Black_5508,5648,2,4430.280000000001,0.7843980169971673,2025,5,20,Saturday,17,May,KZDOO,Чехлы,Чехол для смартфона,5648.0,Cannot Lose Them,Gold,2824.0,0.7843980169971673
2025-01-29,ORD931131,79710676,AAA_White_1844,4990,4,13581.4,1.0,2025,1,5,Wednesday,29,January,KZDOO,Чехлы,Чехол для смартфона,4990.0,High Value New Customers,Gold,1247.5,2.7217234468937876
2025-06-25,ORD356154,93094444,DDD_White_9135,2990,2,2441.8,0.8166555183946489,2025,6,26,Wednesday,25,June,KEEPHONE,Чехлы,Чехол для смартфона,2990.0,234,Gold,1495.0,0.8166555183946489
2025-04-09,ORD346786,69845855,AAA_Purple_2792,5800,2,6001.0,1.0,2025,4,15,Wednesday,9,April,Robiton,Батарейки и аккумуляторы,Аккумуляторная батарейка,5800.0,At Risk,Bronze,2900.0,1.0346551724137931
2025-01-20,ORD559673,64363579,EEE_White_4091,6780,3,12951.0,1.0,2025,1,4,Monday,20,January,KEEPHONE,Чехлы,Чехол для смартфона,6780.0,At Risk,Bronze,2260.0,1.9101769911504425
2025-04-12,ORD241942,84168282,FFF_Purple_2971,3980,4,10588.8,1.0,2025,4,15,Saturday,12,April,KZDOO,Чехлы,Чехол для смартфона,3980.0,At Risk,Bronze,995.0,2.6605025125628137
2025-01-06,ORD123266,96240921,HHH_Purple_9148,11100,4,28620.0,1.0,2025,1,2,Monday,6,January,KZDOO,Чехлы,Чехол для смартфона,11100.0,High Value New Customers,Gold,2775.0,2.5783783783783782
2025-09-23,ORD288333,42236708,HHH_Green_6711,5580,4,15011.0,1.0,2025,9,39,Tuesday,23,September,KZDOO,Чехлы,Чехол для смартфона,5580.0,Loyal Customers,Platinum,1395.0,2.6901433691756274
2025-07-13,ORD808540,48025495,EEE_Black_2674,150,3,-60.5,-0.4033333333333333,2025,7,28,Sunday,13,July,Panasonic,Батарейки и аккумуляторы,Батарейка,150.0,Potential Loyalists,Bronze,50.0,-0.4033333333333333
2025-09-26,ORD805492,36414021,AAA_Blue_9137,11000,2,9248.0,0.8407272727272728,2025,9,39,Friday,26,September,KZDOO,Чехлы,Чехол для смартфона,11000.0,High Value New Customers,Gold,5500.0,0.8407272727272728
2025-06-23,ORD912842,29302655,FFF_Red_4364,3100,4,7279.0,1.0,2025,6,26,Monday,23,June,KZDOO,Чехлы,Чехол для смартфона,3100.0,Loyal Customers,Gold,775.0,2.3480645161290323
2025-05-23,ORD701080,38174132,AAA_Pink_2294,2290,4,5741.5,1.0,2025,5,21,Friday,23,May,KEEPHONE,Чехлы,Чехол для смартфона,2290.0,Loyal Customers,Gold,572.5,2.5072052401746725
2025-02-24,ORD161110,61427977,CCC_Clear_6193,3490,1,668.5999999999999,0.1915759312320916,2025,2,9,Monday,24,February,KZDOO,Чехлы,Чехол для смартфона,3490.0,High Value New Customers,Gold,3490.0,0.19157593123209166
2025-02-15,ORD102203,56607737,EEE_Titanium_3814,7180,4,19205.6,1.0,2025,2,7,Saturday,15,February,KZDOO,Чехлы,Чехол для смартфона,7180.0,Cannot Lose Them,Silver,1795.0,2.6748746518105846
2025-04-18,ORD649337,29108949,AAA_Blue_6496,6990,2,5784.9,0.8275965665236051,2025,4,16,Friday,18,April,KEEPHONE,Чехлы,Чехол для смартфона,6990.0,Cannot Lose Them,Silver,3495.0,0.8275965665236051
2025-08-05,ORD577867,11575539,HHH_Blue_8671,5500,2,4356.0,0.792,2025,8,32,Tuesday,5,August,KZDOO,Чехлы,Чехол для смартфона,5500.0,Loyal Customers,Platinum,2750.0,0.792
2025-03-07,ORD600539,47344384,FFF_Blue_2457,3980,1,-168.5999999999999,-0.0423618090452261,2025,3,10,Friday,7,March,KZDOO,Чехлы,Чехол для смартфона,3980.0,324,Gold,3980.0,-0.04236180904522611
2025-02-05,ORD409693,78722650,FFF_Titanium_9574,9180,4,25310.4,1.0,2025,2,6,Wednesday,5,February,KZDOO,Чехлы,Чехол для смартфона,9180.0,325,Gold,2295.0,2.7571241830065363
2025-03-15,ORD229135,13544308,BBB_Titanium_5322,10880,4,30506.0,1.0,2025,3,11,Saturday,15,March,KZDOO,Чехлы,Чехол для смартфона,10880.0,High Value New Customers,Gold,2720.0,2.803860294117647
2025-06-13,ORD702930,36414021,AAA_Blue_9137,11000,4,27322.0,1.0,2025,6,24,Friday,13,June,KZDOO,Чехлы,Чехол для смартфона,11000.0,High Value New Customers,Gold,2750.0,2.4838181818181817
2025-06-30,ORD413222,16408664,AAA_Pink_5172,11100,3,22345.0,1.0,2025,6,27,Monday,30,June,KZDOO,Чехлы,Чехол для смартфона,11100.0,213,Silver,3700.0,2.013063063063063
2025-05-31,ORD229463,86076744,CCC_Titanium_7873,850,4,1793.0,1.0,2025,5,22,Saturday,31,May,Robiton,Батарейки и аккумуляторы,Батарейка,850.0,At Risk,Bronze,212.5,2.1094117647058823
2025-06-14,ORD764508,39920707,HHH_Red_5000,1000,2,450.0,0.45,2025,6,24,Saturday,14,June,REMAX,Защитные пленки и стекла,Защитное стекло,1000.0,New Customers,Silver,500.0,0.45
2025-01-01,ORD104144,52732703,CCC_Pink_7226,6200,2,5392.0,0.8696774193548387,2025,1,1,Wednesday,1,January,Robiton,Батарейки и аккумуляторы,Аккумуляторная батарейка,6200.0,Loyal Customers,Platinum,3100.0,0.8696774193548387
2025-02-18,ORD385665,34539743,DDD_Green_2563,2990,3,5306.7,1.0,2025,2,8,Tuesday,18,February,KEEPHONE,Чехлы,Чехол для смартфона,2990.0,New Customers,Gold,996.6666666666666,1.7748160535117057
2025-07-19,ORD841495,34175452,GGG_Purple_4253,4400,3,7694.0,1.0,2025,7,29,Saturday,19,July,KZDOO,Чехлы,Чехол для смартфона,4400.0,Potential Loyalists,Bronze,1466.6666666666667,1.7486363636363635
2025-01-09,ORD670447,57862472,FFF_Clear_1236,3100,4,7842.0,1.0,2025,1,2,Thursday,9,January,KZDOO,Чехлы,Чехол для смартфона,3100.0,New Customers,Gold,775.0,2.529677419354839
2025-06-29,ORD727748,95054310,EEE_Pink_8103,5780,1,1182.1999999999998,0.2045328719723183,2025,6,26,Sunday,29,June,KEEPHONE,Чехлы,Чехол для смартфона,5780.0,Cannot Lose Them,Silver,5780.0,0.20453287197231831
2025-04-18,ORD891529,92727952,FFF_Clear_8370,2650,3,4881.0,1.0,2025,4,16,Friday,18,April,KEEPHONE,Чехлы,Чехол для смартфона,2650.0,At Risk,Bronze,883.3333333333334,1.8418867924528302
2025-03-13,ORD688604,38174132,AAA_Pink_2294,2290,3,3289.7,1.0,2025,3,11,Thursday,13,March,KEEPHONE,Чехлы,Чехол для смартфона,2290.0,Loyal Customers,Gold,763.3333333333334,1.4365502183406114
2025-06-24,ORD655003,86078699,DDD_Clear_7450,6580,4,17313.2,1.0,2025,6,26,Tuesday,24,June,KZDOO,Чехлы,Чехол для смартфона,6580.0,Cannot Lose Them,Silver,1645.0,2.631185410334347
2025-05-15,ORD814103,41812842,BBB_Green_4942,4980,4,12656.0,1.0,2025,5,20,Thursday,15,May,KZDOO,Чехлы,Чехол для смартфона,4980.0,High Value New Customers,Gold,1245.0,2.5413654618473895
2025-03-13,ORD455702,86155356,EEE_Black_2069,6590,3,13036.5,1.0,2025,3,11,Thursday,13,March,KEEPHONE,Чехлы,Чехол для смартфона,6590.0,Cannot Lose Them,Silver,2196.6666666666665,1.9782245827010623
2025-06-08,ORD662923,75134712,FFF_Clear_9481,2580,1,162.4000000000001,0.0629457364341085,2025,6,23,Sunday,8,June,K-DOO,Чехлы,Чехол для смартфона,2580.0,Loyal Customers,Gold,2580.0,0.06294573643410856
2025-08-13,ORD328897,72155725,CCC_Green_7884,5648,3,10588.04,1.0,2025,8,33,Wednesday,13,August,KZDOO,Чехлы,Чехол для смартфона,5648.0,High Value New Customers,Gold,1882.6666666666667,1.8746529745042495
2025-05-06,ORD936821,42123172,AAA_White_3643,2050,4,4726.0,1.0,2025,5,19,Tuesday,6,May,KEEPHONE,Чехлы,Чехол для смартфона,2050.0,Champions,Platinum,512.5,2.3053658536585364
2025-04-29,ORD513577,35056511,AAA_Clear_9962,1200,4,2856.0,1.0,2025,4,18,Tuesday,29,April,Varta,Батарейки и аккумуляторы,Батарейка,1200.0,At Risk,Bronze,300.0,2.38
2025-01-09,ORD919118,56908719,GGG_Black_9644,5980,3,10932.4,1.0,2025,1,2,Thursday,9,January,KZDOO,Чехлы,Чехол для смартфона,5980.0,At Risk,Bronze,1993.3333333333333,1.828160535117057
2025-04-16,ORD573438,47545727,AAA_Purple_8362,1800,1,-179.0,-0.0994444444444444,2025,4,16,Wednesday,16,April,K-DOO,Чехлы,Чехол для смартфона,1800.0,About To Sleep,Silver,1800.0,-0.09944444444444445
2025-08-21,ORD245920,58794039,GGG_Titanium_5888,3300,3,5063.0,1.0,2025,8,34,Thursday,21,August,KZDOO,Чехлы,Чехол для смартфона,3300.0,New Customers,Gold,1100.0,1.5342424242424242
2025-03-11,ORD647067,36890351,AAA_White_3056,5180,3,9503.0,1.0,2025,3,11,Tuesday,11,March,KZDOO,Чехлы,Чехол для смартфона,5180.0,New Customers,Gold,1726.6666666666667,1.8345559845559845
2025-03-26,ORD897881,46766529,GGG_Pink_5778,7000,4,18409.0,1.0,2025,3,13,Wednesday,26,March,KEEPHONE,Чехлы,Чехол для смартфона,7000.0,324,Gold,1750.0,2.629857142857143
2025-08-03,ORD227017,33191023,AAA_Purple_3038,5180,1,1072.6000000000004,0.2070656370656371,2025,8,31,Sunday,3,August,KZDOO,Чехлы,Чехол для смартфона,5180.0,324,Gold,5180.0,0.20706563706563713
2025-02-04,ORD278226,26194974,AAA_Black_7725,3380,2,2825.0,0.8357988165680473,2025,2,6,Tuesday,4,February,KZDOO,Чехлы,Чехол для смартфона,3380.0,Champions,Platinum,1690.0,0.8357988165680473
2025-05-15,ORD428543,86253551,EEE_Pink_2728,3490,1,552.6999999999998,0.1583667621776504,2025,5,20,Thursday,15,May,KZDOO,Чехлы,Чехол для смартфона,3490.0,New Customers,Gold,3490.0,0.1583667621776504
2025-05-02,ORD639424,85419196,BBB_Pink_3586,640,3,733.8,1.0,2025,5,18,Friday,2,May,Varta,Батарейки и аккумуляторы,Батарейка,640.0,At Risk,Bronze,213.33333333333334,1.1465625
2025-04-26,ORD576735,84862533,FFF_Red_8076,7580,3,14647.8,1.0,2025,4,17,Saturday,26,April,KEEPHONE,Чехлы,Чехол для смартфона,7580.0,235,Gold,2526.6666666666665,1.9324274406332453
2025-08-12,ORD352826,59016478,EEE_Green_7826,3490,3,5994.4,1.0,2025,8,33,Tuesday,12,August,KZDOO,Чехлы,Чехол для смартфона,3490.0,New Customers,Silver,1163.3333333333333,1.717593123209169
2025-03-14,ORD808053,52863920,EEE_Purple_8672,11000,1,1200.0,0.109090909090909,2025,3,11,Friday,14,March,KZDOO,Чехлы,Чехол для смартфона,11000.0,Cannot Lose Them,Silver,11000.0,0.10909090909090909
2025-02-24,ORD112062,41313579,CCC_Blue_4612,1200,4,3107.0,1.0,2025,2,9,Monday,24,February,REMAX,Защитные пленки и стекла,Защитное стекло,1200.0,New Customers,Silver,300.0,2.589166666666667
2025-09-26,ORD424763,55418733,EEE_Purple_9330,11100,3,18667.0,1.0,2025,9,39,Friday,26,September,KZDOO,Чехлы,Чехол для смартфона,11100.0,High Value New Customers,Platinum,3700.0,1.6817117117117117
2025-06-15,ORD946433,77801450,EEE_Green_4071,4990,3,8541.2,1.0,2025,6,24,Sunday,15,June,KZDOO,Чехлы,Чехол для смартфона,4990.0,At Risk,Bronze,1663.3333333333333,1.7116633266533068
2025-09-16,ORD499807,16502779,HHH_Titanium_2914,3250,1,203.5,0.0626153846153846,2025,9,38,Tuesday,16,September,KZDOO,Чехлы,Чехол для смартфона,3250.0,New Customers,Gold,3250.0,0.06261538461538461
2025-09-21,ORD983789,40542742,FFF_Titanium_6126,5200,2,4829.0,0.9286538461538462,2025,9,38,Sunday,21,September,K-DOO,Чехлы,Чехол для смартфона,5200.0,New Customers,Gold,2600.0,0.9286538461538462
2025-07-22,ORD312124,53858511,AAA_White_5701,2950,2,2678.5,0.9079661016949152,2025,7,30,Tuesday,22,July,KEEPHONE,Чехлы,Чехол для смартфона,2950.0,New Customers,Gold,1475.0,0.9079661016949152
2025-05-08,ORD887030,80615239,AAA_White_9065,4990,4,12976.3,1.0,2025,5,19,Thursday,8,May,KZDOO,Чехлы,Чехол для смартфона,4990.0,High Value New Customers,Gold,1247.5,2.600460921843687
2025-08-28,ORD352450,97446387,HHH_Clear_5678,2780,4,6800.200000000001,1.0,2025,8,35,Thursday,28,August,KZDOO,Чехлы,Чехол для смартфона,2780.0,New Customers,Silver,695.0,2.4461151079136694
2025-02-13,ORD829850,82901378,CCC_Pink_7762,3100,3,5833.0,1.0,2025,2,7,Thursday,13,February,KEEPHONE,Чехлы,Чехол для смартфона,3100.0,Potential Loyalists,Silver,1033.3333333333333,1.8816129032258064
2025-07-27,ORD211528,15266766,AAA_Black_3318,3490,1,112.80000000000018,0.0323209169054441,2025,7,30,Sunday,27,July,KZDOO,Чехлы,Чехол для смартфона,3490.0,Potential Loyalists,Silver,3490.0,0.032320916905444176
2025-04-20,ORD732832,71037188,CCC_Blue_5856,1800,3,2841.0,1.0,2025,4,16,Sunday,20,April,K-DOO,Чехлы,Чехол для смартфона,1800.0,At Risk,Bronze,600.0,1.5783333333333334
2025-06-06,ORD524161,76585970,FFF_White_7505,5180,4,13289.4,1.0,2025,6,23,Friday,6,June,KEEPHONE,Чехлы,Чехол для смартфона,5180.0,235,Gold,1295.0,2.5655212355212353
2025-04-22,ORD394190,80091756,CCC_Titanium_1713,3100,1,210.0,0.0677419354838709,2025,4,17,Tuesday,22,April,KZDOO,Чехлы,Чехол для смартфона,3100.0,At Risk,Bronze,3100.0,0.06774193548387097
2025-04-16,ORD972265,92488093,BBB_Pink_3494,5300,1,80.0,0.0150943396226415,2025,4,16,Wednesday,16,April,KZDOO,Чехлы,Чехол для смартфона,5300.0,New Customers,Silver,5300.0,0.01509433962264151
2025-03-03,ORD359779,80718283,DDD_White_2968,7980,4,22345.2,1.0,2025,3,10,Monday,3,March,KEEPHONE,Чехлы,Чехол для смартфона,7980.0,Cannot Lose Them,Silver,1995.0,2.80015037593985
2025-06-01,ORD778075,72747359,CCC_Blue_5038,3450,2,2825.0,0.8188405797101449,2025,6,22,Sunday,1,June,KEEPHONE,Чехлы,Чехол для смартфона,3450.0,At Risk,Bronze,1725.0,0.8188405797101449
2025-08-28,ORD753151,78108555,BBB_Green_2236,6050,2,6199.5,1.0,2025,8,35,Thursday,28,August,KZDOO,Чехлы,Чехол для смартфона,6050.0,Champions,Platinum,3025.0,1.024710743801653
2025-07-24,ORD902138,68162392,FFF_Red_4784,6980,1,1158.3999999999996,0.1659598853868194,2025,7,30,Thursday,24,July,KEEPHONE,Чехлы,Чехол для смартфона,6980.0,High Value New Customers,Gold,6980.0,0.16595988538681944
2025-06-23,ORD291990,37897172,DDD_Titanium_2057,4980,3,8972.2,1.0,2025,6,26,Monday,23,June,KZDOO,Чехлы,Чехол для смартфона,4980.0,Cannot Lose Them,Silver,1660.0,1.8016465863453817
2025-06-21,ORD767509,95432311,HHH_Clear_8087,4980,2,4362.6,0.8760240963855422,2025,6,25,Saturday,21,June,KZDOO,Чехлы,Чехол для смартфона,4980.0,New Customers,Silver,2490.0,0.8760240963855422
2025-04-02,ORD693248,85129002,FFF_Black_7791,4990,3,9287.4,1.0,2025,4,14,Wednesday,2,April,KZDOO,Чехлы,Чехол для смартфона,4990.0,213,Silver,1663.3333333333333,1.8612024048096192
2025-04-26,ORD460612,79710676,AAA_White_1844,4990,2,4278.7,0.8574549098196392,2025,4,17,Saturday,26,April,KZDOO,Чехлы,Чехол для смартфона,4990.0,High Value New Customers,Gold,2495.0,0.8574549098196392
2025-05-31,ORD831253,33191023,AAA_Purple_3038,5180,2,4750.4,0.917065637065637,2025,5,22,Saturday,31,May,KZDOO,Чехлы,Чехол для смартфона,5180.0,324,Gold,2590.0,0.917065637065637
2025-07-30,ORD548152,34751007,EEE_Purple_9678,1980,3,3038.2,1.0,2025,7,31,Wednesday,30,July,Robiton,Батарейки и аккумуляторы,Аккумуляторная батарейка,1980.0,Potential Loyalists,Silver,660.0,1.5344444444444443
2025-02-06,ORD974294,56607737,EEE_Titanium_3814,7180,4,20419.8,1.0,2025,2,6,Thursday,6,February,KZDOO,Чехлы,Чехол для смартфона,7180.0,Cannot Lose Them,Silver,1795.0,2.843983286908078
2025-05-24,ORD349956,31684574,CCC_Green_3802,2590,2,1991.4,0.7688803088803089,2025,5,21,Saturday,24,May,KZDOO,Чехлы,Чехол для смартфона,2590.0,Potential Loyalists,Silver,1295.0,0.7688803088803089
2025-02-13,ORD865657,72208276,AAA_Blue_4139,5580,2,5293.0,0.9485663082437276,2025,2,7,Thursday,13,February,KZDOO,Чехлы,Чехол для смартфона,5580.0,Cannot Lose Them,Silver,2790.0,0.9485663082437276
2025-09-23,ORD259918,20762733,GGG_Purple_4715,1550,3,2384.0,1.0,2025,9,39,Tuesday,23,September,KZDOO,Чехлы,Чехол для смартфона,1550.0,New Customers,Silver,516.6666666666666,1.5380645161290323
2025-05-30,ORD677208,83149727,CCC_Purple_9600,5990,4,15072.3,1.0,2025,5,22,Friday,30,May,KEEPHONE,Чехлы,Чехол для смартфона,5990.0,Loyal Customers,Gold,1497.5,2.516243739565943
2025-09-26,ORD914211,43049959,EEE_Purple_6689,5500,2,4760.0,0.8654545454545455,2025,9,39,Friday,26,September,KZDOO,Чехлы,Чехол для смартфона,5500.0,High Value New Customers,Platinum,2750.0,0.8654545454545455
2025-01-07,ORD808408,90900699,CCC_Black_2080,5500,2,5762.0,1.0,2025,1,2,Tuesday,7,January,KZDOO,Чехлы,Чехол для смартфона,5500.0,Cannot Lose Them,Silver,2750.0,1.0476363636363637
2025-02-20,ORD357795,35122854,FFF_Titanium_2565,5500,4,14161.0,1.0,2025,2,8,Thursday,20,February,KZDOO,Чехлы,Чехол для смартфона,5500.0,325,Gold,1375.0,2.5747272727272725
2025-03-18,ORD512191,91970108,CCC_Red_5645,9180,2,10020.2,1.0,2025,3,12,Tuesday,18,March,KZDOO,Чехлы,Чехол для смартфона,9180.0,113,Bronze,4590.0,1.091525054466231
2025-08-27,ORD956878,52297033,EEE_Red_3557,2550,4,6721.0,1.0,2025,8,35,Wednesday,27,August,KZDOO,Чехлы,Чехол для смартфона,2550.0,New Customers,Gold,637.5,2.635686274509804
2025-04-23,ORD758798,28732161,DDD_Blue_4543,490,4,980.7,1.0,2025,4,17,Wednesday,23,April,Robiton,Батарейки и аккумуляторы,Батарейка,490.0,At Risk,Bronze,122.5,2.0014285714285713
2025-07-25,ORD768989,41460381,AAA_Green_6938,3816,3,7446.32,1.0,2025,7,30,Friday,25,July,KZDOO,Чехлы,Чехол для смартфона,3816.0,324,Gold,1272.0,1.9513417190775681
2025-04-13,ORD546366,91763078,CCC_Clear_8930,1080,1,-179.20000000000005,-0.1659259259259259,2025,4,15,Sunday,13,April,Renata,Батарейки и аккумуляторы,Батарейка,1080.0,New Customers,Silver,1080.0,-0.16592592592592598
2025-05-12,ORD953227,64199822,AAA_White_3239,5300,4,13452.0,1.0,2025,5,20,Monday,12,May,KZDOO,Чехлы,Чехол для смартфона,5300.0,213,Silver,1325.0,2.5381132075471697
2025-06-22,ORD358048,66208240,BBB_Black_7214,4980,3,10010.6,1.0,2025,6,25,Sunday,22,June,KZDOO,Чехлы,Чехол для смартфона,4980.0,Cannot Lose Them,Silver,1660.0,2.0101606425702814
2025-02-26,ORD860893,72357603,GGG_Red_6138,5180,1,228.19999999999985,0.044054054054054,2025,2,9,Wednesday,26,February,KZDOO,Чехлы,Чехол для смартфона,5180.0,Cannot Lose Them,Silver,5180.0,0.04405405405405403
2025-08-14,ORD689236,51304009,BBB_Red_7529,6990,2,7359.0,1.0,2025,8,33,Thursday,14,August,KEEPHONE,Чехлы,Чехол для смартфона,6990.0,High Value New Customers,Gold,3495.0,1.0527896995708155
2025-03-09,ORD525381,59240777,DDD_Titanium_5938,1220,1,-127.20000000000005,-0.1042622950819672,2025,3,10,Sunday,9,March,REMAX,Защитные пленки и стекла,Защитное стекло,1220.0,New Customers,Gold,1220.0,-0.10426229508196726
2025-07-14,ORD495260,46766529,GGG_Pink_5778,7000,4,20194.0,1.0,2025,7,29,Monday,14,July,KEEPHONE,Чехлы,Чехол для смартфона,7000.0,324,Gold,1750.0,2.884857142857143
2025-01-18,ORD564682,72257964,HHH_Purple_3275,4990,4,13548.8,1.0,2025,1,3,Saturday,18,January,KZDOO,Чехлы,Чехол для смартфона,4990.0,113,Bronze,1247.5,2.715190380761523
2025-08-06,ORD875880,84503528,EEE_Black_2767,5648,4,14507.16,1.0,2025,8,32,Wednesday,6,August,KZDOO,Чехлы,Чехол для смартфона,5648.0,High Value New Customers,Gold,1412.0,2.5685481586402266
2025-06-06,ORD249106,43510857,GGG_Green_3846,6580,4,17739.0,1.0,2025,6,23,Friday,6,June,KZDOO,Чехлы,Чехол для смартфона,6580.0,High Value New Customers,Gold,1645.0,2.6958966565349542
2025-05-13,ORD611356,58295345,GGG_Clear_8444,4700,4,11454.0,1.0,2025,5,20,Tuesday,13,May,KZDOO,Чехлы,Чехол для смартфона,4700.0,Champions,Platinum,1175.0,2.4370212765957446
2025-04-20,ORD805508,86221208,DDD_Clear_1598,6580,3,11826.6,1.0,2025,4,16,Sunday,20,April,KZDOO,Чехлы,Чехол для смартфона,6580.0,Loyal Customers,Platinum,2193.3333333333335,1.797355623100304
2025-02-04,ORD803188,44703697,CCC_Black_8407,4980,4,13052.2,1.0,2025,2,6,Tuesday,4,February,KZDOO,Чехлы,Чехол для смартфона,4980.0,Loyal Customers,Platinum,1245.0,2.620923694779117
2025-05-27,ORD315930,37739044,AAA_Red_6276,3490,3,6384.9,1.0,2025,5,22,Tuesday,27,May,KZDOO,Чехлы,Чехол для смартфона,3490.0,At Risk,Bronze,1163.3333333333333,1.829484240687679
2025-06-21,ORD910351,71446261,EEE_Titanium_2576,5180,2,5206.0,1.0,2025,6,25,Saturday,21,June,Raigor,Чехлы,Чехол для смартфона,5180.0,Loyal Customers,Gold,2590.0,1.005019305019305
2025-03-21,ORD291412,21837136,GGG_Clear_8073,2300,4,5747.0,1.0,2025,3,12,Friday,21,March,Varta,Батарейки и аккумуляторы,Батарейка,2300.0,New Customers,Silver,575.0,2.498695652173913
2025-01-06,ORD825018,19861565,AAA_Red_7612,6580,4,17849.8,1.0,2025,1,2,Monday,6,January,KZDOO,Чехлы,Чехол для смартфона,6580.0,325,Gold,1645.0,2.7127355623100304
2025-04-22,ORD602210,61640595,AAA_Purple_8645,3380,1,537.5999999999999,0.1590532544378698,2025,4,17,Tuesday,22,April,KZDOO,Чехлы,Чехол для смартфона,3380.0,Loyal Customers,Gold,3380.0,0.1590532544378698
2025-02-11,ORD469704,58445728,EEE_Purple_4956,6180,2,5984.0,0.968284789644013,2025,2,7,Tuesday,11,February,KZDOO,Чехлы,Чехол для смартфона,6180.0,At Risk,Bronze,3090.0,0.968284789644013
2025-08-30,ORD428230,21970497,GGG_Black_1389,3914,4,10982.88,1.0,2025,8,35,Saturday,30,August,KZDOO,Чехлы,Чехол для смартфона,3914.0,New Customers,Silver,978.5,2.80605007664793
2025-05-17,ORD653100,88421485,DDD_Clear_8430,4200,4,10570.0,1.0,2025,5,20,Saturday,17,May,Robiton,Батарейки и аккумуляторы,Аккумуляторная батарейка,4200.0,Cannot Lose Them,Silver,1050.0,2.5166666666666666
2025-06-24,ORD342757,69728328,HHH_Red_6449,1800,2,1376.0,0.7644444444444445,2025,6,26,Tuesday,24,June,Panasonic,Батарейки и аккумуляторы,Батарейка,1800.0,Loyal Customers,Gold,900.0,0.7644444444444445
2025-07-20,ORD777552,52923583,GGG_Green_6367,1000,3,1493.0,1.0,2025,7,29,Sunday,20,July,Нет бренда,Чехлы,Чехол для смартфона,1000.0,Potential Loyalists,Bronze,333.3333333333333,1.493
2025-04-25,ORD894741,54421974,AAA_Titanium_7555,520,4,892.8,1.0,2025,4,17,Friday,25,April,Robiton,Батарейки и аккумуляторы,Батарейка,520.0,New Customers,Silver,130.0,1.7169230769230768
2025-03-30,ORD985754,47631395,BBB_Purple_1482,5580,1,-45.40000000000009,-0.0081362007168458,2025,3,13,Sunday,30,March,KZDOO,Чехлы,Чехол для смартфона,5580.0,Loyal Customers,Gold,5580.0,-0.008136200716845895
2025-05-17,ORD699718,92727952,FFF_Clear_8370,2650,4,7023.0,1.0,2025,5,20,Saturday,17,May,KEEPHONE,Чехлы,Чехол для смартфона,2650.0,At Risk,Bronze,662.5,2.650188679245283
2025-03-04,ORD171214,47344384,FFF_Blue_2457,3980,1,401.5999999999999,0.1009045226130653,2025,3,10,Tuesday,4,March,KZDOO,Чехлы,Чехол для смартфона,3980.0,324,Gold,3980.0,0.1009045226130653
2025-03-25,ORD412742,54064492,AAA_Titanium_8916,4980,1,315.8000000000002,0.0634136546184739,2025,3,13,Tuesday,25,March,K-DOO,Чехлы,Чехол для наушников,4980.0,New Customers,Silver,4980.0,0.06341365461847394
2025-09-15,ORD456237,42673199,HHH_White_7627,7180,4,18837.8,1.0,2025,9,38,Monday,15,September,KZDOO,Чехлы,Чехол для смартфона,7180.0,High Value New Customers,Gold,1795.0,2.623649025069638
2025-04-17,ORD566438,16837385,AAA_Blue_3988,7580,4,21164.6,1.0,2025,4,16,Thursday,17,April,KEEPHONE,Чехлы,Чехол для смартфона,7580.0,Loyal Customers,Platinum,1895.0,2.792163588390501
2025-01-01,ORD958824,54375561,CCC_Blue_2528,2700,1,-305.0,-0.1129629629629629,2025,1,1,Wednesday,1,January,KZDOO,Чехлы,Чехол для смартфона,2700.0,123,Silver,2700.0,-0.11296296296296296
2025-02-12,ORD907575,48820146,DDD_Purple_7099,2580,2,2189.4,0.8486046511627907,2025,2,7,Wednesday,12,February,KZDOO,Чехлы,Чехол для смартфона,2580.0,About To Sleep,Silver,1290.0,0.8486046511627907
2025-09-20,ORD357243,49649549,BBB_Black_9198,880,2,448.2000000000001,0.5093181818181819,2025,9,38,Saturday,20,September,Robiton,Батарейки и аккумуляторы,Батарейка,880.0,New Customers,Silver,440.0,0.5093181818181819
2025-09-24,ORD635060,59240777,DDD_Titanium_5938,1220,4,2618.2,1.0,2025,9,39,Wednesday,24,September,REMAX,Защитные пленки и стекла,Защитное стекло,1220.0,New Customers,Gold,305.0,2.1460655737704917
2025-08-14,ORD404157,86221208,DDD_Clear_1598,6580,3,11783.8,1.0,2025,8,33,Thursday,14,August,KZDOO,Чехлы,Чехол для смартфона,6580.0,Loyal Customers,Platinum,2193.3333333333335,1.7908510638297872
2025-04-22,ORD295900,16006909,BBB_Green_7079,6180,2,5773.200000000001,0.9341747572815536,2025,4,17,Tuesday,22,April,KZDOO,Чехлы,Чехол для смартфона,6180.0,Cannot Lose Them,Silver,3090.0,0.9341747572815535
2025-01-01,ORD801753,28525798,CCC_Red_6375,6050,4,15138.0,1.0,2025,1,1,Wednesday,1,January,KZDOO,Чехлы,Чехол для смартфона,6050.0,235,Gold,1512.5,2.5021487603305785
2025-03-17,ORD550096,64327413,GGG_Pink_5430,3100,2,2781.0,0.8970967741935484,2025,3,12,Monday,17,March,KZDOO,Чехлы,Чехол для смартфона,3100.0,Loyal Customers,Gold,1550.0,0.8970967741935484
2025-05-02,ORD982400,51575941,DDD_Purple_5314,3380,3,6022.6,1.0,2025,5,18,Friday,2,May,KZDOO,Чехлы,Чехол для смартфона,3380.0,Loyal Customers,Platinum,1126.6666666666667,1.7818343195266273
2025-09-15,ORD947060,24046960,GGG_Purple_6176,2980,4,7364.4,1.0,2025,9,38,Monday,15,September,KZDOO,Чехлы,Чехол для смартфона,2980.0,New Customers,Gold,745.0,2.471275167785235
2025-06-12,ORD935373,21673576,BBB_Pink_9156,11100,3,19065.0,1.0,2025,6,24,Thursday,12,June,KZDOO,Чехлы,Чехол для смартфона,11100.0,213,Silver,3700.0,1.7175675675675677
2025-01-01,ORD376176,64089075,GGG_Purple_7302,4600,4,11225.0,1.0,2025,1,1,Wednesday,1,January,Robiton,Батарейки и аккумуляторы,Аккумуляторная батарейка,4600.0,Loyal Customers,Platinum,1150.0,2.4402173913043477
2025-08-14,ORD854829,33567369,AAA_White_5438,2490,3,4751.5,1.0,2025,8,33,Thursday,14,August,KZDOO,Чехлы,Чехол для смартфона,2490.0,New Customers,Silver,830.0,1.9082329317269076
2025-04-10,ORD933701,39497042,BBB_White_2474,2000,2,1697.0,0.8485,2025,4,15,Thursday,10,April,REMAX,Защитные пленки и стекла,Защитное стекло,2000.0,New Customers,Silver,1000.0,0.8485
2025-09-09,ORD372806,52308782,AAA_Clear_6277,3980,2,3835.4,0.9636683417085428,2025,9,37,Tuesday,9,September,KZDOO,Чехлы,Чехол для смартфона,3980.0,Loyal Customers,Platinum,1990.0,0.9636683417085428
2025-07-06,ORD542512,88223836,EEE_Red_9650,7500,3,14046.0,1.0,2025,7,27,Sunday,6,July,KZDOO,Чехлы,Чехол для смартфона,7500.0,325,Gold,2500.0,1.8728
2025-01-08,ORD724786,62425327,DDD_Titanium_2708,7180,3,12511.8,1.0,2025,1,2,Wednesday,8,January,KZDOO,Чехлы,Чехол для смартфона,7180.0,High Value New Customers,Gold,2393.3333333333335,1.7425905292479107
2025-03-15,ORD982822,25688149,DDD_Blue_3042,7300,3,13156.0,1.0,2025,3,11,Saturday,15,March,KZDOO,Чехлы,Чехол для смартфона,7300.0,235,Gold,2433.3333333333335,1.8021917808219179
2025-07-17,ORD501911,75134712,FFF_Clear_9481,2580,4,5976.8,1.0,2025,7,29,Thursday,17,July,K-DOO,Чехлы,Чехол для смартфона,2580.0,Loyal Customers,Gold,645.0,2.316589147286822
2025-02-23,ORD382963,20586151,CCC_Red_5609,6990,2,6653.0,0.9517882689556508,2025,2,8,Sunday,23,February,KEEPHONE,Чехлы,Чехол для смартфона,6990.0,High Value New Customers,Platinum,3495.0,0.9517882689556509
2025-07-16,ORD172895,24789210,GGG_White_9618,6580,4,18507.6,1.0,2025,7,29,Wednesday,16,July,KZDOO,Чехлы,Чехол для смартфона,6580.0,314,Silver,1645.0,2.812705167173252
2025-05-28,ORD474532,28525798,CCC_Red_6375,6050,2,5589.5,0.9238842975206611,2025,5,22,Wednesday,28,May,KZDOO,Чехлы,Чехол для смартфона,6050.0,235,Gold,3025.0,0.9238842975206611
2025-02-09,ORD975307,38070392,HHH_Purple_3039,9980,1,-143.60000000000036,-0.0143887775551102,2025,2,6,Sunday,9,February,KZDOO,Чехлы,Чехол для смартфона,9980.0,Cannot Lose Them,Gold,9980.0,-0.014388777555110257
2025-08-30,ORD494448,11575539,HHH_Blue_8671,5500,4,15515.0,1.0,2025,8,35,Saturday,30,August,KZDOO,Чехлы,Чехол для смартфона,5500.0,Loyal Customers,Platinum,1375.0,2.820909090909091
2025-04-17,ORD501204,68159326,HHH_Clear_5825,1240,2,908.4,0.7325806451612904,2025,4,16,Thursday,17,April,REMAX,Защитные пленки и стекла,Защитное стекло,1240.0,Loyal Customers,Platinum,620.0,0.7325806451612903
2025-08-24,ORD464017,11575539,HHH_Blue_8671,5500,2,5737.0,1.0,2025,8,34,Sunday,24,August,KZDOO,Чехлы,Чехол для смартфона,5500.0,Loyal Customers,Platinum,2750.0,1.043090909090909
2025-06-09,ORD341511,37130177,FFF_Purple_8028,2580,4,6540.6,1.0,2025,6,24,Monday,9,June,KZDOO,Чехлы,Чехол для смартфона,2580.0,At Risk,Bronze,645.0,2.5351162790697677
2025-01-15,ORD957788,29302655,FFF_Red_4364,3100,4,7292.0,1.0,2025,1,3,Wednesday,15,January,KZDOO,Чехлы,Чехол для смартфона,3100.0,Loyal Customers,Gold,775.0,2.352258064516129
2025-01-26,ORD560066,39535140,HHH_Titanium_3434,3100,2,3024.0,0.975483870967742,2025,1,4,Sunday,26,January,KZDOO,Чехлы,Чехол для смартфона,3100.0,Potential Loyalists,Silver,1550.0,0.9754838709677419
2025-08-14,ORD556089,66519859,GGG_Purple_1694,4900,4,13266.0,1.0,2025,8,33,Thursday,14,August,Robiton,Батарейки и аккумуляторы,Батарейка,4900.0,High Value New Customers,Gold,1225.0,2.70734693877551
2025-06-09,ORD375889,96414579,HHH_Pink_7270,3500,3,5405.0,1.0,2025,6,24,Monday,9,June,KZDOO,Чехлы,Чехол для смартфона,3500.0,At Risk,Bronze,1166.6666666666667,1.5442857142857143
2025-05-23,ORD127822,60654307,EEE_Pink_1140,3100,4,7608.0,1.0,2025,5,21,Friday,23,May,KZDOO,Чехлы,Чехол для смартфона,3100.0,About To Sleep,Silver,775.0,2.4541935483870967
2025-05-01,ORD913658,40911969,HHH_Green_6659,6090,4,15316.9,1.0,2025,5,18,Thursday,1,May,KZDOO,Чехлы,Чехол для смартфона,6090.0,New Customers,Silver,1522.5,2.5150903119868637
2025-07-26,ORD730204,92713858,AAA_Green_1858,2180,4,5065.2,1.0,2025,7,30,Saturday,26,July,KZDOO,Чехлы,Чехол для смартфона,2180.0,New Customers,Gold,545.0,2.32348623853211
2025-07-24,ORD792102,26492031,BBB_Pink_5852,1800,2,1198.0,0.6655555555555556,2025,7,30,Thursday,24,July,K-DOO,Чехлы,Чехол для смартфона,1800.0,Loyal Customers,Gold,900.0,0.6655555555555556
2025-08-08,ORD478644,14926551,HHH_Blue_4428,5990,3,10563.6,1.0,2025,8,32,Friday,8,August,KZDOO,Чехлы,Чехол для смартфона,5990.0,Loyal Customers,Platinum,1996.6666666666667,1.7635392320534224
2025-03-06,ORD562155,85974412,EEE_Titanium_7841,5100,1,-183.0,-0.0358823529411764,2025,3,10,Thursday,6,March,KZDOO,Чехлы,Чехол для смартфона,5100.0,At Risk,Bronze,5100.0,-0.03588235294117647
2025-03-22,ORD583166,74692955,DDD_Black_2968,5124,1,93.44000000000004,0.0182357533177205,2025,3,12,Saturday,22,March,KZDOO,Чехлы,Чехол для смартфона,5124.0,Champions,Platinum,5124.0,0.018235753317720538
2025-02-02,ORD467589,77056010,BBB_Black_3665,5430,3,9664.1,1.0,2025,2,5,Sunday,2,February,KZDOO,Чехлы,Чехол для наушников,5430.0,113,Bronze,1810.0,1.7797605893186004
2025-06-04,ORD746382,73878829,BBB_White_4633,2900,3,4368.0,1.0,2025,6,23,Wednesday,4,June,KZDOO,Чехлы,Чехол для смартфона,2900.0,Loyal Customers,Gold,966.6666666666666,1.5062068965517241
2025-05-13,ORD118895,73953828,DDD_Titanium_3655,4990,3,7806.700000000001,1.0,2025,5,20,Tuesday,13,May,KZDOO,Чехлы,Чехол для смартфона,4990.0,High Value New Customers,Gold,1663.3333333333333,1.5644689378757517
2025-05-03,ORD546876,95808454,AAA_Clear_6434,3600,2,2669.0,0.7413888888888889,2025,5,18,Saturday,3,May,Robiton,Батарейки и аккумуляторы,Аккумуляторная батарейка,3600.0,Cannot Lose Them,Silver,1800.0,0.7413888888888889
2025-08-10,ORD258715,24862643,FFF_Clear_2774,7380,1,1732.6000000000004,0.234769647696477,2025,8,32,Sunday,10,August,K-DOO,Чехлы,Чехол для смартфона,7380.0,Loyal Customers,Platinum,7380.0,0.234769647696477
2025-05-17,ORD711978,33191023,AAA_Purple_3038,5180,3,9802.6,1.0,2025,5,20,Saturday,17,May,KZDOO,Чехлы,Чехол для смартфона,5180.0,324,Gold,1726.6666666666667,1.8923938223938224
2025-02-17,ORD335233,78722650,FFF_Titanium_9574,9180,2,8463.8,0.9219825708061,2025,2,8,Monday,17,February,KZDOO,Чехлы,Чехол для смартфона,9180.0,325,Gold,4590.0,0.9219825708061001
2025-02-11,ORD306001,52946669,GGG_Black_5739,2650,1,230.0,0.0867924528301886,2025,2,7,Tuesday,11,February,KZDOO,Чехлы,Чехол для смартфона,2650.0,At Risk,Bronze,2650.0,0.08679245283018867
2025-08-17,ORD677700,35421823,EEE_Green_9742,860,4,1729.6,1.0,2025,8,33,Sunday,17,August,Robiton,Батарейки и аккумуляторы,Батарейка,860.0,New Customers,Silver,215.0,2.011162790697674
2025-03-22,ORD430020,79336129,EEE_Purple_7709,5500,2,4396.0,0.7992727272727272,2025,3,12,Saturday,22,March,KZDOO,Чехлы,Чехол для смартфона,5500.0,113,Bronze,2750.0,0.7992727272727272
2025-06-19,ORD301579,74692955,DDD_Black_2968,5124,1,65.40000000000009,0.0127634660421545,2025,6,25,Thursday,19,June,KZDOO,Чехлы,Чехол для смартфона,5124.0,Champions,Platinum,5124.0,0.012763466042154585
2025-04-17,ORD168530,52629278,FFF_Purple_6937,5990,2,6382.5,1.0,2025,4,16,Thursday,17,April,KEEPHONE,Чехлы,Чехол для смартфона,5990.0,235,Gold,2995.0,1.065525876460768
2025-09-24,ORD699916,48103158,BBB_Blue_2666,2500,1,387.0,0.1548,2025,9,39,Wednesday,24,September,KZDOO,Чехлы,Чехол для смартфона,2500.0,New Customers,Gold,2500.0,0.1548
2025-08-21,ORD494590,89899082,DDD_Clear_6069,7828,1,630.6399999999994,0.0805620848237096,2025,8,34,Thursday,21,August,KZDOO,Чехлы,Чехол для смартфона,7828.0,New Customers,Silver,7828.0,0.08056208482370969
2025-09-27,ORD819602,37203467,GGG_Purple_7207,6580,4,15989.4,1.0,2025,9,39,Saturday,27,September,KZDOO,Чехлы,Чехол для смартфона,6580.0,High Value New Customers,Gold,1645.0,2.43
2025-06-04,ORD414936,50625074,EEE_White_5636,5980,2,6275.200000000001,1.0,2025,6,23,Wednesday,4,June,KZDOO,Чехлы,Чехол для смартфона,5980.0,213,Silver,2990.0,1.0493645484949834
2025-04-15,ORD399228,94828431,AAA_Black_1577,3180,3,5412.2,1.0,2025,4,16,Tuesday,15,April,KZDOO,Чехлы,Чехол для смартфона,3180.0,123,Silver,1060.0,1.701949685534591
2025-06-07,ORD203715,91756950,HHH_Green_6528,7180,4,20365.6,1.0,2025,6,23,Saturday,7,June,KZDOO,Чехлы,Чехол для смартфона,7180.0,Cannot Lose Them,Silver,1795.0,2.836434540389972
2025-06-08,ORD563830,84738673,HHH_White_1139,11000,4,30366.0,1.0,2025,6,23,Sunday,8,June,KZDOO,Чехлы,Чехол для смартфона,11000.0,Cannot Lose Them,Gold,2750.0,2.7605454545454546
2025-08-04,ORD523272,33567369,AAA_White_5438,2490,1,432.5,0.1736947791164658,2025,8,32,Monday,4,August,KZDOO,Чехлы,Чехол для смартфона,2490.0,New Customers,Silver,2490.0,0.17369477911646586
2025-08-16,ORD230091,38174132,AAA_Pink_2294,2290,3,3988.8,1.0,2025,8,33,Saturday,16,August,KEEPHONE,Чехлы,Чехол для смартфона,2290.0,Loyal Customers,Gold,763.3333333333334,1.7418340611353713
2025-05-20,ORD758352,71218572,BBB_White_1747,3100,2,2450.0,0.7903225806451613,2025,5,21,Tuesday,20,May,KZDOO,Чехлы,Чехол для смартфона,3100.0,Loyal Customers,Gold,1550.0,0.7903225806451613
2025-04-04,ORD367551,99962600,EEE_Clear_5090,4990,3,8483.7,1.0,2025,4,14,Friday,4,April,KZDOO,Чехлы,Чехол для смартфона,4990.0,113,Bronze,1663.3333333333333,1.7001402805611223
2025-05-29,ORD667009,63335242,AAA_White_4047,7980,3,15240.0,1.0,2025,5,22,Thursday,29,May,K-DOO,Чехлы,Чехол для смартфона,7980.0,Cannot Lose Them,Silver,2660.0,1.9097744360902256
2025-03-23,ORD215389,77282880,EEE_Purple_1729,5580,3,10518.0,1.0,2025,3,12,Sunday,23,March,KZDOO,Чехлы,Чехол для смартфона,5580.0,Loyal Customers,Gold,1860.0,1.8849462365591398
2025-04-10,ORD301297,77879975,AAA_Black_1398,2580,3,4115.0,1.0,2025,4,15,Thursday,10,April,K-DOO,Чехлы,Чехол для смартфона,2580.0,At Risk,Bronze,860.0,1.5949612403100775
2025-02-19,ORD278541,64538087,CCC_Clear_4692,3490,3,6196.299999999999,1.0,2025,2,8,Wednesday,19,February,KZDOO,Чехлы,Чехол для смартфона,3490.0,234,Gold,1163.3333333333333,1.7754441260744984
2025-05-29,ORD386240,24553956,CCC_White_2543,4780,1,449.8000000000002,0.0941004184100418,2025,5,22,Thursday,29,May,KEEPHONE,Чехлы,Чехол для смартфона,4780.0,Loyal Customers,Platinum,4780.0,0.09410041841004188
2025-01-17,ORD964568,35738540,CCC_Titanium_2027,5500,1,100.0,0.0181818181818181,2025,1,3,Friday,17,January,KZDOO,Чехлы,Чехол для смартфона,5500.0,Cannot Lose Them,Silver,5500.0,0.01818181818181818
2025-01-20,ORD162837,19765974,BBB_White_6972,2980,4,8286.8,1.0,2025,1,4,Monday,20,January,KZDOO,Чехлы,Чехол для смартфона,2980.0,New Customers,Silver,745.0,2.7808053691275165
2025-09-12,ORD412272,26492031,BBB_Pink_5852,1800,1,-86.0,-0.0477777777777777,2025,9,37,Friday,12,September,K-DOO,Чехлы,Чехол для смартфона,1800.0,Loyal Customers,Gold,1800.0,-0.04777777777777778
2025-04-04,ORD365050,24862643,FFF_Clear_2774,7380,4,19949.2,1.0,2025,4,14,Friday,4,April,K-DOO,Чехлы,Чехол для смартфона,7380.0,Loyal Customers,Platinum,1845.0,2.7031436314363146
2025-05-15,ORD187947,62735344,GGG_Blue_8476,2980,4,7227.799999999999,1.0,2025,5,20,Thursday,15,May,KZDOO,Чехлы,Чехол для смартфона,2980.0,New Customers,Gold,745.0,2.425436241610738
2025-09-20,ORD385326,53858511,AAA_White_5701,2950,2,2593.5,0.8791525423728813,2025,9,38,Saturday,20,September,KEEPHONE,Чехлы,Чехол для смартфона,2950.0,New Customers,Gold,1475.0,0.8791525423728813
2025-05-08,ORD533297,24862643,FFF_Clear_2774,7380,3,12753.6,1.0,2025,5,19,Thursday,8,May,K-DOO,Чехлы,Чехол для смартфона,7380.0,Loyal Customers,Platinum,2460.0,1.7281300813008131
2025-05-31,ORD697490,71333535,CCC_Clear_1274,1460,1,-350.20000000000005,-0.2398630136986301,2025,5,22,Saturday,31,May,REMAX,Защитные пленки и стекла,Защитное стекло,1460.0,Loyal Customers,Gold,1460.0,-0.23986301369863017
2025-03-21,ORD206284,96447831,DDD_Clear_8095,6954,2,7348.48,1.0,2025,3,12,Friday,21,March,KEEPHONE,Чехлы,Чехол для смартфона,6954.0,Cannot Lose Them,Gold,3477.0,1.0567270635605406
2025-02-23,ORD776028,51160776,BBB_Red_3847,11000,1,2120.0,0.1927272727272727,2025,2,8,Sunday,23,February,KZDOO,Чехлы,Чехол для смартфона,11000.0,113,Bronze,11000.0,0.19272727272727272
2025-07-10,ORD131177,14773482,DDD_White_5541,5990,4,15375.2,1.0,2025,7,28,Thursday,10,July,KZDOO,Чехлы,Чехол для смартфона,5990.0,Loyal Customers,Gold,1497.5,2.5668113522537563
2025-04-24,ORD588166,42294120,CCC_Pink_2372,4980,1,615.8000000000002,0.1236546184738956,2025,4,17,Thursday,24,April,K-DOO,Чехлы,Чехол для наушников,4980.0,324,Gold,4980.0,0.12365461847389562
2025-09-18,ORD809592,35421823,EEE_Green_9742,860,3,1030.8,1.0,2025,9,38,Thursday,18,September,Robiton,Батарейки и аккумуляторы,Батарейка,860.0,New Customers,Silver,286.6666666666667,1.1986046511627906
2025-03-31,ORD909946,31684574,CCC_Green_3802,2590,4,6316.8,1.0,2025,3,14,Monday,31,March,KZDOO,Чехлы,Чехол для смартфона,2590.0,Potential Loyalists,Silver,647.5,2.438918918918919
2025-07-28,ORD986366,16975545,DDD_Green_2659,4900,4,12806.0,1.0,2025,7,31,Monday,28,July,KEEPHONE,Чехлы,Чехол для смартфона,4900.0,Potential Loyalists,Bronze,1225.0,2.613469387755102
2025-04-06,ORD142282,87735808,AAA_Pink_2773,7074,2,6506.040000000001,0.9197116200169636,2025,4,14,Sunday,6,April,KEEPHONE,Чехлы,Чехол для смартфона,7074.0,At Risk,Bronze,3537.0,0.9197116200169636
2025-01-19,ORD699172,21656338,AAA_Purple_3646,5100,3,8553.0,1.0,2025,1,3,Sunday,19,January,KZDOO,Чехлы,Чехол для смартфона,5100.0,324,Gold,1700.0,1.6770588235294117
2025-02-15,ORD447015,45932023,FFF_Blue_3894,6180,4,17239.0,1.0,2025,2,7,Saturday,15,February,KZDOO,Чехлы,Чехол для смартфона,6180.0,Cannot Lose Them,Silver,1545.0,2.789482200647249
2025-09-11,ORD507696,43423685,EEE_Purple_1098,3380,3,5718.6,1.0,2025,9,37,Thursday,11,September,KZDOO,Чехлы,Чехол для смартфона,3380.0,High Value New Customers,Gold,1126.6666666666667,1.6918934911242605
2025-03-04,ORD952870,80340504,EEE_Pink_6948,4500,1,721.0,0.1602222222222222,2025,3,10,Tuesday,4,March,KZDOO,Чехлы,Чехол для смартфона,4500.0,Potential Loyalists,Silver,4500.0,0.1602222222222222
2025-09-10,ORD107818,15551074,HHH_Blue_2524,4700,3,7692.0,1.0,2025,9,37,Wednesday,10,September,KZDOO,Чехлы,Чехол для смартфона,4700.0,High Value New Customers,Gold,1566.6666666666667,1.636595744680851
2025-09-10,ORD899141,29143377,CCC_Titanium_5503,380,4,305.4,0.8036842105263158,2025,9,37,Wednesday,10,September,Нет бренда,Чехлы,Чехол для смартфона,380.0,New Customers,Gold,95.0,0.8036842105263158
2025-01-17,ORD384873,44146850,CCC_Red_7696,7828,2,7631.400000000001,0.9748850281042412,2025,1,3,Friday,17,January,KZDOO,Чехлы,Чехол для смартфона,7828.0,High Value New Customers,Gold,3914.0,0.9748850281042413
2025-09-01,ORD539670,49227251,AAA_Purple_4611,1600,4,3882.0,1.0,2025,9,36,Monday,1,September,K-DOO,Чехлы,Чехол для смартфона,1600.0,New Customers,Silver,400.0,2.42625
2025-04-22,ORD115371,52629278,FFF_Purple_6937,5990,3,12112.0,1.0,2025,4,17,Tuesday,22,April,KEEPHONE,Чехлы,Чехол для смартфона,5990.0,235,Gold,1996.6666666666667,2.0220367278797995
2025-05-20,ORD513224,84738673,HHH_White_1139,11000,3,18508.0,1.0,2025,5,21,Tuesday,20,May,KZDOO,Чехлы,Чехол для смартфона,11000.0,Cannot Lose Them,Gold,3666.6666666666665,1.6825454545454546
2025-04-20,ORD814826,86313043,CCC_Purple_9765,3490,4,9096.9,1.0,2025,4,16,Sunday,20,April,KZDOO,Чехлы,Чехол для смартфона,3490.0,Loyal Customers,Gold,872.5,2.606561604584527
2025-04-03,ORD302997,33191023,AAA_Purple_3038,5180,3,8572.2,1.0,2025,4,14,Thursday,3,April,KZDOO,Чехлы,Чехол для смартфона,5180.0,324,Gold,1726.6666666666667,1.654864864864865
2025-08-26,ORD826090,98709059,AAA_Pink_6723,2500,1,-190.0,-0.076,2025,8,35,Tuesday,26,August,KZDOO,Чехлы,Чехол для смартфона,2500.0,New Customers,Silver,2500.0,-0.076
2025-01-15,ORD145724,31743322,FFF_Pink_6385,11100,4,29474.0,1.0,2025,1,3,Wednesday,15,January,KZDOO,Чехлы,Чехол для смартфона,11100.0,113,Bronze,2775.0,2.6553153153153155
2025-03-21,ORD503644,39497042,BBB_White_2474,2000,2,1600.0,0.8,2025,3,12,Friday,21,March,REMAX,Защитные пленки и стекла,Защитное стекло,2000.0,New Customers,Silver,1000.0,0.8
2025-01-05,ORD651044,77282880,EEE_Purple_1729,5580,4,14163.2,1.0,2025,1,1,Sunday,5,January,KZDOO,Чехлы,Чехол для смартфона,5580.0,Loyal Customers,Gold,1395.0,2.5382078853046597
2025-06-18,ORD986719,45437720,DDD_Black_8635,2850,1,-86.0,-0.0301754385964912,2025,6,25,Wednesday,18,June,KEEPHONE,Чехлы,Чехол для смартфона,2850.0,Champions,Platinum,2850.0,-0.030175438596491227
2025-03-07,ORD441178,43022400,BBB_Red_2345,2980,1,248.4000000000001,0.0833557046979866,2025,3,10,Friday,7,March,KZDOO,Чехлы,Чехол для смартфона,2980.0,New Customers,Gold,2980.0,0.0833557046979866
2025-07-19,ORD973320,32997683,CCC_Purple_7445,2780,1,215.4000000000001,0.0774820143884892,2025,7,29,Saturday,19,July,KZDOO,Чехлы,Чехол для смартфона,2780.0,Loyal Customers,Platinum,2780.0,0.07748201438848924
2025-09-03,ORD501413,62021585,FFF_Clear_3735,1860,1,-4.0,-0.0021505376344086,2025,9,36,Wednesday,3,September,Robiton,Батарейки и аккумуляторы,Батарейка,1860.0,New Customers,Silver,1860.0,-0.002150537634408602
2025-08-06,ORD820501,18885984,DDD_Purple_4347,6200,1,1284.0,0.2070967741935483,2025,8,32,Wednesday,6,August,KEEPHONE,Чехлы,Чехол для смартфона,6200.0,325,Gold,6200.0,0.20709677419354838
2025-07-16,ORD780430,42668897,FFF_Clear_6850,7380,2,8241.0,1.0,2025,7,29,Wednesday,16,July,KZDOO,Чехлы,Чехол для смартфона,7380.0,High Value New Customers,Gold,3690.0,1.1166666666666667
2025-05-06,ORD489826,28525798,CCC_Red_6375,6050,3,10923.5,1.0,2025,5,19,Tuesday,6,May,KZDOO,Чехлы,Чехол для смартфона,6050.0,235,Gold,2016.6666666666667,1.8055371900826447
2025-09-27,ORD514903,93626225,FFF_Clear_4303,9990,1,309.1999999999998,0.0309509509509509,2025,9,39,Saturday,27,September,KZDOO,Чехлы,Чехол для смартфона,9990.0,Champions,Platinum,9990.0,0.030950950950950934
2025-04-23,ORD751561,73722467,FFF_Purple_9236,5500,1,-412.0,-0.0749090909090909,2025,4,17,Wednesday,23,April,KZDOO,Чехлы,Чехол для смартфона,5500.0,High Value New Customers,Gold,5500.0,-0.07490909090909091
2025-07-30,ORD220278,14926551,HHH_Blue_4428,5990,4,15843.4,1.0,2025,7,31,Wednesday,30,July,KZDOO,Чехлы,Чехол для смартфона,5990.0,Loyal Customers,Platinum,1497.5,2.6449749582637727
2025-03-18,ORD198882,28525798,CCC_Red_6375,6050,2,5538.0,0.9153719008264464,2025,3,12,Tuesday,18,March,KZDOO,Чехлы,Чехол для смартфона,6050.0,235,Gold,3025.0,0.9153719008264463
2025-08-05,ORD625039,19861565,AAA_Red_7612,6580,2,7048.799999999999,1.0,2025,8,32,Tuesday,5,August,KZDOO,Чехлы,Чехол для смартфона,6580.0,325,Gold,3290.0,1.0712462006079027
2025-09-20,ORD209081,76003966,CCC_Blue_7273,5990,3,9651.9,1.0,2025,9,38,Saturday,20,September,Нет бренда,Чехлы,Неизвестно,5990.0,New Customers,Silver,1996.6666666666667,1.6113355592654424
2025-08-10,ORD559648,12307278,DDD_White_5998,7522,2,8140.860000000001,1.0,2025,8,32,Sunday,10,August,KZDOO,Чехлы,Чехол для смартфона,7522.0,High Value New Customers,Gold,3761.0,1.0822733315607551
2025-03-07,ORD216659,29195433,GGG_Titanium_4026,2980,4,7186.799999999999,1.0,2025,3,10,Friday,7,March,KZDOO,Чехлы,Чехол для смартфона,2980.0,About To Sleep,Silver,745.0,2.4116778523489932
2025-01-10,ORD356909,96447831,DDD_Clear_8095,6954,4,17359.78,1.0,2025,1,2,Friday,10,January,KEEPHONE,Чехлы,Чехол для смартфона,6954.0,Cannot Lose Them,Gold,1738.5,2.4963733103249925
2025-09-13,ORD451886,87233179,DDD_Blue_9263,5500,3,9374.0,1.0,2025,9,37,Saturday,13,September,K-DOO,Чехлы,Чехол для смартфона,5500.0,High Value New Customers,Platinum,1833.3333333333333,1.7043636363636363
2025-07-20,ORD921254,52953466,BBB_Pink_4023,2490,4,6576.700000000001,1.0,2025,7,29,Sunday,20,July,KZDOO,Чехлы,Чехол для смартфона,2490.0,Potential Loyalists,Silver,622.5,2.641244979919679
2025-02-04,ORD640344,26194974,AAA_Black_7725,3380,1,502.0,0.1485207100591715,2025,2,6,Tuesday,4,February,KZDOO,Чехлы,Чехол для смартфона,3380.0,Champions,Platinum,3380.0,0.14852071005917158
2025-01-23,ORD196090,86221208,DDD_Clear_1598,6580,1,1075.6000000000004,0.1634650455927052,2025,1,4,Thursday,23,January,KZDOO,Чехлы,Чехол для смартфона,6580.0,Loyal Customers,Platinum,6580.0,0.16346504559270522
2025-01-01,ORD149240,55041656,AAA_Green_9617,2790,4,7639.299999999999,1.0,2025,1,1,Wednesday,1,January,KZDOO,Чехлы,Чехол для смартфона,2790.0,At Risk,Bronze,697.5,2.7381003584229386
2025-05-13,ORD342944,60736622,HHH_Pink_2327,9380,3,16529.4,1.0,2025,5,20,Tuesday,13,May,KZDOO,Чехлы,Чехол для смартфона,9380.0,Cannot Lose Them,Gold,3126.6666666666665,1.7621961620469084
2025-05-13,ORD342944,60736622,HHH_Pink_2327,9380,3,16529.4,1.0,2025,5,20,Tuesday,13,May,KZDOO,Чехлы,Чехол для смартфона,9380.0,Cannot Lose Them,Gold,3126.6666666666665,1.7621961620469084
2025-07-26,ORD408447,89466257,FFF_Green_6760,7828,2,7417.999999999999,0.9476239141543176,2025,7,30,Saturday,26,July,KZDOO,Чехлы,Чехол для смартфона,7828.0,Loyal Customers,Gold,3914.0,0.9476239141543177
2025-02-04,ORD205937,68280793,CCC_Titanium_8586,3380,3,5376.4,1.0,2025,2,6,Tuesday,4,February,KZDOO,Чехлы,Чехол для смартфона,3380.0,At Risk,Bronze,1126.6666666666667,1.5906508875739644
2025-08-11,ORD305513,60315278,FFF_Purple_3751,1020,2,560.0,0.5490196078431373,2025,8,33,Monday,11,August,Robiton,Батарейки и аккумуляторы,Батарейка,1020.0,New Customers,Silver,510.0,0.5490196078431373
2025-08-04,ORD381096,40877478,CCC_Pink_4994,4990,4,13971.9,1.0,2025,8,32,Monday,4,August,KZDOO,Чехлы,Чехол для смартфона,4990.0,Potential Loyalists,Silver,1247.5,2.7999799599198396
2025-03-01,ORD514445,84822158,BBB_Blue_9580,5500,4,14044.0,1.0,2025,3,9,Saturday,1,March,K-DOO,Чехлы,Чехол для смартфона,5500.0,Loyal Customers,Platinum,1375.0,2.5534545454545454
2025-08-17,ORD211796,59775520,HHH_Purple_5299,490,1,-160.2,-0.326938775510204,2025,8,33,Sunday,17,August,REMAX,Защитные пленки и стекла,Защитное стекло,490.0,New Customers,Silver,490.0,-0.32693877551020406
2025-08-10,ORD468719,54781961,DDD_Titanium_1016,7522,2,6896.340000000001,0.916822653549588,2025,8,32,Sunday,10,August,KZDOO,Чехлы,Чехол для смартфона,7522.0,High Value New Customers,Gold,3761.0,0.916822653549588
2025-06-24,ORD291360,59240777,DDD_Titanium_5938,1220,3,1709.8000000000002,1.0,2025,6,26,Tuesday,24,June,REMAX,Защитные пленки и стекла,Защитное стекло,1220.0,New Customers,Gold,406.6666666666667,1.4014754098360658
2025-08-16,ORD265443,67131607,GGG_Green_4909,1180,4,2427.4,1.0,2025,8,33,Saturday,16,August,REMAX,Защитные пленки и стекла,Защитное стекло,1180.0,New Customers,Silver,295.0,2.057118644067797
2025-09-14,ORD909610,74784496,EEE_Red_7366,11100,3,22675.0,1.0,2025,9,37,Sunday,14,September,KZDOO,Чехлы,Чехол для смартфона,11100.0,High Value New Customers,Platinum,3700.0,2.0427927927927927
2025-04-04,ORD737810,44703697,CCC_Black_8407,4980,1,320.0,0.0642570281124498,2025,4,14,Friday,4,April,KZDOO,Чехлы,Чехол для смартфона,4980.0,Loyal Customers,Platinum,4980.0,0.0642570281124498
2025-09-24,ORD872803,49991507,CCC_Blue_6413,11990,2,11563.1,0.9643953294412008,2025,9,39,Wednesday,24,September,KEEPHONE,Чехлы,Чехол для смартфона,11990.0,High Value New Customers,Platinum,5995.0,0.964395329441201
2025-04-01,ORD671843,18140841,EEE_Pink_1003,4980,2,5445.200000000001,1.0,2025,4,14,Tuesday,1,April,KZDOO,Чехлы,Чехол для смартфона,4980.0,Loyal Customers,Gold,2490.0,1.093413654618474
2025-02-11,ORD558972,20862535,FFF_Titanium_4702,5580,4,14912.4,1.0,2025,2,7,Tuesday,11,February,KZDOO,Чехлы,Чехол для смартфона,5580.0,Cannot Lose Them,Silver,1395.0,2.67247311827957
2025-05-07,ORD156849,78108555,BBB_Green_2236,6050,2,5552.0,0.9176859504132232,2025,5,19,Wednesday,7,May,KZDOO,Чехлы,Чехол для смартфона,6050.0,Champions,Platinum,3025.0,0.9176859504132231
2025-04-14,ORD910729,52067394,HHH_Black_4225,940,4,2321.2,1.0,2025,4,16,Monday,14,April,Robiton,Батарейки и аккумуляторы,Батарейка,940.0,New Customers,Silver,235.0,2.4693617021276593
2025-03-16,ORD709793,45437720,DDD_Black_8635,2850,1,481.0,0.1687719298245614,2025,3,11,Sunday,16,March,KEEPHONE,Чехлы,Чехол для смартфона,2850.0,Champions,Platinum,2850.0,0.1687719298245614
2025-04-24,ORD192980,21200354,DDD_Purple_3766,5990,2,4847.299999999999,0.8092320534223705,2025,4,17,Thursday,24,April,KZDOO,Чехлы,Чехол для смартфона,5990.0,At Risk,Bronze,2995.0,0.8092320534223705
2025-01-19,ORD383122,95808454,AAA_Clear_6434,3600,4,9314.0,1.0,2025,1,3,Sunday,19,January,Robiton,Батарейки и аккумуляторы,Аккумуляторная батарейка,3600.0,Cannot Lose Them,Silver,900.0,2.587222222222222
2025-02-09,ORD827684,28227796,EEE_Blue_6964,5200,3,9228.0,1.0,2025,2,6,Sunday,9,February,KEEPHONE,Чехлы,Чехол для смартфона,5200.0,High Value New Customers,Gold,1733.3333333333333,1.7746153846153847
2025-07-23,ORD640455,85884486,AAA_Red_7992,6580,4,15848.4,1.0,2025,7,30,Wednesday,23,July,KZDOO,Чехлы,Чехол для смартфона,6580.0,Loyal Customers,Platinum,1645.0,2.4085714285714284
2025-05-27,ORD662108,47545727,AAA_Purple_8362,1800,2,1610.0,0.8944444444444445,2025,5,22,Tuesday,27,May,K-DOO,Чехлы,Чехол для смартфона,1800.0,About To Sleep,Silver,900.0,0.8944444444444445
2025-05-05,ORD125466,78585756,AAA_Titanium_1682,6580,1,423.1999999999998,0.0643161094224923,2025,5,19,Monday,5,May,KZDOO,Чехлы,Чехол для смартфона,6580.0,235,Gold,6580.0,0.06431610942249237
2025-08-14,ORD949305,42373022,EEE_Black_2283,5500,2,5087.0,0.9249090909090908,2025,8,33,Thursday,14,August,KZDOO,Чехлы,Чехол для смартфона,5500.0,New Customers,Silver,2750.0,0.9249090909090909
2025-04-03,ORD760567,59404266,GGG_Pink_4100,6090,2,5696.1,0.935320197044335,2025,4,14,Thursday,3,April,KZDOO,Чехлы,Чехол для смартфона,6090.0,113,Bronze,3045.0,0.935320197044335
2025-09-16,ORD821671,95405398,GGG_Green_2022,2100,4,5151.0,1.0,2025,9,38,Tuesday,16,September,KZDOO,Чехлы,Чехол для смартфона,2100.0,New Customers,Gold,525.0,2.452857142857143
2025-01-02,ORD492144,33336859,BBB_Blue_8197,6000,3,11192.0,1.0,2025,1,1,Thursday,2,January,KZDOO,Чехлы,Чехол для смартфона,6000.0,Loyal Customers,Platinum,2000.0,1.8653333333333333
2025-06-28,ORD511565,85129002,FFF_Black_7791,4990,2,4795.3,0.9609819639278556,2025,6,26,Saturday,28,June,KZDOO,Чехлы,Чехол для смартфона,4990.0,213,Silver,2495.0,0.9609819639278557
2025-09-12,ORD667832,40509576,HHH_Purple_7128,7180,3,14339.2,1.0,2025,9,37,Friday,12,September,KZDOO,Чехлы,Чехол для смартфона,7180.0,High Value New Customers,Gold,2393.3333333333335,1.9971030640668526
2025-08-05,ORD423278,95925500,HHH_Black_4644,5100,4,13770.0,1.0,2025,8,32,Tuesday,5,August,KEEPHONE,Чехлы,Чехол для смартфона,5100.0,Potential Loyalists,Silver,1275.0,2.7
2025-01-05,ORD759795,44373202,AAA_Purple_7609,1580,3,2481.0,1.0,2025,1,1,Sunday,5,January,REMAX,Защитные пленки и стекла,Защитное стекло,1580.0,New Customers,Silver,526.6666666666666,1.570253164556962
2025-01-20,ORD350118,91763078,CCC_Clear_8930,1080,4,2408.2,1.0,2025,1,4,Monday,20,January,Renata,Батарейки и аккумуляторы,Батарейка,1080.0,New Customers,Silver,270.0,2.2298148148148145
2025-05-12,ORD909856,91929436,HHH_Red_3612,2700,1,-88.0,-0.0325925925925925,2025,5,20,Monday,12,May,KZDOO,Чехлы,Чехол для смартфона,2700.0,At Risk,Bronze,2700.0,-0.03259259259259259
2025-05-18,ORD967108,10991330,GGG_Green_7035,2600,3,3990.0,1.0,2025,5,20,Sunday,18,May,Robiton,Батарейки и аккумуляторы,Аккумуляторная батарейка,2600.0,At Risk,Bronze,866.6666666666666,1.5346153846153847
2025-03-27,ORD733141,70540068,HHH_Green_5116,4780,3,8804.0,1.0,2025,3,13,Thursday,27,March,KEEPHONE,Чехлы,Чехол для смартфона,4780.0,113,Bronze,1593.3333333333333,1.8418410041841005
2025-07-14,ORD660038,25995510,EEE_Clear_8415,4600,1,272.0,0.0591304347826086,2025,7,29,Monday,14,July,KEEPHONE,Чехлы,Чехол для смартфона,4600.0,324,Gold,4600.0,0.059130434782608696
2025-04-17,ORD154469,90003367,BBB_Clear_6703,7180,3,12732.2,1.0,2025,4,16,Thursday,17,April,KZDOO,Чехлы,Чехол для смартфона,7180.0,325,Gold,2393.3333333333335,1.7732869080779945
2025-01-05,ORD686846,51675683,DDD_Pink_4683,6000,1,334.0,0.0556666666666666,2025,1,1,Sunday,5,January,KZDOO,Чехлы,Чехол для смартфона,6000.0,113,Bronze,6000.0,0.05566666666666667
2025-02-02,ORD525288,67674825,GGG_Blue_3878,3380,2,2851.0,0.843491124260355,2025,2,5,Sunday,2,February,KZDOO,Чехлы,Чехол для смартфона,3380.0,About To Sleep,Silver,1690.0,0.843491124260355
2025-06-17,ORD504075,52308782,AAA_Clear_6277,3980,4,10260.4,1.0,2025,6,25,Tuesday,17,June,KZDOO,Чехлы,Чехол для смартфона,3980.0,Loyal Customers,Platinum,995.0,2.5779899497487437
2025-09-08,ORD536764,33351587,CCC_Black_6996,9980,1,751.0,0.075250501002004,2025,9,37,Monday,8,September,KZDOO,Чехлы,Чехол для смартфона,9980.0,High Value New Customers,Platinum,9980.0,0.075250501002004
2025-01-31,ORD949356,18156492,GGG_Pink_4591,5980,3,10597.6,1.0,2025,1,5,Friday,31,January,KZDOO,Чехлы,Чехол для смартфона,5980.0,High Value New Customers,Platinum,1993.3333333333333,1.7721739130434784
2025-02-19,ORD719909,56270048,HHH_Black_8961,7180,1,1207.8000000000002,0.168217270194986,2025,2,8,Wednesday,19,February,KZDOO,Чехлы,Чехол для смартфона,7180.0,High Value New Customers,Gold,7180.0,0.16821727019498608
2025-03-09,ORD768480,42236708,HHH_Green_6711,5580,3,10140.0,1.0,2025,3,10,Sunday,9,March,KZDOO,Чехлы,Чехол для смартфона,5580.0,Loyal Customers,Platinum,1860.0,1.8172043010752688
2025-02-17,ORD250484,71218572,BBB_White_1747,3100,2,1966.0,0.6341935483870967,2025,2,8,Monday,17,February,KZDOO,Чехлы,Чехол для смартфона,3100.0,Loyal Customers,Gold,1550.0,0.6341935483870967
2025-07-14,ORD447865,88663806,AAA_Black_2640,1020,1,-371.0,-0.3637254901960784,2025,7,29,Monday,14,July,Robiton,Батарейки и аккумуляторы,Батарейка,1020.0,342,Gold,1020.0,-0.3637254901960784
2025-02-20,ORD284565,17897185,BBB_Red_6872,4990,2,4532.0,0.9082164328657316,2025,2,8,Thursday,20,February,KZDOO,Чехлы,Чехол для смартфона,4990.0,324,Gold,2495.0,0.9082164328657315
2025-09-20,ORD568859,73722467,FFF_Purple_9236,5500,4,14156.0,1.0,2025,9,38,Saturday,20,September,KZDOO,Чехлы,Чехол для смартфона,5500.0,High Value New Customers,Gold,1375.0,2.573818181818182
2025-05-22,ORD242725,48819696,BBB_Black_2129,5100,3,9379.0,1.0,2025,5,21,Thursday,22,May,KZDOO,Чехлы,Чехол для наушников,5100.0,Cannot Lose Them,Silver,1700.0,1.8390196078431373
2025-02-03,ORD470540,46303448,EEE_Green_9795,10400,3,19307.0,1.0,2025,2,6,Monday,3,February,Robiton,Батарейки и аккумуляторы,Аккумуляторная батарейка,10400.0,325,Gold,3466.6666666666665,1.8564423076923078
2025-02-04,ORD760865,31910726,CCC_Green_9087,5700,2,5198.0,0.9119298245614036,2025,2,6,Tuesday,4,February,KEEPHONE,Чехлы,Чехол для смартфона,5700.0,At Risk,Bronze,2850.0,0.9119298245614035
2025-04-02,ORD153293,10052142,HHH_Black_9818,2880,4,7287.200000000001,1.0,2025,4,14,Wednesday,2,April,KZDOO,Чехлы,Чехол для смартфона,2880.0,At Risk,Bronze,720.0,2.530277777777778
2025-03-25,ORD935423,91197986,FFF_Clear_7187,3100,1,280.0,0.0903225806451612,2025,3,13,Tuesday,25,March,KZDOO,Чехлы,Чехол для смартфона,3100.0,High Value New Customers,Gold,3100.0,0.09032258064516129
2025-06-27,ORD756242,33947909,HHH_Red_7905,6000,1,880.0,0.1466666666666666,2025,6,26,Friday,27,June,KZDOO,Чехлы,Чехол для смартфона,6000.0,High Value New Customers,Gold,6000.0,0.14666666666666667
2025-09-20,ORD196432,34657339,BBB_Titanium_6310,5500,3,9741.0,1.0,2025,9,38,Saturday,20,September,KZDOO,Чехлы,Чехол для смартфона,5500.0,Loyal Customers,Platinum,1833.3333333333333,1.771090909090909
2025-09-28,ORD763225,45016869,GGG_Black_6808,3490,2,2960.3,0.8482234957020058,2025,9,39,Sunday,28,September,KZDOO,Чехлы,Чехол для смартфона,3490.0,New Customers,Gold,1745.0,0.8482234957020058
2025-07-08,ORD666379,64604307,GGG_Titanium_9467,6980,2,6986.4,1.0,2025,7,28,Tuesday,8,July,KEEPHONE,Чехлы,Чехол для смартфона,6980.0,324,Gold,3490.0,1.000916905444126
2025-05-17,ORD296659,96414579,HHH_Pink_7270,3500,1,-221.0,-0.0631428571428571,2025,5,20,Saturday,17,May,KZDOO,Чехлы,Чехол для смартфона,3500.0,At Risk,Bronze,3500.0,-0.06314285714285714
2025-04-08,ORD106646,28227796,EEE_Blue_6964,5200,4,13623.0,1.0,2025,4,15,Tuesday,8,April,KEEPHONE,Чехлы,Чехол для смартфона,5200.0,High Value New Customers,Gold,1300.0,2.6198076923076923
2025-05-27,ORD453492,70160612,AAA_Purple_3399,7828,4,21667.68,1.0,2025,5,22,Tuesday,27,May,KZDOO,Чехлы,Чехол для смартфона,7828.0,Champions,Platinum,1957.0,2.7679713847726113
2025-09-16,ORD801630,54251905,HHH_Green_1705,2000,1,76.0,0.038,2025,9,38,Tuesday,16,September,REMAX,Защитные пленки и стекла,Защитное стекло,2000.0,New Customers,Gold,2000.0,0.038
2025-04-03,ORD575782,45963238,FFF_Titanium_5998,2600,1,146.0,0.0561538461538461,2025,4,14,Thursday,3,April,KEEPHONE,Чехлы,Чехол для смартфона,2600.0,At Risk,Bronze,2600.0,0.05615384615384615
2025-06-30,ORD278308,48742299,CCC_Pink_8383,11100,2,12317.0,1.0,2025,6,27,Monday,30,June,KZDOO,Чехлы,Чехол для смартфона,11100.0,Loyal Customers,Platinum,5550.0,1.1096396396396397
2025-04-12,ORD727080,32219595,GGG_Pink_3942,2200,4,5307.0,1.0,2025,4,15,Saturday,12,April,KZDOO,Чехлы,Чехол для смартфона,2200.0,About To Sleep,Silver,550.0,2.412272727272727
2025-01-08,ORD557526,11146662,BBB_Pink_2708,1000,1,-152.0,-0.152,2025,1,2,Wednesday,8,January,Нет бренда,Чехлы,Чехол для смартфона,1000.0,At Risk,Bronze,1000.0,-0.152
2025-05-31,ORD494032,19770679,HHH_Red_1115,7828,1,1368.7200000000005,0.1748492590700051,2025,5,22,Saturday,31,May,K-DOO,Чехлы,Чехол для смартфона,7828.0,Loyal Customers,Platinum,7828.0,0.17484925907000518
2025-06-22,ORD117561,26751676,CCC_Clear_7128,3500,3,6503.0,1.0,2025,6,25,Sunday,22,June,KZDOO,Чехлы,Чехол для смартфона,3500.0,Potential Loyalists,Silver,1166.6666666666667,1.858
2025-01-03,ORD381541,69371023,AAA_Red_8534,6180,1,26.40000000000009,0.0042718446601941,2025,1,1,Friday,3,January,KZDOO,Чехлы,Чехол для смартфона,6180.0,Champions,Platinum,6180.0,0.00427184466019419
2025-07-28,ORD369860,58035424,DDD_Purple_3955,2700,1,-368.0,-0.1362962962962963,2025,7,31,Monday,28,July,KZDOO,Чехлы,Чехол для смартфона,2700.0,New Customers,Gold,2700.0,-0.1362962962962963
2025-04-29,ORD889699,51684723,DDD_Green_6168,7180,4,19650.2,1.0,2025,4,18,Tuesday,29,April,KZDOO,Чехлы,Чехол для смартфона,7180.0,High Value New Customers,Gold,1795.0,2.736796657381616
2025-06-21,ORD481263,90003367,BBB_Clear_6703,7180,2,7295.0,1.0,2025,6,25,Saturday,21,June,KZDOO,Чехлы,Чехол для смартфона,7180.0,325,Gold,3590.0,1.016016713091922
2025-01-13,ORD412131,54599649,HHH_Clear_7934,7380,4,19664.0,1.0,2025,1,3,Monday,13,January,K-DOO,Чехлы,Чехол для смартфона,7380.0,At Risk,Bronze,1845.0,2.66449864498645
2025-04-06,ORD411087,13391135,DDD_Blue_4643,3490,2,2942.2,0.8430372492836675,2025,4,14,Sunday,6,April,KZDOO,Чехлы,Чехол для смартфона,3490.0,At Risk,Bronze,1745.0,0.8430372492836675
2025-02-15,ORD862496,12133233,FFF_Titanium_8960,4100,3,7023.0,1.0,2025,2,7,Saturday,15,February,KZDOO,Чехлы,Чехол для смартфона,4100.0,324,Gold,1366.6666666666667,1.7129268292682926
2025-06-06,ORD269180,45162734,BBB_Green_6613,5500,1,875.0,0.1590909090909091,2025,6,23,Friday,6,June,K-DOO,Чехлы,Чехол для смартфона,5500.0,213,Silver,5500.0,0.1590909090909091
2025-02-13,ORD823882,86056168,FFF_Green_1588,11000,3,19419.0,1.0,2025,2,7,Thursday,13,February,KZDOO,Чехлы,Чехол для смартфона,11000.0,High Value New Customers,Gold,3666.6666666666665,1.7653636363636365
2025-08-04,ORD227315,67418195,CCC_Pink_6473,5380,2,6136.4,1.0,2025,8,32,Monday,4,August,KZDOO,Чехлы,Чехол для смартфона,5380.0,324,Gold,2690.0,1.1405947955390334
2025-08-25,ORD614678,56052630,FFF_Blue_4443,2780,4,6908.799999999999,1.0,2025,8,35,Monday,25,August,KZDOO,Чехлы,Чехол для смартфона,2780.0,New Customers,Silver,695.0,2.4851798561151077
2025-07-26,ORD778423,22270955,CCC_Purple_4954,2980,4,8516.0,1.0,2025,7,30,Saturday,26,July,KZDOO,Чехлы,Чехол для смартфона,2980.0,Loyal Customers,Platinum,745.0,2.857718120805369
2025-01-23,ORD117318,75174314,AAA_Green_5116,7380,3,12488.0,1.0,2025,1,4,Thursday,23,January,KZDOO,Чехлы,Чехол для смартфона,7380.0,Cannot Lose Them,Silver,2460.0,1.692140921409214
2025-07-20,ORD534747,36659027,FFF_Titanium_2399,5300,2,4840.0,0.9132075471698112,2025,7,29,Sunday,20,July,KZDOO,Чехлы,Чехол для смартфона,5300.0,Potential Loyalists,Silver,2650.0,0.9132075471698113
2025-04-07,ORD713506,42624136,BBB_Green_8505,9180,3,16502.4,1.0,2025,4,15,Monday,7,April,KZDOO,Чехлы,Чехол для смартфона,9180.0,Loyal Customers,Platinum,3060.0,1.7976470588235296
2025-08-25,ORD134450,15752189,HHH_Pink_7554,5100,3,9711.0,1.0,2025,8,35,Monday,25,August,KZDOO,Чехлы,Чехол для наушников,5100.0,Loyal Customers,Platinum,1700.0,1.9041176470588235
2025-09-08,ORD632986,58035424,DDD_Purple_3955,2700,1,352.0,0.1303703703703703,2025,9,37,Monday,8,September,KZDOO,Чехлы,Чехол для смартфона,2700.0,New Customers,Gold,2700.0,0.13037037037037036
2025-09-07,ORD153637,96125000,FFF_Clear_9868,5560,3,8599.8,1.0,2025,9,36,Sunday,7,September,KZDOO,Чехлы,Чехол для смартфона,5560.0,New Customers,Silver,1853.3333333333333,1.546726618705036
2025-07-02,ORD817041,12494667,EEE_Purple_6829,2980,1,295.8000000000002,0.099261744966443,2025,7,27,Wednesday,2,July,KZDOO,Чехлы,Чехол для смартфона,2980.0,New Customers,Gold,2980.0,0.09926174496644301
2025-01-10,ORD169021,68446959,HHH_Blue_5098,5980,1,715.8000000000002,0.1196989966555184,2025,1,2,Friday,10,January,KZDOO,Чехлы,Чехол для смартфона,5980.0,113,Bronze,5980.0,0.11969899665551842
2025-09-11,ORD107281,52491122,BBB_Titanium_6217,5980,4,16724.0,1.0,2025,9,37,Thursday,11,September,KEEPHONE,Чехлы,Чехол для смартфона,5980.0,New Customers,Gold,1495.0,2.796655518394649
2025-02-06,ORD586431,18140841,EEE_Pink_1003,4980,1,126.59999999999992,0.0254216867469879,2025,2,6,Thursday,6,February,KZDOO,Чехлы,Чехол для смартфона,4980.0,Loyal Customers,Gold,4980.0,0.025421686746987936
2025-04-23,ORD921898,42669478,FFF_Black_3829,11100,1,1145.0,0.1031531531531531,2025,4,17,Wednesday,23,April,KZDOO,Чехлы,Чехол для смартфона,11100.0,235,Gold,11100.0,0.10315315315315315
2025-01-15,ORD643828,42668897,FFF_Clear_6850,7380,4,18686.4,1.0,2025,1,3,Wednesday,15,January,KZDOO,Чехлы,Чехол для смартфона,7380.0,High Value New Customers,Gold,1845.0,2.5320325203252034
2025-08-30,ORD103309,91076807,AAA_Red_5295,3090,3,5355.1,1.0,2025,8,35,Saturday,30,August,KEEPHONE,Чехлы,Чехол для смартфона,3090.0,New Customers,Gold,1030.0,1.733042071197411
2025-05-17,ORD836077,52732703,CCC_Pink_7226,6200,2,5587.0,0.9011290322580644,2025,5,20,Saturday,17,May,Robiton,Батарейки и аккумуляторы,Аккумуляторная батарейка,6200.0,Loyal Customers,Platinum,3100.0,0.9011290322580645
2025-08-24,ORD735168,27995241,GGG_Blue_6871,2490,2,2151.0,0.863855421686747,2025,8,34,Sunday,24,August,KZDOO,Чехлы,Чехол для смартфона,2490.0,Loyal Customers,Platinum,1245.0,0.863855421686747
2025-08-11,ORD706189,82500306,FFF_Green_5531,5500,2,4067.0,0.7394545454545455,2025,8,33,Monday,11,August,KZDOO,Чехлы,Чехол для смартфона,5500.0,High Value New Customers,Platinum,2750.0,0.7394545454545455
2025-07-07,ORD967710,87335782,AAA_Purple_3401,7990,3,15431.9,1.0,2025,7,28,Monday,7,July,KEEPHONE,Чехлы,Чехол для смартфона,7990.0,Potential Loyalists,Silver,2663.3333333333335,1.9314017521902378
2025-06-16,ORD929650,83149727,CCC_Purple_9600,5990,1,284.1999999999998,0.0474457429048413,2025,6,25,Monday,16,June,KEEPHONE,Чехлы,Чехол для смартфона,5990.0,Loyal Customers,Gold,5990.0,0.047445742904841375
2025-08-11,ORD395810,63266145,BBB_Clear_1709,1950,2,1247.0,0.6394871794871795,2025,8,33,Monday,11,August,KEEPHONE,Чехлы,Чехол для смартфона,1950.0,New Customers,Silver,975.0,0.6394871794871795
2025-07-06,ORD195407,54290924,DDD_Green_9078,7180,3,12838.4,1.0,2025,7,27,Sunday,6,July,KZDOO,Чехлы,Чехол для смартфона,7180.0,Loyal Customers,Platinum,2393.3333333333335,1.7880779944289693
2025-03-03,ORD611518,69371023,AAA_Red_8534,6180,1,276.8000000000002,0.044789644012945,2025,3,10,Monday,3,March,KZDOO,Чехлы,Чехол для смартфона,6180.0,Champions,Platinum,6180.0,0.04478964401294502
2025-03-10,ORD747248,37857061,AAA_Black_9470,2900,4,7967.0,1.0,2025,3,11,Monday,10,March,KZDOO,Чехлы,Чехол для смартфона,2900.0,Potential Loyalists,Silver,725.0,2.7472413793103447
2025-07-23,ORD457094,70591490,GGG_Red_8906,3500,2,3341.0,0.9545714285714286,2025,7,30,Wednesday,23,July,KEEPHONE,Чехлы,Чехол для смартфона,3500.0,Potential Loyalists,Silver,1750.0,0.9545714285714286
2025-04-20,ORD592886,63259901,CCC_White_6266,5100,1,617.0,0.1209803921568627,2025,4,16,Sunday,20,April,KZDOO,Чехлы,Чехол для наушников,5100.0,Loyal Customers,Gold,5100.0,0.12098039215686275
2025-01-15,ORD414614,69561939,BBB_Clear_1569,6180,2,7196.0,1.0,2025,1,3,Wednesday,15,January,KZDOO,Чехлы,Чехол для смартфона,6180.0,At Risk,Bronze,3090.0,1.164401294498382
2025-05-02,ORD836798,99198177,AAA_Green_5033,7300,2,8005.0,1.0,2025,5,18,Friday,2,May,KZDOO,Чехлы,Чехол для смартфона,7300.0,Loyal Customers,Gold,3650.0,1.0965753424657534
2025-04-03,ORD989434,91669332,FFF_Green_3427,11990,2,12501.1,1.0,2025,4,14,Thursday,3,April,Robiton,Батарейки и аккумуляторы,Аккумуляторная батарейка,11990.0,113,Bronze,5995.0,1.042627189324437
2025-01-12,ORD653570,74517804,GGG_Blue_2602,250,1,-185.5,-0.742,2025,1,2,Sunday,12,January,Panasonic,Батарейки и аккумуляторы,Батарейка,250.0,At Risk,Bronze,250.0,-0.742
2025-06-17,ORD143693,22172016,BBB_White_7075,6200,3,11504.0,1.0,2025,6,25,Tuesday,17,June,K-DOO,Чехлы,Чехол для смартфона,6200.0,Cannot Lose Them,Silver,2066.6666666666665,1.855483870967742
2025-05-02,ORD659679,18140841,EEE_Pink_1003,4980,1,220.80000000000013,0.0443373493975903,2025,5,18,Friday,2,May,KZDOO,Чехлы,Чехол для смартфона,4980.0,Loyal Customers,Gold,4980.0,0.04433734939759039
2025-03-08,ORD406973,99733880,HHH_Pink_7833,2980,2,2291.0,0.7687919463087248,2025,3,10,Saturday,8,March,KZDOO,Чехлы,Чехол для смартфона,2980.0,At Risk,Bronze,1490.0,0.7687919463087248
2025-08-03,ORD755039,95405398,GGG_Green_2022,2100,1,9.0,0.0042857142857142,2025,8,31,Sunday,3,August,KZDOO,Чехлы,Чехол для смартфона,2100.0,New Customers,Gold,2100.0,0.004285714285714286
2025-02-17,ORD893705,81808188,CCC_Pink_8696,5980,4,16541.2,1.0,2025,2,8,Monday,17,February,KEEPHONE,Чехлы,Чехол для смартфона,5980.0,At Risk,Bronze,1495.0,2.766086956521739
2025-01-06,ORD214808,13544308,BBB_Titanium_5322,10880,3,19627.8,1.0,2025,1,2,Monday,6,January,KZDOO,Чехлы,Чехол для смартфона,10880.0,High Value New Customers,Gold,3626.6666666666665,1.8040257352941176
2025-04-23,ORD262034,16225379,AAA_Purple_1560,6190,1,50.59999999999991,0.0081744749596122,2025,4,17,Wednesday,23,April,KEEPHONE,Чехлы,Чехол для смартфона,6190.0,Cannot Lose Them,Silver,6190.0,0.008174474959612264
2025-02-21,ORD473938,42123172,AAA_White_3643,2050,4,4660.0,1.0,2025,2,8,Friday,21,February,KEEPHONE,Чехлы,Чехол для смартфона,2050.0,Champions,Platinum,512.5,2.273170731707317
2025-07-31,ORD573969,57412404,FFF_Green_9000,4700,3,8228.0,1.0,2025,7,31,Thursday,31,July,KEEPHONE,Чехлы,Чехол для смартфона,4700.0,Potential Loyalists,Silver,1566.6666666666667,1.7506382978723405
2025-09-22,ORD337708,36508832,HHH_Red_5637,2890,4,7112.6,1.0,2025,9,39,Monday,22,September,KEEPHONE,Чехлы,Чехол для смартфона,2890.0,New Customers,Silver,722.5,2.4611072664359863
2025-08-16,ORD650505,96348851,FFF_Titanium_3323,11100,3,18177.0,1.0,2025,8,33,Saturday,16,August,KZDOO,Чехлы,Чехол для смартфона,11100.0,High Value New Customers,Gold,3700.0,1.6375675675675676
2025-08-21,ORD248484,11575539,HHH_Blue_8671,5500,1,521.0,0.0947272727272727,2025,8,34,Thursday,21,August,KZDOO,Чехлы,Чехол для смартфона,5500.0,Loyal Customers,Platinum,5500.0,0.09472727272727273
2025-02-03,ORD536821,78585756,AAA_Titanium_1682,6580,4,18808.8,1.0,2025,2,6,Monday,3,February,KZDOO,Чехлы,Чехол для смартфона,6580.0,235,Gold,1645.0,2.858480243161094
2025-06-28,ORD143602,85674888,AAA_Blue_2952,1550,2,1163.0,0.7503225806451613,2025,6,26,Saturday,28,June,KZDOO,Чехлы,Чехол для смартфона,1550.0,At Risk,Bronze,775.0,0.7503225806451613
2025-01-30,ORD961131,56604839,GGG_Titanium_3952,3490,4,8851.6,1.0,2025,1,5,Thursday,30,January,KZDOO,Чехлы,Чехол для смартфона,3490.0,324,Gold,872.5,2.536275071633238
2025-03-21,ORD483286,67732421,HHH_Black_7854,7300,3,13899.0,1.0,2025,3,12,Friday,21,March,K-DOO,Чехлы,Чехол для смартфона,7300.0,High Value New Customers,Gold,2433.3333333333335,1.9039726027397261
2025-04-30,ORD460334,52059480,BBB_Titanium_4146,4990,1,453.0,0.0907815631262525,2025,4,18,Wednesday,30,April,KZDOO,Чехлы,Чехол для смартфона,4990.0,113,Bronze,4990.0,0.0907815631262525
2025-06-18,ORD661223,26878119,HHH_Purple_1747,4180,3,7249.200000000001,1.0,2025,6,25,Wednesday,18,June,KZDOO,Чехлы,Чехол для смартфона,4180.0,Cannot Lose Them,Silver,1393.3333333333333,1.7342583732057417
2025-06-23,ORD500781,79490292,AAA_Black_3015,3490,4,8755.4,1.0,2025,6,26,Monday,23,June,KZDOO,Чехлы,Чехол для смартфона,3490.0,At Risk,Bronze,872.5,2.508710601719198
2025-06-10,ORD512332,98761418,FFF_White_2354,3380,4,9053.2,1.0,2025,6,24,Tuesday,10,June,KZDOO,Чехлы,Чехол для смартфона,3380.0,At Risk,Bronze,845.0,2.678461538461539
2025-09-18,ORD257340,51575941,DDD_Purple_5314,3380,2,2932.6000000000004,0.8676331360946746,2025,9,38,Thursday,18,September,KZDOO,Чехлы,Чехол для смартфона,3380.0,Loyal Customers,Platinum,1690.0,0.8676331360946746
2025-08-28,ORD115465,28202461,GGG_Pink_9489,4980,1,571.8000000000002,0.1148192771084337,2025,8,35,Thursday,28,August,KZDOO,Чехлы,Чехол для смартфона,4980.0,New Customers,Silver,4980.0,0.11481927710843377
2025-05-31,ORD402896,44901759,GGG_Titanium_1488,3500,1,18.0,0.0051428571428571,2025,5,22,Saturday,31,May,KZDOO,Чехлы,Чехол для смартфона,3500.0,At Risk,Bronze,3500.0,0.005142857142857143
2025-08-08,ORD133097,24148272,AAA_Pink_9594,3490,4,8959.2,1.0,2025,8,32,Friday,8,August,KZDOO,Чехлы,Чехол для смартфона,3490.0,Potential Loyalists,Silver,872.5,2.5671060171919775
2025-01-17,ORD398986,55426923,AAA_Red_9393,7828,1,439.3599999999997,0.0561267245784363,2025,1,3,Friday,17,January,K-DOO,Чехлы,Чехол для смартфона,7828.0,Cannot Lose Them,Gold,7828.0,0.05612672457843634
2025-07-02,ORD136342,93363944,DDD_Blue_6449,580,2,-10.800000000000011,-0.0186206896551724,2025,7,27,Wednesday,2,July,Robiton,Батарейки и аккумуляторы,Батарейка,580.0,Potential Loyalists,Silver,290.0,-0.018620689655172433
2025-06-10,ORD575924,10769708,CCC_Titanium_9741,5580,3,9714.4,1.0,2025,6,24,Tuesday,10,June,KZDOO,Чехлы,Чехол для смартфона,5580.0,At Risk,Bronze,1860.0,1.740931899641577
2025-06-05,ORD169281,26878119,HHH_Purple_1747,4180,1,-379.8000000000002,-0.0908612440191388,2025,6,23,Thursday,5,June,KZDOO,Чехлы,Чехол для смартфона,4180.0,Cannot Lose Them,Silver,4180.0,-0.0908612440191388
2025-04-08,ORD464110,15752189,HHH_Pink_7554,5100,4,14247.0,1.0,2025,4,15,Tuesday,8,April,KZDOO,Чехлы,Чехол для наушников,5100.0,Loyal Customers,Platinum,1275.0,2.793529411764706
2025-08-22,ORD277300,51575941,DDD_Purple_5314,3380,3,5579.0,1.0,2025,8,34,Friday,22,August,KZDOO,Чехлы,Чехол для смартфона,3380.0,Loyal Customers,Platinum,1126.6666666666667,1.6505917159763313
2025-02-15,ORD593065,57461608,AAA_White_5001,3500,3,6202.0,1.0,2025,2,7,Saturday,15,February,KZDOO,Чехлы,Чехол для смартфона,3500.0,Potential Loyalists,Silver,1166.6666666666667,1.772
2025-02-02,ORD607747,66519859,GGG_Purple_1694,4900,2,3849.0,0.7855102040816326,2025,2,5,Sunday,2,February,Robiton,Батарейки и аккумуляторы,Батарейка,4900.0,High Value New Customers,Gold,2450.0,0.7855102040816326
2025-09-15,ORD958081,58295345,GGG_Clear_8444,4700,4,11342.0,1.0,2025,9,38,Monday,15,September,KZDOO,Чехлы,Чехол для смартфона,4700.0,Champions,Platinum,1175.0,2.413191489361702
2025-04-10,ORD628152,72536399,HHH_Titanium_2358,1600,1,90.0,0.05625,2025,4,15,Thursday,10,April,K-DOO,Чехлы,Чехол для смартфона,1600.0,At Risk,Bronze,1600.0,0.05625
2025-02-11,ORD480021,29400855,HHH_White_3901,6580,4,17292.6,1.0,2025,2,7,Tuesday,11,February,KZDOO,Чехлы,Чехол для смартфона,6580.0,Cannot Lose Them,Silver,1645.0,2.6280547112462003
2025-03-12,ORD711833,70540068,HHH_Green_5116,4780,3,8687.0,1.0,2025,3,11,Wednesday,12,March,KEEPHONE,Чехлы,Чехол для смартфона,4780.0,113,Bronze,1593.3333333333333,1.8173640167364016
2025-05-11,ORD809952,34643765,GGG_Black_5712,6980,4,17179.6,1.0,2025,5,19,Sunday,11,May,KEEPHONE,Чехлы,Чехол для смартфона,6980.0,Loyal Customers,Platinum,1745.0,2.461260744985673
2025-06-29,ORD772209,96001367,AAA_Purple_5672,6580,1,1133.8000000000002,0.1723100303951368,2025,6,26,Sunday,29,June,KZDOO,Чехлы,Чехол для смартфона,6580.0,High Value New Customers,Gold,6580.0,0.17231003039513682
2025-06-07,ORD136398,24565729,HHH_White_4631,9180,1,910.1999999999998,0.0991503267973856,2025,6,23,Saturday,7,June,KZDOO,Чехлы,Чехол для смартфона,9180.0,High Value New Customers,Gold,9180.0,0.0991503267973856
2025-01-31,ORD755486,57338726,DDD_Red_2755,4980,2,4754.8,0.9547791164658634,2025,1,5,Friday,31,January,KZDOO,Чехлы,Чехол для смартфона,4980.0,High Value New Customers,Gold,2490.0,0.9547791164658634
2025-04-29,ORD160379,62735299,DDD_Purple_9858,6980,1,1297.0,0.1858166189111748,2025,4,18,Tuesday,29,April,KEEPHONE,Чехлы,Чехол для смартфона,6980.0,Cannot Lose Them,Silver,6980.0,0.1858166189111748
2025-06-08,ORD398911,87448383,AAA_Green_2528,4300,1,530.0,0.1232558139534883,2025,6,23,Sunday,8,June,KZDOO,Чехлы,Чехол для смартфона,4300.0,Loyal Customers,Gold,4300.0,0.12325581395348838
2025-07-14,ORD514015,83953719,BBB_Blue_5153,6980,4,18573.2,1.0,2025,7,29,Monday,14,July,KEEPHONE,Чехлы,Чехол для смартфона,6980.0,325,Gold,1745.0,2.660916905444126
2025-09-22,ORD721845,38916371,GGG_Blue_9644,8200,4,22318.0,1.0,2025,9,39,Monday,22,September,KZDOO,Чехлы,Чехол для смартфона,8200.0,High Value New Customers,Platinum,2050.0,2.7217073170731707
2025-01-12,ORD623843,71446261,EEE_Titanium_2576,5180,3,9367.2,1.0,2025,1,2,Sunday,12,January,Raigor,Чехлы,Чехол для смартфона,5180.0,Loyal Customers,Gold,1726.6666666666667,1.8083397683397684
2025-07-08,ORD639831,39535140,HHH_Titanium_3434,3100,2,3418.0,1.0,2025,7,28,Tuesday,8,July,KZDOO,Чехлы,Чехол для смартфона,3100.0,Potential Loyalists,Silver,1550.0,1.1025806451612903
2025-07-14,ORD199688,84822158,BBB_Blue_9580,5500,4,14857.0,1.0,2025,7,29,Monday,14,July,K-DOO,Чехлы,Чехол для смартфона,5500.0,Loyal Customers,Platinum,1375.0,2.7012727272727273
2025-03-03,ORD120463,78752940,AAA_Pink_7909,7180,1,1097.3999999999996,0.1528412256267409,2025,3,10,Monday,3,March,KZDOO,Чехлы,Чехол для смартфона,7180.0,324,Gold,7180.0,0.1528412256267409
2025-02-06,ORD134331,89466257,FFF_Green_6760,7828,3,13804.240000000002,1.0,2025,2,6,Thursday,6,February,KZDOO,Чехлы,Чехол для смартфона,7828.0,Loyal Customers,Gold,2609.3333333333335,1.7634440470107309
2025-08-16,ORD685188,67732421,HHH_Black_7854,7300,4,18722.0,1.0,2025,8,33,Saturday,16,August,K-DOO,Чехлы,Чехол для смартфона,7300.0,High Value New Customers,Gold,1825.0,2.5646575342465754
2025-07-16,ORD915616,46303448,EEE_Green_9795,10400,2,11050.0,1.0,2025,7,29,Wednesday,16,July,Robiton,Батарейки и аккумуляторы,Аккумуляторная батарейка,10400.0,325,Gold,5200.0,1.0625
2025-01-08,ORD943532,67674825,GGG_Blue_3878,3380,2,2452.6000000000004,0.725621301775148,2025,1,2,Wednesday,8,January,KZDOO,Чехлы,Чехол для смартфона,3380.0,About To Sleep,Silver,1690.0,0.725621301775148
2025-03-17,ORD453407,38119865,GGG_Blue_2701,5380,3,9843.0,1.0,2025,3,12,Monday,17,March,KZDOO,Чехлы,Чехол для смартфона,5380.0,Cannot Lose Them,Silver,1793.3333333333333,1.8295539033457249
2025-01-09,ORD161229,80700206,BBB_Black_9217,2780,3,4928.0,1.0,2025,1,2,Thursday,9,January,KZDOO,Чехлы,Чехол для смартфона,2780.0,At Risk,Bronze,926.6666666666666,1.772661870503597
2025-04-08,ORD918216,47631395,BBB_Purple_1482,5580,3,10106.8,1.0,2025,4,15,Tuesday,8,April,KZDOO,Чехлы,Чехол для смартфона,5580.0,Loyal Customers,Gold,1860.0,1.8112544802867383
2025-03-20,ORD494826,36496711,GGG_Blue_5448,6736,3,13547.52,1.0,2025,3,12,Thursday,20,March,KZDOO,Чехлы,Чехол для смартфона,6736.0,Cannot Lose Them,Silver,2245.3333333333335,2.0112114014251783
2025-08-20,ORD613479,16337630,EEE_Blue_8965,4100,3,6348.0,1.0,2025,8,34,Wednesday,20,August,KZDOO,Чехлы,Чехол для смартфона,4100.0,Loyal Customers,Platinum,1366.6666666666667,1.5482926829268293
2025-04-02,ORD205325,20862535,FFF_Titanium_4702,5580,1,170.19999999999982,0.0305017921146953,2025,4,14,Wednesday,2,April,KZDOO,Чехлы,Чехол для смартфона,5580.0,Cannot Lose Them,Silver,5580.0,0.03050179211469531
2025-08-05,ORD890544,30512809,BBB_Blue_2694,2690,1,-45.200000000000045,-0.0168029739776951,2025,8,32,Tuesday,5,August,KEEPHONE,Чехлы,Чехол для смартфона,2690.0,Potential Loyalists,Silver,2690.0,-0.016802973977695184
2025-08-29,ORD791478,51023847,FFF_Green_1065,4990,4,14053.8,1.0,2025,8,35,Friday,29,August,KZDOO,Чехлы,Чехол для смартфона,4990.0,High Value New Customers,Gold,1247.5,2.816392785571142
2025-06-04,ORD809692,14809114,FFF_Clear_3563,2980,2,1913.2,0.6420134228187919,2025,6,23,Wednesday,4,June,KZDOO,Чехлы,Чехол для смартфона,2980.0,At Risk,Bronze,1490.0,0.6420134228187919
2025-04-11,ORD754062,92713858,AAA_Green_1858,2180,1,-34.40000000000009,-0.0157798165137615,2025,4,15,Friday,11,April,KZDOO,Чехлы,Чехол для смартфона,2180.0,New Customers,Gold,2180.0,-0.01577981651376151
2025-04-12,ORD984157,88421485,DDD_Clear_8430,4200,1,19.0,0.0045238095238095,2025,4,15,Saturday,12,April,Robiton,Батарейки и аккумуляторы,Аккумуляторная батарейка,4200.0,Cannot Lose Them,Silver,4200.0,0.004523809523809524
2025-06-09,ORD259239,28227796,EEE_Blue_6964,5200,1,6.0,0.0011538461538461,2025,6,24,Monday,9,June,KEEPHONE,Чехлы,Чехол для смартфона,5200.0,High Value New Customers,Gold,5200.0,0.001153846153846154
2025-07-07,ORD626056,12133233,FFF_Titanium_8960,4100,4,11767.0,1.0,2025,7,28,Monday,7,July,KZDOO,Чехлы,Чехол для смартфона,4100.0,324,Gold,1025.0,2.87
2025-08-29,ORD241681,83675423,BBB_White_7079,4990,3,8848.1,1.0,2025,8,35,Friday,29,August,KZDOO,Чехлы,Чехол для смартфона,4990.0,High Value New Customers,Gold,1663.3333333333333,1.7731663326653306
2025-03-22,ORD120076,95592350,DDD_Green_6347,11100,4,28278.0,1.0,2025,3,12,Saturday,22,March,KZDOO,Чехлы,Чехол для смартфона,11100.0,325,Gold,2775.0,2.5475675675675675
2025-03-26,ORD253893,89459784,FFF_Purple_8560,6580,2,5064.200000000001,0.7696352583586628,2025,3,13,Wednesday,26,March,KZDOO,Чехлы,Чехол для смартфона,6580.0,Loyal Customers,Platinum,3290.0,0.7696352583586628
2025-05-19,ORD586236,93873429,CCC_Green_3835,6000,2,6640.0,1.0,2025,5,21,Monday,19,May,KZDOO,Чехлы,Чехол для смартфона,6000.0,New Customers,Gold,3000.0,1.1066666666666667
2025-06-29,ORD848199,12157882,CCC_Blue_4419,1600,2,1271.0,0.794375,2025,6,26,Sunday,29,June,K-DOO,Чехлы,Чехол для смартфона,1600.0,New Customers,Silver,800.0,0.794375
2025-06-28,ORD838198,10145273,DDD_Red_7490,3490,2,3273.4,0.9379369627507164,2025,6,26,Saturday,28,June,KEEPHONE,Чехлы,Чехол для смартфона,3490.0,Loyal Customers,Platinum,1745.0,0.9379369627507164
2025-05-01,ORD464692,73450118,BBB_White_3695,4980,1,665.1999999999998,0.133574297188755,2025,5,18,Thursday,1,May,KZDOO,Чехлы,Чехол для смартфона,4980.0,At Risk,Bronze,4980.0,0.133574297188755
2025-02-03,ORD917615,55418733,EEE_Purple_9330,11100,1,1348.0,0.1214414414414414,2025,2,6,Monday,3,February,KZDOO,Чехлы,Чехол для смартфона,11100.0,High Value New Customers,Platinum,11100.0,0.12144144144144144
2025-09-05,ORD574050,46140671,BBB_Black_8066,7300,4,21087.0,1.0,2025,9,36,Friday,5,September,KZDOO,Чехлы,Чехол для смартфона,7300.0,High Value New Customers,Gold,1825.0,2.8886301369863014
2025-09-14,ORD211516,98269250,GGG_Blue_2162,5580,3,11186.0,1.0,2025,9,37,Sunday,14,September,KZDOO,Чехлы,Чехол для смартфона,5580.0,New Customers,Gold,1860.0,2.0046594982078854
2025-01-15,ORD827568,96700442,BBB_Red_9074,7380,2,7469.799999999999,1.0,2025,1,3,Wednesday,15,January,KZDOO,Чехлы,Чехол для смартфона,7380.0,Cannot Lose Them,Silver,3690.0,1.0121680216802167
2025-02-10,ORD550288,65489961,HHH_Clear_2252,6420,4,18220.0,1.0,2025,2,7,Monday,10,February,KZDOO,Чехлы,Чехол для смартфона,6420.0,325,Gold,1605.0,2.838006230529595
2025-04-16,ORD480944,37600233,AAA_Green_9915,980,1,-115.39999999999998,-0.1177551020408163,2025,4,16,Wednesday,16,April,Robiton,Батарейки и аккумуляторы,Батарейка,980.0,At Risk,Bronze,980.0,-0.11775510204081631
2025-07-18,ORD658509,33958975,HHH_Clear_1031,4990,1,780.8000000000002,0.1564729458917836,2025,7,29,Friday,18,July,KZDOO,Чехлы,Чехол для смартфона,4990.0,Potential Loyalists,Silver,4990.0,0.1564729458917836
2025-05-30,ORD954813,87709977,GGG_Black_5508,5648,3,10189.28,1.0,2025,5,22,Friday,30,May,KZDOO,Чехлы,Чехол для смартфона,5648.0,Cannot Lose Them,Gold,1882.6666666666667,1.8040509915014165
2025-03-06,ORD618197,69371023,AAA_Red_8534,6180,3,11369.2,1.0,2025,3,10,Thursday,6,March,KZDOO,Чехлы,Чехол для смартфона,6180.0,Champions,Platinum,2060.0,1.8396763754045309
2025-08-24,ORD654782,61524158,FFF_Blue_7386,5100,3,9413.0,1.0,2025,8,34,Sunday,24,August,KZDOO,Чехлы,Чехол для смартфона,5100.0,Loyal Customers,Platinum,1700.0,1.845686274509804
2025-03-25,ORD567097,55667150,CCC_Green_3664,5580,4,13874.8,1.0,2025,3,13,Tuesday,25,March,KZDOO,Чехлы,Чехол для смартфона,5580.0,213,Silver,1395.0,2.4865232974910394
2025-01-13,ORD597590,33858877,FFF_Blue_7743,6990,1,246.30000000000013,0.0352360515021459,2025,1,3,Monday,13,January,KEEPHONE,Чехлы,Чехол для смартфона,6990.0,At Risk,Bronze,6990.0,0.03523605150214594
2025-07-16,ORD233572,56604839,GGG_Titanium_3952,3490,1,-5.300000000000182,-0.0015186246418338,2025,7,29,Wednesday,16,July,KZDOO,Чехлы,Чехол для смартфона,3490.0,324,Gold,3490.0,-0.001518624641833863
2025-07-18,ORD355212,77282880,EEE_Purple_1729,5580,3,10707.6,1.0,2025,7,29,Friday,18,July,KZDOO,Чехлы,Чехол для смартфона,5580.0,Loyal Customers,Gold,1860.0,1.9189247311827957
2025-04-24,ORD117604,14268446,AAA_Clear_1693,11100,2,10082.0,0.9082882882882884,2025,4,17,Thursday,24,April,KZDOO,Чехлы,Чехол для смартфона,11100.0,325,Gold,5550.0,0.9082882882882883
2025-07-07,ORD371990,47380526,EEE_White_3357,4990,3,8729.6,1.0,2025,7,28,Monday,7,July,KZDOO,Чехлы,Чехол для смартфона,4990.0,324,Gold,1663.3333333333333,1.7494188376753508
2025-08-29,ORD361755,38203618,EEE_Pink_1768,5980,4,15918.4,1.0,2025,8,35,Friday,29,August,KZDOO,Чехлы,Чехол для смартфона,5980.0,New Customers,Silver,1495.0,2.661939799331104
2025-03-06,ORD321451,58217246,EEE_Green_7533,6580,3,10593.4,1.0,2025,3,10,Thursday,6,March,KEEPHONE,Чехлы,Чехол для смартфона,6580.0,At Risk,Bronze,2193.3333333333335,1.6099392097264438
2025-02-08,ORD262621,88663806,AAA_Black_2640,1020,3,1386.0,1.0,2025,2,6,Saturday,8,February,Robiton,Батарейки и аккумуляторы,Батарейка,1020.0,342,Gold,340.0,1.3588235294117648
2025-02-06,ORD230507,49463647,FFF_Black_8837,11100,4,29071.0,1.0,2025,2,6,Thursday,6,February,KZDOO,Чехлы,Чехол для смартфона,11100.0,Cannot Lose Them,Silver,2775.0,2.619009009009009
2025-03-17,ORD441524,55765055,FFF_Clear_1289,2980,3,5163.4,1.0,2025,3,12,Monday,17,March,KZDOO,Чехлы,Чехол для смартфона,2980.0,About To Sleep,Silver,993.3333333333334,1.7326845637583892
2025-06-11,ORD823562,43094185,CCC_White_6356,4700,1,71.0,0.0151063829787234,2025,6,24,Wednesday,11,June,KZDOO,Чехлы,Чехол для смартфона,4700.0,213,Silver,4700.0,0.015106382978723404
2025-06-11,ORD769757,62021585,FFF_Clear_3735,1860,2,1641.0,0.882258064516129,2025,6,24,Wednesday,11,June,Robiton,Батарейки и аккумуляторы,Батарейка,1860.0,New Customers,Silver,930.0,0.882258064516129
2025-09-04,ORD503252,72155725,CCC_Green_7884,5648,3,9695.44,1.0,2025,9,36,Thursday,4,September,KZDOO,Чехлы,Чехол для смартфона,5648.0,High Value New Customers,Gold,1882.6666666666667,1.7166147308781872
2025-08-02,ORD899568,53858511,AAA_White_5701,2950,4,7742.0,1.0,2025,8,31,Saturday,2,August,KEEPHONE,Чехлы,Чехол для смартфона,2950.0,New Customers,Gold,737.5,2.624406779661017
2025-03-13,ORD113495,26194974,AAA_Black_7725,3380,2,2876.2,0.8509467455621301,2025,3,11,Thursday,13,March,KZDOO,Чехлы,Чехол для смартфона,3380.0,Champions,Platinum,1690.0,0.8509467455621301
2025-06-28,ORD439752,46434145,GGG_Pink_1622,5180,4,14113.8,1.0,2025,6,26,Saturday,28,June,KZDOO,Чехлы,Чехол для смартфона,5180.0,High Value New Customers,Gold,1295.0,2.7246718146718147
2025-07-24,ORD548038,70809079,DDD_Titanium_1174,9980,2,9803.8,0.9823446893787574,2025,7,30,Thursday,24,July,KZDOO,Чехлы,Чехол для смартфона,9980.0,High Value New Customers,Gold,4990.0,0.9823446893787574
2025-06-04,ORD194505,71643669,CCC_Green_1403,11100,2,10558.0,0.9511711711711712,2025,6,23,Wednesday,4,June,KZDOO,Чехлы,Чехол для смартфона,11100.0,Loyal Customers,Platinum,5550.0,0.9511711711711712
2025-01-24,ORD277160,40877478,CCC_Pink_4994,4990,3,7780.200000000001,1.0,2025,1,4,Friday,24,January,KZDOO,Чехлы,Чехол для смартфона,4990.0,Potential Loyalists,Silver,1663.3333333333333,1.5591583166332668
2025-07-23,ORD945066,36571012,HHH_Green_9565,1290,1,-10.0,-0.0077519379844961,2025,7,30,Wednesday,23,July,K-DOO,Чехлы,Чехол для смартфона,1290.0,New Customers,Gold,1290.0,-0.007751937984496124
2025-06-25,ORD642547,58484682,GGG_Green_9626,4380,3,8181.0,1.0,2025,6,26,Wednesday,25,June,KZDOO,Чехлы,Чехол для смартфона,4380.0,Loyal Customers,Platinum,1460.0,1.8678082191780823
2025-06-04,ORD315580,79641918,AAA_Purple_8747,6000,4,16117.0,1.0,2025,6,23,Wednesday,4,June,KZDOO,Чехлы,Чехол для смартфона,6000.0,Potential Loyalists,Silver,1500.0,2.686166666666667
2025-07-25,ORD926634,18488674,CCC_Clear_9381,3490,4,9293.4,1.0,2025,7,30,Friday,25,July,KZDOO,Чехлы,Чехол для смартфона,3490.0,Loyal Customers,Gold,872.5,2.662865329512894
2025-08-12,ORD375377,92713858,AAA_Green_1858,2180,2,1698.8000000000002,0.7792660550458717,2025,8,33,Tuesday,12,August,KZDOO,Чехлы,Чехол для смартфона,2180.0,New Customers,Gold,1090.0,0.7792660550458717
2025-09-27,ORD325867,82503737,EEE_Green_1464,3380,2,2570.2,0.760414201183432,2025,9,39,Saturday,27,September,KZDOO,Чехлы,Чехол для смартфона,3380.0,Loyal Customers,Platinum,1690.0,0.760414201183432
2025-04-27,ORD105074,27574394,AAA_Purple_7824,2000,1,161.0,0.0805,2025,4,17,Sunday,27,April,Нет бренда,Чехлы,Чехол для смартфона,2000.0,About To Sleep,Silver,2000.0,0.0805
2025-07-10,ORD191213,87897147,EEE_Black_8254,2780,3,4486.2,1.0,2025,7,28,Thursday,10,July,KZDOO,Чехлы,Чехол для смартфона,2780.0,Potential Loyalists,Silver,926.6666666666666,1.6137410071942446
2025-01-16,ORD880185,72395314,GGG_Green_9259,2990,4,8010.9,1.0,2025,1,3,Thursday,16,January,KEEPHONE,Чехлы,Чехол для смартфона,2990.0,New Customers,Gold,747.5,2.6792307692307693
2025-08-05,ORD521308,96094802,HHH_Pink_9568,1390,2,803.3,0.5779136690647482,2025,8,32,Tuesday,5,August,KZDOO,Чехлы,Чехол для смартфона,1390.0,New Customers,Silver,695.0,0.5779136690647482
2025-01-10,ORD259557,84436404,DDD_Pink_8616,11100,1,1414.0,0.1273873873873874,2025,1,2,Friday,10,January,KZDOO,Чехлы,Чехол для смартфона,11100.0,High Value New Customers,Platinum,11100.0,0.1273873873873874
2025-04-05,ORD577783,81977680,AAA_Titanium_7478,7380,4,20017.8,1.0,2025,4,14,Saturday,5,April,K-DOO,Чехлы,Чехол для смартфона,7380.0,314,Silver,1845.0,2.712439024390244
2025-07-23,ORD757661,88973076,DDD_White_1350,5866,2,5950.6,1.0,2025,7,30,Wednesday,23,July,REMAX,Защитные пленки и стекла,Защитное стекло,660.0,Potential Loyalists,Silver,2933.0,1.0144220934197068
2025-07-23,ORD757661,88973076,DDD_White_1350,5866,2,5950.6,1.0,2025,7,30,Wednesday,23,July,REMAX,Защитные пленки и стекла,Защитное стекло,660.0,Potential Loyalists,Silver,2933.0,1.0144220934197068
2025-07-05,ORD752549,19991230,GGG_Clear_6751,5380,4,14248.6,1.0,2025,7,27,Saturday,5,July,KZDOO,Чехлы,Чехол для смартфона,5380.0,Potential Loyalists,Silver,1345.0,2.648438661710037
2025-04-19,ORD741554,70326795,FFF_Purple_9422,11100,1,1680.0,0.1513513513513513,2025,4,16,Saturday,19,April,Неизвестно,Чехлы,Неизвестно,11100.0,Champions,Platinum,11100.0,0.15135135135135136
2025-07-04,ORD989355,43896197,DDD_Blue_6662,4980,1,527.1999999999998,0.105863453815261,2025,7,27,Friday,4,July,K-DOO,Чехлы,Чехол для наушников,4980.0,324,Gold,4980.0,0.10586345381526101
2025-06-08,ORD329607,42669478,FFF_Black_3829,11100,4,32305.0,1.0,2025,6,23,Sunday,8,June,KZDOO,Чехлы,Чехол для смартфона,11100.0,235,Gold,2775.0,2.9103603603603605
2025-07-13,ORD450787,75824696,HHH_Pink_5858,7580,3,12161.8,1.0,2025,7,28,Sunday,13,July,KEEPHONE,Чехлы,Чехол для смартфона,7580.0,Potential Loyalists,Silver,2526.6666666666665,1.6044591029023745
2025-04-24,ORD197951,13391135,DDD_Blue_4643,3490,4,9177.9,1.0,2025,4,17,Thursday,24,April,KZDOO,Чехлы,Чехол для смартфона,3490.0,At Risk,Bronze,872.5,2.629770773638968
2025-08-16,ORD659798,32156174,DDD_White_3845,1950,2,1346.5,0.6905128205128205,2025,8,33,Saturday,16,August,KEEPHONE,Чехлы,Чехол для смартфона,1950.0,New Customers,Silver,975.0,0.6905128205128205
2025-02-27,ORD559167,21410336,FFF_Red_5929,2780,3,4855.2,1.0,2025,2,9,Thursday,27,February,KZDOO,Чехлы,Чехол для смартфона,2780.0,At Risk,Bronze,926.6666666666666,1.7464748201438849
2025-06-25,ORD645965,64327413,GGG_Pink_5430,3100,2,2860.0,0.9225806451612903,2025,6,26,Wednesday,25,June,KZDOO,Чехлы,Чехол для смартфона,3100.0,Loyal Customers,Gold,1550.0,0.9225806451612903
2025-07-25,ORD938678,82471173,FFF_Pink_7016,3100,4,7829.0,1.0,2025,7,30,Friday,25,July,KZDOO,Чехлы,Чехол для смартфона,3100.0,Loyal Customers,Platinum,775.0,2.525483870967742
2025-08-09,ORD838361,37316597,CCC_Blue_1631,3180,3,5276.2,1.0,2025,8,32,Saturday,9,August,KZDOO,Чехлы,Чехол для смартфона,3180.0,Potential Loyalists,Bronze,1060.0,1.6591823899371068
2025-03-08,ORD984822,35600902,GGG_Clear_3876,7500,2,7805.0,1.0,2025,3,10,Saturday,8,March,KZDOO,Чехлы,Чехол для смартфона,7500.0,Cannot Lose Them,Silver,3750.0,1.0406666666666666
2025-05-16,ORD640958,11135499,DDD_Pink_5595,5980,4,14989.6,1.0,2025,5,20,Friday,16,May,KEEPHONE,Чехлы,Чехол для смартфона,5980.0,213,Silver,1495.0,2.5066220735785953
2025-04-12,ORD599605,12001967,CCC_Pink_6619,2900,4,7953.0,1.0,2025,4,15,Saturday,12,April,KZDOO,Чехлы,Чехол для смартфона,2900.0,Potential Loyalists,Silver,725.0,2.7424137931034482
2025-07-19,ORD341642,73339847,BBB_Clear_5381,2596,3,4508.639999999999,1.0,2025,7,29,Saturday,19,July,KZDOO,Чехлы,Чехол для смартфона,2596.0,Loyal Customers,Gold,865.3333333333334,1.736764252696456
2025-09-16,ORD394750,53675020,DDD_Titanium_6448,5580,4,14573.2,1.0,2025,9,38,Tuesday,16,September,KZDOO,Чехлы,Чехол для смартфона,5580.0,High Value New Customers,Gold,1395.0,2.6116845878136203
2025-09-23,ORD366804,89828981,EEE_Purple_4363,1890,1,382.0,0.2021164021164021,2025,9,39,Tuesday,23,September,Renata,Батарейки и аккумуляторы,Батарейка,1890.0,New Customers,Silver,1890.0,0.2021164021164021
2025-06-05,ORD389329,51752271,BBB_Blue_9621,5500,2,6099.0,1.0,2025,6,23,Thursday,5,June,KZDOO,Чехлы,Чехол для смартфона,5500.0,213,Silver,2750.0,1.1089090909090908
2025-03-07,ORD673201,72010900,AAA_Black_7343,5980,2,5608.6,0.9378929765886288,2025,3,10,Friday,7,March,KEEPHONE,Чехлы,Чехол для смартфона,5980.0,At Risk,Bronze,2990.0,0.9378929765886288
2025-06-10,ORD986011,48025495,EEE_Black_2674,150,4,-152.5,-1.0,2025,6,24,Tuesday,10,June,Panasonic,Батарейки и аккумуляторы,Батарейка,150.0,Potential Loyalists,Bronze,37.5,-1.0166666666666666
2025-08-09,ORD314696,90003367,BBB_Clear_6703,7180,4,18792.6,1.0,2025,8,32,Saturday,9,August,KZDOO,Чехлы,Чехол для смартфона,7180.0,325,Gold,1795.0,2.6173537604456825
2025-05-21,ORD171406,72952203,EEE_Pink_4218,6738,1,128.04000000000042,0.0190026714158504,2025,5,21,Wednesday,21,May,KZDOO,Чехлы,Чехол для смартфона,6738.0,High Value New Customers,Gold,6738.0,0.019002671415850464
2025-06-07,ORD164532,59775520,HHH_Purple_5299,490,3,403.1,0.8226530612244899,2025,6,23,Saturday,7,June,REMAX,Защитные пленки и стекла,Защитное стекло,490.0,New Customers,Silver,163.33333333333334,0.8226530612244899
2025-03-03,ORD956989,91504638,AAA_Green_7796,9180,4,24205.8,1.0,2025,3,10,Monday,3,March,Неизвестно,Чехлы,Неизвестно,9180.0,Cannot Lose Them,Silver,2295.0,2.636797385620915
2025-04-12,ORD144073,79748321,BBB_Green_4107,7180,4,20535.8,1.0,2025,4,15,Saturday,12,April,KZDOO,Чехлы,Чехол для смартфона,7180.0,Loyal Customers,Platinum,1795.0,2.8601392757660165
2025-06-02,ORD739071,70326795,FFF_Purple_9422,11100,4,27063.0,1.0,2025,6,23,Monday,2,June,Неизвестно,Чехлы,Неизвестно,11100.0,Champions,Platinum,2775.0,2.438108108108108
2025-03-18,ORD439554,26194974,AAA_Black_7725,3380,4,8698.6,1.0,2025,3,12,Tuesday,18,March,KZDOO,Чехлы,Чехол для смартфона,3380.0,Champions,Platinum,845.0,2.5735502958579883
2025-04-13,ORD614893,42236708,HHH_Green_6711,5580,2,5012.6,0.89831541218638,2025,4,15,Sunday,13,April,KZDOO,Чехлы,Чехол для смартфона,5580.0,Loyal Customers,Platinum,2790.0,0.89831541218638
2025-09-04,ORD345433,80289394,GGG_Purple_5051,6580,4,17914.2,1.0,2025,9,36,Thursday,4,September,KZDOO,Чехлы,Чехол для смартфона,6580.0,High Value New Customers,Gold,1645.0,2.7225227963525835
2025-03-13,ORD149764,32484702,HHH_Clear_2518,7300,2,7105.0,0.9732876712328768,2025,3,11,Thursday,13,March,KZDOO,Чехлы,Чехол для смартфона,7300.0,Cannot Lose Them,Gold,3650.0,0.9732876712328767
2025-07-19,ORD794776,43896197,DDD_Blue_6662,4980,4,13547.0,1.0,2025,7,29,Saturday,19,July,K-DOO,Чехлы,Чехол для наушников,4980.0,324,Gold,1245.0,2.720281124497992
2025-08-02,ORD306941,11351952,EEE_Blue_1505,2000,3,3213.0,1.0,2025,8,31,Saturday,2,August,Нет бренда,Чехлы,Чехол для смартфона,2000.0,Potential Loyalists,Silver,666.6666666666666,1.6065
2025-03-17,ORD466561,54375561,CCC_Blue_2528,2700,1,237.0,0.0877777777777777,2025,3,12,Monday,17,March,KZDOO,Чехлы,Чехол для смартфона,2700.0,123,Silver,2700.0,0.08777777777777777
2025-06-07,ORD654986,29195433,GGG_Titanium_4026,2980,3,4685.6,1.0,2025,6,23,Saturday,7,June,KZDOO,Чехлы,Чехол для смартфона,2980.0,About To Sleep,Silver,993.3333333333334,1.5723489932885908
2025-07-14,ORD923126,97679450,DDD_Titanium_6156,1340,4,3141.2,1.0,2025,7,29,Monday,14,July,REMAX,Защитные пленки и стекла,Защитное стекло,1340.0,New Customers,Silver,335.0,2.344179104477612
2025-04-20,ORD101796,46434145,GGG_Pink_1622,5180,4,14285.8,1.0,2025,4,16,Sunday,20,April,KZDOO,Чехлы,Чехол для смартфона,5180.0,High Value New Customers,Gold,1295.0,2.757876447876448
2025-08-17,ORD508981,80774380,HHH_Blue_9425,2490,4,6388.1,1.0,2025,8,33,Sunday,17,August,KEEPHONE,Чехлы,Чехол для смартфона,2490.0,New Customers,Silver,622.5,2.5655020080321287
2025-02-28,ORD700429,26802010,EEE_Clear_6744,4200,3,7541.0,1.0,2025,2,9,Friday,28,February,K-DOO,Чехлы,Чехол для смартфона,4200.0,Loyal Customers,Platinum,1400.0,1.7954761904761904
2025-03-16,ORD750768,84683767,GGG_Titanium_8096,11100,4,30829.0,1.0,2025,3,11,Sunday,16,March,KZDOO,Чехлы,Чехол для смартфона,11100.0,Cannot Lose Them,Gold,2775.0,2.7773873873873876
2025-06-25,ORD911301,32067104,AAA_Red_8661,7300,3,13568.0,1.0,2025,6,26,Wednesday,25,June,KZDOO,Чехлы,Чехол для смартфона,7300.0,325,Gold,2433.3333333333335,1.8586301369863014
2025-05-07,ORD423738,60315278,FFF_Purple_3751,1020,2,617.8,0.6056862745098038,2025,5,19,Wednesday,7,May,Robiton,Батарейки и аккумуляторы,Батарейка,1020.0,New Customers,Silver,510.0,0.6056862745098038
2025-05-12,ORD920710,66208240,BBB_Black_7214,4980,1,622.5999999999999,0.1250200803212851,2025,5,20,Monday,12,May,KZDOO,Чехлы,Чехол для смартфона,4980.0,Cannot Lose Them,Silver,4980.0,0.12502008032128512
2025-06-03,ORD516655,53363052,CCC_Green_2906,7180,1,761.1999999999998,0.1060167130919219,2025,6,23,Tuesday,3,June,KZDOO,Чехлы,Чехол для смартфона,7180.0,At Risk,Bronze,7180.0,0.10601671309192198
2025-02-27,ORD633615,84491869,EEE_Green_2359,3100,3,5363.0,1.0,2025,2,9,Thursday,27,February,KZDOO,Чехлы,Чехол для смартфона,3100.0,At Risk,Bronze,1033.3333333333333,1.73
2025-05-20,ORD931662,93887738,AAA_White_6767,3490,2,3135.9,0.898538681948424,2025,5,21,Tuesday,20,May,KZDOO,Чехлы,Чехол для смартфона,3490.0,At Risk,Bronze,1745.0,0.8985386819484241
2025-01-31,ORD735168,42624136,BBB_Green_8505,9180,3,16229.8,1.0,2025,1,5,Friday,31,January,KZDOO,Чехлы,Чехол для смартфона,9180.0,Loyal Customers,Platinum,3060.0,1.7679520697167754
2025-09-06,ORD129936,33739806,CCC_Green_2534,1000,2,259.0,0.259,2025,9,36,Saturday,6,September,REMAX,Защитные пленки и стекла,Защитное стекло,1000.0,New Customers,Silver,500.0,0.259
2025-08-08,ORD707252,85884486,AAA_Red_7992,6580,4,17517.0,1.0,2025,8,32,Friday,8,August,KZDOO,Чехлы,Чехол для смартфона,6580.0,Loyal Customers,Platinum,1645.0,2.662158054711246
2025-08-31,ORD570660,62243407,DDD_Blue_8330,6180,2,5888.6,0.9528478964401296,2025,8,35,Sunday,31,August,KZDOO,Чехлы,Чехол для смартфона,6180.0,New Customers,Silver,3090.0,0.9528478964401295
2025-04-24,ORD725891,29302655,FFF_Red_4364,3100,2,2820.0,0.9096774193548388,2025,4,17,Thursday,24,April,KZDOO,Чехлы,Чехол для смартфона,3100.0,Loyal Customers,Gold,1550.0,0.9096774193548387
2025-09-03,ORD258304,18952810,EEE_Black_4500,11100,2,10948.0,0.9863063063063064,2025,9,36,Wednesday,3,September,KZDOO,Чехлы,Чехол для смартфона,11100.0,High Value New Customers,Gold,5550.0,0.9863063063063063
2025-02-01,ORD914796,76585970,FFF_White_7505,5180,1,427.1999999999998,0.0824710424710424,2025,2,5,Saturday,1,February,KEEPHONE,Чехлы,Чехол для смартфона,5180.0,235,Gold,5180.0,0.08247104247104244
2025-04-10,ORD735038,79748321,BBB_Green_4107,7180,2,7285.4,1.0,2025,4,15,Thursday,10,April,KZDOO,Чехлы,Чехол для смартфона,7180.0,Loyal Customers,Platinum,3590.0,1.0146796657381616
2025-02-21,ORD838490,19259686,HHH_Pink_2327,2000,4,4451.0,1.0,2025,2,8,Friday,21,February,KZDOO,Чехлы,Чехол для смартфона,9380.0,Loyal Customers,Gold,500.0,2.2255
2025-02-21,ORD838490,19259686,HHH_Pink_2327,2000,4,4451.0,1.0,2025,2,8,Friday,21,February,KZDOO,Чехлы,Чехол для смартфона,9380.0,Loyal Customers,Gold,500.0,2.2255
2025-04-09,ORD697629,16837385,AAA_Blue_3988,7580,4,20370.6,1.0,2025,4,15,Wednesday,9,April,KEEPHONE,Чехлы,Чехол для смартфона,7580.0,Loyal Customers,Platinum,1895.0,2.687414248021108
2025-04-19,ORD583825,24789210,GGG_White_9618,6580,4,18004.0,1.0,2025,4,16,Saturday,19,April,KZDOO,Чехлы,Чехол для смартфона,6580.0,314,Silver,1645.0,2.7361702127659573
2025-04-19,ORD664734,26677770,CCC_Titanium_7668,3700,2,3623.0,0.9791891891891892,2025,4,16,Saturday,19,April,KEEPHONE,Чехлы,Чехол для смартфона,3700.0,234,Gold,1850.0,0.9791891891891892
2025-08-15,ORD760728,21929427,FFF_Green_1597,4990,3,8299.8,1.0,2025,8,33,Friday,15,August,KZDOO,Чехлы,Чехол для смартфона,4990.0,High Value New Customers,Gold,1663.3333333333333,1.6632865731462925
2025-05-08,ORD406959,14773482,DDD_White_5541,5990,3,11270.7,1.0,2025,5,19,Thursday,8,May,KZDOO,Чехлы,Чехол для смартфона,5990.0,Loyal Customers,Gold,1996.6666666666667,1.881585976627713
2025-01-13,ORD807011,29875570,DDD_Black_2486,660,4,1261.0,1.0,2025,1,3,Monday,13,January,Robiton,Батарейки и аккумуляторы,Батарейка,660.0,541,Gold,165.0,1.9106060606060606
2025-02-05,ORD235337,13687354,DDD_Black_1710,4990,1,436.4000000000001,0.0874549098196393,2025,2,6,Wednesday,5,February,KZDOO,Чехлы,Чехол для смартфона,4990.0,High Value New Customers,Gold,4990.0,0.0874549098196393
2025-06-02,ORD446127,15752189,HHH_Pink_7554,5100,3,9590.0,1.0,2025,6,23,Monday,2,June,KZDOO,Чехлы,Чехол для наушников,5100.0,Loyal Customers,Platinum,1700.0,1.880392156862745
2025-08-03,ORD158418,61674284,DDD_Black_1765,5560,2,4713.8,0.8478057553956835,2025,8,31,Sunday,3,August,KZDOO,Чехлы,Чехол для смартфона,5560.0,Potential Loyalists,Silver,2780.0,0.8478057553956835
2025-03-10,ORD179962,29055787,FFF_Blue_7389,7180,3,13829.0,1.0,2025,3,11,Monday,10,March,KZDOO,Чехлы,Чехол для смартфона,7180.0,235,Gold,2393.3333333333335,1.9260445682451253
2025-04-02,ORD583921,25273810,GGG_Titanium_7570,2980,4,7805.799999999999,1.0,2025,4,14,Wednesday,2,April,KZDOO,Чехлы,Чехол для смартфона,2980.0,Potential Loyalists,Silver,745.0,2.6193959731543623
2025-03-17,ORD584520,64330327,GGG_Pink_9388,3100,1,229.0,0.0738709677419354,2025,3,12,Monday,17,March,KZDOO,Чехлы,Чехол для смартфона,3100.0,At Risk,Bronze,3100.0,0.07387096774193548
2025-05-20,ORD799119,42294120,CCC_Pink_2372,4980,3,9379.0,1.0,2025,5,21,Tuesday,20,May,K-DOO,Чехлы,Чехол для наушников,4980.0,324,Gold,1660.0,1.8833333333333333
2025-04-25,ORD650367,46775139,EEE_Green_8714,6580,3,11311.2,1.0,2025,4,17,Friday,25,April,KZDOO,Чехлы,Чехол для смартфона,6580.0,Cannot Lose Them,Silver,2193.3333333333335,1.7190273556231004
2025-09-18,ORD929940,32997683,CCC_Purple_7445,2780,4,6829.4,1.0,2025,9,38,Thursday,18,September,KZDOO,Чехлы,Чехол для смартфона,2780.0,Loyal Customers,Platinum,695.0,2.456618705035971
2025-07-09,ORD660348,52075157,DDD_Green_8043,7180,1,856.6000000000004,0.1193036211699164,2025,7,28,Wednesday,9,July,KZDOO,Чехлы,Чехол для смартфона,7180.0,324,Gold,7180.0,0.11930362116991648
2025-04-03,ORD545447,11935679,DDD_Green_2791,6580,1,13.400000000000093,0.0020364741641337,2025,4,14,Thursday,3,April,KZDOO,Чехлы,Чехол для смартфона,6580.0,Cannot Lose Them,Silver,6580.0,0.0020364741641337525
2025-03-12,ORD658526,63093696,EEE_Black_5749,2980,4,7931.6,1.0,2025,3,11,Wednesday,12,March,KZDOO,Чехлы,Чехол для смартфона,2980.0,About To Sleep,Silver,745.0,2.6616107382550336
2025-05-30,ORD114852,45932023,FFF_Blue_3894,6180,2,5250.6,0.849611650485437,2025,5,22,Friday,30,May,KZDOO,Чехлы,Чехол для смартфона,6180.0,Cannot Lose Them,Silver,3090.0,0.849611650485437
2025-05-08,ORD991917,95405398,GGG_Green_2022,2100,3,3348.0,1.0,2025,5,19,Thursday,8,May,KZDOO,Чехлы,Чехол для смартфона,2100.0,New Customers,Gold,700.0,1.5942857142857143
2025-05-04,ORD537151,43423685,EEE_Purple_1098,3380,2,3186.4,0.942721893491124,2025,5,18,Sunday,4,May,KZDOO,Чехлы,Чехол для смартфона,3380.0,High Value New Customers,Gold,1690.0,0.9427218934911243
2025-08-26,ORD571713,59775520,HHH_Purple_5299,490,3,269.6,0.5502040816326531,2025,8,35,Tuesday,26,August,REMAX,Защитные пленки и стекла,Защитное стекло,490.0,New Customers,Silver,163.33333333333334,0.5502040816326531
2025-08-02,ORD528885,14299738,FFF_Clear_9181,7380,3,13408.2,1.0,2025,8,31,Saturday,2,August,KZDOO,Чехлы,Чехол для смартфона,7380.0,314,Silver,2460.0,1.816829268292683
2025-09-17,ORD805334,44703697,CCC_Black_8407,4980,2,3866.4,0.7763855421686746,2025,9,38,Wednesday,17,September,KZDOO,Чехлы,Чехол для смартфона,4980.0,Loyal Customers,Platinum,2490.0,0.7763855421686747
2025-04-26,ORD554395,59240777,DDD_Titanium_5938,1220,4,3074.2,1.0,2025,4,17,Saturday,26,April,REMAX,Защитные пленки и стекла,Защитное стекло,1220.0,New Customers,Gold,305.0,2.51983606557377
2025-03-29,ORD685337,49227251,AAA_Purple_4611,1600,4,3850.0,1.0,2025,3,13,Saturday,29,March,K-DOO,Чехлы,Чехол для смартфона,1600.0,New Customers,Silver,400.0,2.40625
2025-03-25,ORD341802,32639679,EEE_Blue_5688,6990,3,13969.3,1.0,2025,3,13,Tuesday,25,March,KEEPHONE,Чехлы,Чехол для смартфона,6990.0,Cannot Lose Them,Silver,2330.0,1.9984692417739627
2025-06-11,ORD500782,80262000,FFF_Titanium_1822,11100,4,27007.0,1.0,2025,6,24,Wednesday,11,June,KZDOO,Чехлы,Чехол для смартфона,11100.0,Loyal Customers,Platinum,2775.0,2.433063063063063
2025-09-01,ORD480242,42123172,AAA_White_3643,2050,3,2994.5,1.0,2025,9,36,Monday,1,September,KEEPHONE,Чехлы,Чехол для смартфона,2050.0,Champions,Platinum,683.3333333333334,1.4607317073170731
2025-04-04,ORD709015,60866651,EEE_Pink_8352,5580,4,14134.0,1.0,2025,4,14,Friday,4,April,KZDOO,Чехлы,Чехол для смартфона,5580.0,Cannot Lose Them,Silver,1395.0,2.532974910394265
2025-02-16,ORD876167,84114415,CCC_Blue_8287,3100,3,5531.0,1.0,2025,2,7,Sunday,16,February,KZDOO,Чехлы,Чехол для смартфона,3100.0,123,Silver,1033.3333333333333,1.7841935483870968
2025-04-03,ORD571196,19979580,BBB_Titanium_2456,6490,4,18681.4,1.0,2025,4,14,Thursday,3,April,KEEPHONE,Чехлы,Чехол для смартфона,6490.0,At Risk,Bronze,1622.5,2.87848998459168
2025-01-15,ORD581017,13307981,HHH_Red_3772,2700,1,-119.0,-0.044074074074074,2025,1,3,Wednesday,15,January,K-DOO,Чехлы,Чехол для смартфона,2700.0,Potential Loyalists,Silver,2700.0,-0.04407407407407407
2025-06-07,ORD853406,75673901,CCC_White_7349,8990,2,8598.8,0.956484983314794,2025,6,23,Saturday,7,June,KEEPHONE,Чехлы,Чехол для смартфона,8990.0,314,Silver,4495.0,0.9564849833147941
2025-04-12,ORD124666,91781807,HHH_Black_7583,5300,1,723.0,0.1364150943396226,2025,4,15,Saturday,12,April,KZDOO,Чехлы,Чехол для смартфона,5300.0,Cannot Lose Them,Silver,5300.0,0.13641509433962265
2025-05-22,ORD336274,26878119,HHH_Purple_1747,4180,2,4790.0,1.0,2025,5,21,Thursday,22,May,KZDOO,Чехлы,Чехол для смартфона,4180.0,Cannot Lose Them,Silver,2090.0,1.145933014354067
2025-02-06,ORD267323,14926551,HHH_Blue_4428,5990,2,5741.799999999999,0.9585642737896491,2025,2,6,Thursday,6,February,KZDOO,Чехлы,Чехол для смартфона,5990.0,Loyal Customers,Platinum,2995.0,0.9585642737896493
2025-09-12,ORD500741,70160612,AAA_Purple_3399,7828,3,14466.2,1.0,2025,9,37,Friday,12,September,KZDOO,Чехлы,Чехол для смартфона,7828.0,Champions,Platinum,2609.3333333333335,1.8480071538068472
2025-08-04,ORD669150,53675020,DDD_Titanium_6448,5580,2,5320.799999999999,0.953548387096774,2025,8,32,Monday,4,August,KZDOO,Чехлы,Чехол для смартфона,5580.0,High Value New Customers,Gold,2790.0,0.953548387096774
2025-04-05,ORD710367,77990161,DDD_Red_2803,1460,1,-176.0,-0.1205479452054794,2025,4,14,Saturday,5,April,Robiton,Батарейки и аккумуляторы,Батарейка,1460.0,At Risk,Bronze,1460.0,-0.12054794520547946
2025-04-10,ORD234527,29143377,CCC_Titanium_5503,380,1,-234.0,-0.6157894736842106,2025,4,15,Thursday,10,April,Нет бренда,Чехлы,Чехол для смартфона,380.0,New Customers,Gold,380.0,-0.6157894736842106
2025-03-22,ORD143514,56970638,AAA_Black_7840,4780,4,13081.4,1.0,2025,3,12,Saturday,22,March,KEEPHONE,Чехлы,Чехол для смартфона,4780.0,Potential Loyalists,Silver,1195.0,2.736694560669456
2025-06-24,ORD436754,74692955,DDD_Black_2968,5124,1,101.92000000000009,0.0198907103825136,2025,6,26,Tuesday,24,June,KZDOO,Чехлы,Чехол для смартфона,5124.0,Champions,Platinum,5124.0,0.01989071038251368
2025-04-24,ORD495351,20387700,HHH_Black_9830,6980,4,19265.0,1.0,2025,4,17,Thursday,24,April,KEEPHONE,Чехлы,Чехол для смартфона,6980.0,Cannot Lose Them,Silver,1745.0,2.760028653295129
2025-05-21,ORD700773,87709977,GGG_Black_5508,5648,2,5528.960000000001,0.9789235127478756,2025,5,21,Wednesday,21,May,KZDOO,Чехлы,Чехол для смартфона,5648.0,Cannot Lose Them,Gold,2824.0,0.9789235127478755
2025-08-07,ORD780795,62613196,BBB_Red_1893,6580,1,579.3999999999996,0.0880547112462005,2025,8,32,Thursday,7,August,KEEPHONE,Чехлы,Чехол для смартфона,6580.0,325,Gold,6580.0,0.08805471124620055
2025-01-27,ORD833985,75174314,AAA_Green_5116,7380,2,7163.0,0.9705962059620596,2025,1,5,Monday,27,January,KZDOO,Чехлы,Чехол для смартфона,7380.0,Cannot Lose Them,Silver,3690.0,0.9705962059620596
2025-08-05,ORD567654,81893634,GGG_Red_7442,5980,1,686.0,0.1147157190635451,2025,8,32,Tuesday,5,August,KZDOO,Чехлы,Чехол для смартфона,5980.0,324,Gold,5980.0,0.11471571906354515
2025-01-02,ORD430139,55570580,BBB_White_3663,11100,1,1773.0,0.1597297297297297,2025,1,1,Thursday,2,January,KZDOO,Чехлы,Чехол для смартфона,11100.0,High Risk High Value,Gold,11100.0,0.15972972972972974
2025-02-21,ORD523426,33351587,CCC_Black_6996,9980,4,28100.800000000003,1.0,2025,2,8,Friday,21,February,KZDOO,Чехлы,Чехол для смартфона,9980.0,High Value New Customers,Platinum,2495.0,2.8157114228456916
2025-08-02,ORD371332,30512809,BBB_Blue_2694,2690,2,2069.7,0.7694052044609665,2025,8,31,Saturday,2,August,KEEPHONE,Чехлы,Чехол для смартфона,2690.0,Potential Loyalists,Silver,1345.0,0.7694052044609665
2025-05-22,ORD907270,86056168,FFF_Green_1588,11000,1,1901.0,0.1728181818181818,2025,5,21,Thursday,22,May,KZDOO,Чехлы,Чехол для смартфона,11000.0,High Value New Customers,Gold,11000.0,0.17281818181818182
2025-01-07,ORD360187,93626225,FFF_Clear_4303,9990,3,16411.2,1.0,2025,1,2,Tuesday,7,January,KZDOO,Чехлы,Чехол для смартфона,9990.0,Champions,Platinum,3330.0,1.6427627627627628
2025-04-24,ORD339237,26726668,EEE_Blue_2638,3180,2,2334.8,0.7342138364779874,2025,4,17,Thursday,24,April,KZDOO,Чехлы,Чехол для смартфона,3180.0,Potential Loyalists,Silver,1590.0,0.7342138364779874
2025-08-15,ORD554432,47335358,GGG_Pink_1893,2780,2,2404.6000000000004,0.8649640287769785,2025,8,33,Friday,15,August,KZDOO,Чехлы,Чехол для смартфона,2780.0,Loyal Customers,Platinum,1390.0,0.8649640287769785
2025-01-08,ORD478517,67982365,FFF_Red_4458,5100,2,3868.0,0.7584313725490196,2025,1,2,Wednesday,8,January,KZDOO,Чехлы,Чехол для наушников,5100.0,113,Bronze,2550.0,0.7584313725490196
2025-01-04,ORD368303,73339847,BBB_Clear_5381,2596,4,7297.16,1.0,2025,1,1,Saturday,4,January,KZDOO,Чехлы,Чехол для смартфона,2596.0,Loyal Customers,Gold,649.0,2.810924499229584
2025-07-04,ORD630639,94453894,CCC_Green_6440,7300,3,13944.0,1.0,2025,7,27,Friday,4,July,KZDOO,Чехлы,Чехол для смартфона,7300.0,325,Gold,2433.3333333333335,1.91013698630137
2025-09-09,ORD805435,78884710,AAA_White_5168,11990,2,10949.4,0.913211009174312,2025,9,37,Tuesday,9,September,KZDOO,Чехлы,Чехол для смартфона,11990.0,High Value New Customers,Platinum,5995.0,0.9132110091743119
2025-03-10,ORD996236,32219595,GGG_Pink_3942,2200,1,14.0,0.0063636363636363,2025,3,11,Monday,10,March,KZDOO,Чехлы,Чехол для смартфона,2200.0,About To Sleep,Silver,2200.0,0.006363636363636364
2025-05-07,ORD417100,64821792,GGG_Black_8879,5580,1,210.4000000000001,0.0377060931899641,2025,5,19,Wednesday,7,May,KZDOO,Чехлы,Чехол для смартфона,5580.0,213,Silver,5580.0,0.03770609318996417
2025-08-14,ORD963856,77043917,FFF_Purple_9353,11100,4,28223.0,1.0,2025,8,33,Thursday,14,August,KZDOO,Чехлы,Чехол для смартфона,11100.0,New Customers,Silver,2775.0,2.5426126126126127
2025-08-21,ORD852636,59240777,DDD_Titanium_5938,1220,1,-158.0,-0.1295081967213114,2025,8,34,Thursday,21,August,REMAX,Защитные пленки и стекла,Защитное стекло,1220.0,New Customers,Gold,1220.0,-0.12950819672131147
2025-09-03,ORD851956,26802010,EEE_Clear_6744,4200,2,4473.0,1.0,2025,9,36,Wednesday,3,September,K-DOO,Чехлы,Чехол для смартфона,4200.0,Loyal Customers,Platinum,2100.0,1.065
2025-09-17,ORD321954,24666903,BBB_Titanium_9028,3380,1,534.8000000000002,0.1582248520710059,2025,9,38,Wednesday,17,September,KZDOO,Чехлы,Чехол для смартфона,3380.0,New Customers,Gold,3380.0,0.15822485207100598
2025-03-24,ORD483455,65992151,FFF_Red_3712,3400,2,3049.0,0.8967647058823529,2025,3,13,Monday,24,March,KEEPHONE,Чехлы,Чехол для смартфона,3400.0,Loyal Customers,Gold,1700.0,0.8967647058823529
2025-07-21,ORD464026,52326977,DDD_Black_1564,1380,1,-35.799999999999955,-0.0259420289855072,2025,7,30,Monday,21,July,REMAX,Защитные пленки и стекла,Защитное стекло,1380.0,Potential Loyalists,Silver,1380.0,-0.025942028985507213
2025-08-16,ORD191468,33947909,HHH_Red_7905,6000,3,10654.0,1.0,2025,8,33,Saturday,16,August,KZDOO,Чехлы,Чехол для смартфона,6000.0,High Value New Customers,Gold,2000.0,1.7756666666666667
2025-01-20,ORD520024,28525798,CCC_Red_6375,6050,4,14400.0,1.0,2025,1,4,Monday,20,January,KZDOO,Чехлы,Чехол для смартфона,6050.0,235,Gold,1512.5,2.3801652892561984
2025-04-10,ORD514575,54375561,CCC_Blue_2528,2700,4,7279.0,1.0,2025,4,15,Thursday,10,April,KZDOO,Чехлы,Чехол для смартфона,2700.0,123,Silver,675.0,2.695925925925926
2025-04-01,ORD253789,54251905,HHH_Green_1705,2000,3,3535.0,1.0,2025,4,14,Tuesday,1,April,REMAX,Защитные пленки и стекла,Защитное стекло,2000.0,New Customers,Gold,666.6666666666666,1.7675
2025-03-18,ORD580139,68159326,HHH_Clear_5825,1240,3,1835.8,1.0,2025,3,12,Tuesday,18,March,REMAX,Защитные пленки и стекла,Защитное стекло,1240.0,Loyal Customers,Platinum,413.3333333333333,1.480483870967742
2025-06-05,ORD284187,67674825,GGG_Blue_3878,3380,4,8241.4,1.0,2025,6,23,Thursday,5,June,KZDOO,Чехлы,Чехол для смартфона,3380.0,About To Sleep,Silver,845.0,2.438284023668639
2025-05-17,ORD663290,97578232,DDD_Titanium_7441,4980,3,9359.4,1.0,2025,5,20,Saturday,17,May,K-DOO,Чехлы,Чехол для наушников,4980.0,235,Gold,1660.0,1.8793975903614457
2025-06-26,ORD902345,84347936,CCC_Clear_6860,3180,2,2538.8,0.798364779874214,2025,6,26,Thursday,26,June,KZDOO,Чехлы,Чехол для смартфона,3180.0,New Customers,Silver,1590.0,0.798364779874214
2025-07-28,ORD341215,71446261,EEE_Titanium_2576,5180,1,567.8000000000002,0.1096138996138996,2025,7,31,Monday,28,July,Raigor,Чехлы,Чехол для смартфона,5180.0,Loyal Customers,Gold,5180.0,0.10961389961389965
2025-01-01,ORD553012,42232730,HHH_White_3648,10780,4,26853.2,1.0,2025,1,1,Wednesday,1,January,KZDOO,Чехлы,Чехол для смартфона,10780.0,High Value New Customers,Gold,2695.0,2.491020408163265
2025-08-08,ORD964686,82901378,CCC_Pink_7762,3100,3,5199.0,1.0,2025,8,32,Friday,8,August,KEEPHONE,Чехлы,Чехол для смартфона,3100.0,Potential Loyalists,Silver,1033.3333333333333,1.6770967741935483
2025-09-04,ORD862940,52732703,CCC_Pink_7226,6200,2,5008.0,0.807741935483871,2025,9,36,Thursday,4,September,Robiton,Батарейки и аккумуляторы,Аккумуляторная батарейка,6200.0,Loyal Customers,Platinum,3100.0,0.807741935483871
2025-02-01,ORD117433,77056010,BBB_Black_3665,5430,4,14129.6,1.0,2025,2,5,Saturday,1,February,KZDOO,Чехлы,Чехол для наушников,5430.0,113,Bronze,1357.5,2.6021362799263352
2025-06-16,ORD903347,77758278,EEE_Black_2185,9100,3,15980.0,1.0,2025,6,25,Monday,16,June,Нет бренда,Чехлы,Неизвестно,9100.0,213,Silver,3033.3333333333335,1.756043956043956
2025-04-18,ORD317076,22258405,FFF_Blue_3236,3490,4,9553.6,1.0,2025,4,16,Friday,18,April,KZDOO,Чехлы,Чехол для смартфона,3490.0,Potential Loyalists,Silver,872.5,2.7374212034383953
2025-03-04,ORD679133,84867398,BBB_Pink_7897,2980,3,4466.4,1.0,2025,3,10,Tuesday,4,March,KZDOO,Чехлы,Чехол для смартфона,2980.0,Loyal Customers,Platinum,993.3333333333334,1.4987919463087247
2025-06-19,ORD878774,11854043,GGG_Red_4578,1900,4,5318.0,1.0,2025,6,25,Thursday,19,June,Renata,Батарейки и аккумуляторы,Батарейка,1900.0,At Risk,Bronze,475.0,2.798947368421053
2025-03-26,ORD940614,78108555,BBB_Green_2236,6050,2,6100.5,1.0,2025,3,13,Wednesday,26,March,KZDOO,Чехлы,Чехол для смартфона,6050.0,Champions,Platinum,3025.0,1.0083471074380166
2025-05-11,ORD767932,56099077,FFF_Green_4430,1040,2,634.0,0.6096153846153847,2025,5,19,Sunday,11,May,REMAX,Защитные пленки и стекла,Защитное стекло,1040.0,At Risk,Bronze,520.0,0.6096153846153847
2025-01-23,ORD566015,34657339,BBB_Titanium_6310,5500,1,1172.0,0.213090909090909,2025,1,4,Thursday,23,January,KZDOO,Чехлы,Чехол для смартфона,5500.0,Loyal Customers,Platinum,5500.0,0.21309090909090908
2025-06-23,ORD667925,72208276,AAA_Blue_4139,5580,4,15003.6,1.0,2025,6,26,Monday,23,June,KZDOO,Чехлы,Чехол для смартфона,5580.0,Cannot Lose Them,Silver,1395.0,2.6888172043010754
2025-07-17,ORD583704,35214367,FFF_White_7199,9990,1,2054.5,0.2056556556556556,2025,7,29,Thursday,17,July,KZDOO,Чехлы,Чехол для смартфона,9990.0,325,Gold,9990.0,0.20565565565565566
2025-07-28,ORD505473,26802010,EEE_Clear_6744,4200,4,9909.0,1.0,2025,7,31,Monday,28,July,K-DOO,Чехлы,Чехол для смартфона,4200.0,Loyal Customers,Platinum,1050.0,2.3592857142857144
2025-09-20,ORD481089,10145273,DDD_Red_7490,3490,3,5890.8,1.0,2025,9,38,Saturday,20,September,KEEPHONE,Чехлы,Чехол для смартфона,3490.0,Loyal Customers,Platinum,1163.3333333333333,1.6879083094555873
2025-08-09,ORD904100,59917650,FFF_Clear_9409,5648,3,10139.320000000002,1.0,2025,8,32,Saturday,9,August,KZDOO,Чехлы,Чехол для смартфона,5648.0,Potential Loyalists,Silver,1882.6666666666667,1.7952053824362608
2025-02-12,ORD106209,89459784,FFF_Purple_8560,6580,1,570.3999999999996,0.0866869300911853,2025,2,7,Wednesday,12,February,KZDOO,Чехлы,Чехол для смартфона,6580.0,Loyal Customers,Platinum,6580.0,0.08668693009118536
2025-05-18,ORD659242,32826828,EEE_Titanium_7662,6990,4,19602.3,1.0,2025,5,20,Sunday,18,May,KEEPHONE,Чехлы,Чехол для смартфона,6990.0,Loyal Customers,Platinum,1747.5,2.8043347639484977
2025-02-24,ORD194646,77282880,EEE_Purple_1729,5580,1,496.1999999999998,0.0889247311827956,2025,2,9,Monday,24,February,KZDOO,Чехлы,Чехол для смартфона,5580.0,Loyal Customers,Gold,5580.0,0.08892473118279566
2025-04-04,ORD444369,57336840,DDD_White_8173,1800,2,1570.0,0.8722222222222222,2025,4,14,Friday,4,April,K-DOO,Чехлы,Чехол для смартфона,1800.0,At Risk,Bronze,900.0,0.8722222222222222
2025-06-07,ORD572312,83149727,CCC_Purple_9600,5990,1,16.300000000000182,0.0027212020033389,2025,6,23,Saturday,7,June,KEEPHONE,Чехлы,Чехол для смартфона,5990.0,Loyal Customers,Gold,5990.0,0.0027212020033389283
2025-07-22,ORD603069,28647941,DDD_Clear_5853,1390,1,163.4000000000001,0.1175539568345324,2025,7,30,Tuesday,22,July,KZDOO,Чехлы,Чехол для смартфона,1390.0,Potential Loyalists,Bronze,1390.0,0.11755395683453244
2025-01-20,ORD524920,24553956,CCC_White_2543,4780,3,8006.0,1.0,2025,1,4,Monday,20,January,KEEPHONE,Чехлы,Чехол для смартфона,4780.0,Loyal Customers,Platinum,1593.3333333333333,1.6748953974895398
2025-09-17,ORD112435,89551751,HHH_Purple_7181,9180,1,289.6000000000004,0.0315468409586057,2025,9,38,Wednesday,17,September,KZDOO,Чехлы,Чехол для смартфона,9180.0,High Value New Customers,Gold,9180.0,0.03154684095860571
2025-08-27,ORD565229,68455110,AAA_Purple_5764,4980,4,13717.2,1.0,2025,8,35,Wednesday,27,August,KZDOO,Чехлы,Чехол для смартфона,4980.0,Loyal Customers,Platinum,1245.0,2.7544578313253014
2025-04-19,ORD860294,40509576,HHH_Purple_7128,7180,3,13139.6,1.0,2025,4,16,Saturday,19,April,KZDOO,Чехлы,Чехол для смартфона,7180.0,High Value New Customers,Gold,2393.3333333333335,1.8300278551532034
2025-07-08,ORD186275,12665141,EEE_Clear_2689,5580,1,849.8000000000002,0.1522939068100358,2025,7,28,Tuesday,8,July,KZDOO,Чехлы,Чехол для смартфона,5580.0,325,Gold,5580.0,0.15229390681003588
2025-01-11,ORD406463,70326795,FFF_Purple_9422,11100,2,10442.0,0.9407207207207208,2025,1,2,Saturday,11,January,Неизвестно,Чехлы,Неизвестно,11100.0,Champions,Platinum,5550.0,0.9407207207207208
2025-04-05,ORD269846,74566460,FFF_Blue_4146,11316,1,-55.35999999999967,-0.0048921880523152,2025,4,14,Saturday,5,April,KZDOO,Чехлы,Чехол для смартфона,11316.0,High Value New Customers,Platinum,11316.0,-0.004892188052315277
2025-04-13,ORD182328,91964708,GGG_Purple_5633,2380,1,-8.0,-0.0033613445378151,2025,4,15,Sunday,13,April,KZDOO,Чехлы,Чехол для смартфона,2380.0,New Customers,Gold,2380.0,-0.0033613445378151263
2025-09-28,ORD587692,48742299,CCC_Pink_8383,11100,1,165.0,0.0148648648648648,2025,9,39,Sunday,28,September,KZDOO,Чехлы,Чехол для смартфона,11100.0,Loyal Customers,Platinum,11100.0,0.014864864864864866
2025-03-14,ORD508791,77792184,BBB_Pink_9025,2580,3,3963.4,1.0,2025,3,11,Friday,14,March,KZDOO,Чехлы,Чехол для смартфона,2580.0,At Risk,Bronze,860.0,1.536201550387597
2025-05-08,ORD179482,18156492,GGG_Pink_4591,5980,4,16512.6,1.0,2025,5,19,Thursday,8,May,KZDOO,Чехлы,Чехол для смартфона,5980.0,High Value New Customers,Platinum,1495.0,2.7613043478260866
2025-06-29,ORD797275,32712151,BBB_Blue_6933,5980,2,6544.4,1.0,2025,6,26,Sunday,29,June,KZDOO,Чехлы,Чехол для смартфона,5980.0,213,Silver,2990.0,1.09438127090301
2025-04-24,ORD258038,48820146,DDD_Purple_7099,2580,1,175.20000000000005,0.067906976744186,2025,4,17,Thursday,24,April,KZDOO,Чехлы,Чехол для смартфона,2580.0,About To Sleep,Silver,2580.0,0.06790697674418607
2025-03-16,ORD328594,19259686,HHH_Pink_2327,2000,4,4703.0,1.0,2025,3,11,Sunday,16,March,KZDOO,Чехлы,Чехол для смартфона,9380.0,Loyal Customers,Gold,500.0,2.3515
2025-03-16,ORD328594,19259686,HHH_Pink_2327,2000,4,4703.0,1.0,2025,3,11,Sunday,16,March,KZDOO,Чехлы,Чехол для смартфона,9380.0,Loyal Customers,Gold,500.0,2.3515
2025-09-17,ORD553578,19331204,BBB_Pink_6613,5100,4,13958.0,1.0,2025,9,38,Wednesday,17,September,KZDOO,Чехлы,Чехол для смартфона,5100.0,New Customers,Gold,1275.0,2.736862745098039
2025-06-11,ORD392511,29540923,BBB_White_5235,5180,3,10098.6,1.0,2025,6,24,Wednesday,11,June,KZDOO,Чехлы,Чехол для смартфона,5180.0,High Value New Customers,Gold,1726.6666666666667,1.9495366795366795
2025-07-10,ORD315643,13687354,DDD_Black_1710,4990,2,5289.799999999999,1.0,2025,7,28,Thursday,10,July,KZDOO,Чехлы,Чехол для смартфона,4990.0,High Value New Customers,Gold,2495.0,1.0600801603206411
2025-01-18,ORD913119,61043170,HHH_Red_8358,2690,3,4211.4,1.0,2025,1,3,Saturday,18,January,KEEPHONE,Чехлы,Чехол для смартфона,2690.0,About To Sleep,Silver,896.6666666666666,1.5655762081784386
2025-05-14,ORD337283,64538087,CCC_Clear_4692,3490,4,9642.3,1.0,2025,5,20,Wednesday,14,May,KZDOO,Чехлы,Чехол для смартфона,3490.0,234,Gold,872.5,2.762836676217765
2025-08-13,ORD476514,82438067,EEE_Red_8950,5980,4,16047.6,1.0,2025,8,33,Wednesday,13,August,KZDOO,Чехлы,Чехол для смартфона,5980.0,High Value New Customers,Gold,1495.0,2.683545150501672
2025-02-02,ORD383201,71333535,CCC_Clear_1274,1460,4,3262.6000000000004,1.0,2025,2,5,Sunday,2,February,REMAX,Защитные пленки и стекла,Защитное стекло,1460.0,Loyal Customers,Gold,365.0,2.2346575342465758
2025-04-20,ORD171913,36496711,GGG_Blue_5448,6736,3,11366.0,1.0,2025,4,16,Sunday,20,April,KZDOO,Чехлы,Чехол для смартфона,6736.0,Cannot Lose Them,Silver,2245.3333333333335,1.687351543942993
2025-04-24,ORD357930,28202461,GGG_Pink_9489,4980,2,5520.0,1.0,2025,4,17,Thursday,24,April,KZDOO,Чехлы,Чехол для смартфона,4980.0,New Customers,Silver,2490.0,1.108433734939759
2025-09-23,ORD879678,36919791,CCC_Clear_1118,1800,1,-177.0,-0.0983333333333333,2025,9,39,Tuesday,23,September,K-DOO,Чехлы,Чехол для смартфона,1800.0,New Customers,Gold,1800.0,-0.09833333333333333
2025-06-30,ORD903385,20450748,EEE_Black_1662,11100,3,18787.0,1.0,2025,6,27,Monday,30,June,KZDOO,Чехлы,Чехол для смартфона,11100.0,High Value New Customers,Platinum,3700.0,1.6925225225225224
2025-03-07,ORD747887,29875570,DDD_Black_2486,660,4,1308.4,1.0,2025,3,10,Friday,7,March,Robiton,Батарейки и аккумуляторы,Батарейка,660.0,541,Gold,165.0,1.9824242424242426
2025-03-15,ORD112885,80615239,AAA_White_9065,4990,3,7543.700000000001,1.0,2025,3,11,Saturday,15,March,KZDOO,Чехлы,Чехол для смартфона,4990.0,High Value New Customers,Gold,1663.3333333333333,1.5117635270541083
2025-09-27,ORD882534,43423685,EEE_Purple_1098,3380,4,7980.799999999999,1.0,2025,9,39,Saturday,27,September,KZDOO,Чехлы,Чехол для смартфона,3380.0,High Value New Customers,Gold,845.0,2.3611834319526626
2025-06-19,ORD261633,17625450,EEE_Red_9020,5580,1,447.0,0.0801075268817204,2025,6,25,Thursday,19,June,KZDOO,Чехлы,Чехол для смартфона,5580.0,Cannot Lose Them,Gold,5580.0,0.08010752688172043
2025-01-29,ORD373094,40907194,AAA_White_9755,5990,1,152.4000000000001,0.0254424040066778,2025,1,5,Wednesday,29,January,KEEPHONE,Чехлы,Чехол для смартфона,5990.0,New Customers,Silver,5990.0,0.025442404006677813
2025-09-08,ORD969333,66519859,GGG_Purple_1694,4900,2,4438.0,0.9057142857142856,2025,9,37,Monday,8,September,Robiton,Батарейки и аккумуляторы,Батарейка,4900.0,High Value New Customers,Gold,2450.0,0.9057142857142857
2025-07-29,ORD214182,79115313,HHH_Pink_8206,4980,4,14122.8,1.0,2025,7,31,Tuesday,29,July,KZDOO,Чехлы,Чехол для смартфона,4980.0,Potential Loyalists,Bronze,1245.0,2.8359036144578313
2025-09-18,ORD725890,66144867,CCC_Blue_3895,9180,2,7186.6,0.7828540305010894,2025,9,38,Thursday,18,September,KZDOO,Чехлы,Чехол для смартфона,9180.0,High Value New Customers,Platinum,4590.0,0.7828540305010894
2025-06-29,ORD318170,84491869,EEE_Green_2359,3100,2,2564.0,0.8270967741935484,2025,6,26,Sunday,29,June,KZDOO,Чехлы,Чехол для смартфона,3100.0,At Risk,Bronze,1550.0,0.8270967741935484
2025-08-06,ORD852810,90424966,CCC_Red_9477,1550,1,28.5,0.0183870967741935,2025,8,32,Wednesday,6,August,KZDOO,Чехлы,Чехол для смартфона,1550.0,Potential Loyalists,Bronze,1550.0,0.018387096774193548
2025-08-26,ORD801578,91763078,CCC_Clear_8930,1080,3,1583.1999999999998,1.0,2025,8,35,Tuesday,26,August,Renata,Батарейки и аккумуляторы,Батарейка,1080.0,New Customers,Silver,360.0,1.4659259259259259
2025-04-08,ORD599979,74588621,HHH_Titanium_9363,2550,3,4275.0,1.0,2025,4,15,Tuesday,8,April,KZDOO,Чехлы,Чехол для смартфона,2550.0,Champions,Platinum,850.0,1.6764705882352942
2025-01-04,ORD331223,54154203,CCC_Blue_3473,2980,2,2671.8,0.8965771812080537,2025,1,1,Saturday,4,January,KZDOO,Чехлы,Чехол для смартфона,2980.0,123,Silver,1490.0,0.8965771812080537
2025-02-25,ORD297911,86221208,DDD_Clear_1598,6580,1,171.0,0.0259878419452887,2025,2,9,Tuesday,25,February,KZDOO,Чехлы,Чехол для смартфона,6580.0,Loyal Customers,Platinum,6580.0,0.025987841945288755
2025-09-14,ORD319315,84347936,CCC_Clear_6860,3180,4,8029.200000000001,1.0,2025,9,37,Sunday,14,September,KZDOO,Чехлы,Чехол для смартфона,3180.0,New Customers,Silver,795.0,2.5249056603773585
2025-03-31,ORD794250,14715236,GGG_Purple_5110,6580,3,11164.4,1.0,2025,3,14,Monday,31,March,KZDOO,Чехлы,Чехол для смартфона,6580.0,324,Gold,2193.3333333333335,1.6967173252279635
2025-07-17,ORD710293,70326795,FFF_Purple_9422,11100,2,10723.0,0.966036036036036,2025,7,29,Thursday,17,July,Неизвестно,Чехлы,Неизвестно,11100.0,Champions,Platinum,5550.0,0.966036036036036
2025-07-10,ORD134404,63259901,CCC_White_6266,5100,3,9063.0,1.0,2025,7,28,Thursday,10,July,KZDOO,Чехлы,Чехол для наушников,5100.0,Loyal Customers,Gold,1700.0,1.7770588235294118
2025-02-24,ORD975130,98423853,BBB_Pink_8845,5300,3,8749.0,1.0,2025,2,9,Monday,24,February,KZDOO,Чехлы,Чехол для смартфона,5300.0,113,Bronze,1766.6666666666667,1.650754716981132
2025-01-21,ORD715257,93094444,DDD_White_9135,2990,4,7936.6,1.0,2025,1,4,Tuesday,21,January,KEEPHONE,Чехлы,Чехол для смартфона,2990.0,234,Gold,747.5,2.65438127090301
2025-01-23,ORD514644,91592163,BBB_Black_7878,2580,1,84.0,0.0325581395348837,2025,1,4,Thursday,23,January,KZDOO,Чехлы,Чехол для смартфона,2580.0,At Risk,Bronze,2580.0,0.03255813953488372
2025-05-18,ORD999850,43178236,HHH_Red_3860,6000,4,15760.0,1.0,2025,5,20,Sunday,18,May,KZDOO,Чехлы,Чехол для смартфона,6000.0,324,Gold,1500.0,2.6266666666666665
2025-06-06,ORD181227,49649549,BBB_Black_9198,880,1,-320.4,-0.3640909090909091,2025,6,23,Friday,6,June,Robiton,Батарейки и аккумуляторы,Батарейка,880.0,New Customers,Silver,880.0,-0.3640909090909091
2025-03-19,ORD777191,24565729,HHH_White_4631,9180,3,15480.4,1.0,2025,3,12,Wednesday,19,March,KZDOO,Чехлы,Чехол для смартфона,9180.0,High Value New Customers,Gold,3060.0,1.686318082788671
2025-06-16,ORD324139,50339234,CCC_Black_7296,2933,2,2016.71,0.6875929082850324,2025,6,25,Monday,16,June,KEEPHONE,Чехлы,Чехол для смартфона,2933.0,Potential Loyalists,Silver,1466.5,0.6875929082850324
2025-01-15,ORD946938,61473853,BBB_Black_4989,6050,4,14942.0,1.0,2025,1,3,Wednesday,15,January,KZDOO,Чехлы,Чехол для смартфона,6050.0,113,Bronze,1512.5,2.4697520661157024
2025-03-22,ORD514381,20765137,CCC_Pink_8919,1580,1,-346.4,-0.2192405063291139,2025,3,12,Saturday,22,March,REMAX,Защитные пленки и стекла,Защитное стекло,1580.0,About To Sleep,Silver,1580.0,-0.2192405063291139
2025-08-18,ORD936453,64327413,GGG_Pink_5430,3100,3,5257.0,1.0,2025,8,34,Monday,18,August,KZDOO,Чехлы,Чехол для смартфона,3100.0,Loyal Customers,Gold,1033.3333333333333,1.6958064516129032
2025-02-27,ORD402115,63335242,AAA_White_4047,7980,1,456.8000000000002,0.0572431077694235,2025,2,9,Thursday,27,February,K-DOO,Чехлы,Чехол для смартфона,7980.0,Cannot Lose Them,Silver,7980.0,0.05724310776942358
2025-02-19,ORD366441,44809215,AAA_Black_2397,7300,1,1030.0,0.1410958904109589,2025,2,8,Wednesday,19,February,KZDOO,Чехлы,Чехол для смартфона,7300.0,Cannot Lose Them,Silver,7300.0,0.1410958904109589
2025-09-15,ORD264691,51313051,DDD_Clear_9288,11100,1,2199.0,0.1981081081081081,2025,9,38,Monday,15,September,KZDOO,Чехлы,Чехол для смартфона,11100.0,High Value New Customers,Platinum,11100.0,0.1981081081081081
2025-07-11,ORD772973,28310439,HHH_White_7575,2790,3,5058.6,1.0,2025,7,28,Friday,11,July,KZDOO,Чехлы,Чехол для смартфона,2790.0,New Customers,Silver,930.0,1.8131182795698926
2025-08-02,ORD949355,55970003,CCC_Blue_8291,5580,2,5099.0,0.9137992831541218,2025,8,31,Saturday,2,August,KZDOO,Чехлы,Чехол для смартфона,5580.0,324,Gold,2790.0,0.9137992831541218
2025-06-07,ORD953498,91781807,HHH_Black_7583,5300,2,5984.0,1.0,2025,6,23,Saturday,7,June,KZDOO,Чехлы,Чехол для смартфона,5300.0,Cannot Lose Them,Silver,2650.0,1.129056603773585
2025-04-10,ORD236165,97578232,DDD_Titanium_7441,4980,2,4595.0,0.9226907630522088,2025,4,15,Thursday,10,April,K-DOO,Чехлы,Чехол для наушников,4980.0,235,Gold,2490.0,0.9226907630522089
2025-01-14,ORD943573,26194974,AAA_Black_7725,3380,1,382.8000000000002,0.1132544378698225,2025,1,3,Tuesday,14,January,KZDOO,Чехлы,Чехол для смартфона,3380.0,Champions,Platinum,3380.0,0.11325443786982253
2025-06-17,ORD451175,79747505,AAA_Blue_9495,5980,3,10039.4,1.0,2025,6,25,Tuesday,17,June,KEEPHONE,Чехлы,Чехол для смартфона,5980.0,213,Silver,1993.3333333333333,1.6788294314381271
2025-08-31,ORD888104,33336859,BBB_Blue_8197,6000,1,419.0,0.0698333333333333,2025,8,35,Sunday,31,August,KZDOO,Чехлы,Чехол для смартфона,6000.0,Loyal Customers,Platinum,6000.0,0.06983333333333333
2025-09-12,ORD793010,67730240,DDD_Pink_2219,2600,2,2154.0,0.8284615384615385,2025,9,37,Friday,12,September,KEEPHONE,Чехлы,Чехол для смартфона,2600.0,New Customers,Silver,1300.0,0.8284615384615385
2025-02-08,ORD730449,87897147,EEE_Black_8254,2780,2,2506.2,0.9015107913669064,2025,2,6,Saturday,8,February,KZDOO,Чехлы,Чехол для смартфона,2780.0,Potential Loyalists,Silver,1390.0,0.9015107913669064
2025-03-23,ORD906694,68159326,HHH_Clear_5825,1240,3,1915.8,1.0,2025,3,12,Sunday,23,March,REMAX,Защитные пленки и стекла,Защитное стекло,1240.0,Loyal Customers,Platinum,413.3333333333333,1.545
2025-08-28,ORD995328,97043253,FFF_Green_9071,3100,1,648.0,0.2090322580645161,2025,8,35,Thursday,28,August,KZDOO,Чехлы,Чехол для смартфона,3100.0,New Customers,Gold,3100.0,0.20903225806451614
2025-07-12,ORD942616,52953466,BBB_Pink_4023,2490,4,6050.8,1.0,2025,7,28,Saturday,12,July,KZDOO,Чехлы,Чехол для смартфона,2490.0,Potential Loyalists,Silver,622.5,2.4300401606425703
2025-05-01,ORD746780,32826828,EEE_Titanium_7662,6990,4,17684.2,1.0,2025,5,18,Thursday,1,May,KEEPHONE,Чехлы,Чехол для смартфона,6990.0,Loyal Customers,Platinum,1747.5,2.5299284692417743
2025-02-11,ORD681931,43776637,EEE_Blue_5790,5980,2,4828.6,0.8074581939799331,2025,2,7,Tuesday,11,February,KZDOO,Чехлы,Чехол для смартфона,5980.0,Loyal Customers,Platinum,2990.0,0.8074581939799331
2025-02-02,ORD632542,58295345,GGG_Clear_8444,4700,3,8905.0,1.0,2025,2,5,Sunday,2,February,KZDOO,Чехлы,Чехол для смартфона,4700.0,Champions,Platinum,1566.6666666666667,1.8946808510638298
2025-08-28,ORD693762,39912009,AAA_Black_7462,4990,1,1024.1,0.2052304609218436,2025,8,35,Thursday,28,August,KZDOO,Чехлы,Чехол для смартфона,4990.0,Loyal Customers,Platinum,4990.0,0.20523046092184366
2025-02-22,ORD956369,60679385,EEE_White_2537,1340,1,-114.60000000000002,-0.0855223880597015,2025,2,8,Saturday,22,February,Robiton,Батарейки и аккумуляторы,Батарейка,1340.0,At Risk,Bronze,1340.0,-0.08552238805970151
2025-04-26,ORD149559,42826695,AAA_Black_1627,7990,2,7920.5,0.9913016270337922,2025,4,17,Saturday,26,April,KEEPHONE,Чехлы,Чехол для смартфона,7990.0,At Risk,Bronze,3995.0,0.9913016270337922
2025-03-28,ORD881039,19770679,HHH_Red_1115,7828,2,6943.88,0.8870567194685743,2025,3,13,Friday,28,March,K-DOO,Чехлы,Чехол для смартфона,7828.0,Loyal Customers,Platinum,3914.0,0.8870567194685743
2025-09-20,ORD652671,36919791,CCC_Clear_1118,1800,1,53.0,0.0294444444444444,2025,9,38,Saturday,20,September,K-DOO,Чехлы,Чехол для смартфона,1800.0,New Customers,Gold,1800.0,0.029444444444444443
2025-04-17,ORD792671,85687791,AAA_Black_9253,5980,1,1034.6000000000004,0.1730100334448161,2025,4,16,Thursday,17,April,KEEPHONE,Чехлы,Чехол для смартфона,5980.0,Cannot Lose Them,Gold,5980.0,0.1730100334448161
2025-02-07,ORD392787,42464834,CCC_Green_2957,3400,2,3210.0,0.9441176470588236,2025,2,6,Friday,7,February,Robiton,Батарейки и аккумуляторы,Аккумуляторная батарейка,3400.0,At Risk,Bronze,1700.0,0.9441176470588235
2025-08-18,ORD111077,42232730,HHH_White_3648,10780,1,1261.1999999999998,0.1169944341372912,2025,8,34,Monday,18,August,KZDOO,Чехлы,Чехол для смартфона,10780.0,High Value New Customers,Gold,10780.0,0.11699443413729127
2025-08-12,ORD947445,86253551,EEE_Pink_2728,3490,4,7955.6,1.0,2025,8,33,Tuesday,12,August,KZDOO,Чехлы,Чехол для смартфона,3490.0,New Customers,Gold,872.5,2.2795415472779372
2025-04-02,ORD842780,78884710,AAA_White_5168,11990,2,13256.5,1.0,2025,4,14,Wednesday,2,April,KZDOO,Чехлы,Чехол для смартфона,11990.0,High Value New Customers,Platinum,5995.0,1.1056296914095078
2025-02-22,ORD514709,82137556,EEE_Black_5363,5990,1,-213.19999999999985,-0.03559265442404,2025,2,8,Saturday,22,February,KEEPHONE,Чехлы,Чехол для смартфона,5990.0,At Risk,Bronze,5990.0,-0.03559265442404004
2025-04-06,ORD355361,55570580,BBB_White_3663,11100,2,11073.0,0.9975675675675676,2025,4,14,Sunday,6,April,KZDOO,Чехлы,Чехол для смартфона,11100.0,High Risk High Value,Gold,5550.0,0.9975675675675676
2025-05-19,ORD214691,67182647,GGG_Black_4596,3100,3,5566.0,1.0,2025,5,21,Monday,19,May,KEEPHONE,Чехлы,Чехол для смартфона,3100.0,324,Gold,1033.3333333333333,1.7954838709677419
2025-07-16,ORD791342,35690160,GGG_Purple_2856,5648,2,5489.480000000001,0.97193342776204,2025,7,29,Wednesday,16,July,KZDOO,Чехлы,Чехол для смартфона,5648.0,324,Gold,2824.0,0.97193342776204
2025-05-28,ORD373258,27378295,GGG_Blue_2566,900,2,636.0,0.7066666666666667,2025,5,22,Wednesday,28,May,Robiton,Батарейки и аккумуляторы,Батарейка,900.0,Potential Loyalists,Silver,450.0,0.7066666666666667
2025-08-10,ORD756439,97750622,FFF_White_2222,6100,3,9702.0,1.0,2025,8,32,Sunday,10,August,KEEPHONE,Чехлы,Чехол для смартфона,6100.0,High Value New Customers,Gold,2033.3333333333333,1.5904918032786886
2025-02-25,ORD762006,34643765,GGG_Black_5712,6980,4,18520.0,1.0,2025,2,9,Tuesday,25,February,KEEPHONE,Чехлы,Чехол для смартфона,6980.0,Loyal Customers,Platinum,1745.0,2.653295128939828
2025-06-11,ORD924965,26483342,HHH_Clear_4657,4980,1,633.5999999999999,0.1272289156626505,2025,6,24,Wednesday,11,June,KZDOO,Чехлы,Чехол для смартфона,4980.0,Cannot Lose Them,Silver,4980.0,0.12722891566265057
2025-08-23,ORD898572,42668897,FFF_Clear_6850,7380,3,12887.4,1.0,2025,8,34,Saturday,23,August,KZDOO,Чехлы,Чехол для смартфона,7380.0,High Value New Customers,Gold,2460.0,1.7462601626016259
2025-08-12,ORD367259,61490753,EEE_Purple_3010,1140,2,738.2,0.6475438596491229,2025,8,33,Tuesday,12,August,Renata,Батарейки и аккумуляторы,Батарейка,1140.0,New Customers,Silver,570.0,0.6475438596491229
2025-08-22,ORD564161,68149765,BBB_Purple_8018,3380,1,-215.20000000000005,-0.0636686390532544,2025,8,34,Friday,22,August,Robiton,Батарейки и аккумуляторы,Аккумуляторная батарейка,3380.0,New Customers,Silver,3380.0,-0.06366863905325446
2025-05-28,ORD496750,98454420,AAA_Titanium_4017,7180,3,14459.6,1.0,2025,5,22,Wednesday,28,May,KZDOO,Чехлы,Чехол для смартфона,7180.0,Cannot Lose Them,Silver,2393.3333333333335,2.013871866295265
2025-06-09,ORD652239,55570580,BBB_White_3663,11100,1,2603.0,0.2345045045045045,2025,6,24,Monday,9,June,KZDOO,Чехлы,Чехол для смартфона,11100.0,High Risk High Value,Gold,11100.0,0.2345045045045045
2025-03-22,ORD695232,27995241,GGG_Blue_6871,2490,1,-24.799999999999955,-0.0099598393574297,2025,3,12,Saturday,22,March,KZDOO,Чехлы,Чехол для смартфона,2490.0,Loyal Customers,Platinum,2490.0,-0.0099598393574297
2025-06-02,ORD375712,68159326,HHH_Clear_5825,1240,3,1601.4,1.0,2025,6,23,Monday,2,June,REMAX,Защитные пленки и стекла,Защитное стекло,1240.0,Loyal Customers,Platinum,413.3333333333333,1.2914516129032259
2025-06-30,ORD933879,20862535,FFF_Titanium_4702,5580,1,79.0,0.0141577060931899,2025,6,27,Monday,30,June,KZDOO,Чехлы,Чехол для смартфона,5580.0,Cannot Lose Them,Silver,5580.0,0.014157706093189963
2025-02-25,ORD945337,59775520,HHH_Purple_5299,490,4,806.9000000000001,1.0,2025,2,9,Tuesday,25,February,REMAX,Защитные пленки и стекла,Защитное стекло,490.0,New Customers,Silver,122.5,1.6467346938775511
2025-09-08,ORD790490,93626225,FFF_Clear_4303,9990,3,18313.3,1.0,2025,9,37,Monday,8,September,KZDOO,Чехлы,Чехол для смартфона,9990.0,Champions,Platinum,3330.0,1.833163163163163
2025-05-29,ORD435971,63259901,CCC_White_6266,5100,4,12881.0,1.0,2025,5,22,Thursday,29,May,KZDOO,Чехлы,Чехол для наушников,5100.0,Loyal Customers,Gold,1275.0,2.525686274509804
2025-03-29,ORD418458,83149727,CCC_Purple_9600,5990,2,4686.6,0.7824040066777964,2025,3,13,Saturday,29,March,KEEPHONE,Чехлы,Чехол для смартфона,5990.0,Loyal Customers,Gold,2995.0,0.7824040066777964
2025-03-04,ORD718843,12197069,HHH_Pink_7589,6380,1,732.3999999999996,0.114796238244514,2025,3,10,Tuesday,4,March,KEEPHONE,Чехлы,Чехол для смартфона,6380.0,At Risk,Bronze,6380.0,0.11479623824451404
2025-08-23,ORD927245,44260719,HHH_Purple_8562,3790,2,3070.9,0.810263852242744,2025,8,34,Saturday,23,August,KEEPHONE,Чехлы,Чехол для смартфона,3790.0,Loyal Customers,Gold,1895.0,0.8102638522427441
2025-09-01,ORD451931,49969528,HHH_Purple_2012,2980,2,2556.0,0.8577181208053691,2025,9,36,Monday,1,September,KZDOO,Чехлы,Чехол для смартфона,2980.0,New Customers,Silver,1490.0,0.8577181208053691
2025-04-04,ORD600317,28865428,CCC_White_6197,1900,1,-453.0,-0.2384210526315789,2025,4,14,Friday,4,April,Varta,Батарейки и аккумуляторы,Батарейка,1900.0,At Risk,Bronze,1900.0,-0.23842105263157895
2025-09-02,ORD314586,24499014,DDD_White_9097,3180,3,5593.0,1.0,2025,9,36,Tuesday,2,September,KZDOO,Чехлы,Чехол для смартфона,3180.0,New Customers,Gold,1060.0,1.7588050314465409
2025-08-01,ORD291713,44260719,HHH_Purple_8562,3790,1,593.9000000000001,0.1567018469656992,2025,8,31,Friday,1,August,KEEPHONE,Чехлы,Чехол для смартфона,3790.0,Loyal Customers,Gold,3790.0,0.15670184696569922
2025-04-12,ORD595901,38916371,GGG_Blue_9644,8200,2,6910.0,0.8426829268292683,2025,4,15,Saturday,12,April,KZDOO,Чехлы,Чехол для смартфона,8200.0,High Value New Customers,Platinum,4100.0,0.8426829268292683
2025-02-16,ORD152456,64096625,GGG_Black_5356,700,2,408.0,0.5828571428571429,2025,2,7,Sunday,16,February,Robiton,Батарейки и аккумуляторы,Батарейка,700.0,New Customers,Silver,350.0,0.5828571428571429
2025-04-06,ORD225755,87769242,GGG_Black_5293,3590,3,6219.1,1.0,2025,4,14,Sunday,6,April,K-DOO,Чехлы,Чехол для смартфона,3590.0,At Risk,Bronze,1196.6666666666667,1.7323398328690809
2025-08-07,ORD129885,31965024,BBB_Red_4612,6980,1,-37.0,-0.0053008595988538,2025,8,32,Thursday,7,August,KEEPHONE,Чехлы,Чехол для смартфона,6980.0,Potential Loyalists,Silver,6980.0,-0.005300859598853868
2025-03-18,ORD883556,39912009,AAA_Black_7462,4990,2,5098.200000000001,1.0,2025,3,12,Tuesday,18,March,KZDOO,Чехлы,Чехол для смартфона,4990.0,Loyal Customers,Platinum,2495.0,1.021683366733467
2025-07-10,ORD965496,12001967,CCC_Pink_6619,2900,4,6701.0,1.0,2025,7,28,Thursday,10,July,KZDOO,Чехлы,Чехол для смартфона,2900.0,Potential Loyalists,Silver,725.0,2.3106896551724136
2025-05-20,ORD884475,83601675,HHH_White_5225,9180,2,9093.4,0.9905664488017428,2025,5,21,Tuesday,20,May,KZDOO,Чехлы,Чехол для смартфона,9180.0,High Value New Customers,Gold,4590.0,0.9905664488017428
2025-07-18,ORD905363,42522552,GGG_White_4936,1080,2,444.5999999999999,0.4116666666666665,2025,7,29,Friday,18,July,Robiton,Батарейки и аккумуляторы,Батарейка,1080.0,Potential Loyalists,Bronze,540.0,0.41166666666666657
2025-06-19,ORD867045,67734976,CCC_Green_5247,4980,3,9947.0,1.0,2025,6,25,Thursday,19,June,KZDOO,Чехлы,Чехол для смартфона,4980.0,Potential Loyalists,Silver,1660.0,1.9973895582329317
2025-05-22,ORD960088,22270955,CCC_Purple_4954,2980,4,7894.6,1.0,2025,5,21,Thursday,22,May,KZDOO,Чехлы,Чехол для смартфона,2980.0,Loyal Customers,Platinum,745.0,2.649194630872483
2025-08-22,ORD545372,63341383,FFF_Clear_7965,690,2,188.6,0.2733333333333334,2025,8,34,Friday,22,August,Нет бренда,Кабели и переходники,Кабель-переходник,690.0,New Customers,Silver,345.0,0.2733333333333333
2025-01-03,ORD992872,70591490,GGG_Red_8906,3500,2,3495.0,0.9985714285714286,2025,1,1,Friday,3,January,KEEPHONE,Чехлы,Чехол для смартфона,3500.0,Potential Loyalists,Silver,1750.0,0.9985714285714286
2025-01-08,ORD128083,77148972,DDD_Blue_4861,7380,4,19920.2,1.0,2025,1,2,Wednesday,8,January,KZDOO,Чехлы,Чехол для смартфона,7380.0,At Risk,Bronze,1845.0,2.6992140921409216
2025-02-26,ORD109419,28732161,DDD_Blue_4543,490,1,-293.2,-0.5983673469387755,2025,2,9,Wednesday,26,February,Robiton,Батарейки и аккумуляторы,Батарейка,490.0,At Risk,Bronze,490.0,-0.5983673469387755
2025-07-23,ORD535321,54290924,DDD_Green_9078,7180,1,-26.0,-0.0036211699164345,2025,7,30,Wednesday,23,July,KZDOO,Чехлы,Чехол для смартфона,7180.0,Loyal Customers,Platinum,7180.0,-0.0036211699164345403
2025-06-25,ORD526359,96447831,DDD_Clear_8095,6954,2,6400.92,0.9204659188955996,2025,6,26,Wednesday,25,June,KEEPHONE,Чехлы,Чехол для смартфона,6954.0,Cannot Lose Them,Gold,3477.0,0.9204659188955997
2025-04-29,ORD107012,32484702,HHH_Clear_2518,7300,2,6348.0,0.8695890410958904,2025,4,18,Tuesday,29,April,KZDOO,Чехлы,Чехол для смартфона,7300.0,Cannot Lose Them,Gold,3650.0,0.8695890410958904
2025-02-02,ORD442904,93626225,FFF_Clear_4303,9990,1,627.0,0.0627627627627627,2025,2,5,Sunday,2,February,KZDOO,Чехлы,Чехол для смартфона,9990.0,Champions,Platinum,9990.0,0.06276276276276277
2025-09-24,ORD129890,94113201,AAA_Purple_5605,6180,3,9975.8,1.0,2025,9,39,Wednesday,24,September,KZDOO,Чехлы,Чехол для смартфона,6180.0,New Customers,Silver,2060.0,1.6142071197411003
2025-08-31,ORD276472,62425327,DDD_Titanium_2708,7180,4,20788.0,1.0,2025,8,35,Sunday,31,August,KZDOO,Чехлы,Чехол для смартфона,7180.0,High Value New Customers,Gold,1795.0,2.895264623955432
2025-07-23,ORD206913,24644733,FFF_Black_3652,3477,4,8800.670000000002,1.0,2025,7,30,Wednesday,23,July,KEEPHONE,Чехлы,Чехол для смартфона,3477.0,Potential Loyalists,Silver,869.25,2.5311101524302564
2025-04-16,ORD737429,52075157,DDD_Green_8043,7180,3,14757.0,1.0,2025,4,16,Wednesday,16,April,KZDOO,Чехлы,Чехол для смартфона,7180.0,324,Gold,2393.3333333333335,2.055292479108635
2025-06-04,ORD700182,35905708,AAA_Green_8877,5500,3,8720.0,1.0,2025,6,23,Wednesday,4,June,KZDOO,Чехлы,Чехол для смартфона,5500.0,At Risk,Bronze,1833.3333333333333,1.5854545454545454
2025-02-02,ORD127861,40968458,AAA_Pink_4930,4980,3,9832.0,1.0,2025,2,5,Sunday,2,February,KZDOO,Чехлы,Чехол для смартфона,4980.0,At Risk,Bronze,1660.0,1.97429718875502
2025-05-27,ORD945492,46518137,EEE_Green_9886,1560,3,2439.6,1.0,2025,5,22,Tuesday,27,May,Robiton,Батарейки и аккумуляторы,Батарейка,1560.0,At Risk,Bronze,520.0,1.5638461538461539
2025-05-28,ORD655576,72208276,AAA_Blue_4139,5580,3,10308.4,1.0,2025,5,22,Wednesday,28,May,KZDOO,Чехлы,Чехол для смартфона,5580.0,Cannot Lose Them,Silver,1860.0,1.8473835125448028
2025-02-27,ORD123753,12743240,HHH_Titanium_6539,2490,3,4218.0,1.0,2025,2,9,Thursday,27,February,KZDOO,Чехлы,Чехол для смартфона,2490.0,At Risk,Bronze,830.0,1.693975903614458
2025-09-11,ORD715243,59197687,GGG_Blue_7759,9180,4,23261.6,1.0,2025,9,37,Thursday,11,September,KZDOO,Чехлы,Чехол для смартфона,9180.0,Loyal Customers,Platinum,2295.0,2.5339433551198254
2025-04-03,ORD928070,35056511,AAA_Clear_9962,1200,3,1749.0,1.0,2025,4,14,Thursday,3,April,Varta,Батарейки и аккумуляторы,Батарейка,1200.0,At Risk,Bronze,400.0,1.4575
2025-04-23,ORD815981,60866651,EEE_Pink_8352,5580,1,208.19999999999985,0.0373118279569892,2025,4,17,Wednesday,23,April,KZDOO,Чехлы,Чехол для смартфона,5580.0,Cannot Lose Them,Silver,5580.0,0.03731182795698922
2025-09-14,ORD947547,26194974,AAA_Black_7725,3380,3,5824.0,1.0,2025,9,37,Sunday,14,September,KZDOO,Чехлы,Чехол для смартфона,3380.0,Champions,Platinum,1126.6666666666667,1.7230769230769232
2025-01-16,ORD165810,52326977,DDD_Black_1564,1380,3,2132.4,1.0,2025,1,3,Thursday,16,January,REMAX,Защитные пленки и стекла,Защитное стекло,1380.0,Potential Loyalists,Silver,460.0,1.5452173913043479
2025-03-04,ORD846459,33947909,HHH_Red_7905,6000,4,16220.0,1.0,2025,3,10,Tuesday,4,March,KZDOO,Чехлы,Чехол для смартфона,6000.0,High Value New Customers,Gold,1500.0,2.703333333333333
2025-07-31,ORD810265,93363944,DDD_Blue_6449,580,4,1091.0,1.0,2025,7,31,Thursday,31,July,Robiton,Батарейки и аккумуляторы,Батарейка,580.0,Potential Loyalists,Silver,145.0,1.8810344827586207
2025-01-24,ORD813194,48742299,CCC_Pink_8383,11100,3,19881.0,1.0,2025,1,4,Friday,24,January,KZDOO,Чехлы,Чехол для смартфона,11100.0,Loyal Customers,Platinum,3700.0,1.791081081081081
2025-04-01,ORD997964,84114415,CCC_Blue_8287,3100,4,8110.0,1.0,2025,4,14,Tuesday,1,April,KZDOO,Чехлы,Чехол для смартфона,3100.0,123,Silver,775.0,2.6161290322580646
2025-09-22,ORD432113,24499014,DDD_White_9097,3180,2,3137.0,0.9864779874213836,2025,9,39,Monday,22,September,KZDOO,Чехлы,Чехол для смартфона,3180.0,New Customers,Gold,1590.0,0.9864779874213836
2025-01-13,ORD220258,72747359,CCC_Blue_5038,3450,4,9829.0,1.0,2025,1,3,Monday,13,January,KEEPHONE,Чехлы,Чехол для смартфона,3450.0,At Risk,Bronze,862.5,2.848985507246377
2025-09-25,ORD989188,43022400,BBB_Red_2345,2980,4,7192.200000000001,1.0,2025,9,39,Thursday,25,September,KZDOO,Чехлы,Чехол для смартфона,2980.0,New Customers,Gold,745.0,2.413489932885906
2025-05-24,ORD341606,59197687,GGG_Blue_7759,9180,4,23095.4,1.0,2025,5,21,Saturday,24,May,KZDOO,Чехлы,Чехол для смартфона,9180.0,Loyal Customers,Platinum,2295.0,2.515838779956427
2025-04-10,ORD488459,49227251,AAA_Purple_4611,1600,4,3832.0,1.0,2025,4,15,Thursday,10,April,K-DOO,Чехлы,Чехол для смартфона,1600.0,New Customers,Silver,400.0,2.395
2025-08-20,ORD423883,84981649,HHH_Blue_6949,2700,1,190.0,0.0703703703703703,2025,8,34,Wednesday,20,August,KZDOO,Чехлы,Чехол для смартфона,2700.0,New Customers,Gold,2700.0,0.07037037037037037
2025-01-06,ORD185153,52863920,EEE_Purple_8672,11000,1,-188.0,-0.017090909090909,2025,1,2,Monday,6,January,KZDOO,Чехлы,Чехол для смартфона,11000.0,Cannot Lose Them,Silver,11000.0,-0.01709090909090909
2025-06-03,ORD686945,36571012,HHH_Green_9565,1290,1,-235.6,-0.1826356589147287,2025,6,23,Tuesday,3,June,K-DOO,Чехлы,Чехол для смартфона,1290.0,New Customers,Gold,1290.0,-0.1826356589147287
2025-04-21,ORD710378,32067104,AAA_Red_8661,7300,3,14259.0,1.0,2025,4,17,Monday,21,April,KZDOO,Чехлы,Чехол для смартфона,7300.0,325,Gold,2433.3333333333335,1.9532876712328766
2025-09-21,ORD477883,20450748,EEE_Black_1662,11100,3,20507.0,1.0,2025,9,38,Sunday,21,September,KZDOO,Чехлы,Чехол для смартфона,11100.0,High Value New Customers,Platinum,3700.0,1.8474774774774774
2025-01-02,ORD981075,41865954,GGG_White_9632,5980,2,4998.799999999999,0.8359197324414714,2025,1,1,Thursday,2,January,KZDOO,Чехлы,Чехол для смартфона,5980.0,325,Gold,2990.0,0.8359197324414714
2025-05-16,ORD346072,94015399,HHH_Titanium_5260,4980,1,273.1999999999998,0.0548594377510039,2025,5,20,Friday,16,May,KZDOO,Чехлы,Чехол для смартфона,4980.0,Cannot Lose Them,Silver,4980.0,0.05485943775100398
2025-05-13,ORD547968,29540923,BBB_White_5235,5180,3,8321.2,1.0,2025,5,20,Tuesday,13,May,KZDOO,Чехлы,Чехол для смартфона,5180.0,High Value New Customers,Gold,1726.6666666666667,1.6064092664092666
2025-05-28,ORD741260,31302298,GGG_White_2841,4980,4,12023.6,1.0,2025,5,22,Wednesday,28,May,KZDOO,Чехлы,Чехол для смартфона,4980.0,213,Silver,1245.0,2.4143775100401608
2025-03-05,ORD299995,44146850,CCC_Red_7696,7828,4,20950.0,1.0,2025,3,10,Wednesday,5,March,KZDOO,Чехлы,Чехол для смартфона,7828.0,High Value New Customers,Gold,1957.0,2.6762902401635156
2025-07-01,ORD523202,96985825,HHH_Purple_2504,3200,1,87.0,0.0271875,2025,7,27,Tuesday,1,July,KZDOO,Чехлы,Чехол для смартфона,3200.0,High Value New Customers,Gold,3200.0,0.0271875
2025-04-01,ORD301656,52308782,AAA_Clear_6277,3980,2,3541.4,0.8897989949748742,2025,4,14,Tuesday,1,April,KZDOO,Чехлы,Чехол для смартфона,3980.0,Loyal Customers,Platinum,1990.0,0.8897989949748744
2025-07-10,ORD252909,75673901,CCC_White_7349,8990,2,9548.0,1.0,2025,7,28,Thursday,10,July,KEEPHONE,Чехлы,Чехол для смартфона,8990.0,314,Silver,4495.0,1.0620689655172413
2025-03-21,ORD190479,52297033,EEE_Red_3557,2550,4,6307.0,1.0,2025,3,12,Friday,21,March,KZDOO,Чехлы,Чехол для смартфона,2550.0,New Customers,Gold,637.5,2.473333333333333
2025-05-29,ORD191178,48542574,BBB_Pink_9074,4990,2,4885.3,0.9790180360721444,2025,5,22,Thursday,29,May,KZDOO,Чехлы,Чехол для смартфона,4990.0,Cannot Lose Them,Silver,2495.0,0.9790180360721443
2025-05-17,ORD728920,85687791,AAA_Black_9253,5980,1,910.3999999999996,0.1522408026755852,2025,5,20,Saturday,17,May,KEEPHONE,Чехлы,Чехол для смартфона,5980.0,Cannot Lose Them,Gold,5980.0,0.15224080267558524
2025-01-09,ORD791688,18893470,AAA_Blue_6809,2780,4,7427.4,1.0,2025,1,2,Thursday,9,January,KZDOO,Чехлы,Чехол для смартфона,2780.0,At Risk,Bronze,695.0,2.6717266187050357
2025-03-09,ORD363866,10145273,DDD_Red_7490,3490,3,6892.299999999999,1.0,2025,3,10,Sunday,9,March,KEEPHONE,Чехлы,Чехол для смартфона,3490.0,Loyal Customers,Platinum,1163.3333333333333,1.9748710601719195
2025-07-10,ORD857935,60822434,GGG_Pink_4564,9100,3,16466.0,1.0,2025,7,28,Thursday,10,July,KZDOO,Чехлы,Чехол для смартфона,9100.0,325,Gold,3033.3333333333335,1.8094505494505495
2025-08-21,ORD848635,36571012,HHH_Green_9565,1290,2,877.4000000000001,0.68015503875969,2025,8,34,Thursday,21,August,K-DOO,Чехлы,Чехол для смартфона,1290.0,New Customers,Gold,645.0,0.68015503875969
2025-04-13,ORD269680,85884486,AAA_Red_7992,6580,4,17393.6,1.0,2025,4,15,Sunday,13,April,KZDOO,Чехлы,Чехол для смартфона,6580.0,Loyal Customers,Platinum,1645.0,2.643404255319149
2025-07-06,ORD101121,18885984,DDD_Purple_4347,6200,4,17710.0,1.0,2025,7,27,Sunday,6,July,KEEPHONE,Чехлы,Чехол для смартфона,6200.0,325,Gold,1550.0,2.856451612903226
2025-02-10,ORD943176,51675683,DDD_Pink_4683,6000,3,10780.0,1.0,2025,2,7,Monday,10,February,KZDOO,Чехлы,Чехол для смартфона,6000.0,113,Bronze,2000.0,1.7966666666666666
2025-02-03,ORD437435,22878176,DDD_White_3168,6580,4,17802.6,1.0,2025,2,6,Monday,3,February,KEEPHONE,Чехлы,Чехол для смартфона,6580.0,Cannot Lose Them,Silver,1645.0,2.7055623100303947
2025-03-23,ORD685655,82503737,EEE_Green_1464,3380,4,9726.0,1.0,2025,3,12,Sunday,23,March,KZDOO,Чехлы,Чехол для смартфона,3380.0,Loyal Customers,Platinum,845.0,2.8775147928994085
2025-08-21,ORD183275,41313579,CCC_Blue_4612,1200,4,2624.0,1.0,2025,8,34,Thursday,21,August,REMAX,Защитные пленки и стекла,Защитное стекло,1200.0,New Customers,Silver,300.0,2.1866666666666665
2025-02-26,ORD538390,52953466,BBB_Pink_4023,2490,2,2329.4,0.9355020080321286,2025,2,9,Wednesday,26,February,KZDOO,Чехлы,Чехол для смартфона,2490.0,Potential Loyalists,Silver,1245.0,0.9355020080321286
2025-09-19,ORD926473,74952520,DDD_Green_2949,4980,4,12363.0,1.0,2025,9,38,Friday,19,September,KZDOO,Чехлы,Чехол для смартфона,4980.0,High Value New Customers,Gold,1245.0,2.4825301204819277
2025-03-27,ORD768453,94828431,AAA_Black_1577,3180,1,396.5999999999999,0.1247169811320754,2025,3,13,Thursday,27,March,KZDOO,Чехлы,Чехол для смартфона,3180.0,123,Silver,3180.0,0.12471698113207544
2025-02-19,ORD180338,32897454,AAA_Black_9206,4980,2,3575.6000000000004,0.717991967871486,2025,2,8,Wednesday,19,February,KZDOO,Чехлы,Чехол для смартфона,4980.0,113,Bronze,2490.0,0.717991967871486
2025-03-25,ORD575880,87448383,AAA_Green_2528,4300,4,10780.0,1.0,2025,3,13,Tuesday,25,March,KZDOO,Чехлы,Чехол для смартфона,4300.0,Loyal Customers,Gold,1075.0,2.5069767441860464
2025-05-10,ORD415089,71333535,CCC_Clear_1274,1460,4,3692.4,1.0,2025,5,19,Saturday,10,May,REMAX,Защитные пленки и стекла,Защитное стекло,1460.0,Loyal Customers,Gold,365.0,2.529041095890411
2025-08-16,ORD872822,70326795,FFF_Purple_9422,11100,1,1574.0,0.1418018018018018,2025,8,33,Saturday,16,August,Неизвестно,Чехлы,Неизвестно,11100.0,Champions,Platinum,11100.0,0.1418018018018018
2025-09-14,ORD916218,22270955,CCC_Purple_4954,2980,2,3003.0,1.0,2025,9,37,Sunday,14,September,KZDOO,Чехлы,Чехол для смартфона,2980.0,Loyal Customers,Platinum,1490.0,1.0077181208053692
2025-08-02,ORD952539,82471173,FFF_Pink_7016,3100,3,5559.0,1.0,2025,8,31,Saturday,2,August,KZDOO,Чехлы,Чехол для смартфона,3100.0,Loyal Customers,Platinum,1033.3333333333333,1.793225806451613
2025-09-10,ORD268615,83447966,BBB_Blue_8761,5180,3,8402.2,1.0,2025,9,37,Wednesday,10,September,KZDOO,Чехлы,Чехол для смартфона,5180.0,Champions,Platinum,1726.6666666666667,1.622046332046332
2025-08-26,ORD966187,98575820,EEE_Red_5832,1800,2,1418.0,0.7877777777777778,2025,8,35,Tuesday,26,August,K-DOO,Чехлы,Чехол для смартфона,1800.0,New Customers,Silver,900.0,0.7877777777777778
2025-09-28,ORD774093,46916967,EEE_Blue_2874,2490,4,6628.5,1.0,2025,9,39,Sunday,28,September,KZDOO,Чехлы,Чехол для смартфона,2490.0,New Customers,Silver,622.5,2.6620481927710844
2025-02-08,ORD818818,22878176,DDD_White_3168,6580,4,18109.8,1.0,2025,2,6,Saturday,8,February,KEEPHONE,Чехлы,Чехол для смартфона,6580.0,Cannot Lose Them,Silver,1645.0,2.7522492401215803
2025-02-20,ORD653819,10425403,HHH_White_4628,3500,3,6525.0,1.0,2025,2,8,Thursday,20,February,KEEPHONE,Чехлы,Чехол для смартфона,3500.0,New Customers,Silver,1166.6666666666667,1.8642857142857143
2025-02-27,ORD412349,27995241,GGG_Blue_6871,2490,3,4409.5,1.0,2025,2,9,Thursday,27,February,KZDOO,Чехлы,Чехол для смартфона,2490.0,Loyal Customers,Platinum,830.0,1.770883534136546
2025-01-27,ORD992867,50339234,CCC_Black_7296,2933,3,5527.33,1.0,2025,1,5,Monday,27,January,KEEPHONE,Чехлы,Чехол для смартфона,2933.0,Potential Loyalists,Silver,977.6666666666666,1.8845311967269007
2025-03-15,ORD303954,34751007,EEE_Purple_9678,1980,1,-140.20000000000005,-0.0708080808080808,2025,3,11,Saturday,15,March,Robiton,Батарейки и аккумуляторы,Аккумуляторная батарейка,1980.0,Potential Loyalists,Silver,1980.0,-0.07080808080808083
2025-04-13,ORD615805,16502779,HHH_Titanium_2914,3250,3,6028.0,1.0,2025,4,15,Sunday,13,April,KZDOO,Чехлы,Чехол для смартфона,3250.0,New Customers,Gold,1083.3333333333333,1.8547692307692307
2025-06-21,ORD922889,35892837,GGG_Clear_7869,11000,1,-111.0,-0.010090909090909,2025,6,25,Saturday,21,June,KZDOO,Чехлы,Чехол для смартфона,11000.0,Cannot Lose Them,Silver,11000.0,-0.010090909090909091
2025-04-12,ORD876468,84981649,HHH_Blue_6949,2700,2,2499.0,0.9255555555555556,2025,4,15,Saturday,12,April,KZDOO,Чехлы,Чехол для смартфона,2700.0,New Customers,Gold,1350.0,0.9255555555555556
2025-03-27,ORD897367,25688149,DDD_Blue_3042,7300,4,17946.0,1.0,2025,3,13,Thursday,27,March,KZDOO,Чехлы,Чехол для смартфона,7300.0,235,Gold,1825.0,2.4583561643835616
2025-01-13,ORD139873,24553956,CCC_White_2543,4780,3,8924.6,1.0,2025,1,3,Monday,13,January,KEEPHONE,Чехлы,Чехол для смартфона,4780.0,Loyal Customers,Platinum,1593.3333333333333,1.867071129707113
2025-08-14,ORD328398,63341383,FFF_Clear_7965,690,4,1204.8,1.0,2025,8,33,Thursday,14,August,Нет бренда,Кабели и переходники,Кабель-переходник,690.0,New Customers,Silver,172.5,1.7460869565217392
2025-02-28,ORD571742,89677157,DDD_White_8101,7180,4,18261.6,1.0,2025,2,9,Friday,28,February,K-DOO,Чехлы,Чехол для смартфона,7180.0,325,Gold,1795.0,2.5433983286908077
2025-01-21,ORD407838,55570580,BBB_White_3663,11100,3,19736.0,1.0,2025,1,4,Tuesday,21,January,KZDOO,Чехлы,Чехол для смартфона,11100.0,High Risk High Value,Gold,3700.0,1.778018018018018
2025-05-05,ORD909570,26483342,HHH_Clear_4657,4980,3,8731.2,1.0,2025,5,19,Monday,5,May,KZDOO,Чехлы,Чехол для смартфона,4980.0,Cannot Lose Them,Silver,1660.0,1.7532530120481928
2025-06-04,ORD761079,16337630,EEE_Blue_8965,4100,2,3786.0,0.9234146341463416,2025,6,23,Wednesday,4,June,KZDOO,Чехлы,Чехол для смартфона,4100.0,Loyal Customers,Platinum,2050.0,0.9234146341463415
2025-07-28,ORD836631,28393426,HHH_Blue_7358,2490,1,-384.0999999999999,-0.1542570281124497,2025,7,31,Monday,28,July,KZDOO,Чехлы,Чехол для смартфона,2490.0,Potential Loyalists,Bronze,2490.0,-0.15425702811244976
2025-06-06,ORD361175,48820146,DDD_Purple_7099,2580,1,494.0,0.1914728682170542,2025,6,23,Friday,6,June,KZDOO,Чехлы,Чехол для смартфона,2580.0,About To Sleep,Silver,2580.0,0.19147286821705425
2025-09-17,ORD619843,68162392,FFF_Red_4784,6980,4,20190.0,1.0,2025,9,38,Wednesday,17,September,KEEPHONE,Чехлы,Чехол для смартфона,6980.0,High Value New Customers,Gold,1745.0,2.8925501432664755
2025-08-20,ORD820671,77137463,GGG_Red_9072,1550,3,2653.0,1.0,2025,8,34,Wednesday,20,August,KZDOO,Чехлы,Чехол для смартфона,1550.0,New Customers,Silver,516.6666666666666,1.7116129032258065
2025-09-05,ORD707368,83675423,BBB_White_7079,4990,2,3894.3,0.7804208416833668,2025,9,36,Friday,5,September,KZDOO,Чехлы,Чехол для смартфона,4990.0,High Value New Customers,Gold,2495.0,0.7804208416833668
2025-08-23,ORD380216,64493994,EEE_Clear_3126,2980,2,2903.0,0.9741610738255032,2025,8,34,Saturday,23,August,KZDOO,Чехлы,Чехол для смартфона,2980.0,New Customers,Silver,1490.0,0.9741610738255033
2025-03-05,ORD944947,79748321,BBB_Green_4107,7180,2,7416.0,1.0,2025,3,10,Wednesday,5,March,KZDOO,Чехлы,Чехол для смартфона,7180.0,Loyal Customers,Platinum,3590.0,1.0328690807799443
2025-05-13,ORD878624,21090709,DDD_Green_4790,1540,2,1338.6,0.8692207792207791,2025,5,20,Tuesday,13,May,Varta,Батарейки и аккумуляторы,Батарейка,1540.0,At Risk,Bronze,770.0,0.8692207792207791
2025-01-22,ORD890127,81535584,HHH_White_8297,11100,2,9802.0,0.883063063063063,2025,1,4,Wednesday,22,January,KZDOO,Чехлы,Чехол для смартфона,11100.0,High Value New Customers,Gold,5550.0,0.883063063063063
2025-06-29,ORD861759,82500306,FFF_Green_5531,5500,1,1219.0,0.2216363636363636,2025,6,26,Sunday,29,June,KZDOO,Чехлы,Чехол для смартфона,5500.0,High Value New Customers,Platinum,5500.0,0.22163636363636363
2025-09-08,ORD123513,91561471,EEE_Red_4134,7000,1,1083.0,0.1547142857142857,2025,9,37,Monday,8,September,KEEPHONE,Чехлы,Чехол для смартфона,7000.0,High Value New Customers,Platinum,7000.0,0.15471428571428572
2025-03-19,ORD739797,91756950,HHH_Green_6528,7180,1,845.1999999999998,0.1177158774373258,2025,3,12,Wednesday,19,March,KZDOO,Чехлы,Чехол для смартфона,7180.0,Cannot Lose Them,Silver,7180.0,0.11771587743732588
2025-05-05,ORD403818,44760063,BBB_Purple_6571,5980,3,12283.0,1.0,2025,5,19,Monday,5,May,KZDOO,Чехлы,Чехол для смартфона,5980.0,Potential Loyalists,Silver,1993.3333333333333,2.0540133779264216
2025-09-08,ORD311568,66638917,HHH_Green_1488,2780,4,6718.4,1.0,2025,9,37,Monday,8,September,KZDOO,Чехлы,Чехол для смартфона,2780.0,New Customers,Silver,695.0,2.4166906474820142
2025-01-14,ORD490040,90338470,HHH_Pink_5159,9980,2,9652.0,0.9671342685370742,2025,1,3,Tuesday,14,January,KZDOO,Чехлы,Чехол для смартфона,9980.0,High Value New Customers,Gold,4990.0,0.9671342685370742
2025-04-12,ORD855615,39912009,AAA_Black_7462,4990,3,8743.7,1.0,2025,4,15,Saturday,12,April,KZDOO,Чехлы,Чехол для смартфона,4990.0,Loyal Customers,Platinum,1663.3333333333333,1.752244488977956
2025-08-21,ORD752311,96712748,FFF_White_8621,11100,2,10151.0,0.9145045045045044,2025,8,34,Thursday,21,August,KZDOO,Чехлы,Чехол для смартфона,11100.0,High Value New Customers,Gold,5550.0,0.9145045045045045
2025-05-10,ORD509795,54066848,HHH_White_7443,9180,1,-236.19999999999985,-0.0257298474945533,2025,5,19,Saturday,10,May,KZDOO,Чехлы,Чехол для смартфона,9180.0,213,Silver,9180.0,-0.02572984749455336
2025-07-19,ORD469884,67182647,GGG_Black_4596,3100,3,5558.0,1.0,2025,7,29,Saturday,19,July,KEEPHONE,Чехлы,Чехол для смартфона,3100.0,324,Gold,1033.3333333333333,1.7929032258064517
2025-09-08,ORD416041,82471173,FFF_Pink_7016,3100,1,9.0,0.0029032258064516,2025,9,37,Monday,8,September,KZDOO,Чехлы,Чехол для смартфона,3100.0,Loyal Customers,Platinum,3100.0,0.002903225806451613
2025-04-09,ORD445488,35771482,HHH_Black_2849,6638,2,6161.620000000001,0.9282344079542032,2025,4,15,Wednesday,9,April,KZDOO,Чехлы,Чехол для смартфона,6638.0,At Risk,Bronze,3319.0,0.9282344079542032
2025-09-18,ORD653759,55068920,GGG_Green_8385,1260,2,899.2,0.7136507936507936,2025,9,38,Thursday,18,September,REMAX,Защитные пленки и стекла,Защитное стекло,1260.0,New Customers,Gold,630.0,0.7136507936507936
2025-01-27,ORD219200,18156492,GGG_Pink_4591,5980,4,14789.2,1.0,2025,1,5,Monday,27,January,KZDOO,Чехлы,Чехол для смартфона,5980.0,High Value New Customers,Platinum,1495.0,2.4731103678929767
2025-02-09,ORD133075,53858511,AAA_White_5701,2950,2,2506.5,0.8496610169491525,2025,2,6,Sunday,9,February,KEEPHONE,Чехлы,Чехол для смартфона,2950.0,New Customers,Gold,1475.0,0.8496610169491525
2025-03-24,ORD724985,94632310,EEE_Blue_2822,1160,1,32.39999999999998,0.0279310344827586,2025,3,13,Monday,24,March,Robiton,Батарейки и аккумуляторы,Батарейка,1160.0,At Risk,Bronze,1160.0,0.0279310344827586
2025-08-28,ORD901289,34657339,BBB_Titanium_6310,5500,2,4934.0,0.897090909090909,2025,8,35,Thursday,28,August,KZDOO,Чехлы,Чехол для смартфона,5500.0,Loyal Customers,Platinum,2750.0,0.897090909090909
2025-09-15,ORD309780,36571012,HHH_Green_9565,1290,4,3274.7,1.0,2025,9,38,Monday,15,September,K-DOO,Чехлы,Чехол для смартфона,1290.0,New Customers,Gold,322.5,2.5385271317829456
2025-02-09,ORD197751,54981333,HHH_Blue_9302,2890,4,7037.4,1.0,2025,2,6,Sunday,9,February,KZDOO,Чехлы,Чехол для смартфона,2890.0,At Risk,Bronze,722.5,2.4350865051903114
2025-02-10,ORD765934,89421563,DDD_White_1350,660,1,-246.0,-0.3727272727272727,2025,2,7,Monday,10,February,REMAX,Защитные пленки и стекла,Защитное стекло,660.0,New Customers,Silver,660.0,-0.37272727272727274
2025-02-10,ORD765934,89421563,DDD_White_1350,660,1,-246.0,-0.3727272727272727,2025,2,7,Monday,10,February,REMAX,Защитные пленки и стекла,Защитное стекло,660.0,New Customers,Silver,660.0,-0.37272727272727274
2025-03-06,ORD738493,62735299,DDD_Purple_9858,6980,3,11609.8,1.0,2025,3,10,Thursday,6,March,KEEPHONE,Чехлы,Чехол для смартфона,6980.0,Cannot Lose Them,Silver,2326.6666666666665,1.663295128939828
2025-04-28,ORD224471,97750622,FFF_White_2222,6100,2,6071.0,0.9952459016393442,2025,4,18,Monday,28,April,KEEPHONE,Чехлы,Чехол для смартфона,6100.0,High Value New Customers,Gold,3050.0,0.9952459016393442
2025-06-23,ORD658512,65123860,AAA_Red_7044,3490,4,9144.9,1.0,2025,6,26,Monday,23,June,KZDOO,Чехлы,Чехол для смартфона,3490.0,At Risk,Bronze,872.5,2.620315186246418
2025-09-17,ORD311013,43666607,HHH_Clear_1848,2050,2,1498.0,0.7307317073170732,2025,9,38,Wednesday,17,September,KEEPHONE,Чехлы,Чехол для смартфона,2050.0,New Customers,Silver,1025.0,0.7307317073170732
2025-09-13,ORD355493,56270048,HHH_Black_8961,7180,2,5916.0,0.8239554317548746,2025,9,37,Saturday,13,September,KZDOO,Чехлы,Чехол для смартфона,7180.0,High Value New Customers,Gold,3590.0,0.8239554317548746
2025-06-09,ORD633799,15511860,AAA_Clear_9841,4990,3,9149.7,1.0,2025,6,24,Monday,9,June,KZDOO,Чехлы,Чехол для смартфона,4990.0,213,Silver,1663.3333333333333,1.8336072144288578
2025-05-16,ORD212814,21286645,FFF_Green_9273,2200,4,5552.0,1.0,2025,5,20,Friday,16,May,KZDOO,Чехлы,Чехол для смартфона,2200.0,At Risk,Bronze,550.0,2.5236363636363635
2025-07-13,ORD619283,47477350,AAA_Blue_8334,5500,2,4719.0,0.858,2025,7,28,Sunday,13,July,K-DOO,Чехлы,Чехол для смартфона,5500.0,Loyal Customers,Platinum,2750.0,0.858
2025-09-03,ORD226752,51813913,BBB_Blue_8050,2150,4,4942.5,1.0,2025,9,36,Wednesday,3,September,KEEPHONE,Чехлы,Чехол для смартфона,2150.0,New Customers,Gold,537.5,2.2988372093023255
2025-02-13,ORD112804,54154203,CCC_Blue_3473,2980,1,230.80000000000013,0.0774496644295302,2025,2,7,Thursday,13,February,KZDOO,Чехлы,Чехол для смартфона,2980.0,123,Silver,2980.0,0.07744966442953025
2025-07-10,ORD820140,60481401,BBB_Titanium_5485,3380,1,-112.40000000000008,-0.0332544378698225,2025,7,28,Thursday,10,July,KZDOO,Чехлы,Чехол для смартфона,3380.0,High Value New Customers,Gold,3380.0,-0.03325443786982251
2025-05-26,ORD781980,96094802,HHH_Pink_9568,1390,2,771.3,0.5548920863309352,2025,5,22,Monday,26,May,KZDOO,Чехлы,Чехол для смартфона,1390.0,New Customers,Silver,695.0,0.5548920863309352
2025-01-07,ORD695084,57412404,FFF_Green_9000,4700,4,12542.0,1.0,2025,1,2,Tuesday,7,January,KEEPHONE,Чехлы,Чехол для смартфона,4700.0,Potential Loyalists,Silver,1175.0,2.6685106382978723
2025-03-21,ORD434995,55068920,GGG_Green_8385,1260,2,644.8,0.5117460317460317,2025,3,12,Friday,21,March,REMAX,Защитные пленки и стекла,Защитное стекло,1260.0,New Customers,Gold,630.0,0.5117460317460317
2025-02-14,ORD155095,28866848,EEE_Red_3383,2980,4,8007.4,1.0,2025,2,7,Friday,14,February,KZDOO,Чехлы,Чехол для смартфона,2980.0,New Customers,Silver,745.0,2.6870469798657717
2025-03-11,ORD916682,58356356,DDD_Black_9724,2580,4,5982.6,1.0,2025,3,11,Tuesday,11,March,K-DOO,Чехлы,Чехол для смартфона,2580.0,New Customers,Gold,645.0,2.3188372093023255
2025-07-04,ORD912220,83149727,CCC_Purple_9600,5990,3,11537.3,1.0,2025,7,27,Friday,4,July,KEEPHONE,Чехлы,Чехол для смартфона,5990.0,Loyal Customers,Gold,1996.6666666666667,1.9260934891485808
2025-07-31,ORD822451,58295345,GGG_Clear_8444,4700,3,8613.0,1.0,2025,7,31,Thursday,31,July,KZDOO,Чехлы,Чехол для смартфона,4700.0,Champions,Platinum,1566.6666666666667,1.8325531914893618
2025-01-01,ORD522535,32156174,DDD_White_3845,1950,3,3415.0,1.0,2025,1,1,Wednesday,1,January,KEEPHONE,Чехлы,Чехол для смартфона,1950.0,New Customers,Silver,650.0,1.7512820512820513
2025-09-10,ORD942515,43747379,GGG_Pink_7385,2980,2,3051.0,1.0,2025,9,37,Wednesday,10,September,KZDOO,Чехлы,Чехол для смартфона,2980.0,New Customers,Gold,1490.0,1.0238255033557047
2025-03-11,ORD553901,91561471,EEE_Red_4134,7000,3,12470.0,1.0,2025,3,11,Tuesday,11,March,KEEPHONE,Чехлы,Чехол для смартфона,7000.0,High Value New Customers,Platinum,2333.3333333333335,1.7814285714285714
2025-05-28,ORD929157,13393820,AAA_Pink_5462,5180,3,9673.6,1.0,2025,5,22,Wednesday,28,May,KZDOO,Чехлы,Чехол для смартфона,5180.0,At Risk,Bronze,1726.6666666666667,1.8674903474903475
2025-04-14,ORD572763,55068920,GGG_Green_8385,1260,1,117.39999999999998,0.0931746031746031,2025,4,16,Monday,14,April,REMAX,Защитные пленки и стекла,Защитное стекло,1260.0,New Customers,Gold,1260.0,0.09317460317460316
2025-07-23,ORD981412,22258405,FFF_Blue_3236,3490,4,9270.0,1.0,2025,7,30,Wednesday,23,July,KZDOO,Чехлы,Чехол для смартфона,3490.0,Potential Loyalists,Silver,872.5,2.656160458452722
2025-06-23,ORD508895,55068920,GGG_Green_8385,1260,4,2989.2,1.0,2025,6,26,Monday,23,June,REMAX,Защитные пленки и стекла,Защитное стекло,1260.0,New Customers,Gold,315.0,2.372380952380952
2025-06-05,ORD424924,24653069,BBB_Pink_6893,4980,3,8256.8,1.0,2025,6,23,Thursday,5,June,KZDOO,Чехлы,Чехол для смартфона,4980.0,213,Silver,1660.0,1.6579919678714858
2025-09-08,ORD263590,16837385,AAA_Blue_3988,7580,4,20399.8,1.0,2025,9,37,Monday,8,September,KEEPHONE,Чехлы,Чехол для смартфона,7580.0,Loyal Customers,Platinum,1895.0,2.6912664907651713
2025-09-24,ORD540709,74692955,DDD_Black_2968,5124,1,-6.079999999999927,-0.0011865729898516,2025,9,39,Wednesday,24,September,KZDOO,Чехлы,Чехол для смартфона,5124.0,Champions,Platinum,5124.0,-0.0011865729898516643
2025-03-21,ORD950917,31270055,CCC_Red_3462,7180,1,-91.19999999999982,-0.0127019498607242,2025,3,12,Friday,21,March,K-DOO,Чехлы,Чехол для смартфона,7180.0,At Risk,Bronze,7180.0,-0.01270194986072421
2025-09-01,ORD389628,24553956,CCC_White_2543,4780,3,8271.2,1.0,2025,9,36,Monday,1,September,KEEPHONE,Чехлы,Чехол для смартфона,4780.0,Loyal Customers,Platinum,1593.3333333333333,1.7303765690376571
2025-04-11,ORD525783,96700442,BBB_Red_9074,7380,1,386.1999999999998,0.052330623306233,2025,4,15,Friday,11,April,KZDOO,Чехлы,Чехол для смартфона,7380.0,Cannot Lose Them,Silver,7380.0,0.05233062330623304
2025-09-28,ORD188738,56847236,GGG_Purple_3146,9180,4,25416.8,1.0,2025,9,39,Sunday,28,September,KZDOO,Чехлы,Чехол для смартфона,9180.0,High Value New Customers,Gold,2295.0,2.768714596949891
2025-04-24,ORD421260,76585970,FFF_White_7505,5180,2,4172.8,0.8055598455598456,2025,4,17,Thursday,24,April,KEEPHONE,Чехлы,Чехол для смартфона,5180.0,235,Gold,2590.0,0.8055598455598456
2025-08-06,ORD992525,38137830,CCC_Titanium_4802,5380,4,14956.0,1.0,2025,8,32,Wednesday,6,August,KZDOO,Чехлы,Чехол для смартфона,5380.0,High Value New Customers,Gold,1345.0,2.7799256505576206
2025-01-08,ORD727508,94780184,CCC_Green_3365,2900,2,2259.0,0.7789655172413793,2025,1,2,Wednesday,8,January,KZDOO,Чехлы,Чехол для смартфона,2900.0,At Risk,Bronze,1450.0,0.7789655172413793
2025-09-08,ORD608001,29540923,BBB_White_5235,5180,3,9510.0,1.0,2025,9,37,Monday,8,September,KZDOO,Чехлы,Чехол для смартфона,5180.0,High Value New Customers,Gold,1726.6666666666667,1.835907335907336
2025-05-21,ORD563583,29540923,BBB_White_5235,5180,2,5036.0,0.9722007722007722,2025,5,21,Wednesday,21,May,KZDOO,Чехлы,Чехол для смартфона,5180.0,High Value New Customers,Gold,2590.0,0.9722007722007722
2025-05-29,ORD121999,94336108,EEE_Titanium_3108,5580,1,693.8000000000002,0.124336917562724,2025,5,22,Thursday,29,May,KZDOO,Чехлы,Чехол для смартфона,5580.0,235,Gold,5580.0,0.12433691756272405
2025-09-16,ORD990110,21820132,FFF_Blue_2194,11100,4,32625.0,1.0,2025,9,38,Tuesday,16,September,KZDOO,Чехлы,Чехол для смартфона,11100.0,High Value New Customers,Gold,2775.0,2.939189189189189
2025-05-28,ORD172711,26483342,HHH_Clear_4657,4980,2,4742.6,0.9523293172690764,2025,5,22,Wednesday,28,May,KZDOO,Чехлы,Чехол для смартфона,4980.0,Cannot Lose Them,Silver,2490.0,0.9523293172690763
2025-05-24,ORD191206,32997683,CCC_Purple_7445,2780,4,7178.4,1.0,2025,5,21,Saturday,24,May,KZDOO,Чехлы,Чехол для смартфона,2780.0,Loyal Customers,Platinum,695.0,2.5821582733812947
2025-06-16,ORD445688,62448369,HHH_Purple_1302,2980,3,4950.0,1.0,2025,6,25,Monday,16,June,KZDOO,Чехлы,Чехол для смартфона,2980.0,New Customers,Gold,993.3333333333334,1.6610738255033557
2025-02-10,ORD661606,14955118,BBB_Titanium_3592,3450,3,5892.5,1.0,2025,2,7,Monday,10,February,KEEPHONE,Чехлы,Чехол для смартфона,3450.0,At Risk,Bronze,1150.0,1.7079710144927536
2025-03-21,ORD694645,63093696,EEE_Black_5749,2980,1,-101.0,-0.0338926174496644,2025,3,12,Friday,21,March,KZDOO,Чехлы,Чехол для смартфона,2980.0,About To Sleep,Silver,2980.0,-0.03389261744966443
2025-04-15,ORD296543,67182647,GGG_Black_4596,3100,3,4706.0,1.0,2025,4,16,Tuesday,15,April,KEEPHONE,Чехлы,Чехол для смартфона,3100.0,324,Gold,1033.3333333333333,1.5180645161290323
2025-06-21,ORD218649,29195433,GGG_Titanium_4026,2980,2,2720.6000000000004,0.9129530201342284,2025,6,25,Saturday,21,June,KZDOO,Чехлы,Чехол для смартфона,2980.0,About To Sleep,Silver,1490.0,0.9129530201342283
2025-07-21,ORD339435,98767142,GGG_White_8463,5580,3,9067.6,1.0,2025,7,30,Monday,21,July,KZDOO,Чехлы,Чехол для смартфона,5580.0,324,Gold,1860.0,1.6250179211469535
2025-09-25,ORD480418,88322590,EEE_Red_4358,7180,1,1812.4,0.2524233983286907,2025,9,39,Thursday,25,September,KZDOO,Чехлы,Чехол для смартфона,7180.0,High Value New Customers,Gold,7180.0,0.2524233983286908
2025-01-01,ORD515057,64089075,GGG_Purple_7302,4600,4,11909.0,1.0,2025,1,1,Wednesday,1,January,Robiton,Батарейки и аккумуляторы,Аккумуляторная батарейка,4600.0,Loyal Customers,Platinum,1150.0,2.588913043478261
2025-07-26,ORD257581,61524158,FFF_Blue_7386,5100,4,13447.0,1.0,2025,7,30,Saturday,26,July,KZDOO,Чехлы,Чехол для смартфона,5100.0,Loyal Customers,Platinum,1275.0,2.6366666666666667
2025-08-11,ORD786786,12157882,CCC_Blue_4419,1600,3,2743.0,1.0,2025,8,33,Monday,11,August,K-DOO,Чехлы,Чехол для смартфона,1600.0,New Customers,Silver,533.3333333333334,1.714375
2025-07-03,ORD474451,87233179,DDD_Blue_9263,5500,2,5674.0,1.0,2025,7,27,Thursday,3,July,K-DOO,Чехлы,Чехол для смартфона,5500.0,High Value New Customers,Platinum,2750.0,1.0316363636363637
2025-06-02,ORD201635,44699881,BBB_Clear_9485,6780,1,224.39999999999964,0.0330973451327433,2025,6,23,Monday,2,June,KEEPHONE,Чехлы,Чехол для смартфона,6780.0,Cannot Lose Them,Silver,6780.0,0.03309734513274331
2025-09-24,ORD618484,62448369,HHH_Purple_1302,2980,2,3055.8,1.0,2025,9,39,Wednesday,24,September,KZDOO,Чехлы,Чехол для смартфона,2980.0,New Customers,Gold,1490.0,1.0254362416107383
2025-07-10,ORD800598,22705435,CCC_Green_4282,6580,1,384.1999999999998,0.0583890577507598,2025,7,28,Thursday,10,July,KZDOO,Чехлы,Чехол для смартфона,6580.0,314,Silver,6580.0,0.05838905775075985
2025-02-09,ORD687820,83953719,BBB_Blue_5153,6980,3,12688.8,1.0,2025,2,6,Sunday,9,February,KEEPHONE,Чехлы,Чехол для смартфона,6980.0,325,Gold,2326.6666666666665,1.8178796561604584
2025-02-21,ORD895072,28559790,HHH_White_4492,2700,1,559.0,0.207037037037037,2025,2,8,Friday,21,February,K-DOO,Чехлы,Чехол для смартфона,2700.0,At Risk,Bronze,2700.0,0.20703703703703705
2025-06-14,ORD310240,93597618,CCC_Green_8093,5648,1,295.72000000000025,0.0523583569405099,2025,6,24,Saturday,14,June,KZDOO,Чехлы,Чехол для смартфона,5648.0,At Risk,Bronze,5648.0,0.05235835694050996
2025-06-14,ORD288266,42464834,CCC_Green_2957,3400,3,6054.0,1.0,2025,6,24,Saturday,14,June,Robiton,Батарейки и аккумуляторы,Аккумуляторная батарейка,3400.0,At Risk,Bronze,1133.3333333333333,1.7805882352941176
2025-04-23,ORD379245,33346489,EEE_Purple_4483,1060,2,803.4000000000001,0.7579245283018868,2025,4,17,Wednesday,23,April,Robiton,Батарейки и аккумуляторы,Батарейка,1060.0,New Customers,Silver,530.0,0.7579245283018868
2025-04-07,ORD659617,32921978,FFF_Purple_2135,7180,3,13358.8,1.0,2025,4,15,Monday,7,April,KZDOO,Чехлы,Чехол для смартфона,7180.0,235,Gold,2393.3333333333335,1.8605571030640669
2025-04-26,ORD603836,32997683,CCC_Purple_7445,2780,1,194.4000000000001,0.0699280575539568,2025,4,17,Saturday,26,April,KZDOO,Чехлы,Чехол для смартфона,2780.0,Loyal Customers,Platinum,2780.0,0.06992805755395687
2025-04-18,ORD650424,79101202,EEE_Blue_3320,3780,3,6825.0,1.0,2025,4,16,Friday,18,April,Robiton,Батарейки и аккумуляторы,Аккумуляторная батарейка,3780.0,About To Sleep,Silver,1260.0,1.8055555555555556
2025-08-28,ORD362404,54290924,DDD_Green_9078,7180,1,618.8000000000002,0.086183844011142,2025,8,35,Thursday,28,August,KZDOO,Чехлы,Чехол для смартфона,7180.0,Loyal Customers,Platinum,7180.0,0.08618384401114208
2025-04-16,ORD521956,11723919,EEE_Black_5621,3180,3,5486.6,1.0,2025,4,16,Wednesday,16,April,KZDOO,Чехлы,Чехол для смартфона,3180.0,Cannot Lose Them,Silver,1060.0,1.7253459119496857
2025-07-16,ORD724141,39705473,GGG_Pink_2598,5300,4,13322.0,1.0,2025,7,29,Wednesday,16,July,KZDOO,Чехлы,Чехол для смартфона,5300.0,Potential Loyalists,Silver,1325.0,2.513584905660377
2025-05-21,ORD905450,55667150,CCC_Green_3664,5580,4,13742.4,1.0,2025,5,21,Wednesday,21,May,KZDOO,Чехлы,Чехол для смартфона,5580.0,213,Silver,1395.0,2.4627956989247313
2025-05-15,ORD892069,29195433,GGG_Titanium_4026,2980,3,4857.8,1.0,2025,5,20,Thursday,15,May,KZDOO,Чехлы,Чехол для смартфона,2980.0,About To Sleep,Silver,993.3333333333334,1.6301342281879194
2025-08-25,ORD102485,21167732,EEE_Black_9568,9980,2,11225.0,1.0,2025,8,35,Monday,25,August,KZDOO,Чехлы,Чехол для смартфона,9980.0,High Value New Customers,Gold,4990.0,1.124749498997996
2025-08-15,ORD166801,34088668,EEE_Pink_4192,7580,1,156.19999999999982,0.0206068601583113,2025,8,33,Friday,15,August,KEEPHONE,Чехлы,Чехол для смартфона,7580.0,High Value New Customers,Gold,7580.0,0.02060686015831132
2025-01-06,ORD564566,64670295,EEE_Clear_4786,4980,4,13334.8,1.0,2025,1,2,Monday,6,January,KZDOO,Чехлы,Чехол для смартфона,4980.0,At Risk,Bronze,1245.0,2.6776706827309233
2025-09-03,ORD273193,84867398,BBB_Pink_7897,2980,2,2343.0,0.786241610738255,2025,9,36,Wednesday,3,September,KZDOO,Чехлы,Чехол для смартфона,2980.0,Loyal Customers,Platinum,1490.0,0.786241610738255
2025-04-10,ORD138078,16006909,BBB_Green_7079,6180,1,300.4000000000001,0.0486084142394822,2025,4,15,Thursday,10,April,KZDOO,Чехлы,Чехол для смартфона,6180.0,Cannot Lose Them,Silver,6180.0,0.048608414239482214
2025-09-18,ORD239368,58356356,DDD_Black_9724,2580,4,6178.6,1.0,2025,9,38,Thursday,18,September,K-DOO,Чехлы,Чехол для смартфона,2580.0,New Customers,Gold,645.0,2.394806201550388
2025-07-23,ORD541672,48759312,AAA_Clear_7073,1490,4,3402.2,1.0,2025,7,30,Wednesday,23,July,KZDOO,Чехлы,Чехол для смартфона,1490.0,Potential Loyalists,Silver,372.5,2.2833557046979864
2025-01-14,ORD480801,74682626,FFF_Purple_7037,2780,3,4813.0,1.0,2025,1,3,Tuesday,14,January,KZDOO,Чехлы,Чехол для смартфона,2780.0,About To Sleep,Silver,926.6666666666666,1.731294964028777
2025-08-15,ORD753596,88322590,EEE_Red_4358,7180,1,1193.1999999999998,0.166183844011142,2025,8,33,Friday,15,August,KZDOO,Чехлы,Чехол для смартфона,7180.0,High Value New Customers,Gold,7180.0,0.16618384401114203
2025-05-22,ORD538890,42123172,AAA_White_3643,2050,2,1773.5,0.8651219512195122,2025,5,21,Thursday,22,May,KEEPHONE,Чехлы,Чехол для смартфона,2050.0,Champions,Platinum,1025.0,0.8651219512195122
2025-04-05,ORD381210,42364136,GGG_Blue_5870,2780,2,2368.8,0.8520863309352519,2025,4,14,Saturday,5,April,KZDOO,Чехлы,Чехол для смартфона,2780.0,Loyal Customers,Platinum,1390.0,0.8520863309352519
2025-04-21,ORD599299,26802010,EEE_Clear_6744,4200,2,3417.0,0.8135714285714286,2025,4,17,Monday,21,April,K-DOO,Чехлы,Чехол для смартфона,4200.0,Loyal Customers,Platinum,2100.0,0.8135714285714286
2025-01-24,ORD555093,12494667,EEE_Purple_6829,2980,1,731.0,0.2453020134228188,2025,1,4,Friday,24,January,KZDOO,Чехлы,Чехол для смартфона,2980.0,New Customers,Gold,2980.0,0.2453020134228188
2025-06-29,ORD583908,93094444,DDD_White_9135,2990,2,2392.8,0.8002675585284281,2025,6,26,Sunday,29,June,KEEPHONE,Чехлы,Чехол для смартфона,2990.0,234,Gold,1495.0,0.8002675585284281
2025-07-25,ORD810420,22258405,FFF_Blue_3236,3490,2,2917.4,0.8359312320916904,2025,7,30,Friday,25,July,KZDOO,Чехлы,Чехол для смартфона,3490.0,Potential Loyalists,Silver,1745.0,0.8359312320916906
2025-07-08,ORD346424,61524158,FFF_Blue_7386,5100,2,5268.0,1.0,2025,7,28,Tuesday,8,July,KZDOO,Чехлы,Чехол для смартфона,5100.0,Loyal Customers,Platinum,2550.0,1.0329411764705883
2025-08-22,ORD902814,40911969,HHH_Green_6659,6090,3,10768.7,1.0,2025,8,34,Friday,22,August,KZDOO,Чехлы,Чехол для смартфона,6090.0,New Customers,Silver,2030.0,1.7682594417077178
2025-03-27,ORD516818,11146662,BBB_Pink_2708,1000,3,1387.0,1.0,2025,3,13,Thursday,27,March,Нет бренда,Чехлы,Чехол для смартфона,1000.0,At Risk,Bronze,333.3333333333333,1.387
2025-01-21,ORD816828,47335358,GGG_Pink_1893,2780,1,331.1999999999998,0.1191366906474819,2025,1,4,Tuesday,21,January,KZDOO,Чехлы,Чехол для смартфона,2780.0,Loyal Customers,Platinum,2780.0,0.11913669064748195
2025-09-08,ORD121176,43817644,AAA_Green_1908,11100,1,1134.0,0.1021621621621621,2025,9,37,Monday,8,September,KZDOO,Чехлы,Чехол для смартфона,11100.0,High Value New Customers,Platinum,11100.0,0.10216216216216216
2025-07-01,ORD121744,95054310,EEE_Pink_8103,5780,2,5545.799999999999,0.9594809688581314,2025,7,27,Tuesday,1,July,KEEPHONE,Чехлы,Чехол для смартфона,5780.0,Cannot Lose Them,Silver,2890.0,0.9594809688581314
2025-04-05,ORD727248,81893634,GGG_Red_7442,5980,3,10472.8,1.0,2025,4,14,Saturday,5,April,KZDOO,Чехлы,Чехол для смартфона,5980.0,324,Gold,1993.3333333333333,1.7513043478260868
2025-07-09,ORD750997,27378295,GGG_Blue_2566,900,4,1953.0,1.0,2025,7,28,Wednesday,9,July,Robiton,Батарейки и аккумуляторы,Батарейка,900.0,Potential Loyalists,Silver,225.0,2.17
2025-04-29,ORD239512,26677770,CCC_Titanium_7668,3700,4,10642.0,1.0,2025,4,18,Tuesday,29,April,KEEPHONE,Чехлы,Чехол для смартфона,3700.0,234,Gold,925.0,2.8762162162162164
2025-08-15,ORD862119,69940113,CCC_Blue_6685,4980,2,4493.0,0.9022088353413654,2025,8,33,Friday,15,August,KZDOO,Чехлы,Чехол для смартфона,4980.0,New Customers,Silver,2490.0,0.9022088353413654
2025-06-08,ORD820054,42364136,GGG_Blue_5870,2780,2,2113.6,0.7602877697841727,2025,6,23,Sunday,8,June,KZDOO,Чехлы,Чехол для смартфона,2780.0,Loyal Customers,Platinum,1390.0,0.7602877697841727
2025-08-10,ORD777894,58356356,DDD_Black_9724,2580,3,4228.4,1.0,2025,8,32,Sunday,10,August,K-DOO,Чехлы,Чехол для смартфона,2580.0,New Customers,Gold,860.0,1.6389147286821704
2025-06-17,ORD545195,78585756,AAA_Titanium_1682,6580,3,12912.2,1.0,2025,6,25,Tuesday,17,June,KZDOO,Чехлы,Чехол для смартфона,6580.0,235,Gold,2193.3333333333335,1.962340425531915
2025-07-11,ORD505432,58452083,AAA_Black_9762,690,3,819.7,1.0,2025,7,28,Friday,11,July,Robiton,Батарейки и аккумуляторы,Батарейка,690.0,Potential Loyalists,Bronze,230.0,1.1879710144927538
2025-08-25,ORD984739,84503528,EEE_Black_2767,5648,1,122.32000000000016,0.021657223796034,2025,8,35,Monday,25,August,KZDOO,Чехлы,Чехол для смартфона,5648.0,High Value New Customers,Gold,5648.0,0.021657223796034023
2025-04-25,ORD717363,66144867,CCC_Blue_3895,9180,1,361.8000000000002,0.0394117647058823,2025,4,17,Friday,25,April,KZDOO,Чехлы,Чехол для смартфона,9180.0,High Value New Customers,Platinum,9180.0,0.039411764705882375
2025-02-14,ORD861750,36508832,HHH_Red_5637,2890,2,2089.7,0.7230795847750865,2025,2,7,Friday,14,February,KEEPHONE,Чехлы,Чехол для смартфона,2890.0,New Customers,Silver,1445.0,0.7230795847750865
2025-08-30,ORD193635,47477350,AAA_Blue_8334,5500,1,955.0,0.1736363636363636,2025,8,35,Saturday,30,August,K-DOO,Чехлы,Чехол для смартфона,5500.0,Loyal Customers,Platinum,5500.0,0.17363636363636364
2025-05-26,ORD447299,89828981,EEE_Purple_4363,1890,3,3256.1000000000004,1.0,2025,5,22,Monday,26,May,Renata,Батарейки и аккумуляторы,Батарейка,1890.0,New Customers,Silver,630.0,1.722804232804233
2025-08-31,ORD369279,48103158,BBB_Blue_2666,2500,3,4046.0,1.0,2025,8,35,Sunday,31,August,KZDOO,Чехлы,Чехол для смартфона,2500.0,New Customers,Gold,833.3333333333334,1.6184
2025-04-21,ORD530148,47380526,EEE_White_3357,4990,1,1178.0,0.2360721442885771,2025,4,17,Monday,21,April,KZDOO,Чехлы,Чехол для смартфона,4990.0,324,Gold,4990.0,0.23607214428857715
2025-07-07,ORD833310,94463588,EEE_Pink_5016,4980,4,12388.8,1.0,2025,7,28,Monday,7,July,KEEPHONE,Чехлы,Чехол для смартфона,4980.0,324,Gold,1245.0,2.487710843373494
2025-09-25,ORD763928,14737689,DDD_Red_4608,10380,2,10207.2,0.9833526011560696,2025,9,39,Thursday,25,September,Неизвестно,Чехлы,Неизвестно,10380.0,High Value New Customers,Gold,5190.0,0.9833526011560695
2025-04-26,ORD933290,91841741,CCC_Pink_9680,7500,4,20707.0,1.0,2025,4,17,Saturday,26,April,KZDOO,Чехлы,Чехол для смартфона,7500.0,High Value New Customers,Platinum,1875.0,2.7609333333333335
2025-03-17,ORD805958,96447831,DDD_Clear_8095,6954,2,6452.92,0.9279436295657176,2025,3,12,Monday,17,March,KEEPHONE,Чехлы,Чехол для смартфона,6954.0,Cannot Lose Them,Gold,3477.0,0.9279436295657176
2025-06-23,ORD884418,18952810,EEE_Black_4500,11100,4,28531.0,1.0,2025,6,26,Monday,23,June,KZDOO,Чехлы,Чехол для смартфона,11100.0,High Value New Customers,Gold,2775.0,2.57036036036036
2025-09-10,ORD881383,28074469,HHH_Black_6852,4990,1,785.0,0.157314629258517,2025,9,37,Wednesday,10,September,KZDOO,Чехлы,Чехол для смартфона,4990.0,Loyal Customers,Platinum,4990.0,0.15731462925851702
2025-06-24,ORD483962,26802010,EEE_Clear_6744,4200,2,3989.0,0.9497619047619048,2025,6,26,Tuesday,24,June,K-DOO,Чехлы,Чехол для смартфона,4200.0,Loyal Customers,Platinum,2100.0,0.9497619047619048
2025-04-23,ORD562043,84867398,BBB_Pink_7897,2980,2,2625.6000000000004,0.8810738255033558,2025,4,17,Wednesday,23,April,KZDOO,Чехлы,Чехол для смартфона,2980.0,Loyal Customers,Platinum,1490.0,0.8810738255033558
2025-02-27,ORD190770,72257964,HHH_Purple_3275,4990,2,4811.3,0.9641883767535072,2025,2,9,Thursday,27,February,KZDOO,Чехлы,Чехол для смартфона,4990.0,113,Bronze,2495.0,0.9641883767535071
2025-04-04,ORD723764,29875570,DDD_Black_2486,660,3,615.0,0.9318181818181818,2025,4,14,Friday,4,April,Robiton,Батарейки и аккумуляторы,Батарейка,660.0,541,Gold,220.0,0.9318181818181818
2025-09-18,ORD593517,21929427,FFF_Green_1597,4990,3,8559.3,1.0,2025,9,38,Thursday,18,September,KZDOO,Чехлы,Чехол для смартфона,4990.0,High Value New Customers,Gold,1663.3333333333333,1.7152905811623245
2025-02-16,ORD359345,89402108,HHH_Pink_1353,2550,4,7160.5,1.0,2025,2,7,Sunday,16,February,KZDOO,Чехлы,Чехол для смартфона,2550.0,At Risk,Bronze,637.5,2.8080392156862746
2025-05-12,ORD757574,52075157,DDD_Green_8043,7180,1,1603.0,0.2232590529247911,2025,5,20,Monday,12,May,KZDOO,Чехлы,Чехол для смартфона,7180.0,324,Gold,7180.0,0.2232590529247911
2025-02-10,ORD574589,85505511,FFF_Purple_4867,2000,3,3377.0,1.0,2025,2,7,Monday,10,February,REMAX,Защитные пленки и стекла,Защитное стекло,2000.0,At Risk,Bronze,666.6666666666666,1.6885
2025-02-10,ORD121894,99230127,BBB_Purple_4146,2980,2,2359.2,0.7916778523489932,2025,2,7,Monday,10,February,KZDOO,Чехлы,Чехол для смартфона,2980.0,Loyal Customers,Gold,1490.0,0.7916778523489932
2025-09-11,ORD626203,16337630,EEE_Blue_8965,4100,3,6864.0,1.0,2025,9,37,Thursday,11,September,KZDOO,Чехлы,Чехол для смартфона,4100.0,Loyal Customers,Platinum,1366.6666666666667,1.6741463414634146
2025-03-25,ORD273334,73722467,FFF_Purple_9236,5500,1,1368.0,0.2487272727272727,2025,3,13,Tuesday,25,March,KZDOO,Чехлы,Чехол для смартфона,5500.0,High Value New Customers,Gold,5500.0,0.2487272727272727
2025-07-11,ORD878408,34800221,CCC_Black_1999,1120,3,1578.1999999999998,1.0,2025,7,28,Friday,11,July,REMAX,Защитные пленки и стекла,Защитное стекло,1120.0,Potential Loyalists,Silver,373.3333333333333,1.4091071428571427
2025-08-30,ORD721807,21837136,GGG_Clear_8073,2300,2,1573.0,0.6839130434782609,2025,8,35,Saturday,30,August,Varta,Батарейки и аккумуляторы,Батарейка,2300.0,New Customers,Silver,1150.0,0.6839130434782609
2025-07-22,ORD810967,16278472,EEE_Blue_7850,7180,4,18897.4,1.0,2025,7,30,Tuesday,22,July,KZDOO,Чехлы,Чехол для смартфона,7180.0,High Value New Customers,Gold,1795.0,2.631949860724234
2025-07-28,ORD935452,95754103,EEE_White_9532,2980,2,2387.2,0.8010738255033556,2025,7,31,Monday,28,July,KZDOO,Чехлы,Чехол для смартфона,2980.0,Potential Loyalists,Silver,1490.0,0.8010738255033556
2025-07-05,ORD441903,69371023,AAA_Red_8534,6180,1,1007.0,0.1629449838187702,2025,7,27,Saturday,5,July,KZDOO,Чехлы,Чехол для смартфона,6180.0,Champions,Platinum,6180.0,0.16294498381877023
2025-06-01,ORD383218,19287744,GGG_Red_4652,11100,4,27042.0,1.0,2025,6,22,Sunday,1,June,KZDOO,Чехлы,Чехол для смартфона,11100.0,213,Silver,2775.0,2.4362162162162164
2025-09-22,ORD250289,80262000,FFF_Titanium_1822,11100,3,17489.0,1.0,2025,9,39,Monday,22,September,KZDOO,Чехлы,Чехол для смартфона,11100.0,Loyal Customers,Platinum,3700.0,1.5755855855855856
2025-01-04,ORD937095,64604307,GGG_Titanium_9467,6980,3,11734.0,1.0,2025,1,1,Saturday,4,January,KEEPHONE,Чехлы,Чехол для смартфона,6980.0,324,Gold,2326.6666666666665,1.6810888252148997
2025-06-15,ORD106514,13307981,HHH_Red_3772,2700,3,4782.0,1.0,2025,6,24,Sunday,15,June,K-DOO,Чехлы,Чехол для смартфона,2700.0,Potential Loyalists,Silver,900.0,1.771111111111111
2025-05-06,ORD621896,35738540,CCC_Titanium_2027,5500,4,14097.0,1.0,2025,5,19,Tuesday,6,May,KZDOO,Чехлы,Чехол для смартфона,5500.0,Cannot Lose Them,Silver,1375.0,2.563090909090909
2025-04-10,ORD237510,37600233,AAA_Green_9915,980,2,475.0,0.4846938775510204,2025,4,15,Thursday,10,April,Robiton,Батарейки и аккумуляторы,Батарейка,980.0,At Risk,Bronze,490.0,0.4846938775510204
2025-08-07,ORD572049,12307278,DDD_White_5998,7522,4,21244.36,1.0,2025,8,32,Thursday,7,August,KZDOO,Чехлы,Чехол для смартфона,7522.0,High Value New Customers,Gold,1880.5,2.8242967295931933
2025-08-26,ORD775551,12157882,CCC_Blue_4419,1600,4,3530.0,1.0,2025,8,35,Tuesday,26,August,K-DOO,Чехлы,Чехол для смартфона,1600.0,New Customers,Silver,400.0,2.20625
2025-04-15,ORD460684,59775520,HHH_Purple_5299,490,1,-438.2,-0.8942857142857142,2025,4,16,Tuesday,15,April,REMAX,Защитные пленки и стекла,Защитное стекло,490.0,New Customers,Silver,490.0,-0.8942857142857142
2025-06-27,ORD287219,42530270,HHH_Pink_4655,4990,4,13522.5,1.0,2025,6,26,Friday,27,June,KZDOO,Чехлы,Чехол для смартфона,4990.0,213,Silver,1247.5,2.7099198396793587
2025-03-12,ORD614002,27500707,AAA_Titanium_8848,1890,3,2674.4,1.0,2025,3,11,Wednesday,12,March,KEEPHONE,Чехлы,Чехол для смартфона,1890.0,Potential Loyalists,Silver,630.0,1.415026455026455
2025-08-31,ORD859459,29302655,FFF_Red_4364,3100,2,2570.0,0.8290322580645161,2025,8,35,Sunday,31,August,KZDOO,Чехлы,Чехол для смартфона,3100.0,Loyal Customers,Gold,1550.0,0.8290322580645161
2025-02-15,ORD247828,17961013,GGG_Purple_4980,3490,2,3208.1000000000004,0.9192263610315188,2025,2,7,Saturday,15,February,KZDOO,Чехлы,Чехол для смартфона,3490.0,123,Silver,1745.0,0.9192263610315188
2025-02-07,ORD475302,81961443,GGG_Pink_3547,5580,2,6123.799999999999,1.0,2025,2,6,Friday,7,February,KZDOO,Чехлы,Чехол для смартфона,5580.0,At Risk,Bronze,2790.0,1.0974551971326163
2025-05-23,ORD633084,86055495,AAA_Green_3407,5300,3,8925.0,1.0,2025,5,21,Friday,23,May,KZDOO,Чехлы,Чехол для смартфона,5300.0,New Customers,Silver,1766.6666666666667,1.6839622641509433
2025-02-02,ORD606248,11575539,HHH_Blue_8671,5500,3,10925.0,1.0,2025,2,5,Sunday,2,February,KZDOO,Чехлы,Чехол для смартфона,5500.0,Loyal Customers,Platinum,1833.3333333333333,1.9863636363636363
2025-05-07,ORD578276,41460381,AAA_Green_6938,3816,3,7173.359999999999,1.0,2025,5,19,Wednesday,7,May,KZDOO,Чехлы,Чехол для смартфона,3816.0,324,Gold,1272.0,1.8798113207547167
2025-09-17,ORD100589,10060494,EEE_Purple_5001,5180,3,9095.6,1.0,2025,9,38,Wednesday,17,September,KZDOO,Чехлы,Чехол для смартфона,5180.0,High Value New Customers,Gold,1726.6666666666667,1.755907335907336
2025-01-10,ORD589428,82438067,EEE_Red_8950,5980,3,10039.8,1.0,2025,1,2,Friday,10,January,KZDOO,Чехлы,Чехол для смартфона,5980.0,High Value New Customers,Gold,1993.3333333333333,1.678896321070234
2025-03-27,ORD791781,67982365,FFF_Red_4458,5100,4,12866.0,1.0,2025,3,13,Thursday,27,March,KZDOO,Чехлы,Чехол для наушников,5100.0,113,Bronze,1275.0,2.522745098039216
2025-05-06,ORD107819,47547508,CCC_Titanium_8246,10380,3,19053.2,1.0,2025,5,19,Tuesday,6,May,Неизвестно,Чехлы,Неизвестно,10380.0,Cannot Lose Them,Silver,3460.0,1.835568400770713
2025-05-31,ORD371049,96712748,FFF_White_8621,11100,3,19350.0,1.0,2025,5,22,Saturday,31,May,KZDOO,Чехлы,Чехол для смартфона,11100.0,High Value New Customers,Gold,3700.0,1.7432432432432432
2025-09-05,ORD884911,69371023,AAA_Red_8534,6180,3,10136.6,1.0,2025,9,36,Friday,5,September,KZDOO,Чехлы,Чехол для смартфона,6180.0,Champions,Platinum,2060.0,1.6402265372168285
2025-07-01,ORD876474,43776637,EEE_Blue_5790,5980,3,11033.2,1.0,2025,7,27,Tuesday,1,July,KZDOO,Чехлы,Чехол для смартфона,5980.0,Loyal Customers,Platinum,1993.3333333333333,1.845016722408027
2025-07-28,ORD935722,83447966,BBB_Blue_8761,5180,2,4321.2,0.8342084942084942,2025,7,31,Monday,28,July,KZDOO,Чехлы,Чехол для смартфона,5180.0,Champions,Platinum,2590.0,0.8342084942084942
2025-04-04,ORD862137,60679385,EEE_White_2537,1340,3,2236.2,1.0,2025,4,14,Friday,4,April,Robiton,Батарейки и аккумуляторы,Батарейка,1340.0,At Risk,Bronze,446.6666666666667,1.6688059701492537
2025-02-21,ORD114564,61043170,HHH_Red_8358,2690,4,7412.5,1.0,2025,2,8,Friday,21,February,KEEPHONE,Чехлы,Чехол для смартфона,2690.0,About To Sleep,Silver,672.5,2.7555762081784385
2025-05-14,ORD879945,68159326,HHH_Clear_5825,1240,4,3064.8,1.0,2025,5,20,Wednesday,14,May,REMAX,Защитные пленки и стекла,Защитное стекло,1240.0,Loyal Customers,Platinum,310.0,2.4716129032258065
2025-05-18,ORD118990,41515025,DDD_Purple_3677,980,4,1991.6,1.0,2025,5,20,Sunday,18,May,Varta,Батарейки и аккумуляторы,Батарейка,980.0,New Customers,Silver,245.0,2.0322448979591834
2025-06-03,ORD419075,64541408,BBB_Pink_7223,2550,1,-128.5,-0.0503921568627451,2025,6,23,Tuesday,3,June,KZDOO,Чехлы,Чехол для смартфона,2550.0,At Risk,Bronze,2550.0,-0.0503921568627451
2025-06-25,ORD844941,54150352,HHH_Titanium_2732,1690,2,1323.6999999999998,0.7832544378698224,2025,6,26,Wednesday,25,June,KZDOO,Чехлы,Чехол для смартфона,1690.0,At Risk,Bronze,845.0,0.7832544378698224
2025-02-15,ORD927445,24862643,FFF_Clear_2774,7380,3,13320.6,1.0,2025,2,7,Saturday,15,February,K-DOO,Чехлы,Чехол для смартфона,7380.0,Loyal Customers,Platinum,2460.0,1.804959349593496
2025-08-08,ORD279145,42236708,HHH_Green_6711,5580,1,516.5999999999999,0.0925806451612903,2025,8,32,Friday,8,August,KZDOO,Чехлы,Чехол для смартфона,5580.0,Loyal Customers,Platinum,5580.0,0.0925806451612903
2025-01-01,ORD168412,85372595,CCC_Titanium_6837,2550,3,4031.0,1.0,2025,1,1,Wednesday,1,January,KZDOO,Чехлы,Чехол для смартфона,2550.0,At Risk,Bronze,850.0,1.5807843137254902
2025-01-11,ORD719578,51575941,DDD_Purple_5314,3380,1,32.40000000000009,0.009585798816568,2025,1,2,Saturday,11,January,KZDOO,Чехлы,Чехол для смартфона,3380.0,Loyal Customers,Platinum,3380.0,0.009585798816568075
2025-07-30,ORD153458,42294120,CCC_Pink_2372,4980,1,826.0,0.165863453815261,2025,7,31,Wednesday,30,July,K-DOO,Чехлы,Чехол для наушников,4980.0,324,Gold,4980.0,0.16586345381526105
2025-06-28,ORD628966,95754103,EEE_White_9532,2980,4,7734.799999999999,1.0,2025,6,26,Saturday,28,June,KZDOO,Чехлы,Чехол для смартфона,2980.0,Potential Loyalists,Silver,745.0,2.5955704697986577
2025-05-01,ORD444624,67418195,CCC_Pink_6473,5380,4,14852.0,1.0,2025,5,18,Thursday,1,May,KZDOO,Чехлы,Чехол для смартфона,5380.0,324,Gold,1345.0,2.7605947955390335
2025-03-14,ORD689196,85505511,FFF_Purple_4867,2000,1,33.0,0.0165,2025,3,11,Friday,14,March,REMAX,Защитные пленки и стекла,Защитное стекло,2000.0,At Risk,Bronze,2000.0,0.0165
2025-02-17,ORD337174,41460381,AAA_Green_6938,3816,4,10309.12,1.0,2025,2,8,Monday,17,February,KZDOO,Чехлы,Чехол для смартфона,3816.0,324,Gold,954.0,2.701551362683438
2025-01-06,ORD400516,99235800,DDD_Blue_3167,5980,1,1031.8000000000002,0.1725418060200669,2025,1,2,Monday,6,January,KZDOO,Чехлы,Чехол для смартфона,5980.0,113,Bronze,5980.0,0.1725418060200669
2025-03-16,ORD815962,49463647,FFF_Black_8837,11100,2,11535.0,1.0,2025,3,11,Sunday,16,March,KZDOO,Чехлы,Чехол для смартфона,11100.0,Cannot Lose Them,Silver,5550.0,1.0391891891891891
2025-06-24,ORD408165,86056168,FFF_Green_1588,11000,4,29485.0,1.0,2025,6,26,Tuesday,24,June,KZDOO,Чехлы,Чехол для смартфона,11000.0,High Value New Customers,Gold,2750.0,2.6804545454545456
2025-03-26,ORD534237,78206062,GGG_Clear_9364,980,4,2029.4,1.0,2025,3,13,Wednesday,26,March,Robiton,Батарейки и аккумуляторы,Батарейка,980.0,At Risk,Bronze,245.0,2.0708163265306125
2025-09-03,ORD197021,44260719,HHH_Purple_8562,3790,4,9739.8,1.0,2025,9,36,Wednesday,3,September,KEEPHONE,Чехлы,Чехол для смартфона,3790.0,Loyal Customers,Gold,947.5,2.5698680738786277
2025-01-06,ORD307051,24499014,DDD_White_9097,3180,2,2720.2,0.8554088050314465,2025,1,2,Monday,6,January,KZDOO,Чехлы,Чехол для смартфона,3180.0,New Customers,Gold,1590.0,0.8554088050314465
2025-03-07,ORD307306,89466257,FFF_Green_6760,7828,1,1123.7600000000002,0.1435564639754727,2025,3,10,Friday,7,March,KZDOO,Чехлы,Чехол для смартфона,7828.0,Loyal Customers,Gold,7828.0,0.1435564639754727
2025-04-18,ORD410356,23021957,EEE_Black_4856,1000,3,1411.0,1.0,2025,4,16,Friday,18,April,REMAX,Защитные пленки и стекла,Защитное стекло,1000.0,Potential Loyalists,Silver,333.3333333333333,1.411
2025-05-07,ORD805715,31817974,BBB_Green_3184,1450,4,3415.0,1.0,2025,5,19,Wednesday,7,May,KZDOO,Чехлы,Чехол для смартфона,1450.0,New Customers,Silver,362.5,2.3551724137931034
2025-07-31,ORD834145,17932091,GGG_Black_4469,3490,1,207.30000000000013,0.0593982808022923,2025,7,31,Thursday,31,July,KZDOO,Чехлы,Чехол для смартфона,3490.0,Potential Loyalists,Silver,3490.0,0.0593982808022923
2025-02-26,ORD426347,34657339,BBB_Titanium_6310,5500,2,5247.0,0.954,2025,2,9,Wednesday,26,February,KZDOO,Чехлы,Чехол для смартфона,5500.0,Loyal Customers,Platinum,2750.0,0.954
2025-05-14,ORD469624,67418195,CCC_Pink_6473,5380,3,10557.0,1.0,2025,5,20,Wednesday,14,May,KZDOO,Чехлы,Чехол для смартфона,5380.0,324,Gold,1793.3333333333333,1.962267657992565
2025-07-09,ORD804024,74952520,DDD_Green_2949,4980,4,12956.6,1.0,2025,7,28,Wednesday,9,July,KZDOO,Чехлы,Чехол для смартфона,4980.0,High Value New Customers,Gold,1245.0,2.601726907630522
2025-09-25,ORD593896,65415657,HHH_Black_7735,7180,2,7043.4,0.9809749303621168,2025,9,39,Thursday,25,September,KZDOO,Чехлы,Чехол для смартфона,7180.0,Loyal Customers,Platinum,3590.0,0.9809749303621169
2025-05-01,ORD118854,71947674,AAA_Titanium_9034,5500,2,5228.0,0.9505454545454546,2025,5,18,Thursday,1,May,KZDOO,Чехлы,Чехол для смартфона,5500.0,Loyal Customers,Platinum,2750.0,0.9505454545454546
2025-05-01,ORD795615,84867052,BBB_Black_9984,3980,3,7528.200000000001,1.0,2025,5,18,Thursday,1,May,KZDOO,Чехлы,Чехол для смартфона,3980.0,Cannot Lose Them,Silver,1326.6666666666667,1.8915075376884425
2025-08-15,ORD164863,86131619,FFF_Blue_9955,640,1,-199.6,-0.311875,2025,8,33,Friday,15,August,Robiton,Батарейки и аккумуляторы,Батарейка,640.0,New Customers,Silver,640.0,-0.311875
2025-07-05,ORD527753,26726668,EEE_Blue_2638,3180,4,7864.200000000001,1.0,2025,7,27,Saturday,5,July,KZDOO,Чехлы,Чехол для смартфона,3180.0,Potential Loyalists,Silver,795.0,2.4730188679245284
2025-09-21,ORD685615,92465778,DDD_Green_9674,9980,4,27039.2,1.0,2025,9,38,Sunday,21,September,KZDOO,Чехлы,Чехол для смартфона,9980.0,High Value New Customers,Gold,2495.0,2.7093386773547095
2025-05-14,ORD821032,10060494,EEE_Purple_5001,5180,1,646.5999999999999,0.1248262548262548,2025,5,20,Wednesday,14,May,KZDOO,Чехлы,Чехол для смартфона,5180.0,High Value New Customers,Gold,5180.0,0.12482625482625481
2025-04-19,ORD929772,96010532,HHH_Black_6946,2490,1,91.20000000000005,0.0366265060240964,2025,4,16,Saturday,19,April,KZDOO,Чехлы,Чехол для смартфона,2490.0,Potential Loyalists,Silver,2490.0,0.0366265060240964
2025-02-22,ORD419946,46434145,GGG_Pink_1622,5180,1,826.4000000000001,0.1595366795366795,2025,2,8,Saturday,22,February,KZDOO,Чехлы,Чехол для смартфона,5180.0,High Value New Customers,Gold,5180.0,0.15953667953667955
2025-08-11,ORD659922,97043253,FFF_Green_9071,3100,3,5539.0,1.0,2025,8,33,Monday,11,August,KZDOO,Чехлы,Чехол для смартфона,3100.0,New Customers,Gold,1033.3333333333333,1.7867741935483872
2025-01-02,ORD655229,55426923,AAA_Red_9393,7828,3,14751.760000000002,1.0,2025,1,1,Thursday,2,January,K-DOO,Чехлы,Чехол для смартфона,7828.0,Cannot Lose Them,Gold,2609.3333333333335,1.884486458865611
2025-05-20,ORD708128,35214367,FFF_White_7199,9990,4,24677.7,1.0,2025,5,21,Tuesday,20,May,KZDOO,Чехлы,Чехол для смартфона,9990.0,325,Gold,2497.5,2.47024024024024
2025-07-14,ORD593266,77597491,DDD_Pink_4647,7300,3,12149.0,1.0,2025,7,29,Monday,14,July,K-DOO,Чехлы,Чехол для смартфона,7300.0,325,Gold,2433.3333333333335,1.6642465753424658
2025-08-16,ORD334680,43510857,GGG_Green_3846,6580,2,5191.4,0.788966565349544,2025,8,33,Saturday,16,August,KZDOO,Чехлы,Чехол для смартфона,6580.0,High Value New Customers,Gold,3290.0,0.788966565349544
2025-09-10,ORD661524,52116150,EEE_Purple_2309,3380,4,9006.8,1.0,2025,9,37,Wednesday,10,September,KZDOO,Чехлы,Чехол для смартфона,3380.0,New Customers,Silver,845.0,2.664733727810651
2025-07-12,ORD138779,82611352,HHH_Pink_5740,3380,3,5700.6,1.0,2025,7,28,Saturday,12,July,KZDOO,Чехлы,Чехол для смартфона,3380.0,High Value New Customers,Gold,1126.6666666666667,1.6865680473372782
2025-09-14,ORD940596,84867398,BBB_Pink_7897,2980,1,-81.59999999999991,-0.0273825503355704,2025,9,37,Sunday,14,September,KZDOO,Чехлы,Чехол для смартфона,2980.0,Loyal Customers,Platinum,2980.0,-0.027382550335570438
2025-07-20,ORD444533,34456061,HHH_Red_4760,4980,2,3737.2,0.750441767068273,2025,7,29,Sunday,20,July,KZDOO,Чехлы,Чехол для смартфона,4980.0,Potential Loyalists,Bronze,2490.0,0.750441767068273
2025-05-18,ORD797053,41515025,DDD_Purple_3677,980,1,-54.0,-0.0551020408163265,2025,5,20,Sunday,18,May,Varta,Батарейки и аккумуляторы,Батарейка,980.0,New Customers,Silver,980.0,-0.05510204081632653
2025-07-04,ORD949337,96808638,AAA_Titanium_9014,2933,4,7400.429999999999,1.0,2025,7,27,Friday,4,July,KEEPHONE,Чехлы,Чехол для смартфона,2933.0,Potential Loyalists,Silver,733.25,2.5231605864302757
2025-01-23,ORD519800,71669416,AAA_Titanium_6370,2780,1,662.0,0.2381294964028777,2025,1,4,Thursday,23,January,KZDOO,Чехлы,Чехол для смартфона,2780.0,New Customers,Silver,2780.0,0.2381294964028777
2025-04-29,ORD537429,99235800,DDD_Blue_3167,5980,3,10698.2,1.0,2025,4,18,Tuesday,29,April,KZDOO,Чехлы,Чехол для смартфона,5980.0,113,Bronze,1993.3333333333333,1.7889966555183947
2025-02-28,ORD690495,31302298,GGG_White_2841,4980,3,8621.6,1.0,2025,2,9,Friday,28,February,KZDOO,Чехлы,Чехол для смартфона,4980.0,213,Silver,1660.0,1.7312449799196787
2025-02-20,ORD808734,11615968,CCC_Red_1845,1460,4,3524.6000000000004,1.0,2025,2,8,Thursday,20,February,REMAX,Защитные пленки и стекла,Защитное стекло,1460.0,At Risk,Bronze,365.0,2.414109589041096
2025-05-23,ORD996758,47547508,CCC_Titanium_8246,10380,1,2217.4,0.2136223506743737,2025,5,21,Friday,23,May,Неизвестно,Чехлы,Неизвестно,10380.0,Cannot Lose Them,Silver,10380.0,0.2136223506743738
2025-07-05,ORD225136,27730464,CCC_White_7695,7180,4,20309.0,1.0,2025,7,27,Saturday,5,July,KZDOO,Чехлы,Чехол для смартфона,7180.0,324,Gold,1795.0,2.8285515320334262
2025-07-20,ORD853957,26479913,EEE_Pink_1004,7180,1,-126.39999999999964,-0.0176044568245124,2025,7,29,Sunday,20,July,KZDOO,Чехлы,Чехол для смартфона,7180.0,314,Silver,7180.0,-0.017604456824512484
2025-08-15,ORD327145,44373202,AAA_Purple_7609,1580,2,1361.8000000000002,0.8618987341772153,2025,8,33,Friday,15,August,REMAX,Защитные пленки и стекла,Защитное стекло,1580.0,New Customers,Silver,790.0,0.8618987341772153
2025-07-07,ORD225557,71114241,FFF_Green_5405,1550,3,2416.0,1.0,2025,7,28,Monday,7,July,KZDOO,Чехлы,Чехол для смартфона,1550.0,Potential Loyalists,Bronze,516.6666666666666,1.5587096774193547
2025-05-04,ORD737576,98669896,CCC_Titanium_4186,2980,4,7269.200000000001,1.0,2025,5,18,Sunday,4,May,KZDOO,Чехлы,Чехол для смартфона,2980.0,At Risk,Bronze,745.0,2.439328859060403
2025-08-05,ORD128158,33739806,CCC_Green_2534,1000,2,704.0,0.704,2025,8,32,Tuesday,5,August,REMAX,Защитные пленки и стекла,Защитное стекло,1000.0,New Customers,Silver,500.0,0.704
2025-01-09,ORD617691,74519088,HHH_Blue_2269,5990,2,5596.0,0.9342237061769616,2025,1,2,Thursday,9,January,KZDOO,Чехлы,Чехол для смартфона,5990.0,113,Bronze,2995.0,0.9342237061769616
2025-09-26,ORD318622,38609788,FFF_Black_2193,5980,4,15740.2,1.0,2025,9,39,Friday,26,September,KZDOO,Чехлы,Чехол для смартфона,5980.0,New Customers,Gold,1495.0,2.632140468227425
2025-01-02,ORD118532,87521806,AAA_Purple_7596,1290,4,3274.9,1.0,2025,1,1,Thursday,2,January,KZDOO,Чехлы,Чехол для смартфона,1290.0,At Risk,Bronze,322.5,2.5386821705426357
2025-07-22,ORD665859,86131619,FFF_Blue_9955,640,2,327.0,0.5109375,2025,7,30,Tuesday,22,July,Robiton,Батарейки и аккумуляторы,Батарейка,640.0,New Customers,Silver,320.0,0.5109375
2025-04-15,ORD583689,58295345,GGG_Clear_8444,4700,1,-406.0,-0.0863829787234042,2025,4,16,Tuesday,15,April,KZDOO,Чехлы,Чехол для смартфона,4700.0,Champions,Platinum,4700.0,-0.08638297872340425
2025-08-03,ORD824058,79641918,AAA_Purple_8747,6000,2,4792.0,0.7986666666666666,2025,8,31,Sunday,3,August,KZDOO,Чехлы,Чехол для смартфона,6000.0,Potential Loyalists,Silver,3000.0,0.7986666666666666
2025-04-02,ORD171167,63093696,EEE_Black_5749,2980,4,7497.4,1.0,2025,4,14,Wednesday,2,April,KZDOO,Чехлы,Чехол для смартфона,2980.0,About To Sleep,Silver,745.0,2.5159060402684563
2025-09-25,ORD425990,73366984,DDD_Titanium_8491,5648,2,5814.800000000001,1.0,2025,9,39,Thursday,25,September,KZDOO,Чехлы,Чехол для смартфона,5648.0,New Customers,Silver,2824.0,1.029532577903683
2025-01-27,ORD258696,19861565,AAA_Red_7612,6580,1,382.3999999999997,0.0581155015197567,2025,1,5,Monday,27,January,KZDOO,Чехлы,Чехол для смартфона,6580.0,325,Gold,6580.0,0.05811550151975679
2025-03-28,ORD684696,60315278,FFF_Purple_3751,1020,3,1307.1999999999998,1.0,2025,3,13,Friday,28,March,Robiton,Батарейки и аккумуляторы,Батарейка,1020.0,New Customers,Silver,340.0,1.2815686274509803
2025-01-11,ORD320289,10678165,GGG_White_4316,3490,3,6156.200000000001,1.0,2025,1,2,Saturday,11,January,KZDOO,Чехлы,Чехол для смартфона,3490.0,At Risk,Bronze,1163.3333333333333,1.763954154727794
2025-02-09,ORD588888,47380526,EEE_White_3357,4990,2,5386.200000000001,1.0,2025,2,6,Sunday,9,February,KZDOO,Чехлы,Чехол для смартфона,4990.0,324,Gold,2495.0,1.0793987975951904
2025-07-12,ORD801509,25273810,GGG_Titanium_7570,2980,1,446.8000000000002,0.1499328859060403,2025,7,28,Saturday,12,July,KZDOO,Чехлы,Чехол для смартфона,2980.0,Potential Loyalists,Silver,2980.0,0.14993288590604034
2025-02-16,ORD628254,97043253,FFF_Green_9071,3100,3,4705.0,1.0,2025,2,7,Sunday,16,February,KZDOO,Чехлы,Чехол для смартфона,3100.0,New Customers,Gold,1033.3333333333333,1.517741935483871
2025-01-24,ORD855697,32067104,AAA_Red_8661,7300,2,6198.0,0.849041095890411,2025,1,4,Friday,24,January,KZDOO,Чехлы,Чехол для смартфона,7300.0,325,Gold,3650.0,0.849041095890411
2025-08-23,ORD180372,71643669,CCC_Green_1403,11100,2,10779.0,0.971081081081081,2025,8,34,Saturday,23,August,KZDOO,Чехлы,Чехол для смартфона,11100.0,Loyal Customers,Platinum,5550.0,0.971081081081081
2025-05-15,ORD231744,20929551,HHH_White_8048,1450,1,-249.0,-0.1717241379310344,2025,5,20,Thursday,15,May,KZDOO,Чехлы,Чехол для смартфона,1450.0,At Risk,Bronze,1450.0,-0.17172413793103447
2025-06-17,ORD539156,26677770,CCC_Titanium_7668,3700,4,8622.0,1.0,2025,6,25,Tuesday,17,June,KEEPHONE,Чехлы,Чехол для смартфона,3700.0,234,Gold,925.0,2.3302702702702702
2025-03-09,ORD929212,20765137,CCC_Pink_8919,1580,2,897.5999999999999,0.5681012658227848,2025,3,10,Sunday,9,March,REMAX,Защитные пленки и стекла,Защитное стекло,1580.0,About To Sleep,Silver,790.0,0.5681012658227848
2025-02-06,ORD539022,86253551,EEE_Pink_2728,3490,4,8941.4,1.0,2025,2,6,Thursday,6,February,KZDOO,Чехлы,Чехол для смартфона,3490.0,New Customers,Gold,872.5,2.562005730659026
2025-05-25,ORD873237,90900699,CCC_Black_2080,5500,4,15728.0,1.0,2025,5,21,Sunday,25,May,KZDOO,Чехлы,Чехол для смартфона,5500.0,Cannot Lose Them,Silver,1375.0,2.8596363636363638
2025-03-28,ORD658311,25324439,HHH_Red_4713,2000,3,3116.0,1.0,2025,3,13,Friday,28,March,Нет бренда,Чехлы,Чехол для смартфона,2000.0,New Customers,Gold,666.6666666666666,1.558
2025-03-04,ORD416790,24763399,DDD_Blue_3072,11100,4,27672.0,1.0,2025,3,10,Tuesday,4,March,KZDOO,Чехлы,Чехол для смартфона,11100.0,315,Gold,2775.0,2.492972972972973
2025-06-24,ORD748120,82471173,FFF_Pink_7016,3100,1,-321.0,-0.1035483870967741,2025,6,26,Tuesday,24,June,KZDOO,Чехлы,Чехол для смартфона,3100.0,Loyal Customers,Platinum,3100.0,-0.10354838709677419
2025-08-26,ORD658140,96348851,FFF_Titanium_3323,11100,3,21937.0,1.0,2025,8,35,Tuesday,26,August,KZDOO,Чехлы,Чехол для смартфона,11100.0,High Value New Customers,Gold,3700.0,1.9763063063063062
2025-09-15,ORD669893,93873429,CCC_Green_3835,6000,3,11626.0,1.0,2025,9,38,Monday,15,September,KZDOO,Чехлы,Чехол для смартфона,6000.0,New Customers,Gold,2000.0,1.9376666666666666
2025-05-18,ORD739333,43049959,EEE_Purple_6689,5500,3,10714.0,1.0,2025,5,20,Sunday,18,May,KZDOO,Чехлы,Чехол для смартфона,5500.0,High Value New Customers,Platinum,1833.3333333333333,1.948
2025-01-09,ORD999416,78585756,AAA_Titanium_1682,6580,2,6912.0,1.0,2025,1,2,Thursday,9,January,KZDOO,Чехлы,Чехол для смартфона,6580.0,235,Gold,3290.0,1.0504559270516718
2025-08-02,ORD873246,74784496,EEE_Red_7366,11100,2,12258.0,1.0,2025,8,31,Saturday,2,August,KZDOO,Чехлы,Чехол для смартфона,11100.0,High Value New Customers,Platinum,5550.0,1.1043243243243244
2025-06-13,ORD988867,32219595,GGG_Pink_3942,2200,4,5212.0,1.0,2025,6,24,Friday,13,June,KZDOO,Чехлы,Чехол для смартфона,2200.0,About To Sleep,Silver,550.0,2.369090909090909
2025-07-04,ORD569313,25995510,EEE_Clear_8415,4600,3,6889.0,1.0,2025,7,27,Friday,4,July,KEEPHONE,Чехлы,Чехол для смартфона,4600.0,324,Gold,1533.3333333333333,1.497608695652174
2025-03-08,ORD237904,88663806,AAA_Black_2640,1020,3,1801.0,1.0,2025,3,10,Saturday,8,March,Robiton,Батарейки и аккумуляторы,Батарейка,1020.0,342,Gold,340.0,1.7656862745098039
2025-08-31,ORD143956,59197687,GGG_Blue_7759,9180,1,252.0,0.0274509803921568,2025,8,35,Sunday,31,August,KZDOO,Чехлы,Чехол для смартфона,9180.0,Loyal Customers,Platinum,9180.0,0.027450980392156862
