sku,revenue,profit,quantity,order_id,cumulative_sum,cumulative_percent,percent_contribution,abc_class,Бренд,Категория,Тип,current_price,cv,xyz_class,abc_xyz_class
FFF_Clear_4303,99900,153404.3,27,10,99900,0.008530643240387464,0.008530643240387464,A,KZDOO,Чехлы,Чехол для смартфона,9990.0,1.0,Z,AZ
HHH_Pink_2327,95040,113939.6,46,9,194940,0.01664628221502635,0.008115638974638885,A,KZDOO,Чехлы,Чехол для смартфона,9380.0,1.037346112212187,Z,AZ
FFF_Purple_9422,88800,74336.0,15,8,283740,0.024229076206481872,0.007582793991455524,A,Неизвестно,Чехлы,Неизвестно,11100.0,0.9486832980505138,Z,AZ
BBB_White_3663,77700,47915.0,11,7,361440,0.030864020949005453,0.006634944742523583,A,KZDOO,Чехлы,Чехол для смартфона,11100.0,1.3430260638812868,Z,AZ
CCC_Pink_8383,66600,102646.0,16,6,428040,0.0365511164425971,0.005687095493591642,A,KZDOO,Чехлы,Чехол для смартфона,11100.0,1.5603109666024912,Z,AZ
FFF_Titanium_1822,55500,131297.0,19,5,483540,0.0412903626872568,0.004739246244659702,A,KZDOO,Чехлы,Чехол для смартфона,11100.0,1.3490532229448733,Z,AZ
FFF_Black_3829,55500,96388.0,14,5,539040,0.0460296089319165,0.004739246244659702,A,KZDOO,Чехлы,Чехол для смартфона,11100.0,1.877294514421632,Z,AZ
CCC_Green_7311,55500,45942.0,9,5,594540,0.0507688551765762,0.004739246244659702,A,KZDOO,Чехлы,Чехол для смартфона,11100.0,1.224744871391589,Z,AZ
CCC_Green_1403,55500,74237.0,12,5,650040,0.055508101421235904,0.004739246244659702,A,KZDOO,Чехлы,Чехол для смартфона,11100.0,1.0606601717798214,Z,AZ
AAA_Purple_3399,54796,117330.52,23,7,704836,0.06018723182163902,0.004679130400403118,A,KZDOO,Чехлы,Чехол для смартфона,7828.0,0.7605589428059087,Z,AZ
BBB_Blue_8761,51800,70932.6,25,10,756636,0.06461052831665474,0.004423296495015722,A,KZDOO,Чехлы,Чехол для смартфона,5180.0,0.9656086163658648,Z,AZ
BBB_Green_2236,48400,60146.5,19,8,805036,0.06874349260929492,0.004132964292640173,A,KZDOO,Чехлы,Чехол для смартфона,6050.0,0.8684210526315789,Z,AZ
AAA_White_5168,47960,88541.2,12,4,852996,0.07283888449927473,0.004095391889979807,A,KZDOO,Чехлы,Чехол для смартфона,11990.0,1.6770509831248424,Z,AZ
GGG_Blue_7759,45900,81537.0,15,5,898896,0.07675836923134464,0.003919484732069916,A,KZDOO,Чехлы,Чехол для смартфона,9180.0,1.2,Z,AZ
BBB_Green_8505,45900,51473.399999999994,11,5,944796,0.08067785396341455,0.003919484732069916,A,KZDOO,Чехлы,Чехол для смартфона,9180.0,1.1409000361828303,Z,AZ
FFF_Red_8076,45480,44582.399999999994,12,6,990276,0.08456147412930867,0.0038836201658941126,A,KEEPHONE,Чехлы,Чехол для смартфона,7580.0,1.1858541225631425,Z,AZ
FFF_Blue_4146,45264,40717.520000000004,8,4,1035540,0.08842664966116952,0.0038651755318608425,A,KZDOO,Чехлы,Чехол для смартфона,11316.0,1.5347536447260846,Z,AZ
FFF_White_8621,44400,69206.0,11,4,1079940,0.09221804665689727,0.003791396995727762,A,KZDOO,Чехлы,Чехол для смартфона,11100.0,1.7248787237282068,Z,AZ
EEE_Red_7366,44400,57510.0,9,4,1124340,0.09600944365262504,0.003791396995727762,A,KZDOO,Чехлы,Чехол для смартфона,11100.0,1.5811388300841898,Z,AZ
DDD_Pink_8616,44400,60551.0,10,4,1168740,0.09980084064835279,0.003791396995727762,A,KZDOO,Чехлы,Чехол для смартфона,11100.0,1.7684739183827394,Z,AZ
FFF_Green_1588,44000,60016.0,10,4,1212740,0.10355808091438931,0.0037572402660365207,A,KZDOO,Чехлы,Чехол для смартфона,11000.0,1.3829316685939328,Z,AZ
AAA_Red_8534,43260,51967.2,16,7,1256000,0.10725213123049704,0.0036940503161077246,A,KZDOO,Чехлы,Чехол для смартфона,6180.0,1.3714442660932307,Z,AZ
HHH_Black_7735,43080,55166.4,14,6,1299080,0.1109308110182437,0.003678679787746666,A,KZDOO,Чехлы,Чехол для смартфона,7180.0,1.290170847727746,Z,AZ
GGG_Black_5712,41880,62918.2,16,6,1340960,0.11450702061691664,0.0035762095986729427,A,KEEPHONE,Чехлы,Чехол для смартфона,6980.0,1.21875,Z,AZ
FFF_White_7199,39960,55279.5,10,4,1380920,0.11791927791307164,0.0034122572961549857,A,KZDOO,Чехлы,Чехол для смартфона,9990.0,1.5874507866387544,Z,AZ
HHH_Pink_5159,39920,55300.2,10,4,1420840,0.1213281195362575,0.0034088416231858615,A,KZDOO,Чехлы,Чехол для смартфона,9980.0,1.0,Z,AZ
AAA_Titanium_1682,39480,63711.2,16,6,1460320,0.12469938875678299,0.003371269220525496,A,KZDOO,Чехлы,Чехол для смартфона,6580.0,1.4553913777743774,Z,AZ
FFF_Green_6760,39140,36961.6,10,5,1499460,0.12804162475707093,0.0033422360002879413,A,KZDOO,Чехлы,Чехол для смартфона,7828.0,1.1423659658795862,Z,AZ
HHH_Red_1115,39140,31578.96,9,5,1538600,0.1313838607573589,0.0033422360002879413,A,K-DOO,Чехлы,Чехол для смартфона,7828.0,1.9364916731037085,Z,AZ
AAA_Blue_3988,37900,68554.59999999999,15,5,1576500,0.13462021089560397,0.003236350138245094,A,KEEPHONE,Чехлы,Чехол для смартфона,7580.0,1.6431676725154982,Z,AZ
CCC_Pink_7226,37200,44159.0,14,6,1613700,0.1377967867568894,0.003176575861285422,A,Robiton,Батарейки и аккумуляторы,Аккумуляторная батарейка,6200.0,1.2074386788840692,Z,AZ
FFF_Clear_2774,36900,60651.0,14,5,1650600,0.14094774507090638,0.003150958314016991,A,K-DOO,Чехлы,Чехол для смартфона,7380.0,1.0714285714285714,Z,AZ
CCC_Blue_3895,36720,25288.4,7,4,1687320,0.1440833328565623,0.0031355877856559327,A,KZDOO,Чехлы,Чехол для смартфона,9180.0,1.4051653980647145,Z,AZ
DDD_Blue_3042,36500,63261.0,15,5,1723820,0.14720013444088806,0.00311680158432575,A,KZDOO,Чехлы,Чехол для смартфона,7300.0,1.8493242008906927,Z,AZ
AAA_Green_5033,36500,54487.0,13,5,1760320,0.15031693602521382,0.00311680158432575,A,KZDOO,Чехлы,Чехол для смартфона,7300.0,1.699721522614181,Z,AZ
CCC_Blue_6413,35970,44338.0,7,3,1796290,0.15338847994269866,0.0030715439174848554,A,KEEPHONE,Чехлы,Чехол для смартфона,11990.0,1.7928429140015907,Z,AZ
FFF_Titanium_1848,35940,53117.100000000006,16,6,1832230,0.1564574621054567,0.0030689821627580124,A,KEEPHONE,Чехлы,Чехол для смартфона,5990.0,1.1171601832324676,Z,AZ
CCC_Purple_9600,35940,41982.8,14,6,1868170,0.1595264442682147,0.0030689821627580124,A,KEEPHONE,Чехлы,Чехол для смартфона,5990.0,1.511435997821345,Z,AZ
DDD_Green_9078,35900,38913.8,11,5,1904070,0.16259201075800359,0.0030655664897888883,A,KZDOO,Чехлы,Чехол для смартфона,7180.0,2.1560984046602583,Z,AZ
FFF_Purple_2135,35900,53495.6,13,5,1939970,0.16565757724779248,0.0030655664897888883,A,KZDOO,Чехлы,Чехол для смартфона,7180.0,1.5523412362008124,Z,AZ
BBB_Green_4107,35900,66561.4,15,5,1975870,0.16872314373758135,0.0030655664897888883,A,KZDOO,Чехлы,Чехол для смартфона,7180.0,1.3416407864998738,Z,AZ
FFF_Blue_7389,35900,64355.2,15,5,2011770,0.17178871022737024,0.0030655664897888883,A,KZDOO,Чехлы,Чехол для смартфона,7180.0,1.4387494569938157,Z,AZ
DDD_Black_2968,35868,14683.92,10,7,2047638,0.17485154417878385,0.003062833951413589,A,KZDOO,Чехлы,Чехол для смартфона,5124.0,0.8351646544245033,Z,AZ
EEE_Titanium_7662,34950,43656.7,12,5,2082588,0.17783598843555604,0.002984444256772191,A,KEEPHONE,Чехлы,Чехол для смартфона,6990.0,1.9485571585149875,Z,AZ
BBB_Red_7058,34900,50889.399999999994,13,5,2117488,0.1808161631011168,0.0029801746655607857,A,KEEPHONE,Чехлы,Чехол для смартфона,6980.0,1.2046507510281403,Z,AZ
HHH_Green_6711,33480,45396.0,15,6,2150968,0.1836750813762737,0.0028589182751568797,A,KZDOO,Чехлы,Чехол для смартфона,5580.0,1.0392304845413263,Z,AZ
EEE_Purple_1729,33480,54975.4,17,6,2184448,0.18653399965143058,0.0028589182751568797,A,KZDOO,Чехлы,Чехол для смартфона,5580.0,1.3867264981325038,Z,AZ
DDD_Green_6347,33300,39955.0,7,3,2217748,0.1893775473982264,0.002843547746795821,A,KZDOO,Чехлы,Чехол для смартфона,11100.0,1.7928429140015907,Z,AZ
GGG_Titanium_8096,33300,42826.0,7,3,2251048,0.19222109514502222,0.002843547746795821,A,KZDOO,Чехлы,Чехол для смартфона,11100.0,1.7928429140015907,Z,AZ
DDD_Clear_9288,33300,22084.0,5,3,2284348,0.19506464289181805,0.002843547746795821,A,KZDOO,Чехлы,Чехол для смартфона,11100.0,1.5874507866387544,Z,AZ
BBB_Pink_3387,33300,21236.0,5,3,2317648,0.19790819063861387,0.002843547746795821,A,KZDOO,Чехлы,Чехол для смартфона,11100.0,1.5874507866387544,Z,AZ
HHH_Purple_9148,33300,78412.0,11,3,2350948,0.2007517383854097,0.002843547746795821,A,KZDOO,Чехлы,Чехол для смартфона,11100.0,1.518481189862733,Z,AZ
AAA_Clear_1693,33300,14497.0,4,3,2384248,0.2035952861322055,0.002843547746795821,A,KZDOO,Чехлы,Чехол для смартфона,11100.0,1.6345871038277526,Z,AZ
EEE_Purple_9330,33300,21073.0,5,3,2417548,0.20643883387900133,0.002843547746795821,A,KZDOO,Чехлы,Чехол для смартфона,11100.0,1.824828759089466,Z,AZ
DDD_White_7187,33300,42448.0,7,3,2450848,0.20928238162579715,0.002843547746795821,A,KZDOO,Чехлы,Чехол для смартфона,11100.0,1.6736249305514261,Z,AZ
EEE_Black_1662,33300,60190.0,9,3,2484148,0.21212592937259298,0.002843547746795821,A,KZDOO,Чехлы,Чехол для смартфона,11100.0,1.5,Z,AZ
AAA_Green_1908,33300,50228.0,8,3,2517448,0.2149694771193888,0.002843547746795821,A,KZDOO,Чехлы,Чехол для смартфона,11100.0,1.7286645857424165,Z,AZ
BBB_Titanium_6310,33000,46745.0,15,6,2550448,0.2177874073189162,0.0028179301995273904,A,KZDOO,Чехлы,Чехол для смартфона,5500.0,1.2727922061357855,Z,AZ
HHH_White_1139,33000,78725.0,11,3,2583448,0.22060533751844358,0.0028179301995273904,A,KZDOO,Чехлы,Чехол для смартфона,11000.0,1.0,Z,AZ
DDD_Clear_1598,32900,25294.6,9,5,2616348,0.22341472853554814,0.00280939101710458,A,KZDOO,Чехлы,Чехол для смартфона,6580.0,1.224744871391589,Z,AZ
GGG_Clear_8444,32900,52190.0,20,7,2649248,0.22622411955265273,0.00280939101710458,A,KZDOO,Чехлы,Чехол для смартфона,4700.0,0.9749999999999999,Z,AZ
FFF_Purple_8560,32900,23346.2,9,5,2682148,0.22903351056975732,0.00280939101710458,A,KZDOO,Чехлы,Чехол для смартфона,6580.0,1.4142135623730951,Z,AZ
AAA_Red_7992,32900,85266.0,20,5,2715048,0.23184290158686188,0.00280939101710458,A,KZDOO,Чехлы,Чехол для смартфона,6580.0,1.307669683062202,Z,AZ
GGG_Blue_9644,32800,64310.0,13,4,2747848,0.23464375342154364,0.00280085183468177,A,KZDOO,Чехлы,Чехол для смартфона,8200.0,1.2533977489846402,Z,AZ
BBB_Titanium_5322,32640,50308.6,8,3,2780488,0.23743094256434893,0.0027871891428052735,A,KZDOO,Чехлы,Чехол для смартфона,10880.0,1.7286645857424165,Z,AZ
BBB_Green_9675,31800,48292.0,16,6,2812288,0.2401464025748026,0.0027154600104536673,A,KZDOO,Чехлы,Чехол для смартфона,5300.0,1.6102091284985316,Z,AZ
CCC_Red_7696,31312,37579.84,9,4,2843600,0.24282019137503294,0.002673788800230353,A,KZDOO,Чехлы,Чехол для смартфона,7828.0,1.4142135623730951,Z,AZ
EEE_Green_9795,31200,31600.0,6,3,2874800,0.24548441629094975,0.0026642249159168053,A,Robiton,Батарейки и аккумуляторы,Аккумуляторная батарейка,10400.0,1.6770509831248424,Z,AZ
EEE_Titanium_2576,31080,46201.2,16,6,2905880,0.2481383941879592,0.002653977897009433,A,Raigor,Чехлы,Чехол для смартфона,5180.0,1.8395078315951796,Z,AZ
CCC_Titanium_7564,30600,29538.0,6,3,2936480,0.2507513840093391,0.0026129898213799437,A,Неизвестно,Чехлы,Неизвестно,10200.0,1.0,Z,AZ
CCC_White_6266,30600,50353.0,17,6,2967080,0.2533643738307191,0.0026129898213799437,A,KZDOO,Чехлы,Чехол для наушников,5100.0,1.254059153254579,Z,AZ
HHH_Pink_7554,30600,56644.0,18,6,2997680,0.255977363652099,0.0026129898213799437,A,KZDOO,Чехлы,Чехол для наушников,5100.0,1.0,Z,AZ
CCC_Red_6375,30250,51589.0,15,5,3027930,0.25856046633499913,0.002583102682900108,A,KZDOO,Чехлы,Чехол для смартфона,6050.0,1.74928556845359,Z,AZ
DDD_White_5998,30088,56673.380000000005,12,4,3058018,0.2611297355423743,0.002569269207375155,A,KZDOO,Чехлы,Чехол для смартфона,7522.0,1.6770509831248424,Z,AZ
BBB_Blue_8197,30000,18048.0,8,5,3088018,0.26369149026921734,0.002561754726843082,A,KZDOO,Чехлы,Чехол для смартфона,6000.0,1.3125000000000002,Z,AZ
HHH_Blue_4428,29950,48240.8,14,5,3117968,0.26624897540484904,0.002557485135631677,A,KZDOO,Чехлы,Чехол для смартфона,5990.0,1.0220777158038703,Z,AZ
FFF_Purple_6937,29950,56799.3,15,5,3147918,0.26880646054048074,0.002557485135631677,A,KEEPHONE,Чехлы,Чехол для смартфона,5990.0,1.8493242008906927,Z,AZ
DDD_White_5541,29950,59652.3,16,5,3177868,0.2713639456761124,0.002557485135631677,A,KZDOO,Чехлы,Чехол для смартфона,5990.0,1.282011968547876,Z,AZ
HHH_Purple_3039,29940,50571.2,9,3,3207808,0.2739205768935018,0.002556631217389396,A,KZDOO,Чехлы,Чехол для смартфона,9980.0,1.7320508075688772,Z,AZ
CCC_Black_6996,29940,30692.200000000004,6,3,3237748,0.2764772081108912,0.002556631217389396,A,KZDOO,Чехлы,Чехол для смартфона,9980.0,1.984313483298443,Z,AZ
DDD_Titanium_1174,29940,48598.2,8,3,3267688,0.2790338393282806,0.002556631217389396,A,KZDOO,Чехлы,Чехол для смартфона,9980.0,1.6345871038277526,Z,AZ
EEE_Blue_5790,29900,40929.8,13,5,3297588,0.28158705487270086,0.002553215544420272,A,KZDOO,Чехлы,Чехол для смартфона,5980.0,1.044852131323548,Z,AZ
AAA_Purple_5764,29880,53924.4,18,6,3327468,0.2841385625806366,0.00255150770793571,A,KZDOO,Чехлы,Чехол для смартфона,4980.0,1.4361406616345072,Z,AZ
AAA_Red_8661,29200,40654.0,10,4,3356668,0.28663200384809717,0.0024934412674606,A,KZDOO,Чехлы,Чехол для смартфона,7300.0,1.2278029157808674,Z,AZ
HHH_Clear_2518,29200,46877.0,11,4,3385868,0.28912544511555777,0.0024934412674606,A,KZDOO,Чехлы,Чехол для смартфона,7300.0,1.2792042981336624,Z,AZ
BBB_Clear_6703,28720,58794.8,13,4,3414588,0.2915778983073889,0.0024524531918311107,A,KZDOO,Чехлы,Чехол для смартфона,7180.0,1.2533977489846402,Z,AZ
DDD_White_8101,28720,61897.2,14,4,3443308,0.29403035149921997,0.0024524531918311107,A,K-DOO,Чехлы,Чехол для смартфона,7180.0,1.7928429140015907,Z,AZ
EEE_Blue_7850,28720,56213.600000000006,13,4,3472028,0.2964828046910511,0.0024524531918311107,A,KZDOO,Чехлы,Чехол для смартфона,7180.0,1.7346111205814894,Z,AZ
EEE_Red_4134,28000,39297.0,10,4,3500028,0.29887377576943797,0.002390971078386877,A,KEEPHONE,Чехлы,Чехол для смартфона,7000.0,1.382931668593933,Z,AZ
CCC_Red_5609,27960,38989.1,10,4,3527988,0.3012613311748557,0.0023875554054177527,A,KEEPHONE,Чехлы,Чехол для смартфона,6990.0,1.2278029157808674,Z,AZ
BBB_Red_7529,27960,22218.4,7,4,3555948,0.3036488865802735,0.0023875554054177527,A,KEEPHONE,Чехлы,Чехол для смартфона,6990.0,1.6736249305514261,Z,AZ
BBB_Blue_5153,27920,52609.6,12,4,3583868,0.3060330263127221,0.0023841397324486286,A,KEEPHONE,Чехлы,Чехол для смартфона,6980.0,1.6345871038277529,Z,AZ
EEE_Titanium_3108,27900,24606.8,10,5,3611768,0.30841545820868616,0.0023824318959640664,A,KZDOO,Чехлы,Чехол для смартфона,5580.0,1.6500000000000001,Z,AZ
BBB_Purple_1482,27900,16371.0,8,5,3639668,0.31079789010465025,0.0023824318959640664,A,KZDOO,Чехлы,Чехол для смартфона,5580.0,1.1858541225631425,Z,AZ
GGG_Red_1294,27900,54092.2,16,5,3667568,0.3131803220006143,0.0023824318959640664,A,KZDOO,Чехлы,Чехол для смартфона,5580.0,1.6102091284985316,Z,AZ
DDD_Clear_8095,27816,37562.1,10,4,3695384,0.3155555809833432,0.002375258982728906,A,KEEPHONE,Чехлы,Чехол для смартфона,6954.0,1.5874507866387544,Z,AZ
HHH_White_5225,27540,11209.2,4,3,3722924,0.31790727182258516,0.0023516908392419494,A,KZDOO,Чехлы,Чехол для смартфона,9180.0,1.6345871038277526,Z,AZ
AAA_Green_7796,27540,39977.8,8,3,3750464,0.32025896266182713,0.0023516908392419494,A,Неизвестно,Чехлы,Неизвестно,9180.0,1.7286645857424165,Z,AZ
HHH_White_4631,27540,17833.0,5,3,3778004,0.32261065350106904,0.0023516908392419494,A,KZDOO,Чехлы,Чехол для смартфона,9180.0,1.824828759089466,Z,AZ
FFF_Titanium_9574,27540,35209.600000000006,7,3,3805544,0.324962344340311,0.0023516908392419494,A,KZDOO,Чехлы,Чехол для смартфона,9180.0,1.0,Z,AZ
DDD_Red_3932,27540,10627.199999999999,4,3,3833084,0.327314035179553,0.0023516908392419494,A,KZDOO,Чехлы,Чехол для смартфона,9180.0,1.6345871038277526,Z,AZ
HHH_Blue_8671,27500,37054.0,12,5,3860584,0.32966231034582577,0.0023482751662728253,A,KZDOO,Чехлы,Чехол для смартфона,5500.0,1.0,Z,AZ
BBB_Blue_9580,27500,48211.0,15,5,3888084,0.3320105855120986,0.0023482751662728253,A,K-DOO,Чехлы,Чехол для смартфона,5500.0,1.236931687685298,Z,AZ
AAA_Titanium_9034,27500,35861.0,12,5,3915584,0.33435886067837145,0.0023482751662728253,A,KZDOO,Чехлы,Чехол для смартфона,5500.0,1.403121520040228,Z,AZ
AAA_Blue_8334,27500,35718.0,12,5,3943084,0.3367071358446443,0.0023482751662728253,A,K-DOO,Чехлы,Чехол для смартфона,5500.0,1.875,Z,AZ
GGG_Pink_4564,27300,34428.0,7,3,3970384,0.33903833264607147,0.0023311968014272048,A,KZDOO,Чехлы,Чехол для смартфона,9100.0,1.0,Z,AZ
AAA_Red_7612,26320,41086.2,11,4,3996704,0.34128584545975515,0.002247512813683664,A,KZDOO,Чехлы,Чехол для смартфона,6580.0,1.6249602665199523,Z,AZ
CCC_Green_3542,26320,34679.399999999994,10,4,4023024,0.3435333582734388,0.002247512813683664,A,KZDOO,Чехлы,Чехол для смартфона,6580.0,1.2278029157808674,Z,AZ
BBB_Red_1893,26320,28577.6,9,4,4049344,0.34578087108712247,0.002247512813683664,A,KEEPHONE,Чехлы,Чехол для смартфона,6580.0,1.5,Z,AZ
FFF_White_7505,25900,31843.0,12,5,4075244,0.3479925193346303,0.002211648247507861,A,KEEPHONE,Чехлы,Чехол для смартфона,5180.0,1.4523687548277815,Z,AZ
HHH_Clear_2252,25680,36310.399999999994,10,4,4100924,0.350185381380808,0.0021928620461776783,A,KZDOO,Чехлы,Чехол для смартфона,6420.0,1.7684739183827394,Z,AZ
FFF_Blue_7386,25500,42839.0,14,5,4126424,0.3523628728986246,0.00217749151781662,A,KZDOO,Чехлы,Чехол для смартфона,5100.0,1.4414597193293262,Z,AZ
HHH_Titanium_2410,25500,15563.0,5,3,4151924,0.35454036441644127,0.00217749151781662,A,KZDOO,Чехлы,Чехол для смартфона,8500.0,1.824828759089466,Z,AZ
EEE_Clear_6744,25200,33104.0,15,6,4177124,0.35669223838698944,0.002151873970548189,A,K-DOO,Чехлы,Чехол для смартфона,4200.0,1.1224972160321824,Z,AZ
HHH_Black_6852,24950,19276.100000000002,9,5,4202074,0.3588227644014806,0.0021305260144911633,A,KZDOO,Чехлы,Чехол для смартфона,4990.0,1.5,Z,AZ
AAA_Black_7462,24950,23157.9,10,5,4227024,0.36095329041597174,0.0021305260144911633,A,KZDOO,Чехлы,Чехол для смартфона,4990.0,1.5874507866387544,Z,AZ
DDD_Titanium_7441,24900,44028.0,15,5,4251924,0.36307954683925153,0.002126256423279758,A,K-DOO,Чехлы,Чехол для наушников,4980.0,1.438749456993816,Z,AZ
EEE_Pink_1003,24900,10608.4,7,5,4276824,0.36520580326253127,0.002126256423279758,A,KZDOO,Чехлы,Чехол для смартфона,4980.0,1.4051653980647145,Z,AZ
CCC_Black_8407,24900,25903.4,11,5,4301724,0.367332059685811,0.002126256423279758,A,KZDOO,Чехлы,Чехол для смартфона,4980.0,1.14090003618283,Z,AZ
DDD_Purple_4347,24800,52220.0,13,4,4326524,0.36944977692666797,0.002117717240856948,A,KEEPHONE,Чехлы,Чехол для смартфона,6200.0,1.9307539073863282,Z,AZ
BBB_Pink_5147,24360,34424.3,10,4,4350884,0.37152992176486455,0.002080144838196583,A,KZDOO,Чехлы,Чехол для смартфона,6090.0,1.522333734763833,Z,AZ
GGG_Pink_4591,23920,47436.0,13,4,4374804,0.3735724942004008,0.0020425724355362176,A,KZDOO,Чехлы,Чехол для смартфона,5980.0,1.7346111205814894,Z,AZ
AAA_Black_9253,23920,4244.200000000001,4,4,4398724,0.375615066635937,0.0020425724355362176,A,KEEPHONE,Чехлы,Чехол для смартфона,5980.0,1.1858541225631425,Z,AZ
GGG_White_9632,23920,25379.8,9,4,4422644,0.3776576390714732,0.0020425724355362176,A,KZDOO,Чехлы,Чехол для смартфона,5980.0,1.5811388300841898,Z,AZ
CCC_White_2543,23900,35034.600000000006,13,5,4446544,0.3796985036705249,0.0020408645990516554,A,KEEPHONE,Чехлы,Чехол для смартфона,4780.0,1.4731321540158122,Z,AZ
AAA_Black_7725,23660,29558.6,17,7,4470204,0.38171887423176176,0.0020203705612369107,A,KZDOO,Чехлы,Чехол для смартфона,3380.0,1.4843473977582988,Z,AZ
CCC_Clear_2175,23484,61528.84,12,3,4493688,0.38372421583193456,0.0020053416001727647,A,KZDOO,Чехлы,Чехол для смартфона,7828.0,1.5,Z,AZ
AAA_Red_9393,23484,17131.52,5,3,4517172,0.3857295574321073,0.0020053416001727647,A,K-DOO,Чехлы,Чехол для смартфона,7828.0,1.0,Z,AZ
GGG_Purple_7302,23000,35910.0,14,5,4540172,0.3876935693893537,0.0019640119572463632,A,Robiton,Батарейки и аккумуляторы,Аккумуляторная батарейка,4600.0,1.7042114700628783,Z,AZ
GGG_Black_5508,22592,20428.320000000003,8,4,4562764,0.38962274148231496,0.0019291720929612971,A,KZDOO,Чехлы,Чехол для смартфона,5648.0,1.0,Z,AZ
EEE_Black_2767,22592,35048.44,11,4,4585356,0.39155191357527624,0.0019291720929612971,A,KZDOO,Чехлы,Чехол для смартфона,5648.0,1.572622172000563,Z,AZ
DDD_Titanium_1016,22566,19663.72,6,3,4607922,0.3934788654808076,0.0019269519055313664,A,KZDOO,Чехлы,Чехол для смартфона,7522.0,1.0,Z,AZ
CCC_Pink_9680,22500,54852.0,11,3,4630422,0.3954001815259399,0.0019213160451323117,A,KZDOO,Чехлы,Чехол для смартфона,7500.0,1.518481189862733,Z,AZ
EEE_Red_9650,22500,15441.0,5,3,4652922,0.39732149757107227,0.0019213160451323117,A,KZDOO,Чехлы,Чехол для смартфона,7500.0,1.0,Z,AZ
EEE_Red_9020,22320,15750.0,7,4,4675242,0.3992274430878435,0.0019059455167712532,A,KZDOO,Чехлы,Чехол для смартфона,5580.0,1.6736249305514261,Z,AZ
EEE_Clear_2689,22320,26127.199999999997,9,4,4697562,0.4011333886046148,0.0019059455167712532,A,KZDOO,Чехлы,Чехол для смартфона,5580.0,1.5811388300841898,Z,AZ
HHH_Purple_2910,22320,44567.4,13,4,4719882,0.40303933412138604,0.0019059455167712532,A,KZDOO,Чехлы,Чехол для смартфона,5580.0,1.3456042834258386,Z,AZ
GGG_Blue_5870,22240,29012.2,20,8,4742122,0.40493844829221903,0.001899114170833005,A,KZDOO,Чехлы,Чехол для смартфона,2780.0,1.0738365797457265,Z,AZ
HHH_White_8297,22200,19513.0,4,2,4764322,0.4068341467900829,0.001895698497863881,A,KZDOO,Чехлы,Чехол для смартфона,11100.0,1.0,Z,AZ
DDD_Blue_3072,22200,37830.0,6,2,4786522,0.40872984528794676,0.001895698497863881,A,KZDOO,Чехлы,Чехол для смартфона,11100.0,1.0,Z,AZ
FFF_Titanium_3323,22200,40114.0,6,2,4808722,0.4106255437858107,0.001895698497863881,A,KZDOO,Чехлы,Чехол для смартфона,11100.0,1.0,Z,AZ
HHH_Pink_8971,22200,50788.0,7,2,4830922,0.41252124228367454,0.001895698497863881,A,KZDOO,Чехлы,Чехол для смартфона,11100.0,1.0,Z,AZ
FFF_Black_8837,22200,40606.0,6,2,4853122,0.4144169407815384,0.001895698497863881,A,KZDOO,Чехлы,Чехол для смартфона,11100.0,1.0,Z,AZ
FFF_Blue_2194,22200,52084.0,7,2,4875322,0.4163126392794023,0.001895698497863881,A,KZDOO,Чехлы,Чехол для смартфона,11100.0,1.0,Z,AZ
EEE_Green_6861,22200,10702.0,3,2,4897522,0.4182083377772662,0.001895698497863881,A,KZDOO,Чехлы,Чехол для смартфона,11100.0,1.0,Z,AZ
EEE_Black_4500,22200,39479.0,6,2,4919722,0.42010403627513004,0.001895698497863881,A,KZDOO,Чехлы,Чехол для смартфона,11100.0,1.0,Z,AZ
BBB_Red_9074,22140,26160.4,7,3,4941862,0.42199461126354026,0.0018905749884101947,A,KZDOO,Чехлы,Чехол для смартфона,7380.0,1.0,Z,AZ
AAA_Green_5116,22140,27670.6,7,3,4964002,0.42388518625195043,0.0018905749884101947,A,KZDOO,Чехлы,Чехол для смартфона,7380.0,1.0,Z,AZ
FFF_Clear_6850,22140,39814.8,9,3,4986142,0.42577576124036065,0.0018905749884101947,A,KZDOO,Чехлы,Чехол для смартфона,7380.0,1.5811388300841898,Z,AZ
AAA_Blue_9137,22000,36570.0,6,2,5008142,0.4276543813733789,0.0018786201330182604,A,KZDOO,Чехлы,Чехол для смартфона,11000.0,1.0,Z,AZ
EEE_Purple_8672,22000,1012.0,2,2,5030142,0.42953300150639717,0.0018786201330182604,A,KZDOO,Чехлы,Чехол для смартфона,11000.0,1.0,Z,AZ
EEE_Purple_6689,22000,20353.0,8,4,5052142,0.43141162163941543,0.0018786201330182604,A,KZDOO,Чехлы,Чехол для смартфона,5500.0,1.0,Z,AZ
FFF_Green_5531,22000,10661.0,6,4,5074142,0.4332902417724337,0.0018786201330182604,A,KZDOO,Чехлы,Чехол для смартфона,5500.0,1.299038105676658,Z,AZ
GGG_Clear_7869,22000,29324.0,5,2,5096142,0.43516886190545195,0.0018786201330182604,A,KZDOO,Чехлы,Чехол для смартфона,11000.0,1.0,Z,AZ
CCC_Pink_5146,22000,37587.0,6,2,5118142,0.4370474820384702,0.0018786201330182604,A,KZDOO,Чехлы,Чехол для смартфона,11000.0,1.0,Z,AZ
DDD_Blue_9263,22000,35185.0,11,4,5140142,0.4389261021714885,0.0018786201330182604,A,K-DOO,Чехлы,Чехол для смартфона,5500.0,1.572622172000563,Z,AZ
FFF_Titanium_2565,22000,54782.0,15,4,5162142,0.44080472230450674,0.0018786201330182604,A,KZDOO,Чехлы,Чехол для смартфона,5500.0,1.5874507866387544,Z,AZ
DDD_Purple_2787,21960,33059.8,5,2,5184102,0.44267992676455586,0.0018752044600491363,A,KZDOO,Чехлы,Чехол для смартфона,10980.0,1.0,Z,AZ
GGG_Green_9626,21900,35243.2,14,5,5206002,0.4445500077151513,0.00187008095059545,A,KZDOO,Чехлы,Чехол для смартфона,4380.0,1.3679084287289685,Z,AZ
BBB_Black_8066,21900,51388.0,11,3,5227902,0.4464200886657468,0.00187008095059545,A,KZDOO,Чехлы,Чехол для смартфона,7300.0,1.518481189862733,Z,AZ
CCC_Green_6440,21900,21741.0,6,3,5249802,0.4482901696163422,0.00187008095059545,A,KZDOO,Чехлы,Чехол для смартфона,7300.0,1.6770509831248424,Z,AZ
DDD_Pink_4647,21900,39607.0,9,3,5271702,0.45016025056693765,0.00187008095059545,A,K-DOO,Чехлы,Чехол для смартфона,7300.0,1.0,Z,AZ
HHH_Black_7854,21900,33365.0,8,3,5293602,0.45203033151753313,0.00187008095059545,A,K-DOO,Чехлы,Чехол для смартфона,7300.0,1.7286645857424165,Z,AZ
HHH_White_3648,21560,28114.4,5,2,5315162,0.453871379247891,0.001841047730357895,A,KZDOO,Чехлы,Чехол для смартфона,10780.0,1.0,Z,AZ
DDD_Green_8043,21540,17216.6,5,3,5336702,0.45571071914176436,0.001839339893873333,A,KZDOO,Чехлы,Чехол для смартфона,7180.0,1.824828759089466,Z,AZ
CCC_White_7695,21540,33869.2,8,3,5358242,0.45755005903563767,0.001839339893873333,A,KZDOO,Чехлы,Чехол для смартфона,7180.0,1.0,Z,AZ
DDD_Green_6168,21540,22249.0,6,3,5379782,0.45938939892951103,0.001839339893873333,A,KZDOO,Чехлы,Чехол для смартфона,7180.0,1.984313483298443,Z,AZ
DDD_Titanium_2708,21540,34784.8,8,3,5401322,0.46122873882338433,0.001839339893873333,A,KZDOO,Чехлы,Чехол для смартфона,7180.0,1.7286645857424165,Z,AZ
HHH_Black_8961,21540,8598.2,4,3,5422862,0.4630680787172577,0.001839339893873333,A,KZDOO,Чехлы,Чехол для смартфона,7180.0,1.6345871038277526,Z,AZ
AAA_Pink_7909,21540,26004.0,7,3,5444402,0.464907418611131,0.001839339893873333,A,KZDOO,Чехлы,Чехол для смартфона,7180.0,1.7928429140015907,Z,AZ
AAA_Titanium_4017,21540,28423.2,7,3,5465942,0.46674675850500436,0.001839339893873333,A,KZDOO,Чехлы,Чехол для смартфона,7180.0,1.6736249305514261,Z,AZ
HHH_White_7627,21540,26738.399999999998,7,3,5487482,0.46858609839887766,0.001839339893873333,A,KZDOO,Чехлы,Чехол для смартфона,7180.0,1.0,Z,AZ
EEE_Red_4358,21540,22584.199999999997,6,3,5509022,0.470425438292751,0.001839339893873333,A,KZDOO,Чехлы,Чехол для смартфона,7180.0,1.984313483298443,Z,AZ
GGG_Blue_2701,21520,19389.2,8,4,5530542,0.47226307035013976,0.0018376320573887709,A,KZDOO,Чехлы,Чехол для смартфона,5380.0,1.7286645857424165,Z,AZ
AAA_Green_2528,21500,29997.0,13,5,5552042,0.474098994571044,0.0018359242209042088,A,KZDOO,Чехлы,Чехол для смартфона,4300.0,1.153846153846154,Z,AZ
GGG_Pink_5778,21000,44819.0,10,3,5573042,0.4758922228798341,0.0017932283087901575,A,KEEPHONE,Чехлы,Чехол для смартфона,7000.0,1.0,Z,AZ
EEE_Blue_5688,20970,44568.2,10,3,5594012,0.4776828894338975,0.0017906665540633145,A,KEEPHONE,Чехлы,Чехол для смартфона,6990.0,1.5223337347638328,Z,AZ
GGG_Titanium_9467,20940,20546.6,6,3,5614952,0.4794709942332339,0.0017881047993364714,A,KEEPHONE,Чехлы,Чехол для смартфона,6980.0,1.0,Z,AZ
HHH_Black_9830,20940,26879.0,7,3,5635892,0.4812590990325704,0.0017881047993364714,A,KEEPHONE,Чехлы,Чехол для смартфона,6980.0,1.7928429140015907,Z,AZ
CCC_Purple_9765,20940,22446.1,13,6,5656832,0.48304720383190686,0.0017881047993364714,A,KZDOO,Чехлы,Чехол для смартфона,3490.0,1.3003185772597667,Z,AZ
EEE_Blue_6964,20800,36961.0,12,4,5677632,0.4848233537758514,0.001776149943944537,A,KEEPHONE,Чехлы,Чехол для смартфона,5200.0,1.352081728298996,Z,AZ
DDD_Red_4608,20760,37846.8,6,2,5698392,0.4865960880468268,0.0017727342709754129,A,Неизвестно,Чехлы,Неизвестно,10380.0,1.0,Z,AZ
CCC_Titanium_8246,20760,21270.600000000002,4,2,5719152,0.48836882231780226,0.0017727342709754129,A,Неизвестно,Чехлы,Неизвестно,10380.0,1.0,Z,AZ
EEE_Purple_5001,20720,19970.4,8,4,5739872,0.49013814091580854,0.0017693185980062888,A,KZDOO,Чехлы,Чехол для смартфона,5180.0,1.4279574573494829,Z,AZ
AAA_Purple_3038,20720,24197.800000000003,9,4,5760592,0.4919074595138148,0.0017693185980062888,A,KZDOO,Чехлы,Чехол для смартфона,5180.0,1.8027756377319946,Z,AZ
GGG_Pink_1622,20720,33069.6,11,4,5781312,0.4936767781118211,0.0017693185980062888,A,KZDOO,Чехлы,Чехол для смартфона,5180.0,1.4039495646800455,Z,AZ
BBB_White_5235,20720,32965.8,11,4,5802032,0.4954460967098274,0.0017693185980062888,A,KZDOO,Чехлы,Чехол для смартфона,5180.0,1.572622172000563,Z,AZ
GGG_Red_6138,20720,28744.399999999998,10,4,5822752,0.4972154153078337,0.0017693185980062888,A,KZDOO,Чехлы,Чехол для смартфона,5180.0,1.7684739183827394,Z,AZ
GGG_Pink_5720,20700,20072.0,6,3,5843452,0.4989830260693554,0.0017676107615217267,A,KZDOO,Чехлы,Чехол для смартфона,6900.0,1.984313483298443,Z,AZ
EEE_Blue_8965,20500,30382.0,14,5,5863952,0.5007335584660315,0.0017505323966761062,A,KZDOO,Чехлы,Чехол для смартфона,4100.0,1.9315453261414228,Z,AZ
GGG_Clear_9401,20400,21924.0,9,4,5884352,0.5024755516802848,0.001741993214253296,A,KZDOO,Чехлы,Чехол для смартфона,5100.0,1.8027756377319946,Z,AZ
DDD_Purple_5314,20280,29832.8,16,6,5904632,0.5042072978756308,0.0017317461953459236,A,KZDOO,Чехлы,Чехол для смартфона,3380.0,1.1858541225631425,Z,AZ
EEE_Green_1464,20280,24997.800000000003,14,6,5924912,0.5059390440709767,0.0017317461953459236,A,KZDOO,Чехлы,Чехол для смартфона,3380.0,1.290170847727746,Z,AZ
AAA_Purple_8645,20280,10611.2,9,6,5945192,0.5076707902663226,0.0017317461953459236,A,KZDOO,Чехлы,Чехол для смартфона,3380.0,1.118033988749895,Z,AZ
EEE_Pink_4218,20214,19713.800000000003,6,3,5965406,0.5093969006012694,0.0017261103349468687,A,KZDOO,Чехлы,Чехол для смартфона,6738.0,1.984313483298443,Z,AZ
GGG_Blue_5448,20208,36828.4,9,3,5985614,0.5111224985852709,0.0017255979840015002,A,KZDOO,Чехлы,Чехол для смартфона,6736.0,1.0,Z,AZ
BBB_Blue_7291,20012,9279.060000000001,3,2,6005626,0.5128313597717238,0.0017088611864527921,A,KZDOO,Чехлы,Чехол для смартфона,10006.0,1.0,Z,AZ
FFF_Black_4039,19980,28786.3,5,2,6025606,0.5145374884198013,0.0017061286480774928,A,KZDOO,Чехлы,Чехол для смартфона,9990.0,1.0,Z,AZ
AAA_White_9065,19960,33718.0,12,4,6045566,0.5162419092313941,0.0017044208115929308,A,KZDOO,Чехлы,Чехол для смартфона,4990.0,2.0194368026754392,Z,AZ
EEE_Black_9568,19960,30035.6,5,2,6065526,0.5179463300429871,0.0017044208115929308,A,KZDOO,Чехлы,Чехол для смартфона,9980.0,1.0,Z,AZ
AAA_White_1844,19960,40156.9,13,4,6085486,0.51965075085458,0.0017044208115929308,A,KZDOO,Чехлы,Чехол для смартфона,4990.0,1.2533977489846402,Z,AZ
EEE_White_3357,19960,20155.5,8,4,6105446,0.521355171666173,0.0017044208115929308,A,KZDOO,Чехлы,Чехол для смартфона,4990.0,1.3125000000000002,Z,AZ
DDD_Green_9674,19960,29252.2,5,2,6125406,0.5230595924777659,0.0017044208115929308,A,KZDOO,Чехлы,Чехол для смартфона,9980.0,1.0,Z,AZ
DDD_Black_1710,19960,18980.5,8,4,6145366,0.5247640132893588,0.0017044208115929308,A,KZDOO,Чехлы,Чехол для смартфона,4990.0,1.5347536447260846,Z,AZ
DDD_Black_8635,19950,10929.5,11,7,6165316,0.5264675801827094,0.0017035668933506496,A,KEEPHONE,Чехлы,Чехол для смартфона,2850.0,1.2120265114521256,Z,AZ
CCC_Pink_2372,19920,25041.4,9,4,6185236,0.5281685853213333,0.0017010051386238067,A,K-DOO,Чехлы,Чехол для наушников,4980.0,1.5,Z,AZ
DDD_Red_2755,19920,27098.600000000002,10,4,6205156,0.5298695904599571,0.0017010051386238067,A,KZDOO,Чехлы,Чехол для смартфона,4980.0,1.824828759089466,Z,AZ
DDD_Green_2949,19920,45941.8,15,4,6225076,0.5315705955985809,0.0017010051386238067,A,KZDOO,Чехлы,Чехол для смартфона,4980.0,1.5874507866387544,Z,AZ
EEE_Pink_5016,19920,34543.2,12,4,6244996,0.5332716007372047,0.0017010051386238067,A,KEEPHONE,Чехлы,Чехол для смартфона,4980.0,1.875,Z,AZ
AAA_Clear_6277,19900,34443.0,15,5,6264896,0.534970898039344,0.0016992973021392446,A,KZDOO,Чехлы,Чехол для смартфона,3980.0,1.0392304845413263,Z,AZ
AAA_Pink_1762,19740,24577.6,7,3,6284636,0.5366565326496067,0.001685634610262748,A,KEEPHONE,Чехлы,Чехол для смартфона,6580.0,1.0,Z,AZ
EEE_Green_8714,19740,35180.2,9,3,6304376,0.5383421672598694,0.001685634610262748,A,KZDOO,Чехлы,Чехол для смартфона,6580.0,1.5811388300841898,Z,AZ
DDD_Green_2791,19740,35602.2,9,3,6324116,0.5400278018701322,0.001685634610262748,A,KZDOO,Чехлы,Чехол для смартфона,6580.0,1.0,Z,AZ
DDD_Blue_8362,19740,28642.799999999996,8,3,6343856,0.5417134364803949,0.001685634610262748,A,KEEPHONE,Чехлы,Чехол для смартфона,6580.0,1.0,Z,AZ
GGG_Purple_5110,19740,40225.2,10,3,6363596,0.5433990710906577,0.001685634610262748,A,KZDOO,Чехлы,Чехол для смартфона,6580.0,1.0,Z,AZ
GGG_Green_3846,19740,28353.0,8,3,6383336,0.5450847057009204,0.001685634610262748,A,KZDOO,Чехлы,Чехол для смартфона,6580.0,1.6345871038277526,Z,AZ
GGG_Purple_5051,19740,40999.0,10,3,6403076,0.5467703403111832,0.001685634610262748,A,KZDOO,Чехлы,Чехол для смартфона,6580.0,1.0,Z,AZ
DDD_Titanium_4062,19560,44467.0,11,3,6422636,0.5484406043930848,0.0016702640819016895,A,KZDOO,Чехлы,Чехол для смартфона,6520.0,1.518481189862733,Z,AZ
HHH_Purple_8562,18950,29667.5,14,5,6441586,0.5500587794622074,0.001618175069122547,A,KEEPHONE,Чехлы,Чехол для смартфона,3790.0,1.0,Z,AZ
EEE_Titanium_6892,18800,34498.0,12,4,6460386,0.5516641457576957,0.0016053662954883315,A,KZDOO,Чехлы,Чехол для смартфона,4700.0,1.7984368212422701,Z,AZ
GGG_Pink_5430,18600,21885.0,14,6,6478986,0.5532524336883384,0.001588287930642711,A,KZDOO,Чехлы,Чехол для смартфона,3100.0,1.3679084287289685,Z,AZ
AAA_Green_4817,18570,32857.9,9,3,6497556,0.5548381598642543,0.0015857261759158678,A,KEEPHONE,Чехлы,Чехол для смартфона,6190.0,1.5811388300841898,Z,AZ
CCC_Titanium_7668,18500,40253.0,17,5,6516056,0.5564179086124742,0.0015797487482199007,A,KEEPHONE,Чехлы,Чехол для смартфона,3700.0,1.254059153254579,Z,AZ
EEE_Clear_8415,18400,14948.0,8,4,6534456,0.5579891181782713,0.0015712095657970904,A,KEEPHONE,Чехлы,Чехол для смартфона,4600.0,1.6345871038277526,Z,AZ
GGG_Purple_3146,18360,34889.4,6,2,6552816,0.5595569120710993,0.0015677938928279663,A,KZDOO,Чехлы,Чехол для смартфона,9180.0,1.0,Z,AZ
HHH_Purple_7181,18360,944.8000000000002,2,2,6571176,0.5611247059639273,0.0015677938928279663,A,KZDOO,Чехлы,Чехол для смартфона,9180.0,1.0,Z,AZ
FFF_White_2222,18300,15831.0,6,3,6589476,0.5626873763473015,0.0015626703833742802,A,KEEPHONE,Чехлы,Чехол для смартфона,6100.0,1.6770509831248424,Z,AZ
HHH_Red_7905,18000,27754.0,8,3,6607476,0.5642244291834074,0.0015370528361058494,A,KZDOO,Чехлы,Чехол для смартфона,6000.0,1.7286645857424165,Z,AZ
HHH_Red_3860,18000,36978.0,10,3,6625476,0.5657614820195133,0.0015370528361058494,A,KZDOO,Чехлы,Чехол для смартфона,6000.0,1.0,Z,AZ
CCC_Titanium_4827,18000,22131.0,7,3,6643476,0.5672985348556191,0.0015370528361058494,A,KZDOO,Чехлы,Чехол для смартфона,6000.0,1.6736249305514261,Z,AZ
CCC_White_7349,17980,18146.8,4,2,6661456,0.5688338798552404,0.0015353449996212873,A,KEEPHONE,Чехлы,Чехол для смартфона,8990.0,1.0,Z,AZ
HHH_Titanium_3383,17980,24708.4,5,2,6679436,0.5703692248548616,0.0015353449996212873,A,KEEPHONE,Чехлы,Чехол для смартфона,8990.0,1.0,Z,AZ
EEE_Red_1730,17970,24015.8,7,3,6697406,0.5719037159362407,0.0015344910813790062,A,Нет бренда,Чехлы,Неизвестно,5990.0,1.7928429140015907,Z,AZ
DDD_Black_4197,17970,17330.699999999997,6,3,6715376,0.5734382070176197,0.0015344910813790062,A,KZDOO,Чехлы,Чехол для смартфона,5990.0,1.6770509831248424,Z,AZ
EEE_Red_8950,17940,36983.8,10,3,6733316,0.5749701363442719,0.0015319293266521632,A,KZDOO,Чехлы,Чехол для смартфона,5980.0,1.522333734763833,Z,AZ
GGG_Red_7442,17940,11563.0,5,3,6751256,0.576502065670924,0.0015319293266521632,A,KZDOO,Чехлы,Чехол для смартфона,5980.0,1.824828759089466,Z,AZ
AAA_Purple_3049,17940,11562.4,5,3,6769196,0.5780339949975761,0.0015319293266521632,A,KZDOO,Чехлы,Чехол для смартфона,5980.0,1.5874507866387544,Z,AZ
HHH_Titanium_9363,17850,21831.5,17,7,6787046,0.5795582390600478,0.0015242440624716339,A,KZDOO,Чехлы,Чехол для смартфона,2550.0,1.0060371397933572,Z,AZ
DDD_Red_7490,17450,25525.3,13,5,6804496,0.5810483263928282,0.0014900873327803928,A,KEEPHONE,Чехлы,Чехол для смартфона,3490.0,0.9858465859981766,Z,AZ
CCC_Clear_4692,17450,28615.399999999998,14,5,6821946,0.5825384137256086,0.0014900873327803928,A,KZDOO,Чехлы,Чехол для смартфона,3490.0,1.6736249305514261,Z,AZ
CCC_Clear_9381,17450,24846.7,13,5,6839396,0.584028501058389,0.0014900873327803928,A,KZDOO,Чехлы,Чехол для смартфона,3490.0,1.3456042834258386,Z,AZ
EEE_Pink_8103,17340,22749.399999999998,7,3,6856736,0.5855091952905043,0.0014806942321153014,A,KEEPHONE,Чехлы,Чехол для смартфона,5780.0,1.7928429140015907,Z,AZ
CCC_Clear_4480,17200,22600.0,10,4,6873936,0.5869779346672276,0.001468739376723367,A,KEEPHONE,Чехлы,Чехол для смартфона,4300.0,1.307669683062202,Z,AZ
FFF_Red_3712,17000,25262.0,14,5,6890936,0.5884295956791054,0.0014516610118777465,A,KEEPHONE,Чехлы,Чехол для смартфона,3400.0,1.1186042688118447,Z,AZ
GGG_Purple_2856,16944,26343.280000000002,8,3,6907880,0.5898764747488263,0.0014468790697209728,A,KZDOO,Чехлы,Чехол для смартфона,5648.0,1.6345871038277526,Z,AZ
CCC_Green_7884,16944,36392.16,10,3,6924824,0.5913233538185473,0.0014468790697209728,A,KZDOO,Чехлы,Чехол для смартфона,5648.0,1.5223337347638328,Z,AZ
GGG_White_4695,16740,9658.199999999999,5,3,6941564,0.5927528129561258,0.0014294591375784399,A,KZDOO,Чехлы,Чехол для смартфона,5580.0,1.824828759089466,Z,AZ
GGG_White_8463,16740,21605.800000000003,7,3,6958304,0.5941822720937042,0.0014294591375784399,A,KZDOO,Чехлы,Чехол для смартфона,5580.0,1.6736249305514261,Z,AZ
FFF_Titanium_4702,16740,15161.599999999999,6,3,6975044,0.5956117312312826,0.0014294591375784399,A,KZDOO,Чехлы,Чехол для смартфона,5580.0,1.984313483298443,Z,AZ
CCC_Blue_8291,16740,20639.6,7,3,6991784,0.597041190368861,0.0014294591375784399,A,KZDOO,Чехлы,Чехол для смартфона,5580.0,1.5452362609131383,Z,AZ
EEE_Pink_8352,16740,20112.4,7,3,7008524,0.5984706495064396,0.0014294591375784399,A,KZDOO,Чехлы,Чехол для смартфона,5580.0,1.0,Z,AZ
AAA_Blue_4139,16740,30605.0,9,3,7025264,0.599900108644018,0.0014294591375784399,A,KZDOO,Чехлы,Чехол для смартфона,5580.0,1.5811388300841898,Z,AZ
DDD_Titanium_6448,16740,29527.4,9,3,7042004,0.6013295677815964,0.0014294591375784399,A,KZDOO,Чехлы,Чехол для смартфона,5580.0,1.5811388300841898,Z,AZ
CCC_Titanium_2027,16500,19435.0,7,3,7058504,0.6027385328813601,0.0014089650997636952,A,KZDOO,Чехлы,Чехол для смартфона,5500.0,1.7928429140015907,Z,AZ
CCC_Black_2080,16500,22311.0,7,3,7075004,0.6041474979811238,0.0014089650997636952,A,KZDOO,Чехлы,Чехол для смартфона,5500.0,1.7928429140015907,Z,AZ
FFF_Purple_9236,16500,15112.0,6,3,7091504,0.6055564630808875,0.0014089650997636952,A,KZDOO,Чехлы,Чехол для смартфона,5500.0,1.984313483298443,Z,AZ
CCC_Titanium_4802,16140,24690.199999999997,8,3,7107644,0.6069346871239291,0.0013782240430415783,A,KZDOO,Чехлы,Чехол для смартфона,5380.0,1.0,Z,AZ
CCC_Pink_6473,16140,31545.4,9,3,7123784,0.6083129111669706,0.0013782240430415783,A,KZDOO,Чехлы,Чехол для смартфона,5380.0,1.0,Z,AZ
AAA_White_4047,15960,15696.8,4,2,7139744,0.6096757646816512,0.0013628535146805198,A,K-DOO,Чехлы,Чехол для смартфона,7980.0,1.0,Z,AZ
DDD_White_2968,15960,37001.4,7,2,7155704,0.6110386181963317,0.0013628535146805198,A,KEEPHONE,Чехлы,Чехол для смартфона,7980.0,1.0,Z,AZ
BBB_Black_9984,15920,18256.4,9,4,7171624,0.6123980560380431,0.0013594378417113957,A,KZDOO,Чехлы,Чехол для смартфона,3980.0,1.3228756555322954,Z,AZ
FFF_Blue_2457,15920,14137.2,8,4,7187544,0.6137574938797544,0.0013594378417113957,A,KZDOO,Чехлы,Чехол для смартфона,3980.0,1.5347536447260846,Z,AZ
HHH_Black_7583,15900,20722.0,7,3,7203444,0.6151152238849813,0.0013577300052268336,A,KZDOO,Чехлы,Чехол для смартфона,5300.0,1.7928429140015907,Z,AZ
FFF_Pink_7016,15500,21057.0,13,5,7218944,0.6164387971605169,0.0013235732755355924,A,KZDOO,Чехлы,Чехол для смартфона,3100.0,1.2046507510281403,Z,AZ
FFF_Red_4364,15500,22330.0,14,5,7234444,0.6177623704360525,0.0013235732755355924,A,KZDOO,Чехлы,Чехол для смартфона,3100.0,1.0714285714285714,Z,AZ
BBB_White_1747,15500,20589.0,13,5,7249944,0.6190859437115881,0.0013235732755355924,A,KZDOO,Чехлы,Чехол для смартфона,3100.0,1.3456042834258386,Z,AZ
AAA_Purple_3646,15300,34406.0,11,3,7265244,0.6203924386222781,0.0013064949106899718,A,KZDOO,Чехлы,Чехол для смартфона,5100.0,1.518481189862733,Z,AZ
BBB_Black_2129,15300,27315.0,9,3,7280544,0.621698933532968,0.0013064949106899718,A,KZDOO,Чехлы,Чехол для наушников,5100.0,1.0,Z,AZ
AAA_Green_6938,15264,25302.52,11,4,7295808,0.6230023543379858,0.0013034208050177601,A,KZDOO,Чехлы,Чехол для смартфона,3816.0,1.518481189862733,Z,AZ
EEE_Pink_4192,15160,20912.4,5,2,7310968,0.6242968943932838,0.0012945400552980375,A,KEEPHONE,Чехлы,Чехол для смартфона,7580.0,1.0,Z,AZ
EEE_Purple_9341,15160,21220.8,5,2,7326128,0.6255914344485819,0.0012945400552980375,A,KEEPHONE,Чехлы,Чехол для смартфона,7580.0,1.0,Z,AZ
FFF_White_9121,15160,2653.2,2,2,7341288,0.62688597450388,0.0012945400552980375,A,KEEPHONE,Чехлы,Чехол для смартфона,7580.0,1.0,Z,AZ
GGG_Clear_3876,15000,22731.0,5,2,7356288,0.6281668518673015,0.001280877363421541,A,KZDOO,Чехлы,Чехол для смартфона,7500.0,1.0,Z,AZ
BBB_Pink_9074,14970,17511.5,7,3,7371258,0.6294451674759961,0.001278315608694698,A,KZDOO,Чехлы,Чехол для смартфона,4990.0,1.0,Z,AZ
BBB_Red_6872,14970,22587.699999999997,8,3,7386228,0.6307234830846908,0.001278315608694698,A,KZDOO,Чехлы,Чехол для смартфона,4990.0,1.5347536447260846,Z,AZ
FFF_Green_1065,14970,26589.9,9,3,7401198,0.6320017986933856,0.001278315608694698,A,KZDOO,Чехлы,Чехол для смартфона,4990.0,1.7320508075688772,Z,AZ
BBB_White_7079,14970,17855.2,7,3,7416168,0.6332801143020802,0.001278315608694698,A,KZDOO,Чехлы,Чехол для смартфона,4990.0,1.5452362609131383,Z,AZ
FFF_Green_1597,14970,20687.3,8,3,7431138,0.6345584299107749,0.001278315608694698,A,KZDOO,Чехлы,Чехол для смартфона,4990.0,1.5347536447260846,Z,AZ
DDD_Titanium_3655,14970,26194.9,9,3,7446108,0.6358367455194697,0.001278315608694698,A,KZDOO,Чехлы,Чехол для смартфона,4990.0,1.5811388300841898,Z,AZ
DDD_White_9135,14950,16131.900000000001,11,5,7461058,0.6371133532916797,0.001276607772210136,A,KEEPHONE,Чехлы,Чехол для смартфона,2990.0,1.4039495646800453,Z,AZ
BBB_Black_7214,14940,16379.2,6,3,7475998,0.6383891071456477,0.001275753853967855,A,KZDOO,Чехлы,Чехол для смартфона,4980.0,1.6770509831248424,Z,AZ
DDD_Blue_6662,14940,14427.6,6,3,7490938,0.6396648609996155,0.001275753853967855,A,K-DOO,Чехлы,Чехол для наушников,4980.0,1.0,Z,AZ
DDD_Titanium_2057,14940,35960.2,11,3,7505878,0.6409406148535833,0.001275753853967855,A,KZDOO,Чехлы,Чехол для смартфона,4980.0,1.518481189862733,Z,AZ
HHH_Clear_4657,14940,14107.400000000001,6,3,7520818,0.6422163687075512,0.001275753853967855,A,KZDOO,Чехлы,Чехол для смартфона,4980.0,1.0,Z,AZ
HHH_Titanium_5260,14940,5796.0,4,3,7535758,0.643492122561519,0.001275753853967855,A,KZDOO,Чехлы,Чехол для смартфона,4980.0,1.6345871038277526,Z,AZ
BBB_Green_4942,14940,13026.0,6,3,7550698,0.6447678764154869,0.001275753853967855,A,KZDOO,Чехлы,Чехол для смартфона,4980.0,1.984313483298443,Z,AZ
BBB_Pink_7897,14900,14749.0,11,5,7565598,0.6460402145964856,0.0012723381809987308,A,KZDOO,Чехлы,Чехол для смартфона,2980.0,1.7248787237282068,Z,AZ
BBB_Purple_4146,14900,15503.6,11,5,7580498,0.6473125527774843,0.0012723381809987308,A,KZDOO,Чехлы,Чехол для смартфона,2980.0,1.2792042981336624,Z,AZ
CCC_Purple_4954,14900,19931.2,12,5,7595398,0.648584890958483,0.0012723381809987308,A,KZDOO,Чехлы,Чехол для смартфона,2980.0,1.243734296383275,Z,AZ
AAA_Titanium_7478,14760,38512.399999999994,8,2,7610158,0.6498452742840899,0.0012603833256067964,A,K-DOO,Чехлы,Чехол для смартфона,7380.0,1.0,Z,AZ
FFF_Clear_9181,14760,33569.4,7,2,7624918,0.6511056576096966,0.0012603833256067964,A,KZDOO,Чехлы,Чехол для смартфона,7380.0,1.0,Z,AZ
GGG_Purple_1694,14700,21553.0,8,3,7639618,0.6523609174258498,0.0012552598161531103,A,Robiton,Батарейки и аккумуляторы,Батарейка,4900.0,1.6345871038277526,Z,AZ
AAA_Black_2397,14600,1938.0,2,2,7654218,0.6536076380595801,0.0012467206337303,A,KZDOO,Чехлы,Чехол для смартфона,7300.0,1.0,Z,AZ
BBB_White_4633,14500,16846.0,12,5,7668718,0.6548458195108876,0.0012381814513074897,A,KZDOO,Чехлы,Чехол для смартфона,2900.0,1.243734296383275,Z,AZ
AAA_Clear_6434,14400,19471.0,10,4,7683118,0.6560754617797723,0.0012296422688846795,A,Robiton,Батарейки и аккумуляторы,Аккумуляторная батарейка,3600.0,1.5874507866387544,Z,AZ
DDD_White_1350,14372,13958.0,14,3,7697490,0.6573027130775786,0.0012272512978062926,A,REMAX,Защитные пленки и стекла,Защитное стекло,660.0,1.7928429140015907,Z,AZ
EEE_Pink_1004,14360,977.4000000000005,2,2,7711850,0.6585289396734941,0.0012262265959155554,A,KZDOO,Чехлы,Чехол для смартфона,7180.0,1.0,Z,AZ
EEE_Titanium_3814,14360,39625.399999999994,8,2,7726210,0.6597551662694097,0.0012262265959155554,A,KZDOO,Чехлы,Чехол для смартфона,7180.0,1.0,Z,AZ
HHH_Green_6528,14360,21210.8,5,2,7740570,0.6609813928653252,0.0012262265959155554,A,KZDOO,Чехлы,Чехол для смартфона,7180.0,1.0,Z,AZ
HHH_Purple_7128,14360,27478.800000000003,6,2,7754930,0.6622076194612407,0.0012262265959155554,A,KZDOO,Чехлы,Чехол для смартфона,7180.0,1.0,Z,AZ
AAA_White_3643,14350,22053.5,21,7,7769280,0.663432992138914,0.0012253726776732742,A,KEEPHONE,Чехлы,Чехол для смартфона,2050.0,1.3034491136353326,Z,AZ
HHH_Blue_2524,14100,14877.0,7,3,7783380,0.6646370168605303,0.0012040247216162487,A,KZDOO,Чехлы,Чехол для смартфона,4700.0,1.6736249305514261,Z,AZ
AAA_Blue_6496,13980,6807.2,3,2,7797360,0.6658307945632391,0.0011937777027088764,A,KEEPHONE,Чехлы,Чехол для смартфона,6990.0,1.0,Z,AZ
GGG_Titanium_3952,13960,18106.4,10,4,7811320,0.6670228644294635,0.0011920698662243143,A,KZDOO,Чехлы,Чехол для смартфона,3490.0,1.3829316685939332,Z,AZ
DDD_Purple_9858,13960,12906.8,4,2,7825280,0.6682149342956878,0.0011920698662243143,A,KEEPHONE,Чехлы,Чехол для смартфона,6980.0,1.0,Z,AZ
FFF_Red_4784,13960,21348.4,5,2,7839240,0.6694070041619121,0.0011920698662243143,A,KEEPHONE,Чехлы,Чехол для смартфона,6980.0,1.0,Z,AZ
CCC_Purple_8847,13960,18559.7,10,4,7853200,0.6705990740281365,0.0011920698662243143,A,KZDOO,Чехлы,Чехол для смартфона,3490.0,1.7684739183827394,Z,AZ
CCC_Clear_6193,13960,14557.7,9,4,7867160,0.6717911438943608,0.0011920698662243143,A,KZDOO,Чехлы,Чехол для смартфона,3490.0,2.0,Z,AZ
CCC_Purple_7445,13900,18941.0,13,5,7881060,0.6729780902511314,0.0011869463567706282,A,KZDOO,Чехлы,Чехол для смартфона,2780.0,1.3456042834258386,Z,AZ
GGG_Pink_1893,13900,12165.599999999999,10,5,7894960,0.6741650366079021,0.0011869463567706282,A,KZDOO,Чехлы,Чехол для смартфона,2780.0,1.2278029157808674,Z,AZ
BBB_Clear_9485,13560,11730.8,4,2,7908520,0.6753229497444351,0.0011579131365330733,A,KEEPHONE,Чехлы,Чехол для смартфона,6780.0,1.0,Z,AZ
BBB_Titanium_5485,13520,18079.8,10,4,7922040,0.6764774472079991,0.001154497463563949,A,KZDOO,Чехлы,Чехол для смартфона,3380.0,1.307669683062202,Z,AZ
HHH_Pink_5740,13520,8314.4,7,4,7935560,0.677631944671563,0.001154497463563949,A,KZDOO,Чехлы,Чехол для смартфона,3380.0,1.4051653980647145,Z,AZ
EEE_Purple_1098,13520,19637.0,11,4,7949080,0.678786442135127,0.001154497463563949,A,KZDOO,Чехлы,Чехол для смартфона,3380.0,1.909090909090909,Z,AZ
FFF_Pink_5900,13180,30472.699999999997,7,2,7962260,0.6799119063784533,0.001125464243326394,A,KEEPHONE,Чехлы,Чехол для смартфона,6590.0,1.0,Z,AZ
AAA_Red_9681,13180,7703.499999999999,3,2,7975440,0.6810373706217797,0.001125464243326394,A,KEEPHONE,Чехлы,Чехол для смартфона,6590.0,1.0,Z,AZ
EEE_Black_2069,13180,18680.1,5,2,7988620,0.6821628348651061,0.001125464243326394,A,KEEPHONE,Чехлы,Чехол для смартфона,6590.0,1.0,Z,AZ
EEE_Blue_6146,13160,30172.4,7,2,8001780,0.6832865912719479,0.001123756406841832,A,KZDOO,Чехлы,Чехол для смартфона,6580.0,1.0,Z,AZ
HHH_Red_3959,13160,23690.0,6,2,8014940,0.6844103476787897,0.001123756406841832,A,KZDOO,Чехлы,Чехол для смартфона,6580.0,1.0,Z,AZ
HHH_White_3901,13160,18252.199999999997,5,2,8028100,0.6855341040856316,0.001123756406841832,A,KZDOO,Чехлы,Чехол для смартфона,6580.0,1.0,Z,AZ
DDD_Clear_7450,13160,29413.4,7,2,8041260,0.6866578604924735,0.001123756406841832,A,KZDOO,Чехлы,Чехол для смартфона,6580.0,1.0,Z,AZ
DDD_White_3168,13160,35912.399999999994,8,2,8054420,0.6877816168993153,0.001123756406841832,A,KEEPHONE,Чехлы,Чехол для смартфона,6580.0,1.0,Z,AZ
GGG_White_9618,13160,36511.6,8,2,8067580,0.6889053733061571,0.001123756406841832,A,KZDOO,Чехлы,Чехол для смартфона,6580.0,1.0,Z,AZ
CCC_Titanium_7137,13160,12890.0,4,2,8080740,0.6900291297129989,0.001123756406841832,A,KZDOO,Чехлы,Чехол для смартфона,6580.0,1.0,Z,AZ
CCC_Green_4282,13160,11977.400000000001,4,2,8093900,0.6911528861198407,0.001123756406841832,A,KZDOO,Чехлы,Чехол для смартфона,6580.0,1.0,Z,AZ
AAA_Purple_5672,13160,910.2000000000003,2,2,8107060,0.6922766425266826,0.001123756406841832,A,KZDOO,Чехлы,Чехол для смартфона,6580.0,1.0,Z,AZ
GGG_Purple_7207,13160,22342.8,6,2,8120220,0.6934003989335245,0.001123756406841832,A,KZDOO,Чехлы,Чехол для смартфона,6580.0,1.0,Z,AZ
BBB_Black_6019,13160,23385.4,6,2,8133380,0.6945241553403663,0.001123756406841832,A,KZDOO,Чехлы,Чехол для смартфона,6580.0,1.0,Z,AZ
BBB_Clear_5381,12980,24185.08,15,5,8146360,0.695632541218847,0.0011083858784807735,A,KZDOO,Чехлы,Чехол для смартфона,2596.0,0.9949874371066199,Z,AZ
BBB_Clear_6493,12980,23290.6,6,2,8159340,0.6967409270973278,0.0011083858784807735,A,KEEPHONE,Чехлы,Чехол для смартфона,6490.0,1.0,Z,AZ
FFF_Clear_9481,12900,23930.8,16,5,8172240,0.6978424816298703,0.0011015545325425253,A,K-DOO,Чехлы,Чехол для смартфона,2580.0,1.65860681371445,Z,AZ
HHH_Purple_2504,12800,3703.0,5,4,8185040,0.69893549697999,0.001093015350119715,A,KZDOO,Чехлы,Чехол для смартфона,3200.0,1.307669683062202,Z,AZ
EEE_Black_5621,12720,12455.400000000001,9,4,8197760,0.7000216809841715,0.0010861840041814668,A,KZDOO,Чехлы,Чехол для смартфона,3180.0,1.7320508075688772,Z,AZ
DDD_Clear_8430,12600,11330.0,6,3,8210360,0.7010976179694456,0.0010759369852740945,A,Robiton,Батарейки и аккумуляторы,Аккумуляторная батарейка,4200.0,1.0,Z,AZ
HHH_Purple_1747,12540,11659.400000000001,6,3,8222900,0.702168431445266,0.0010708134758204084,A,KZDOO,Чехлы,Чехол для смартфона,4180.0,1.0,Z,AZ
GGG_Blue_6871,12450,15855.7,12,5,8235350,0.7032315596569059,0.001063128211639879,A,KZDOO,Чехлы,Чехол для смартфона,2490.0,1.0606601717798214,Z,AZ
GGG_Black_4596,12400,16121.0,10,4,8247750,0.7042904182773344,0.001058858620428474,A,KEEPHONE,Чехлы,Чехол для смартфона,3100.0,1.307669683062202,Z,AZ
FFF_Titanium_1292,12400,8451.0,7,4,8260150,0.7053492768977628,0.001058858620428474,A,KEEPHONE,Чехлы,Чехол для смартфона,3100.0,1.4051653980647145,Z,AZ
BBB_White_7075,12400,12530.0,4,2,8272550,0.7064081355181914,0.001058858620428474,A,K-DOO,Чехлы,Чехол для смартфона,6200.0,1.0,Z,AZ
FFF_Clear_7187,12400,6229.0,6,4,8284950,0.7074669941386198,0.001058858620428474,A,KZDOO,Чехлы,Чехол для смартфона,3100.0,1.984313483298443,Z,AZ
AAA_Purple_1560,12380,1440.9,2,2,8297330,0.7085241449225637,0.001057150783943912,A,KEEPHONE,Чехлы,Чехол для смартфона,6190.0,1.0,Z,AZ
BBB_Green_7079,12360,6073.6,3,2,8309690,0.7095795878700231,0.0010554429474593499,A,KZDOO,Чехлы,Чехол для смартфона,6180.0,1.0,Z,AZ
FFF_Blue_3894,12360,22489.6,6,2,8322050,0.7106350308174824,0.0010554429474593499,A,KZDOO,Чехлы,Чехол для смартфона,6180.0,1.0,Z,AZ
FFF_Titanium_8960,12300,22051.0,9,3,8334350,0.7116853502554881,0.0010503194380056637,A,KZDOO,Чехлы,Чехол для смартфона,4100.0,1.0,Z,AZ
GGG_Pink_4100,12180,6475.400000000001,3,2,8346530,0.7127254226745864,0.0010400724190982914,A,KZDOO,Чехлы,Чехол для смартфона,6090.0,1.0,Z,AZ
HHH_Green_6659,12180,26085.6,7,2,8358710,0.7137654950936847,0.0010400724190982914,A,KZDOO,Чехлы,Чехол для смартфона,6090.0,1.0,Z,AZ
BBB_Black_4989,12100,15260.5,5,2,8370810,0.7147987361668446,0.0010332410731600432,A,KZDOO,Чехлы,Чехол для смартфона,6050.0,1.0,Z,AZ
DDD_Pink_4683,12000,11114.0,4,2,8382810,0.715823438057582,0.001024701890737233,A,KZDOO,Чехлы,Чехол для смартфона,6000.0,1.0,Z,AZ
CCC_Green_3835,12000,18266.0,5,2,8394810,0.7168481399483192,0.001024701890737233,A,KZDOO,Чехлы,Чехол для смартфона,6000.0,1.0,Z,AZ
AAA_Purple_8747,12000,20909.0,6,2,8406810,0.7178728418390564,0.001024701890737233,A,KZDOO,Чехлы,Чехол для смартфона,6000.0,1.0,Z,AZ
CCC_Green_5342,11990,12109.7,2,1,8418800,0.7188966898115513,0.0010238479724949518,A,KEEPHONE,Чехлы,Чехол для смартфона,11990.0,1.0,Z,AZ
AAA_Pink_6484,11990,10022.2,2,1,8430790,0.7199205377840463,0.0010238479724949518,A,KZDOO,Чехлы,Чехол для смартфона,11990.0,1.0,Z,AZ
FFF_Green_3427,11990,12501.1,2,1,8442780,0.7209443857565413,0.0010238479724949518,A,Robiton,Батарейки и аккумуляторы,Аккумуляторная батарейка,11990.0,1.0,Z,AZ
CCC_Purple_3517,11980,22931.4,6,2,8454760,0.721967379810794,0.0010229940542526709,A,KZDOO,Чехлы,Чехол для смартфона,5990.0,1.0,Z,AZ
BBB_Purple_2912,11980,25616.0,7,2,8466740,0.7229903738650466,0.0010229940542526709,A,KEEPHONE,Чехлы,Чехол для смартфона,5990.0,1.0,Z,AZ
GGG_Green_4062,11980,10131.3,4,2,8478720,0.7240133679192993,0.0010229940542526709,A,KEEPHONE,Чехлы,Чехол для смартфона,5990.0,1.0,Z,AZ
EEE_Pink_7010,11980,31861.9,8,2,8490700,0.7250363619735519,0.0010229940542526709,A,KEEPHONE,Чехлы,Чехол для смартфона,5990.0,1.0,Z,AZ
HHH_Blue_2269,11980,6023.4,3,2,8502680,0.7260593560278046,0.0010229940542526709,A,KZDOO,Чехлы,Чехол для смартфона,5990.0,1.0,Z,AZ
AAA_White_9755,11980,16450.2,5,2,8514660,0.7270823500820572,0.0010229940542526709,A,KEEPHONE,Чехлы,Чехол для смартфона,5990.0,1.0,Z,AZ
FFF_Black_2193,11960,26620.4,7,2,8526620,0.7281036362998253,0.0010212862177681088,A,KZDOO,Чехлы,Чехол для смартфона,5980.0,1.0,Z,AZ
BBB_Blue_6933,11960,7702.799999999999,3,2,8538580,0.7291249225175935,0.0010212862177681088,A,KZDOO,Чехлы,Чехол для смартфона,5980.0,1.0,Z,AZ
AAA_Blue_9495,11960,25916.6,7,2,8550540,0.7301462087353616,0.0010212862177681088,A,KEEPHONE,Чехлы,Чехол для смартфона,5980.0,1.0,Z,AZ
DDD_Blue_3167,11960,11730.0,4,2,8562500,0.7311674949531297,0.0010212862177681088,A,KZDOO,Чехлы,Чехол для смартфона,5980.0,1.0,Z,AZ
BBB_Titanium_6217,11960,22613.4,6,2,8574460,0.7321887811708978,0.0010212862177681088,A,KEEPHONE,Чехлы,Чехол для смартфона,5980.0,1.0,Z,AZ
BBB_Purple_6571,11960,12621.4,4,2,8586420,0.7332100673886659,0.0010212862177681088,A,KZDOO,Чехлы,Чехол для смартфона,5980.0,1.0,Z,AZ
HHH_Blue_5098,11960,1451.0,2,2,8598380,0.734231353606434,0.0010212862177681088,A,KZDOO,Чехлы,Чехол для смартфона,5980.0,1.0,Z,AZ
DDD_Pink_5595,11960,25408.4,7,2,8610340,0.7352526398242022,0.0010212862177681088,A,KEEPHONE,Чехлы,Чехол для смартфона,5980.0,1.0,Z,AZ
EEE_White_5636,11960,15999.6,5,2,8622300,0.7362739260419703,0.0010212862177681088,A,KZDOO,Чехлы,Чехол для смартфона,5980.0,1.0,Z,AZ
DDD_Blue_7114,11920,10378.6,8,4,8634220,0.7372917965867692,0.0010178705447989847,A,KZDOO,Чехлы,Чехол для смартфона,2980.0,1.3125000000000002,Z,AZ
BBB_Red_2345,11920,20521.4,12,4,8646140,0.7383096671315682,0.0010178705447989847,A,KZDOO,Чехлы,Чехол для смартфона,2980.0,1.352081728298996,Z,AZ
BBB_Clear_5799,11920,7960.400000000001,7,4,8658060,0.7393275376763672,0.0010178705447989847,A,KZDOO,Чехлы,Чехол для смартфона,2980.0,1.7928429140015907,Z,AZ
GGG_Blue_8476,11920,21314.399999999998,13,4,8669980,0.7403454082211662,0.0010178705447989847,A,KZDOO,Чехлы,Чехол для смартфона,2980.0,1.2046507510281403,Z,AZ
GGG_Titanium_4026,11920,19450.8,12,4,8681900,0.7413632787659652,0.0010178705447989847,A,KZDOO,Чехлы,Чехол для смартфона,2980.0,1.5461646096066228,Z,AZ
EEE_Black_5749,11920,15376.8,10,4,8693820,0.7423811493107642,0.0010178705447989847,A,KZDOO,Чехлы,Чехол для смартфона,2980.0,1.7684739183827394,Z,AZ
AAA_White_5701,11800,15520.5,10,4,8705620,0.7433887728366557,0.0010076235258916124,A,KEEPHONE,Чехлы,Чехол для смартфона,2950.0,1.307669683062202,Z,AZ
EEE_Clear_8006,11732,25985.3,7,2,8717352,0.7443905897184999,0.0010018168818441014,A,KZDOO,Чехлы,Чехол для смартфона,5866.0,1.0,Z,AZ
CCC_Black_7296,11732,10603.27,8,4,8729084,0.745392406600344,0.0010018168818441014,A,KEEPHONE,Чехлы,Чехол для смартфона,2933.0,1.5347536447260846,Z,AZ
FFF_Purple_3823,11556,16101.54,5,2,8740640,0.7463791945211239,0.0009867879207799554,A,KZDOO,Чехлы,Чехол для смартфона,5778.0,1.0,Z,AZ
EEE_Purple_3803,11500,18428.0,14,5,8752140,0.7473612004997471,0.0009820059786231816,A,Renata,Батарейки и аккумуляторы,Батарейка,2300.0,1.0714285714285714,Z,AZ
AAA_Pink_2294,11450,13288.5,12,5,8763590,0.7483389368871589,0.0009777363874117764,A,KEEPHONE,Чехлы,Чехол для смартфона,2290.0,1.243734296383275,Z,AZ
EEE_Blue_3320,11340,25358.4,11,3,8774930,0.7493072801739056,0.0009683432867466851,A,Robiton,Батарейки и аккумуляторы,Аккумуляторная батарейка,3780.0,1.518481189862733,Z,AZ
FFF_Clear_9409,11296,11033.440000000002,4,2,8786226,0.7502718662203862,0.0009645860464806486,A,KZDOO,Чехлы,Чехол для смартфона,5648.0,1.0,Z,AZ
CCC_Purple_8000,11160,29886.6,8,2,8797386,0.7512248389787719,0.0009529727583856266,A,KZDOO,Чехлы,Чехол для смартфона,5580.0,1.0,Z,AZ
HHH_Clear_8504,11160,15731.2,5,2,8808546,0.7521778117371575,0.0009529727583856266,A,KZDOO,Чехлы,Чехол для смартфона,5580.0,1.0,Z,AZ
GGG_Blue_2162,11160,16500.0,5,2,8819706,0.753130784495543,0.0009529727583856266,A,KZDOO,Чехлы,Чехол для смартфона,5580.0,1.0,Z,AZ
HHH_Clear_5825,11160,13708.6,24,9,8830866,0.7540837572539287,0.0009529727583856266,A,REMAX,Защитные пленки и стекла,Защитное стекло,1240.0,0.7261843774138907,Z,AZ
BBB_Red_2622,11160,17826.2,6,2,8842026,0.7550367300123143,0.0009529727583856266,A,KZDOO,Чехлы,Чехол для смартфона,5580.0,1.0,Z,AZ
GGG_Black_8879,11160,10864.8,4,2,8853186,0.7559897027707,0.0009529727583856266,A,KZDOO,Чехлы,Чехол для смартфона,5580.0,1.0,Z,AZ
CCC_Green_3664,11160,27617.199999999997,8,2,8864346,0.7569426755290856,0.0009529727583856266,A,KZDOO,Чехлы,Чехол для смартфона,5580.0,1.0,Z,AZ
DDD_Black_1765,11120,5001.0,3,2,8875466,0.7578922326145021,0.0009495570854165025,A,KZDOO,Чехлы,Чехол для смартфона,5560.0,1.0,Z,AZ
FFF_Clear_9868,11120,13516.599999999999,5,2,8886586,0.7588417896999187,0.0009495570854165025,A,KZDOO,Чехлы,Чехол для смартфона,5560.0,1.0,Z,AZ
BBB_Clear_6099,11100,22946.0,10,3,8897686,0.7597896389488505,0.0009478492489319404,A,KEEPHONE,Чехлы,Чехол для смартфона,3700.0,1.5874507866387544,Z,AZ
BBB_Pink_9156,11100,19065.0,3,1,8908786,0.7607374881977825,0.0009478492489319404,A,KZDOO,Чехлы,Чехол для смартфона,11100.0,1.0,Z,AZ
FFF_Pink_6385,11100,29474.0,4,1,8919886,0.7616853374467144,0.0009478492489319404,A,KZDOO,Чехлы,Чехол для смартфона,11100.0,1.0,Z,AZ
EEE_Green_1339,11100,10677.0,2,1,8930986,0.7626331866956464,0.0009478492489319404,A,KZDOO,Чехлы,Чехол для смартфона,11100.0,1.0,Z,AZ
AAA_Pink_5172,11100,22345.0,3,1,8942086,0.7635810359445783,0.0009478492489319404,A,KZDOO,Чехлы,Чехол для смартфона,11100.0,1.0,Z,AZ
CCC_Titanium_9375,11100,30700.0,4,1,8953186,0.7645288851935103,0.0009478492489319404,A,KZDOO,Чехлы,Чехол для смартфона,11100.0,1.0,Z,AZ
FFF_Red_8901,11100,11195.0,2,1,8964286,0.7654767344424422,0.0009478492489319404,A,KZDOO,Чехлы,Чехол для смартфона,11100.0,1.0,Z,AZ
FFF_Purple_9353,11100,28223.0,4,1,8975386,0.7664245836913741,0.0009478492489319404,A,KZDOO,Чехлы,Чехол для смартфона,11100.0,1.0,Z,AZ
GGG_Red_4652,11100,27042.0,4,1,8986486,0.7673724329403061,0.0009478492489319404,A,KZDOO,Чехлы,Чехол для смартфона,11100.0,1.0,Z,AZ
HHH_Black_9412,11070,4099.099999999999,4,3,8997556,0.7683177204345112,0.0009452874942050974,A,KEEPHONE,Чехлы,Чехол для смартфона,3690.0,1.6345871038277526,Z,AZ
EEE_Purple_7709,11000,13874.0,5,2,9008556,0.7692570305010203,0.0009393100665091302,A,KZDOO,Чехлы,Чехол для смартфона,5500.0,1.0,Z,AZ
BBB_Blue_9621,11000,11674.0,4,2,9019556,0.7701963405675294,0.0009393100665091302,A,KZDOO,Чехлы,Чехол для смартфона,5500.0,1.0,Z,AZ
BBB_Green_6613,11000,15007.0,5,2,9030556,0.7711356506340385,0.0009393100665091302,A,K-DOO,Чехлы,Чехол для смартфона,5500.0,1.0,Z,AZ
BBB_Red_3847,11000,2120.0,1,1,9041556,0.7720749607005477,0.0009393100665091302,A,KZDOO,Чехлы,Чехол для смартфона,11000.0,1.0,Z,AZ
BBB_Red_5304,11000,430.0,1,1,9052556,0.7730142707670569,0.0009393100665091302,A,KZDOO,Чехлы,Чехол для смартфона,11000.0,1.0,Z,AZ
BBB_Black_4746,11000,10615.0,4,2,9063556,0.7739535808335659,0.0009393100665091302,A,KZDOO,Чехлы,Чехол для смартфона,5500.0,1.0,Z,AZ
HHH_Black_4468,11000,810.0,2,2,9074556,0.7748928909000751,0.0009393100665091302,A,K-DOO,Чехлы,Чехол для смартфона,5500.0,1.0,Z,AZ
AAA_Purple_1838,11000,10580.0,4,2,9085556,0.7758322009665842,0.0009393100665091302,A,K-DOO,Чехлы,Чехол для смартфона,5500.0,1.0,Z,AZ
BBB_Black_3665,10860,23793.7,7,2,9096416,0.7767595561777014,0.0009273552111171957,A,KZDOO,Чехлы,Чехол для наушников,5430.0,1.0,Z,AZ
HHH_Red_3772,10800,8958.0,8,4,9107216,0.7776817878793649,0.0009222317016635095,A,K-DOO,Чехлы,Чехол для смартфона,2700.0,2.210592397978424,Z,AZ
HHH_Clear_2719,10800,8525.0,8,4,9118016,0.7786040195810284,0.0009222317016635095,A,K-DOO,Чехлы,Чехол для смартфона,2700.0,1.7286645857424165,Z,AZ
CCC_Blue_2528,10800,9828.0,8,4,9128816,0.7795262512826919,0.0009222317016635095,A,KZDOO,Чехлы,Чехол для смартфона,2700.0,1.7286645857424165,Z,AZ
DDD_Purple_3955,10800,6922.0,7,4,9139616,0.7804484829843554,0.0009222317016635095,A,KZDOO,Чехлы,Чехол для смартфона,2700.0,2.1104695289563082,Z,AZ
AAA_Pink_1311,10800,23908.0,10,3,9150416,0.7813707146860189,0.0009222317016635095,A,KZDOO,Чехлы,Чехол для смартфона,3600.0,1.5223337347638328,Z,AZ
HHH_Titanium_9359,10770,19005.2,9,3,9161186,0.7822903846329556,0.0009196699469366665,A,KZDOO,Чехлы,Чехол для смартфона,3590.0,1.0,Z,AZ
GGG_Clear_6751,10760,26989.800000000003,8,2,9171946,0.78320920066165,0.0009188160286943854,A,KZDOO,Чехлы,Чехол для смартфона,5380.0,1.0,Z,AZ
GGG_Pink_2020,10760,9517.4,4,2,9182706,0.7841280166903444,0.0009188160286943854,A,K-DOO,Чехлы,Чехол для смартфона,5380.0,1.0,Z,AZ
AAA_White_3239,10600,27283.0,8,2,9193306,0.7850331700271623,0.000905153336817889,A,KZDOO,Чехлы,Чехол для смартфона,5300.0,1.0,Z,AZ
BBB_Pink_8845,10600,14184.0,5,2,9203906,0.7859383233639802,0.000905153336817889,A,KZDOO,Чехлы,Чехол для смартфона,5300.0,1.0,Z,AZ
BBB_Pink_3494,10600,4565.0,3,2,9214506,0.786843476700798,0.000905153336817889,A,KZDOO,Чехлы,Чехол для смартфона,5300.0,1.0,Z,AZ
AAA_Green_3407,10600,14309.0,5,2,9225106,0.787748630037616,0.000905153336817889,A,KZDOO,Чехлы,Чехол для смартфона,5300.0,1.0,Z,AZ
CCC_Clear_7128,10500,21684.0,10,3,9235606,0.788645244192011,0.0008966141543950788,A,KZDOO,Чехлы,Чехол для смартфона,3500.0,1.0,Z,AZ
AAA_Black_3318,10470,3124.4,4,3,9246076,0.7895392965916793,0.0008940523996682357,A,KZDOO,Чехлы,Чехол для смартфона,3490.0,1.6345871038277526,Z,AZ
GGG_Purple_4980,10470,5824.400000000001,5,3,9256546,0.7904333489913475,0.0008940523996682357,A,KZDOO,Чехлы,Чехол для смартфона,3490.0,1.0,Z,AZ
AAA_Pink_9594,10470,12675.6,7,3,9267016,0.7913274013910158,0.0008940523996682357,A,KZDOO,Чехлы,Чехол для смартфона,3490.0,1.7928429140015907,Z,AZ
GGG_Black_6808,10470,18519.1,9,3,9277486,0.792221453790684,0.0008940523996682357,A,KZDOO,Чехлы,Чехол для смартфона,3490.0,1.0,Z,AZ
FFF_Blue_3236,10470,21741.0,10,3,9287956,0.7931155061903522,0.0008940523996682357,A,KZDOO,Чехлы,Чехол для смартфона,3490.0,1.0,Z,AZ
GGG_Black_4469,10470,5773.0,5,3,9298426,0.7940095585900204,0.0008940523996682357,A,KZDOO,Чехлы,Чехол для смартфона,3490.0,1.5874507866387544,Z,AZ
EEE_Clear_4552,10470,15214.099999999999,8,3,9308896,0.7949036109896886,0.0008940523996682357,A,KZDOO,Чехлы,Чехол для смартфона,3490.0,1.5347536447260846,Z,AZ
EEE_Pink_2728,10470,17449.7,9,3,9319366,0.7957976633893569,0.0008940523996682357,A,KZDOO,Чехлы,Чехол для смартфона,3490.0,1.7320508075688772,Z,AZ
FFF_Titanium_6126,10400,8996.0,4,2,9329766,0.7966857383613292,0.0008880749719722685,A,K-DOO,Чехлы,Чехол для смартфона,5200.0,1.0,Z,AZ
AAA_White_3056,10360,22804.8,7,2,9340126,0.7975703976603323,0.0008846592990031444,A,KZDOO,Чехлы,Чехол для смартфона,5180.0,1.0,Z,AZ
CCC_Green_3802,10360,11958.1,10,4,9350486,0.7984550569593355,0.0008846592990031444,A,KZDOO,Чехлы,Чехол для смартфона,2590.0,1.307669683062202,Z,AZ
DDD_Black_9724,10320,16771.4,12,4,9360806,0.7993363005853695,0.0008812436260340203,A,K-DOO,Чехлы,Чехол для смартфона,2580.0,1.5,Z,AZ
CCC_White_6006,10248,8734.119999999999,4,2,9371054,0.8002113960000591,0.0008750954146895969,B,KZDOO,Чехлы,Чехол для смартфона,5124.0,1.0,Z,BZ
CCC_Clear_1274,10220,12282.0,18,7,9381274,0.8010841004436703,0.00087270444361121,B,REMAX,Защитные пленки и стекла,Защитное стекло,1460.0,1.25,Z,BZ
FFF_Red_4458,10200,16734.0,6,2,9391474,0.8019550970507969,0.000870996607126648,B,KZDOO,Чехлы,Чехол для наушников,5100.0,1.0,Z,BZ
EEE_Red_3557,10200,17421.5,12,4,9401674,0.8028260936579236,0.000870996607126648,B,KZDOO,Чехлы,Чехол для смартфона,2550.0,1.352081728298996,Z,BZ
BBB_Pink_6613,10200,23636.0,7,2,9411874,0.8036970902650502,0.000870996607126648,B,KZDOO,Чехлы,Чехол для смартфона,5100.0,1.0,Z,BZ
CCC_Clear_3162,10200,5582.0,3,2,9422074,0.8045680868721768,0.000870996607126648,B,KZDOO,Чехлы,Чехол для наушников,5100.0,1.0,Z,BZ
GGG_Blue_3878,10140,13545.0,8,3,9432214,0.8054339599698499,0.0008658730976729618,B,KZDOO,Чехлы,Чехол для смартфона,3380.0,1.6345871038277526,Z,BZ
BBB_Titanium_9028,10140,15589.2,8,3,9442354,0.8062998330675228,0.0008658730976729618,B,KZDOO,Чехлы,Чехол для смартфона,3380.0,1.0,Z,BZ
EEE_Green_6626,10140,13905.2,8,3,9452494,0.8071657061651958,0.0008658730976729618,B,KZDOO,Чехлы,Чехол для смартфона,3380.0,1.0,Z,BZ
BBB_Blue_2666,10000,8340.0,8,4,9462494,0.8080196244074768,0.0008539182422810274,B,KZDOO,Чехлы,Чехол для смартфона,2500.0,1.4279574573494829,Z,BZ
HHH_Clear_1031,9980,5489.5,3,2,9472474,0.8088718348132733,0.0008522104057964654,B,KZDOO,Чехлы,Чехол для смартфона,4990.0,1.0,Z,BZ
EEE_Clear_5090,9980,8773.5,4,2,9482454,0.8097240452190697,0.0008522104057964654,B,KZDOO,Чехлы,Чехол для смартфона,4990.0,1.0,Z,BZ
BBB_Titanium_4146,9980,12723.8,5,2,9492434,0.8105762556248662,0.0008522104057964654,B,KZDOO,Чехлы,Чехол для смартфона,4990.0,1.0,Z,BZ
CCC_Blue_5972,9980,4681.0,3,2,9502414,0.8114284660306627,0.0008522104057964654,B,KZDOO,Чехлы,Чехол для смартфона,4990.0,1.0,Z,BZ
CCC_Pink_4994,9980,21752.1,7,2,9512394,0.8122806764364592,0.0008522104057964654,B,KZDOO,Чехлы,Чехол для смартфона,4990.0,1.0,Z,BZ
HHH_Pink_4655,9980,14374.4,5,2,9522374,0.8131328868422556,0.0008522104057964654,B,KZDOO,Чехлы,Чехол для смартфона,4990.0,1.0,Z,BZ
HHH_Titanium_8232,9980,27391.0,4,1,9532354,0.813985097248052,0.0008522104057964654,B,KZDOO,Чехлы,Чехол для смартфона,9980.0,1.0,Z,BZ
HHH_Purple_3275,9980,18360.1,6,2,9542334,0.8148373076538485,0.0008522104057964654,B,KZDOO,Чехлы,Чехол для смартфона,4990.0,1.0,Z,BZ
AAA_Clear_9841,9980,23114.7,7,2,9552314,0.815689518059645,0.0008522104057964654,B,KZDOO,Чехлы,Чехол для смартфона,4990.0,1.0,Z,BZ
FFF_Black_7791,9980,14082.7,5,2,9562294,0.8165417284654415,0.0008522104057964654,B,KZDOO,Чехлы,Чехол для смартфона,4990.0,1.0,Z,BZ
GGG_Pink_9489,9960,6091.8,3,2,9572254,0.8173922310347533,0.0008505025693119033,B,KZDOO,Чехлы,Чехол для смартфона,4980.0,1.0,Z,BZ
CCC_Green_5247,9960,18768.2,6,2,9582214,0.8182427336040653,0.0008505025693119033,B,KZDOO,Чехлы,Чехол для смартфона,4980.0,1.0,Z,BZ
AAA_Black_9206,9960,8436.0,4,2,9592174,0.8190932361733771,0.0008505025693119033,B,KZDOO,Чехлы,Чехол для смартфона,4980.0,1.0,Z,BZ
BBB_Pink_6893,9960,20849.0,7,2,9602134,0.8199437387426891,0.0008505025693119033,B,KZDOO,Чехлы,Чехол для смартфона,4980.0,1.0,Z,BZ
CCC_Titanium_5561,9960,27139.2,8,2,9612094,0.820794241312001,0.0008505025693119033,B,KZDOO,Чехлы,Чехол для смартфона,4980.0,1.0,Z,BZ
DDD_Red_2976,9960,16191.4,6,2,9622054,0.8216447438813129,0.0008505025693119033,B,KZDOO,Чехлы,Чехол для смартфона,4980.0,1.0,Z,BZ
GGG_White_2841,9960,20645.2,7,2,9632014,0.8224952464506248,0.0008505025693119033,B,KZDOO,Чехлы,Чехол для смартфона,4980.0,1.0,Z,BZ
HHH_Clear_8087,9960,13105.800000000001,5,2,9641974,0.8233457490199367,0.0008505025693119033,B,KZDOO,Чехлы,Чехол для смартфона,4980.0,1.0,Z,BZ
AAA_Titanium_8916,9960,-132.39999999999964,2,2,9651934,0.8241962515892486,0.0008505025693119033,B,K-DOO,Чехлы,Чехол для наушников,4980.0,1.0,Z,BZ
CCC_Green_5742,9960,17233.8,6,2,9661894,0.8250467541585605,0.0008505025693119033,B,KZDOO,Чехлы,Чехол для смартфона,4980.0,1.0,Z,BZ
GGG_Titanium_5888,9900,19108.0,10,3,9671794,0.8258921332184187,0.0008453790598582172,B,KZDOO,Чехлы,Чехол для смартфона,3300.0,1.0,Z,BZ
GGG_White_5000,9870,9086.1,6,3,9681664,0.8267349505235501,0.000842817305131374,B,KZDOO,Чехлы,Чехол для смартфона,3290.0,1.0,Z,BZ
HHH_Titanium_2914,9750,6269.0,5,3,9691414,0.8275675208097741,0.0008325702862240017,B,KZDOO,Чехлы,Чехол для смартфона,3250.0,1.8248287590894656,Z,BZ
AAA_Black_7840,9560,25233.6,8,2,9700974,0.8283838666493948,0.0008163458396206622,B,KEEPHONE,Чехлы,Чехол для смартфона,4780.0,1.0,Z,BZ
HHH_Green_5116,9560,17491.0,6,2,9710534,0.8292002124890154,0.0008163458396206622,B,KEEPHONE,Чехлы,Чехол для смартфона,4780.0,1.0,Z,BZ
DDD_White_9097,9540,11450.2,7,3,9720074,0.8300148504921515,0.0008146380031361001,B,KZDOO,Чехлы,Чехол для смартфона,3180.0,1.0,Z,BZ
AAA_Green_9615,9540,16291.199999999999,9,3,9729614,0.8308294884952876,0.0008146380031361001,B,KZDOO,Чехлы,Чехол для смартфона,3180.0,1.7320508075688772,Z,BZ
AAA_Black_1577,9540,11895.8,7,3,9739154,0.8316441264984237,0.0008146380031361001,B,KZDOO,Чехлы,Чехол для смартфона,3180.0,1.6736249305514261,Z,BZ
GGG_Purple_5633,9520,5358.6,7,4,9748674,0.8324570566650753,0.0008129301666515381,B,KZDOO,Чехлы,Чехол для смартфона,2380.0,2.1104695289563082,Z,BZ
FFF_Green_9000,9400,20770.0,7,2,9758074,0.8332597398128194,0.0008026831477441658,B,KEEPHONE,Чехлы,Чехол для смартфона,4700.0,1.0,Z,BZ
CCC_White_6356,9400,11471.0,5,2,9767474,0.8340624229605635,0.0008026831477441658,B,KZDOO,Чехлы,Чехол для смартфона,4700.0,1.0,Z,BZ
EEE_Black_7932,9300,7509.0,6,3,9776774,0.834856566925885,0.0007941439653213555,B,KZDOO,Чехлы,Чехол для смартфона,3100.0,1.5,Z,BZ
EEE_Pink_1140,9300,10816.0,7,3,9786074,0.8356507108912062,0.0007941439653213555,B,KZDOO,Чехлы,Чехол для смартфона,3100.0,1.0,Z,BZ
CCC_Pink_7762,9300,11212.0,7,3,9795374,0.8364448548565276,0.0007941439653213555,B,KEEPHONE,Чехлы,Чехол для смартфона,3100.0,1.0,Z,BZ
FFF_Clear_1236,9300,18517.0,10,3,9804674,0.837238998821849,0.0007941439653213555,B,KZDOO,Чехлы,Чехол для смартфона,3100.0,1.5223337347638328,Z,BZ
FFF_Green_9071,9300,10892.0,7,3,9813974,0.8380331427871703,0.0007941439653213555,B,KZDOO,Чехлы,Чехол для смартфона,3100.0,1.0,Z,BZ
CCC_Blue_8287,9300,18195.0,10,3,9823274,0.8388272867524917,0.0007941439653213555,B,KZDOO,Чехлы,Чехол для смартфона,3100.0,1.0,Z,BZ
AAA_Red_5295,9270,7751.3,6,3,9832544,0.8396188689630862,0.0007915822105945124,B,KEEPHONE,Чехлы,Чехол для смартфона,3090.0,1.6770509831248424,Z,BZ
FFF_Green_2714,9180,15819.4,3,1,9841724,0.8404027659095002,0.0007838969464139832,B,KZDOO,Чехлы,Чехол для смартфона,9180.0,1.0,Z,BZ
GGG_Purple_5348,9180,15698.4,3,1,9850904,0.8411866628559141,0.0007838969464139832,B,KZDOO,Чехлы,Чехол для смартфона,9180.0,1.0,Z,BZ
CCC_Red_5645,9180,10020.2,2,1,9860084,0.8419705598023282,0.0007838969464139832,B,KZDOO,Чехлы,Чехол для смартфона,9180.0,1.0,Z,BZ
HHH_White_7443,9180,-236.19999999999985,1,1,9869264,0.8427544567487422,0.0007838969464139832,B,KZDOO,Чехлы,Чехол для смартфона,9180.0,1.0,Z,BZ
EEE_Black_2185,9100,15980.0,3,1,9878364,0.8435315223492179,0.000777065600475735,B,Нет бренда,Чехлы,Неизвестно,9100.0,1.0,Z,BZ
HHH_Clear_7819,9100,9031.0,2,1,9887464,0.8443085879496937,0.000777065600475735,B,Неизвестно,Чехлы,Неизвестно,9100.0,1.0,Z,BZ
BBB_Purple_8946,9100,9471.0,2,1,9896564,0.8450856535501694,0.000777065600475735,B,Неизвестно,Чехлы,Неизвестно,9100.0,1.0,Z,BZ
EEE_Pink_6948,9000,4911.0,3,2,9905564,0.8458541799682223,0.0007685264180529247,B,KZDOO,Чехлы,Чехол для смартфона,4500.0,1.0,Z,BZ
BBB_Pink_5852,9000,10733.0,13,5,9914564,0.8466227063862752,0.0007685264180529247,B,K-DOO,Чехлы,Чехол для смартфона,1800.0,1.3456042834258386,Z,BZ
HHH_Red_6449,9000,12922.0,14,5,9923564,0.8473912328043282,0.0007685264180529247,B,Panasonic,Батарейки и аккумуляторы,Батарейка,1800.0,1.4051653980647145,Z,BZ
GGG_Green_9259,8970,10452.3,7,3,9932534,0.8481571974676542,0.0007659646633260816,B,KEEPHONE,Чехлы,Чехол для смартфона,2990.0,1.7928429140015907,Z,BZ
DDD_Green_2563,8970,20607.4,11,3,9941504,0.8489231621309803,0.0007659646633260816,B,KEEPHONE,Чехлы,Чехол для смартфона,2990.0,1.0,Z,BZ
HHH_Purple_1302,8940,8250.2,6,3,9950444,0.8496865650395795,0.0007634029085992385,B,KZDOO,Чехлы,Чехол для смартфона,2980.0,1.6770509831248424,Z,BZ
EEE_Purple_6829,8940,7012.8,5,3,9959384,0.8504499679481787,0.0007634029085992385,B,KZDOO,Чехлы,Чехол для смартфона,2980.0,1.824828759089466,Z,BZ
GGG_Pink_7385,8940,10156.4,7,3,9968324,0.8512133708567781,0.0007634029085992385,B,KZDOO,Чехлы,Чехол для смартфона,2980.0,1.5452362609131383,Z,BZ
FFF_Clear_1289,8940,10885.599999999999,7,3,9977264,0.8519767737653773,0.0007634029085992385,B,KZDOO,Чехлы,Чехол для смартфона,2980.0,1.0,Z,BZ
GGG_Purple_6176,8940,17269.6,10,3,9986204,0.8527401766739765,0.0007634029085992385,B,KZDOO,Чехлы,Чехол для смартфона,2980.0,1.0,Z,BZ
CCC_Blue_3473,8940,5556.200000000001,5,3,9995144,0.8535035795825757,0.0007634029085992385,B,KZDOO,Чехлы,Чехол для смартфона,2980.0,1.5874507866387544,Z,BZ
GGG_Titanium_7570,8940,16708.6,9,3,10004084,0.8542669824911749,0.0007634029085992385,B,KZDOO,Чехлы,Чехол для смартфона,2980.0,1.0,Z,BZ
EEE_White_9532,8940,15141.8,9,3,10013024,0.8550303853997742,0.0007634029085992385,B,KZDOO,Чехлы,Чехол для смартфона,2980.0,1.5811388300841898,Z,BZ
GGG_Pink_3942,8800,14375.0,12,4,10021824,0.8557818334529815,0.0007514480532073041,B,KZDOO,Чехлы,Чехол для смартфона,2200.0,1.352081728298996,Z,BZ
AAA_Titanium_9014,8799,14379.23,9,3,10030623,0.8565331961143646,0.000751362661383076,B,KEEPHONE,Чехлы,Чехол для смартфона,2933.0,1.0,Z,BZ
AAA_Green_1858,8720,6385.0,8,4,10039343,0.8572778128216336,0.0007446167072690558,B,KZDOO,Чехлы,Чехол для смартфона,2180.0,1.5347536447260846,Z,BZ
CCC_Pink_6619,8700,14401.0,9,3,10048043,0.8580207216924182,0.0007429088707844938,B,KZDOO,Чехлы,Чехол для смартфона,2900.0,1.7320508075688772,Z,BZ
AAA_Black_9470,8700,10387.0,7,3,10056743,0.8587636305632026,0.0007429088707844938,B,KZDOO,Чехлы,Чехол для смартфона,2900.0,1.7928429140015907,Z,BZ
FFF_Purple_7037,8340,16389.8,10,3,10065083,0.859475798377265,0.0007121678140623768,B,KZDOO,Чехлы,Чехол для смартфона,2780.0,1.522333734763833,Z,BZ
HHH_Blue_6949,8100,5500.0,5,3,10073183,0.8601674721535126,0.0006916737762476322,B,KZDOO,Чехлы,Чехол для смартфона,2700.0,1.5874507866387544,Z,BZ
HHH_Red_8358,8070,15786.8,10,3,10081253,0.8608565841750334,0.0006891120215207891,B,KEEPHONE,Чехлы,Чехол для смартфона,2690.0,1.5223337347638328,Z,BZ
HHH_Green_1705,8000,9868.0,10,4,10089253,0.8615397187688583,0.000683134593824822,B,REMAX,Защитные пленки и стекла,Защитное стекло,2000.0,1.307669683062202,Z,BZ
HHH_Red_4713,8000,8040.0,9,4,10097253,0.8622228533626831,0.000683134593824822,B,Нет бренда,Чехлы,Чехол для смартфона,2000.0,1.3228756555322954,Z,BZ
FFF_Purple_4867,8000,8413.0,9,4,10105253,0.8629059879565079,0.000683134593824822,B,REMAX,Защитные пленки и стекла,Защитное стекло,2000.0,1.5,Z,BZ
AAA_Purple_7824,8000,7894.0,9,4,10113253,0.8635891225503327,0.000683134593824822,B,Нет бренда,Чехлы,Чехол для смартфона,2000.0,2.0,Z,BZ
BBB_White_2474,8000,11090.0,11,4,10121253,0.8642722571441576,0.000683134593824822,B,REMAX,Защитные пленки и стекла,Защитное стекло,2000.0,1.7248787237282068,Z,BZ
AAA_Purple_3401,7990,15431.9,3,1,10129243,0.8649545378197401,0.0006822806755825409,B,KEEPHONE,Чехлы,Чехол для смартфона,7990.0,1.0,Z,BZ
AAA_Black_1627,7990,7920.5,2,1,10137233,0.8656368184953226,0.0006822806755825409,B,KEEPHONE,Чехлы,Чехол для смартфона,7990.0,1.0,Z,BZ
CCC_White_9014,7828,15333.280000000002,3,1,10145061,0.8663052656953802,0.0006684472000575883,B,KZDOO,Чехлы,Чехол для смартфона,7828.0,1.0,Z,BZ
GGG_Black_1389,7828,11644.38,5,2,10152889,0.8669737128954378,0.0006684472000575883,B,KZDOO,Чехлы,Чехол для смартфона,3914.0,1.0,Z,BZ
DDD_Clear_6069,7828,630.6399999999994,1,1,10160717,0.8676421600954953,0.0006684472000575883,B,KZDOO,Чехлы,Чехол для смартфона,7828.0,1.0,Z,BZ
DDD_Purple_7099,7740,2858.6000000000004,4,3,10168457,0.8683030928150209,0.0006609327195255152,B,KZDOO,Чехлы,Чехол для смартфона,2580.0,1.6345871038277526,Z,BZ
CCC_Titanium_6837,7650,8289.5,7,3,10176107,0.8689563402703658,0.0006532474553449859,B,KZDOO,Чехлы,Чехол для смартфона,2550.0,1.5452362609131383,Z,BZ
HHH_Pink_1353,7650,9139.5,7,3,10183757,0.8696095877257108,0.0006532474553449859,B,KZDOO,Чехлы,Чехол для смартфона,2550.0,1.0,Z,BZ
HHH_Pink_5858,7580,12161.8,3,1,10191337,0.8702568577533599,0.0006472700276490187,B,KEEPHONE,Чехлы,Чехол для смартфона,7580.0,1.0,Z,BZ
CCC_Blue_6920,7580,20847.0,4,1,10198917,0.8709041277810089,0.0006472700276490187,B,KEEPHONE,Чехлы,Чехол для смартфона,7580.0,1.0,Z,BZ
EEE_White_3455,7500,1066.0,1,1,10206417,0.8715445664627197,0.0006404386817107705,B,KZDOO,Чехлы,Чехол для смартфона,7500.0,1.0,Z,BZ
BBB_Pink_4023,7470,14956.900000000001,10,3,10213887,0.8721824433897036,0.0006378769269839274,B,KZDOO,Чехлы,Чехол для смартфона,2490.0,1.0,Z,BZ
HHH_Black_6946,7470,-239.9000000000001,3,3,10221357,0.8728203203166875,0.0006378769269839274,B,KZDOO,Чехлы,Чехол для смартфона,2490.0,1.5,Z,BZ
HHH_Blue_9425,7470,10510.6,8,3,10228827,0.8734581972436715,0.0006378769269839274,B,KEEPHONE,Чехлы,Чехол для смартфона,2490.0,1.0,Z,BZ
AAA_Clear_7073,7450,9107.5,13,5,10236277,0.8740943663341708,0.0006361690904993654,B,KZDOO,Чехлы,Чехол для смартфона,1490.0,1.2046507510281406,Z,BZ
FFF_Clear_3735,7440,6458.4,8,4,10243717,0.8747296815064279,0.0006353151722570844,B,Robiton,Батарейки и аккумуляторы,Батарейка,1860.0,1.902917168454791,Z,BZ
EEE_Clear_2483,7380,1364.0,1,1,10251097,0.8753598731692314,0.0006301916628033982,B,K-DOO,Чехлы,Чехол для смартфона,7380.0,1.0,Z,BZ
HHH_Clear_7934,7380,19664.0,4,1,10258477,0.8759900648320347,0.0006301916628033982,B,K-DOO,Чехлы,Чехол для смартфона,7380.0,1.0,Z,BZ
DDD_Blue_4861,7380,19920.2,4,1,10265857,0.8766202564948381,0.0006301916628033982,B,KZDOO,Чехлы,Чехол для смартфона,7380.0,1.0,Z,BZ
FFF_Titanium_8411,7380,14027.2,3,1,10273237,0.8772504481576415,0.0006301916628033982,B,KZDOO,Чехлы,Чехол для смартфона,7380.0,1.0,Z,BZ
AAA_Blue_3186,7380,1086.1999999999998,1,1,10280617,0.877880639820445,0.0006301916628033982,B,KEEPHONE,Чехлы,Чехол для смартфона,7380.0,1.0,Z,BZ
DDD_Titanium_5938,7320,7140.6,14,6,10287937,0.8785057079737946,0.000625068153349712,B,REMAX,Защитные пленки и стекла,Защитное стекло,1220.0,1.2494896917525644,Z,BZ
AAA_Purple_8362,7200,7387.0,9,4,10295137,0.8791205291082369,0.0006148211344423397,B,K-DOO,Чехлы,Чехол для смартфона,1800.0,1.4142135623730951,Z,BZ
GGG_Blue_1183,7180,18099.6,4,1,10302317,0.8797336424061948,0.0006131132979577777,B,K-DOO,Чехлы,Чехол для смартфона,7180.0,1.0,Z,BZ
CCC_Red_2568,7180,6725.0,2,1,10309497,0.8803467557041526,0.0006131132979577777,B,KZDOO,Чехлы,Чехол для смартфона,7180.0,1.0,Z,BZ
DDD_Blue_1722,7180,1247.3999999999996,1,1,10316677,0.8809598690021103,0.0006131132979577777,B,KZDOO,Чехлы,Чехол для смартфона,7180.0,1.0,Z,BZ
CCC_Red_3462,7180,-91.19999999999982,1,1,10323857,0.8815729823000681,0.0006131132979577777,B,K-DOO,Чехлы,Чехол для смартфона,7180.0,1.0,Z,BZ
CCC_Green_2906,7180,761.1999999999998,1,1,10331037,0.8821860955980259,0.0006131132979577777,B,KZDOO,Чехлы,Чехол для смартфона,7180.0,1.0,Z,BZ
AAA_White_4614,7180,13433.0,3,1,10338217,0.8827992088959836,0.0006131132979577777,B,K-DOO,Чехлы,Чехол для смартфона,7180.0,1.0,Z,BZ
GGG_Blue_2762,7180,14103.0,3,1,10345397,0.8834123221939414,0.0006131132979577777,B,KZDOO,Чехлы,Чехол для смартфона,7180.0,1.0,Z,BZ
AAA_Black_2640,7140,5679.2,16,7,10352537,0.88402201981893,0.0006096976249886536,B,Robiton,Батарейки и аккумуляторы,Батарейка,1020.0,1.21875,Z,BZ
AAA_Pink_2773,7074,6506.040000000001,2,1,10359611,0.8846260815835196,0.0006040617645895988,B,KEEPHONE,Чехлы,Чехол для смартфона,7074.0,1.0,Z,BZ
GGG_Titanium_1488,7000,-58.0,2,2,10366611,0.8852238243531164,0.0005977427695967192,B,KZDOO,Чехлы,Чехол для смартфона,3500.0,1.0,Z,BZ
GGG_Red_8906,7000,6836.0,4,2,10373611,0.8858215671227131,0.0005977427695967192,B,KEEPHONE,Чехлы,Чехол для смартфона,3500.0,1.0,Z,BZ
EEE_White_7896,7000,1132.0,1,1,10380611,0.8864193098923098,0.0005977427695967192,B,KEEPHONE,Чехлы,Чехол для смартфона,7000.0,1.0,Z,BZ
AAA_White_5001,7000,12571.0,6,2,10387611,0.8870170526619066,0.0005977427695967192,B,KZDOO,Чехлы,Чехол для смартфона,3500.0,1.0,Z,BZ
HHH_Pink_7270,7000,5184.0,4,2,10394611,0.8876147954315032,0.0005977427695967192,B,KZDOO,Чехлы,Чехол для смартфона,3500.0,1.0,Z,BZ
HHH_Clear_8794,7000,10248.0,5,2,10401611,0.8882125382011,0.0005977427695967192,B,KZDOO,Чехлы,Чехол для смартфона,3500.0,1.0,Z,BZ
HHH_White_4628,7000,9879.0,5,2,10408611,0.8888102809706967,0.0005977427695967192,B,KEEPHONE,Чехлы,Чехол для смартфона,3500.0,1.0,Z,BZ
FFF_Blue_7743,6990,246.30000000000015,1,1,10415601,0.8894071698220511,0.0005968888513544382,B,KEEPHONE,Чехлы,Чехол для смартфона,6990.0,1.0,Z,BZ
AAA_Black_3015,6980,12067.2,6,2,10422581,0.8900032047551633,0.0005960349331121572,B,KZDOO,Чехлы,Чехол для смартфона,3490.0,1.0,Z,BZ
AAA_Red_6276,6980,9714.9,5,2,10429561,0.8905992396882755,0.0005960349331121572,B,KZDOO,Чехлы,Чехол для смартфона,3490.0,1.0,Z,BZ
DDD_Blue_4643,6980,12120.099999999999,6,2,10436541,0.8911952746213876,0.0005960349331121572,B,KZDOO,Чехлы,Чехол для смартфона,3490.0,1.0,Z,BZ
BBB_Red_4612,6980,-37.0,1,1,10443521,0.8917913095544997,0.0005960349331121572,B,KEEPHONE,Чехлы,Чехол для смартфона,6980.0,1.0,Z,BZ
GGG_White_4316,6980,6499.6,4,2,10450501,0.8923873444876119,0.0005960349331121572,B,KZDOO,Чехлы,Чехол для смартфона,3490.0,1.0,Z,BZ
HHH_Purple_7702,6960,11885.599999999999,9,3,10457461,0.8929816715842395,0.0005943270966275951,B,Robiton,Батарейки и аккумуляторы,Батарейка,2320.0,1.5,Z,BZ
FFF_Black_3652,6954,17463.030000000002,8,2,10464415,0.8935754863299217,0.0005938147456822265,B,KEEPHONE,Чехлы,Чехол для смартфона,3477.0,1.0,Z,BZ
GGG_Clear_8073,6900,11178.0,9,3,10471315,0.8941646899170956,0.0005892035871739089,B,Varta,Батарейки и аккумуляторы,Батарейка,2300.0,1.5811388300841898,Z,BZ
CCC_Blue_5038,6900,12654.0,6,2,10478215,0.8947538935042696,0.0005892035871739089,B,KEEPHONE,Чехлы,Чехол для смартфона,3450.0,1.0,Z,BZ
CCC_Green_2957,6800,9264.0,5,2,10485015,0.8953345579090206,0.0005806644047510987,B,Robiton,Батарейки и аккумуляторы,Аккумуляторная батарейка,3400.0,1.0,Z,BZ
EEE_White_4091,6780,12951.0,3,1,10491795,0.8959135144772872,0.0005789565682665366,B,KEEPHONE,Чехлы,Чехол для смартфона,6780.0,1.0,Z,BZ
FFF_Pink_3549,6760,6082.400000000001,4,2,10498555,0.8964907632090692,0.0005772487317819745,B,KZDOO,Чехлы,Чехол для смартфона,3380.0,1.0,Z,BZ
FFF_White_2354,6760,15518.400000000001,7,2,10505315,0.8970680119408512,0.0005772487317819745,B,KZDOO,Чехлы,Чехол для смартфона,3380.0,1.0,Z,BZ
FFF_Green_9068,6760,11617.800000000001,6,2,10512075,0.8976452606726331,0.0005772487317819745,B,KZDOO,Чехлы,Чехол для смартфона,3380.0,1.0,Z,BZ
CCC_Purple_9225,6760,14154.4,7,2,10518835,0.8982225094044151,0.0005772487317819745,B,KZDOO,Чехлы,Чехол для смартфона,3380.0,1.0,Z,BZ
EEE_Purple_2309,6760,18699.6,8,2,10525595,0.8987997581361971,0.0005772487317819745,B,KZDOO,Чехлы,Чехол для смартфона,3380.0,1.0,Z,BZ
BBB_Purple_8018,6760,7680.2,5,2,10532355,0.8993770068679791,0.0005772487317819745,B,Robiton,Батарейки и аккумуляторы,Аккумуляторная батарейка,3380.0,1.0,Z,BZ
DDD_Green_9844,6738,17256.56,4,1,10539093,0.8999523769796279,0.0005753701116489562,B,KZDOO,Чехлы,Чехол для смартфона,6738.0,1.0,Z,BZ
GGG_Blue_3143,6700,6607.5,4,2,10545793,0.9005245022019562,0.0005721252223282883,B,KEEPHONE,Чехлы,Чехол для смартфона,3350.0,1.0,Z,BZ
HHH_Black_2849,6638,6161.620000000001,2,1,10552431,0.9010913331311824,0.0005668309292261459,B,KZDOO,Чехлы,Чехол для смартфона,6638.0,1.0,Z,BZ
EEE_Green_7533,6580,10593.4,3,1,10559011,0.9016532113346033,0.000561878203420916,B,KEEPHONE,Чехлы,Чехол для смартфона,6580.0,1.0,Z,BZ
HHH_Blue_6556,6580,16529.4,4,1,10565591,0.9022150895380242,0.000561878203420916,B,KZDOO,Чехлы,Чехол для смартфона,6580.0,1.0,Z,BZ
DDD_Pink_5120,6490,13050.3,3,1,10572081,0.9027692824772646,0.0005541929392403868,B,KZDOO,Чехлы,Чехол для смартфона,6490.0,1.0,Z,BZ
BBB_Titanium_2456,6490,18681.4,4,1,10578571,0.903323475416505,0.0005541929392403868,B,KEEPHONE,Чехлы,Чехол для смартфона,6490.0,1.0,Z,BZ
BBB_Blue_8050,6450,14091.0,11,3,10585021,0.9038742526827763,0.0005507772662712627,B,KEEPHONE,Чехлы,Чехол для смартфона,2150.0,1.0,Z,BZ
HHH_Green_9565,6450,5957.8,11,5,10591471,0.9044250299490475,0.0005507772662712627,B,K-DOO,Чехлы,Чехол для смартфона,1290.0,1.864744681524183,Z,BZ
CCC_Blue_4419,6400,9075.0,11,4,10597871,0.9049715376241074,0.0005465076750598575,B,K-DOO,Чехлы,Чехол для смартфона,1600.0,1.909090909090909,Z,BZ
GGG_Titanium_4851,6380,9986.8,3,1,10604251,0.9055163374626827,0.0005447998385752955,B,KZDOO,Чехлы,Чехол для смартфона,6380.0,1.0,Z,BZ
HHH_Pink_7589,6380,732.3999999999996,1,1,10610631,0.906061137301258,0.0005447998385752955,B,KEEPHONE,Чехлы,Чехол для смартфона,6380.0,1.0,Z,BZ
DDD_Titanium_7638,6380,11468.2,3,1,10617011,0.9066059371398333,0.0005447998385752955,B,KEEPHONE,Чехлы,Чехол для смартфона,6380.0,1.0,Z,BZ
EEE_Blue_2638,6360,10199.0,6,2,10623371,0.9071490291419241,0.0005430920020907334,B,KZDOO,Чехлы,Чехол для смартфона,3180.0,1.0,Z,BZ
BBB_Clear_2976,6360,9811.800000000001,6,2,10629731,0.9076921211440148,0.0005430920020907334,B,KZDOO,Чехлы,Чехол для смартфона,3180.0,1.0,Z,BZ
CCC_Clear_6860,6360,10568.0,6,2,10636091,0.9082352131461054,0.0005430920020907334,B,KZDOO,Чехлы,Чехол для смартфона,3180.0,1.0,Z,BZ
GGG_White_9441,6360,2170.3999999999996,3,2,10642451,0.9087783051481962,0.0005430920020907334,B,KZDOO,Чехлы,Чехол для смартфона,3180.0,1.0,Z,BZ
CCC_Pink_8919,6320,5809.2,9,4,10648771,0.9093179814773178,0.0005396763291216093,B,REMAX,Защитные пленки и стекла,Защитное стекло,1580.0,1.5811388300841898,Z,BZ
GGG_Green_8385,6300,4627.0,10,5,10655071,0.9098559499699549,0.0005379684926370473,B,REMAX,Защитные пленки и стекла,Защитное стекло,1260.0,1.2278029157808674,Z,BZ
GGG_Green_2022,6300,8508.0,8,3,10661371,0.910393918462592,0.0005379684926370473,B,KZDOO,Чехлы,Чехол для смартфона,2100.0,1.7286645857424165,Z,BZ
EEE_Green_2359,6200,7927.0,5,2,10667571,0.9109233477728061,0.000529429310214237,B,KZDOO,Чехлы,Чехол для смартфона,3100.0,1.0,Z,BZ
AAA_White_7977,6200,-238.0,2,2,10673771,0.9114527770830204,0.000529429310214237,B,KZDOO,Чехлы,Чехол для смартфона,3100.0,1.0,Z,BZ
CCC_Titanium_1713,6200,5795.0,4,2,10679971,0.9119822063932347,0.000529429310214237,B,KZDOO,Чехлы,Чехол для смартфона,3100.0,1.0,Z,BZ
HHH_Titanium_3434,6200,6442.0,4,2,10686171,0.9125116357034488,0.000529429310214237,B,KZDOO,Чехлы,Чехол для смартфона,3100.0,1.0,Z,BZ
HHH_Red_3578,6200,8618.0,5,2,10692371,0.9130410650136631,0.000529429310214237,B,KZDOO,Чехлы,Чехол для смартфона,3100.0,1.0,Z,BZ
AAA_Purple_5605,6180,9975.8,3,1,10698551,0.9135687864873928,0.0005277214737296749,B,KZDOO,Чехлы,Чехол для смартфона,6180.0,1.0,Z,BZ
AAA_Titanium_1777,6180,10949.0,6,2,10704731,0.9140965079611225,0.0005277214737296749,B,KEEPHONE,Чехлы,Чехол для смартфона,3090.0,1.0,Z,BZ
CCC_Black_9304,6180,10459.2,3,1,10710911,0.9146242294348521,0.0005277214737296749,B,KZDOO,Чехлы,Чехол для смартфона,6180.0,1.0,Z,BZ
DDD_Blue_8330,6180,5888.6,2,1,10717091,0.9151519509085818,0.0005277214737296749,B,KZDOO,Чехлы,Чехол для смартфона,6180.0,1.0,Z,BZ
CCC_White_3332,6180,1061.3999999999996,1,1,10723271,0.9156796723823115,0.0005277214737296749,B,KZDOO,Чехлы,Чехол для смартфона,6180.0,1.0,Z,BZ
BBB_Clear_1569,6180,7196.0,2,1,10729451,0.9162073938560412,0.0005277214737296749,B,KZDOO,Чехлы,Чехол для смартфона,6180.0,1.0,Z,BZ
EEE_Purple_4956,6180,5984.0,2,1,10735631,0.9167351153297708,0.0005277214737296749,B,KZDOO,Чехлы,Чехол для смартфона,6180.0,1.0,Z,BZ
BBB_Black_5404,6090,16738.6,4,1,10741721,0.91725515153932,0.0005200362095491457,B,KZDOO,Чехлы,Чехол для смартфона,6090.0,1.0,Z,BZ
BBB_Red_4497,6050,1212.5,1,1,10747771,0.9177717720759,0.0005166205365800216,B,KZDOO,Чехлы,Чехол для смартфона,6050.0,1.0,Z,BZ
BBB_Clear_1364,6000,16468.0,4,1,10753771,0.9182841230212686,0.0005123509453686165,B,KZDOO,Чехлы,Чехол для смартфона,6000.0,1.0,Z,BZ
EEE_Blue_1505,6000,6481.0,7,3,10759771,0.9187964739666372,0.0005123509453686165,B,Нет бренда,Чехлы,Чехол для смартфона,2000.0,1.6736249305514261,Z,BZ
EEE_Black_5363,5990,-213.19999999999985,1,1,10765761,0.9193079709937636,0.0005114970271263354,B,KEEPHONE,Чехлы,Чехол для смартфона,5990.0,1.0,Z,BZ
EEE_Blue_8087,5990,16671.3,4,1,10771751,0.9198194680208899,0.0005114970271263354,B,KZDOO,Чехлы,Чехол для смартфона,5990.0,1.0,Z,BZ
CCC_Blue_7273,5990,9651.9,3,1,10777741,0.9203309650480163,0.0005114970271263354,B,Нет бренда,Чехлы,Неизвестно,5990.0,1.0,Z,BZ
DDD_Purple_3766,5990,4847.299999999999,2,1,10783731,0.9208424620751425,0.0005114970271263354,B,KZDOO,Чехлы,Чехол для смартфона,5990.0,1.0,Z,BZ
GGG_Black_9644,5980,10932.4,3,1,10789711,0.9213531051840267,0.0005106431088840544,B,KZDOO,Чехлы,Чехол для смартфона,5980.0,1.0,Z,BZ
CCC_Black_9622,5980,91.59999999999992,1,1,10795691,0.9218637482929107,0.0005106431088840544,B,KZDOO,Чехлы,Чехол для смартфона,5980.0,1.0,Z,BZ
CCC_Pink_8696,5980,16541.2,4,1,10801671,0.9223743914017948,0.0005106431088840544,B,KEEPHONE,Чехлы,Чехол для смартфона,5980.0,1.0,Z,BZ
BBB_Blue_5229,5980,15704.2,4,1,10807651,0.9228850345106788,0.0005106431088840544,B,KZDOO,Чехлы,Чехол для смартфона,5980.0,1.0,Z,BZ
HHH_Blue_6459,5980,6772.0,2,1,10813631,0.9233956776195629,0.0005106431088840544,B,KZDOO,Чехлы,Чехол для смартфона,5980.0,1.0,Z,BZ
AAA_Pink_4756,5980,10544.0,3,1,10819611,0.9239063207284469,0.0005106431088840544,B,KEEPHONE,Чехлы,Чехол для смартфона,5980.0,1.0,Z,BZ
EEE_Titanium_6804,5980,888.3999999999996,1,1,10825591,0.924416963837331,0.0005106431088840544,B,KZDOO,Чехлы,Чехол для смартфона,5980.0,1.0,Z,BZ
EEE_Pink_1768,5980,15918.4,4,1,10831571,0.924927606946215,0.0005106431088840544,B,KZDOO,Чехлы,Чехол для смартфона,5980.0,1.0,Z,BZ
AAA_Black_7343,5980,5608.6,2,1,10837551,0.925438250055099,0.0005106431088840544,B,KEEPHONE,Чехлы,Чехол для смартфона,5980.0,1.0,Z,BZ
BBB_White_6972,5960,16042.599999999999,8,2,10843511,0.9259471853274985,0.0005089352723994924,B,KZDOO,Чехлы,Чехол для смартфона,2980.0,1.0,Z,BZ
EEE_Red_3383,5960,13029.4,7,2,10849471,0.926456120599898,0.0005089352723994924,B,KZDOO,Чехлы,Чехол для смартфона,2980.0,1.0,Z,BZ
GGG_Red_8772,5960,14341.0,8,2,10855431,0.9269650558722976,0.0005089352723994924,B,KZDOO,Чехлы,Чехол для смартфона,2980.0,1.0,Z,BZ
EEE_Clear_3126,5960,10617.8,6,2,10861391,0.9274739911446971,0.0005089352723994924,B,KZDOO,Чехлы,Чехол для смартфона,2980.0,1.0,Z,BZ
HHH_Purple_2012,5960,7595.4,5,2,10867351,0.9279829264170966,0.0005089352723994924,B,KZDOO,Чехлы,Чехол для смартфона,2980.0,1.0,Z,BZ
EEE_Purple_9678,5940,4286.2,6,3,10873291,0.9284901538530115,0.0005072274359149303,B,Robiton,Батарейки и аккумуляторы,Аккумуляторная батарейка,1980.0,1.6770509831248424,Z,BZ
DDD_White_3845,5850,4884.0,6,3,10879141,0.9289896960247459,0.0004995421717344011,B,KEEPHONE,Чехлы,Чехол для смартфона,1950.0,1.6770509831248424,Z,BZ
BBB_Red_3217,5800,11971.0,7,2,10884941,0.9294849686052689,0.0004952725805229959,B,KZDOO,Чехлы,Чехол для смартфона,2900.0,1.0,Z,BZ
AAA_Purple_2792,5800,6001.0,2,1,10890741,0.9299802411857918,0.0004952725805229959,B,Robiton,Батарейки и аккумуляторы,Аккумуляторная батарейка,5800.0,1.0,Z,BZ
FFF_White_5263,5800,4803.0,2,1,10896541,0.9304755137663149,0.0004952725805229959,B,Robiton,Батарейки и аккумуляторы,Аккумуляторная батарейка,5800.0,1.0,Z,BZ
HHH_Blue_9302,5780,11632.599999999999,7,2,10902321,0.9309690785103533,0.0004935647440384339,B,KZDOO,Чехлы,Чехол для смартфона,2890.0,1.0,Z,BZ
HHH_Red_5637,5780,9202.3,6,2,10908101,0.9314626432543918,0.0004935647440384339,B,KEEPHONE,Чехлы,Чехол для смартфона,2890.0,1.0,Z,BZ
FFF_Clear_6174,5778,4871.3200000000015,2,1,10913879,0.9319560372147817,0.0004933939603899777,B,KZDOO,Чехлы,Чехол для смартфона,5778.0,1.0,Z,BZ
BBB_Red_5004,5720,2766.4,3,2,10919599,0.9324444784493664,0.0004884412345847476,B,Robiton,Батарейки и аккумуляторы,Батарейка,2860.0,1.0,Z,BZ
EEE_Clear_8396,5700,1834.5,3,2,10925299,0.9329312118474666,0.0004867333981001856,B,KEEPHONE,Чехлы,Чехол для смартфона,2850.0,1.0,Z,BZ
CCC_Green_9087,5700,5198.0,2,1,10930999,0.9334179452455669,0.0004867333981001856,B,KEEPHONE,Чехлы,Чехол для смартфона,5700.0,1.0,Z,BZ
AAA_Titanium_8848,5670,6972.0,8,3,10936669,0.9339021168889402,0.00048417164337334254,B,KEEPHONE,Чехлы,Чехол для смартфона,1890.0,1.5347536447260846,Z,BZ
DDD_Titanium_8491,5648,5814.800000000001,2,1,10942317,0.9343844099121805,0.0004822930232403243,B,KZDOO,Чехлы,Чехол для смартфона,5648.0,1.0,Z,BZ
CCC_Green_8093,5648,295.72000000000025,1,1,10947965,0.9348667029354208,0.0004822930232403243,B,KZDOO,Чехлы,Чехол для смартфона,5648.0,1.0,Z,BZ
GGG_Purple_1161,5580,5263.6,2,1,10953545,0.9353431893146136,0.0004764863791928133,B,KZDOO,Чехлы,Чехол для смартфона,5580.0,1.0,Z,BZ
GGG_Pink_3547,5580,6123.799999999999,2,1,10959125,0.9358196756938064,0.0004764863791928133,B,KZDOO,Чехлы,Чехол для смартфона,5580.0,1.0,Z,BZ
HHH_White_7575,5580,7150.400000000001,5,2,10964705,0.9362961620729993,0.0004764863791928133,B,KZDOO,Чехлы,Чехол для смартфона,2790.0,1.0,Z,BZ
FFF_Pink_8619,5580,9643.2,3,1,10970285,0.9367726484521921,0.0004764863791928133,B,KZDOO,Чехлы,Чехол для смартфона,5580.0,1.0,Z,BZ
DDD_Black_1495,5580,485.5999999999999,1,1,10975865,0.9372491348313848,0.0004764863791928133,B,KZDOO,Чехлы,Чехол для смартфона,5580.0,1.0,Z,BZ
CCC_Titanium_9741,5580,9714.4,3,1,10981445,0.9377256212105777,0.0004764863791928133,B,KZDOO,Чехлы,Чехол для смартфона,5580.0,1.0,Z,BZ
EEE_White_7899,5580,10146.6,3,1,10987025,0.9382021075897705,0.0004764863791928133,B,KZDOO,Чехлы,Чехол для смартфона,5580.0,1.0,Z,BZ
HHH_Purple_2646,5580,4911.799999999999,2,1,10992605,0.9386785939689634,0.0004764863791928133,B,KZDOO,Чехлы,Чехол для смартфона,5580.0,1.0,Z,BZ
AAA_Green_9617,5580,7677.499999999999,5,2,10998185,0.9391550803481561,0.0004764863791928133,B,KZDOO,Чехлы,Чехол для смартфона,2790.0,1.0,Z,BZ
FFF_Blue_4443,5560,6852.199999999999,5,2,11003745,0.9396298588908644,0.00047477854270825125,B,KZDOO,Чехлы,Чехол для смартфона,2780.0,1.0,Z,BZ
EEE_Black_8254,5560,6992.4,5,2,11009305,0.9401046374335726,0.00047477854270825125,B,KZDOO,Чехлы,Чехол для смартфона,2780.0,1.0,Z,BZ
HHH_Green_1488,5560,6924.799999999999,5,2,11014865,0.9405794159762809,0.00047477854270825125,B,KZDOO,Чехлы,Чехол для смартфона,2780.0,1.0,Z,BZ
AAA_Titanium_6370,5560,4759.2,4,2,11020425,0.9410541945189891,0.00047477854270825125,B,KZDOO,Чехлы,Чехол для смартфона,2780.0,1.0,Z,BZ
BBB_Black_9217,5560,11926.4,7,2,11025985,0.9415289730616974,0.00047477854270825125,B,KZDOO,Чехлы,Чехол для смартфона,2780.0,1.0,Z,BZ
AAA_White_5914,5560,9418.6,6,2,11031545,0.9420037516044056,0.00047477854270825125,B,KZDOO,Чехлы,Чехол для смартфона,2780.0,1.0,Z,BZ
DDD_Clear_2056,5560,9991.0,6,2,11037105,0.9424785301471139,0.00047477854270825125,B,KZDOO,Чехлы,Чехол для смартфона,2780.0,1.0,Z,BZ
AAA_Green_8877,5500,8720.0,3,1,11042605,0.9429481851803685,0.0004696550332545651,B,KZDOO,Чехлы,Чехол для смартфона,5500.0,1.0,Z,BZ
FFF_Purple_7592,5500,9204.0,3,1,11048105,0.9434178402136231,0.0004696550332545651,B,KZDOO,Чехлы,Чехол для смартфона,5500.0,1.0,Z,BZ
EEE_Black_2283,5500,5087.0,2,1,11053605,0.9438874952468775,0.0004696550332545651,B,KZDOO,Чехлы,Чехол для смартфона,5500.0,1.0,Z,BZ
EEE_Black_4149,5500,285.0,1,1,11059105,0.9443571502801321,0.0004696550332545651,B,KZDOO,Чехлы,Чехол для смартфона,5500.0,1.0,Z,BZ
BBB_Green_5708,5400,7391.0,5,2,11064505,0.9448182661309639,0.0004611158508317548,B,KZDOO,Чехлы,Чехол для смартфона,2700.0,1.0,Z,BZ
CCC_Clear_1118,5400,4277.0,6,3,11069905,0.9452793819817956,0.0004611158508317548,B,K-DOO,Чехлы,Чехол для смартфона,1800.0,1.0,Z,BZ
DDD_White_8173,5400,8881.0,9,3,11075305,0.9457404978326274,0.0004611158508317548,B,K-DOO,Чехлы,Чехол для смартфона,1800.0,1.5811388300841898,Z,BZ
GGG_Pink_6405,5400,4374.0,4,2,11080705,0.9462016136834591,0.0004611158508317548,B,KZDOO,Чехлы,Чехол для смартфона,2700.0,1.0,Z,BZ
HHH_Red_3612,5400,6590.0,5,2,11086105,0.9466627295342909,0.0004611158508317548,B,KZDOO,Чехлы,Чехол для смартфона,2700.0,1.0,Z,BZ
BBB_Purple_1296,5400,7011.0,5,2,11091505,0.9471238453851227,0.0004611158508317548,B,KZDOO,Чехлы,Чехол для смартфона,2700.0,1.0,Z,BZ
HHH_Clear_1273,5396,14581.88,4,1,11096901,0.9475846196686575,0.00046077428353484236,B,KZDOO,Чехлы,Чехол для смартфона,5396.0,1.0,Z,BZ
BBB_Blue_2694,5380,2024.4999999999998,3,2,11102281,0.9480440276830047,0.0004594080143471927,B,KEEPHONE,Чехлы,Чехол для смартфона,2690.0,1.0,Z,BZ
EEE_White_2537,5360,3943.2,8,4,11107641,0.9485017278608674,0.00045770017786263067,B,Robiton,Батарейки и аккумуляторы,Батарейка,1340.0,1.3125000000000002,Z,BZ
DDD_Titanium_6156,5360,11437.8,15,4,11113001,0.94895942803873,0.00045770017786263067,B,REMAX,Защитные пленки и стекла,Защитное стекло,1340.0,1.697056274847714,Z,BZ
FFF_Titanium_2399,5300,4840.0,2,1,11118301,0.9494120047071389,0.0004525766684089445,B,KZDOO,Чехлы,Чехол для смартфона,5300.0,1.0,Z,BZ
GGG_Pink_4187,5300,12869.0,4,1,11123601,0.9498645813755479,0.0004525766684089445,B,KZDOO,Чехлы,Чехол для смартфона,5300.0,1.0,Z,BZ
GGG_Pink_2598,5300,13322.0,4,1,11128901,0.9503171580439568,0.0004525766684089445,C,KZDOO,Чехлы,Чехол для смартфона,5300.0,1.0,Z,CZ
FFF_Clear_8370,5300,11904.0,7,2,11134201,0.9507697347123657,0.0004525766684089445,C,KEEPHONE,Чехлы,Чехол для смартфона,2650.0,1.0,Z,CZ
GGG_Green_1753,5200,9139.0,3,1,11139401,0.9512137721983519,0.00044403748598613425,C,KEEPHONE,Чехлы,Чехол для смартфона,5200.0,1.0,Z,CZ
GGG_Green_7035,5200,11435.0,7,2,11144601,0.951657809684338,0.00044403748598613425,C,Robiton,Батарейки и аккумуляторы,Аккумуляторная батарейка,2600.0,1.0,Z,CZ
FFF_Titanium_5998,5200,356.0,2,2,11149801,0.9521018471703242,0.00044403748598613425,C,KEEPHONE,Чехлы,Чехол для смартфона,2600.0,1.0,Z,CZ
DDD_Pink_2219,5200,6604.0,5,2,11155001,0.9525458846563103,0.00044403748598613425,C,KEEPHONE,Чехлы,Чехол для смартфона,2600.0,1.0,Z,CZ
HHH_Green_2539,5180,15036.0,4,1,11160181,0.9529882143058118,0.0004423296495015722,C,KZDOO,Чехлы,Чехол для смартфона,5180.0,1.0,Z,CZ
AAA_Pink_5462,5180,9673.6,3,1,11165361,0.9534305439553135,0.0004423296495015722,C,KZDOO,Чехлы,Чехол для смартфона,5180.0,1.0,Z,CZ
FFF_Purple_8028,5160,6864.400000000001,5,2,11170521,0.9538711657683304,0.00044062181301701014,C,KZDOO,Чехлы,Чехол для смартфона,2580.0,1.0,Z,CZ
AAA_Black_1398,5160,3963.8,4,2,11175681,0.9543117875813475,0.00044062181301701014,C,K-DOO,Чехлы,Чехол для смартфона,2580.0,1.0,Z,CZ
HHH_Black_4644,5100,13770.0,4,1,11180781,0.9547472858849108,0.000435498303563324,C,KEEPHONE,Чехлы,Чехол для смартфона,5100.0,1.0,Z,CZ
EEE_Titanium_7841,5100,-183.0,1,1,11185881,0.9551827841884741,0.000435498303563324,C,KZDOO,Чехлы,Чехол для смартфона,5100.0,1.0,Z,CZ
BBB_Titanium_8654,5100,4840.0,2,1,11190981,0.9556182824920374,0.000435498303563324,C,KZDOO,Чехлы,Чехол для смартфона,5100.0,1.0,Z,CZ
AAA_Pink_6723,5000,-11.0,2,2,11195981,0.9560452416131779,0.0004269591211405137,C,KZDOO,Чехлы,Чехол для смартфона,2500.0,1.0,Z,CZ
EEE_Clear_3113,5000,6827.0,5,2,11200981,0.9564722007343185,0.0004269591211405137,C,KZDOO,Чехлы,Чехол для смартфона,2500.0,1.0,Z,CZ
EEE_Green_4071,4990,8541.2,3,1,11205971,0.9568983059372167,0.0004261052028982327,C,KZDOO,Чехлы,Чехол для смартфона,4990.0,1.0,Z,CZ
AAA_White_8136,4990,8363.4,3,1,11210961,0.9573244111401149,0.0004261052028982327,C,KZDOO,Чехлы,Чехол для смартфона,4990.0,1.0,Z,CZ
BBB_White_3695,4980,665.1999999999998,1,1,11215941,0.9577496624247709,0.00042525128465595167,C,KZDOO,Чехлы,Чехол для смартфона,4980.0,1.0,Z,CZ
CCC_Pink_9065,4980,3778.2,2,1,11220921,0.9581749137094269,0.00042525128465595167,C,K-DOO,Чехлы,Чехол для наушников,4980.0,1.0,Z,CZ
HHH_Red_4760,4980,3737.2,2,1,11225901,0.9586001649940827,0.00042525128465595167,C,KZDOO,Чехлы,Чехол для смартфона,4980.0,1.0,Z,CZ
CCC_Blue_6685,4980,4493.0,2,1,11230881,0.9590254162787387,0.00042525128465595167,C,KZDOO,Чехлы,Чехол для смартфона,4980.0,1.0,Z,CZ
GGG_Purple_9523,4980,8686.8,3,1,11235861,0.9594506675633947,0.00042525128465595167,C,KZDOO,Чехлы,Чехол для смартфона,4980.0,1.0,Z,CZ
EEE_Titanium_5854,4980,9574.6,3,1,11240841,0.9598759188480507,0.00042525128465595167,C,KZDOO,Чехлы,Чехол для смартфона,4980.0,1.0,Z,CZ
EEE_Clear_4786,4980,13334.8,4,1,11245821,0.9603011701327065,0.00042525128465595167,C,KZDOO,Чехлы,Чехол для смартфона,4980.0,1.0,Z,CZ
HHH_Pink_8206,4980,14122.8,4,1,11250801,0.9607264214173625,0.00042525128465595167,C,KZDOO,Чехлы,Чехол для смартфона,4980.0,1.0,Z,CZ
FFF_Blue_9107,4980,8849.2,3,1,11255781,0.9611516727020185,0.00042525128465595167,C,KZDOO,Чехлы,Чехол для смартфона,4980.0,1.0,Z,CZ
AAA_Pink_4930,4980,9832.0,3,1,11260761,0.9615769239866744,0.00042525128465595167,C,KZDOO,Чехлы,Чехол для смартфона,4980.0,1.0,Z,CZ
AAA_White_5438,4980,5184.0,4,2,11265741,0.9620021752713304,0.00042525128465595167,C,KZDOO,Чехлы,Чехол для смартфона,2490.0,1.0,Z,CZ
DDD_Clear_5170,4980,4391.6,2,1,11270721,0.9624274265559863,0.00042525128465595167,C,KZDOO,Чехлы,Чехол для смартфона,4980.0,1.0,Z,CZ
BBB_Green_4467,4980,1052.6,1,1,11275701,0.9628526778406423,0.00042525128465595167,C,KZDOO,Чехлы,Чехол для смартфона,4980.0,1.0,Z,CZ
DDD_Blue_1270,4906,-94.51999999999998,1,1,11280607,0.9632716101303054,0.000418932289663072,C,KEEPHONE,Чехлы,Чехол для смартфона,4906.0,1.0,Z,CZ
HHH_Purple_4677,4900,8422.0,6,2,11285507,0.9636900300690231,0.0004184199387177034,C,KEEPHONE,Чехлы,Чехол для смартфона,2450.0,1.0,Z,CZ
DDD_Green_2659,4900,12806.0,4,1,11290407,0.9641084500077408,0.0004184199387177034,C,KEEPHONE,Чехлы,Чехол для смартфона,4900.0,1.0,Z,CZ
HHH_Titanium_2358,4800,1150.0,4,3,11295207,0.9645183307640357,0.00040988075629489314,C,K-DOO,Чехлы,Чехол для смартфона,1600.0,1.6345871038277526,Z,CZ
CCC_Blue_4612,4800,9319.0,14,4,11300007,0.9649282115203306,0.00040988075629489314,C,REMAX,Защитные пленки и стекла,Защитное стекло,1200.0,1.2074386788840692,Z,CZ
AAA_Purple_4611,4800,11564.0,12,3,11304807,0.9653380922766255,0.00040988075629489314,C,K-DOO,Чехлы,Чехол для смартфона,1600.0,1.5,Z,CZ
AAA_Pink_8879,4780,86.29999999999995,2,2,11309587,0.9657462651964358,0.0004081729198103311,C,KEEPHONE,Чехлы,Чехол для смартфона,2390.0,1.0,Z,CZ
AAA_Purple_7609,4740,3537.8,6,3,11314327,0.966151022443277,0.000404757246841207,C,REMAX,Защитные пленки и стекла,Защитное стекло,1580.0,1.6770509831248424,Z,CZ
GGG_Red_9072,4650,6025.5,8,3,11318977,0.9665480944259377,0.00039707198266067774,C,KZDOO,Чехлы,Чехол для смартфона,1550.0,1.0,Z,CZ
DDD_Black_2486,4620,7363.0,25,7,11323597,0.9669426046538715,0.00039451022793383466,C,Robiton,Батарейки и аккумуляторы,Батарейка,660.0,0.9486832980505138,Z,CZ
GGG_Purple_4253,4400,7694.0,3,1,11327997,0.9673183286804752,0.00037572402660365203,C,KZDOO,Чехлы,Чехол для смартфона,4400.0,1.0,Z,CZ
GGG_Purple_5307,4400,7389.0,13,4,11332397,0.9676940527070788,0.00037572402660365203,C,KZDOO,Чехлы,Чехол для смартфона,1100.0,1.7346111205814894,Z,CZ
CCC_Titanium_5935,4400,9450.0,7,2,11336797,0.9680697767336824,0.00037572402660365203,C,KZDOO,Чехлы,Чехол для смартфона,2200.0,1.0,Z,CZ
BBB_Green_3184,4350,4329.5,7,3,11341147,0.9684412311690747,0.0003714544353922469,C,KZDOO,Чехлы,Чехол для смартфона,1450.0,1.0,Z,CZ
CCC_Clear_8930,4320,4408.4,10,4,11345467,0.9688101238497401,0.0003688926806654038,C,Renata,Батарейки и аккумуляторы,Батарейка,1080.0,1.5223337347638328,Z,CZ
CCC_Green_7276,4260,8559.6,11,3,11349727,0.9691738930209518,0.00036376917121171766,C,Robiton,Батарейки и аккумуляторы,Батарейка,1420.0,1.518481189862733,Z,CZ
AAA_Black_2871,4200,5684.0,8,3,11353927,0.9695325386827098,0.0003586456617580315,C,Нет бренда,Кабели и переходники,Кабель-переходник,1400.0,1.0,Z,CZ
CCC_Green_8797,4200,6861.0,6,2,11358127,0.9698911843444679,0.0003586456617580315,C,KZDOO,Чехлы,Чехол для смартфона,2100.0,1.0,Z,CZ
GGG_Red_8930,4200,5677.0,5,2,11362327,0.9702498300062259,0.0003586456617580315,C,KZDOO,Чехлы,Чехол для смартфона,2100.0,1.0,Z,CZ
HHH_Pink_9568,4170,1459.8999999999999,5,3,11366497,0.9706059139132571,0.0003560839070311884,C,KZDOO,Чехлы,Чехол для смартфона,1390.0,1.5874507866387544,Z,CZ
AAA_Purple_3253,4170,8006.1,10,3,11370667,0.9709619978202882,0.0003560839070311884,C,KZDOO,Чехлы,Чехол для смартфона,1390.0,1.0,Z,CZ
DDD_Black_1564,4140,1866.4,5,3,11374807,0.9713155199725927,0.00035352215230434535,C,REMAX,Защитные пленки и стекла,Защитное стекло,1380.0,1.824828759089466,Z,CZ
HHH_Clear_1848,4100,3082.5,4,2,11378907,0.9716656264519279,0.00035010647933522124,C,KEEPHONE,Чехлы,Чехол для смартфона,2050.0,1.0,Z,CZ
GGG_Purple_4170,4000,1744.0,3,2,11382907,0.9720071937488403,0.000341567296912411,C,Нет бренда,Чехлы,Чехол для смартфона,2000.0,1.0,Z,CZ
BBB_Purple_8101,4000,6438.0,6,2,11386907,0.9723487610457526,0.000341567296912411,C,Нет бренда,Чехлы,Чехол для смартфона,2000.0,1.0,Z,CZ
FFF_Titanium_8810,4000,6712.0,3,1,11390907,0.9726903283426651,0.000341567296912411,C,KZDOO,Чехлы,Чехол для смартфона,4000.0,1.0,Z,CZ
CCC_Green_8669,3980,-55.59999999999991,1,1,11394887,0.9730301878030929,0.0003398594604278489,C,KZDOO,Чехлы,Чехол для смартфона,3980.0,1.0,Z,CZ
FFF_Purple_2971,3980,10588.8,4,1,11398867,0.9733700472635208,0.0003398594604278489,C,KZDOO,Чехлы,Чехол для смартфона,3980.0,1.0,Z,CZ
DDD_Purple_3677,3920,5546.6,12,4,11402787,0.9737047832144949,0.00033473595097416277,C,Varta,Батарейки и аккумуляторы,Батарейка,980.0,1.0,Z,CZ
CCC_White_6197,3800,-243.0,2,2,11406587,0.9740292721465618,0.0003244889320667904,C,Varta,Батарейки и аккумуляторы,Батарейка,1900.0,1.0,Z,CZ
EEE_Purple_4363,3780,3638.1000000000004,4,2,11410367,0.974352053242144,0.00032278109558222834,C,Renata,Батарейки и аккумуляторы,Батарейка,1890.0,1.0,Z,CZ
EEE_Green_3323,3750,2621.0,6,3,11414117,0.9746722725829994,0.00032021934085538526,C,Robiton,Батарейки и аккумуляторы,Батарейка,1250.0,1.6770509831248424,Z,CZ
EEE_Red_5832,3600,1299.0,3,2,11417717,0.9749796831502205,0.00030741056722116987,C,K-DOO,Чехлы,Чехол для смартфона,1800.0,1.0,Z,CZ
HHH_Pink_1972,3590,6317.4,3,1,11421307,0.9752862397991994,0.00030655664897888884,C,KZDOO,Чехлы,Чехол для смартфона,3590.0,1.0,Z,CZ
GGG_Black_5293,3590,6219.1,3,1,11424897,0.9755927964481783,0.00030655664897888884,C,K-DOO,Чехлы,Чехол для смартфона,3590.0,1.0,Z,CZ
BBB_Black_9198,3520,-472.9999999999999,5,4,11428417,0.9758933756694612,0.00030057922128292166,C,Robiton,Батарейки и аккумуляторы,Батарейка,880.0,1.5874507866387542,Z,CZ
BBB_Clear_3805,3490,2686.8,2,1,11431907,0.9761913931360173,0.0002980174665560786,C,KZDOO,Чехлы,Чехол для смартфона,3490.0,1.0,Z,CZ
EEE_Green_7826,3490,5994.4,3,1,11435397,0.9764894106025734,0.0002980174665560786,C,KZDOO,Чехлы,Чехол для смартфона,3490.0,1.0,Z,CZ
AAA_White_6767,3490,3135.9,2,1,11438887,0.9767874280691294,0.0002980174665560786,C,KZDOO,Чехлы,Чехол для смартфона,3490.0,1.0,Z,CZ
AAA_Red_7044,3490,9144.9,4,1,11442377,0.9770854455356855,0.0002980174665560786,C,KZDOO,Чехлы,Чехол для смартфона,3490.0,1.0,Z,CZ
EEE_Titanium_7354,3490,2731.4,2,1,11445867,0.9773834630022417,0.0002980174665560786,C,KZDOO,Чехлы,Чехол для смартфона,3490.0,1.0,Z,CZ
GGG_Green_8168,3490,2744.7,2,1,11449357,0.9776814804687977,0.0002980174665560786,C,KZDOO,Чехлы,Чехол для смартфона,3490.0,1.0,Z,CZ
BBB_Titanium_3592,3450,5892.5,3,1,11452807,0.9779760822623846,0.00029460179358695447,C,KEEPHONE,Чехлы,Чехол для смартфона,3450.0,1.0,Z,CZ
EEE_Purple_3010,3420,2414.0,6,3,11456227,0.9782681223012447,0.0002920400388601114,C,Renata,Батарейки и аккумуляторы,Батарейка,1140.0,1.6770509831248424,Z,CZ
HHH_Titanium_2732,3380,4149.4,5,2,11459607,0.9785567466671358,0.00028862436589098723,C,KZDOO,Чехлы,Чехол для смартфона,1690.0,1.0,Z,CZ
GGG_Green_8833,3380,2712.2,2,1,11462987,0.9788453710330267,0.00028862436589098723,C,KZDOO,Чехлы,Чехол для смартфона,3380.0,1.0,Z,CZ
CCC_Titanium_8586,3380,5376.4,3,1,11466367,0.9791339953989178,0.00028862436589098723,C,KZDOO,Чехлы,Чехол для смартфона,3380.0,1.0,Z,CZ
EEE_Black_2399,3380,6304.0,3,1,11469747,0.9794226197648087,0.00028862436589098723,C,KZDOO,Чехлы,Чехол для смартфона,3380.0,1.0,Z,CZ
EEE_Blue_8678,3380,-179.5999999999999,1,1,11473127,0.9797112441306997,0.00028862436589098723,C,KZDOO,Чехлы,Чехол для смартфона,3380.0,1.0,Z,CZ
FFF_Purple_6666,3368,7.839999999999918,1,1,11476495,0.9799988437946999,0.00028759966400025,C,KEEPHONE,Чехлы,Чехол для смартфона,3368.0,1.0,Z,CZ
CCC_Black_1999,3360,3133.3999999999996,7,3,11479855,0.9802857603241064,0.0002869165294064252,C,REMAX,Защитные пленки и стекла,Защитное стекло,1120.0,1.5452362609131383,Z,CZ
DDD_Titanium_6779,3200,2227.0,4,2,11483055,0.9805590141616363,0.00027325383752992876,C,K-DOO,Чехлы,Чехол для смартфона,1600.0,1.0,Z,CZ
CCC_Blue_1631,3180,5276.2,3,1,11486235,0.9808305601626817,0.0002715460010453667,C,KZDOO,Чехлы,Чехол для смартфона,3180.0,1.0,Z,CZ
EEE_Purple_4483,3180,4754.200000000001,9,3,11489415,0.9811021061637271,0.0002715460010453667,C,Robiton,Батарейки и аккумуляторы,Батарейка,1060.0,1.0,Z,CZ
CCC_Black_1285,3162,7704.06,4,1,11492577,0.9813721151119363,0.00027000894820926086,C,KZDOO,Чехлы,Чехол для смартфона,3162.0,1.0,Z,CZ
GGG_Black_5174,3162,2327.3200000000006,2,1,11495739,0.9816421240601456,0.00027000894820926086,C,KZDOO,Чехлы,Чехол для смартфона,3162.0,1.0,Z,CZ
GGG_Purple_4715,3100,5791.0,7,2,11498839,0.9819068387152526,0.0002647146551071185,C,KZDOO,Чехлы,Чехол для смартфона,1550.0,1.0,Z,CZ
GGG_Pink_9388,3100,229.0,1,1,11501939,0.9821715533703598,0.0002647146551071185,C,KZDOO,Чехлы,Чехол для смартфона,3100.0,1.0,Z,CZ
CCC_Red_9477,3100,-429.0,2,2,11505039,0.9824362680254669,0.0002647146551071185,C,KZDOO,Чехлы,Чехол для смартфона,1550.0,1.0,Z,CZ
CCC_Clear_4137,3100,3317.0,2,1,11508139,0.982700982680574,0.0002647146551071185,C,KZDOO,Чехлы,Чехол для смартфона,3100.0,1.0,Z,CZ
FFF_Green_5405,3100,3730.0,5,2,11511239,0.9829656973356812,0.0002647146551071185,C,KZDOO,Чехлы,Чехол для смартфона,1550.0,1.0,Z,CZ
AAA_Red_8375,3100,4856.0,3,1,11514339,0.9832304119907883,0.0002647146551071185,C,KZDOO,Чехлы,Чехол для смартфона,3100.0,1.0,Z,CZ
FFF_Purple_3751,3060,2485.0,7,3,11517399,0.9834917109729263,0.0002612989821379944,C,Robiton,Батарейки и аккумуляторы,Батарейка,1020.0,1.5452362609131383,Z,CZ
EEE_Black_4856,3000,4129.0,9,3,11520399,0.9837478864456106,0.00025617547268430823,C,REMAX,Защитные пленки и стекла,Защитное стекло,1000.0,1.5811388300841898,Z,CZ
CCC_Green_2534,3000,3297.0,8,3,11523399,0.9840040619182949,0.00025617547268430823,C,REMAX,Защитные пленки и стекла,Защитное стекло,1000.0,1.6345871038277526,Z,CZ
CCC_Titanium_2771,2990,286.8000000000002,1,1,11526389,0.9842593834727369,0.0002553215544420272,C,KEEPHONE,Чехлы,Чехол для смартфона,2990.0,1.0,Z,CZ
BBB_White_3471,2980,92.59999999999992,1,1,11529369,0.9845138511089366,0.0002544676361997462,C,KZDOO,Чехлы,Чехол для смартфона,2980.0,1.0,Z,CZ
CCC_Titanium_4186,2980,7269.200000000001,4,1,11532349,0.9847683187451364,0.0002544676361997462,C,KZDOO,Чехлы,Чехол для смартфона,2980.0,1.0,Z,CZ
FFF_Clear_3563,2980,1913.2,2,1,11535329,0.9850227863813361,0.0002544676361997462,C,KZDOO,Чехлы,Чехол для смартфона,2980.0,1.0,Z,CZ
HHH_Pink_7833,2980,2291.0,2,1,11538309,0.9852772540175359,0.0002544676361997462,C,KZDOO,Чехлы,Чехол для смартфона,2980.0,1.0,Z,CZ
HHH_Purple_5299,2940,413.30000000000024,13,6,11541249,0.9855283059807665,0.0002510519632306221,C,REMAX,Защитные пленки и стекла,Защитное стекло,490.0,1.2533977489846402,Z,CZ
HHH_White_8048,2900,3100.5,5,2,11544149,0.985775942271028,0.00024763629026149797,C,KZDOO,Чехлы,Чехол для смартфона,1450.0,1.0,Z,CZ
CCC_Green_3365,2900,2259.0,2,1,11547049,0.9860235785612895,0.00024763629026149797,C,KZDOO,Чехлы,Чехол для смартфона,2900.0,1.0,Z,CZ
EEE_Pink_4898,2900,-81.0,1,1,11549949,0.986271214851551,0.00024763629026149797,C,Robiton,Батарейки и аккумуляторы,Батарейка,2900.0,1.0,Z,CZ
GGG_Blue_9642,2890,-209.0,1,1,11552839,0.9865179972235703,0.00024678237201921694,C,KEEPHONE,Чехлы,Чехол для смартфона,2890.0,1.0,Z,CZ
FFF_Black_2376,2890,6805.1,4,1,11555729,0.9867647795955894,0.00024678237201921694,C,KZDOO,Чехлы,Чехол для смартфона,2890.0,1.0,Z,CZ
HHH_Black_9818,2880,7287.200000000001,4,1,11558609,0.9870107080493664,0.0002459284537769359,C,KZDOO,Чехлы,Чехол для смартфона,2880.0,1.0,Z,CZ
GGG_White_7632,2840,4751.0,6,2,11561449,0.9872532208301742,0.00024251278080781178,C,REMAX,Защитные пленки и стекла,Защитное стекло,1420.0,1.0,Z,CZ
HHH_Black_4225,2820,3997.2,9,3,11564269,0.9874940257744974,0.00024080494432324973,C,Robiton,Батарейки и аккумуляторы,Батарейка,940.0,1.5811388300841898,Z,CZ
GGG_Titanium_7551,2790,2485.8,2,1,11567059,0.9877322689640938,0.00023824318959640665,C,KZDOO,Чехлы,Чехол для смартфона,2790.0,1.0,Z,CZ
HHH_Clear_5678,2780,6800.200000000001,4,1,11569839,0.987969658235448,0.00023738927135412563,C,KZDOO,Чехлы,Чехол для смартфона,2780.0,1.0,Z,CZ
BBB_Green_6494,2780,4620.4,3,1,11572619,0.9882070475068021,0.00023738927135412563,C,KZDOO,Чехлы,Чехол для смартфона,2780.0,1.0,Z,CZ
AAA_Blue_6809,2780,7427.4,4,1,11575399,0.9884444367781562,0.00023738927135412563,C,KZDOO,Чехлы,Чехол для смартфона,2780.0,1.0,Z,CZ
FFF_Red_5929,2780,4855.2,3,1,11578179,0.9886818260495104,0.00023738927135412563,C,KZDOO,Чехлы,Чехол для смартфона,2780.0,1.0,Z,CZ
DDD_Pink_7994,2750,3852.5,3,1,11580929,0.9889166535661377,0.00023482751662728255,C,KEEPHONE,Чехлы,Чехол для смартфона,2750.0,1.0,Z,CZ
DDD_Red_2385,2720,1765.8,9,4,11583649,0.9891489193280381,0.00023226576190043944,C,Robiton,Батарейки и аккумуляторы,Батарейка,680.0,1.7320508075688772,Z,CZ
EEE_Green_5799,2700,-45.0,1,1,11586349,0.989379477253454,0.0002305579254158774,C,KZDOO,Чехлы,Чехол для смартфона,2700.0,1.0,Z,CZ
GGG_Blue_2566,2700,2169.0,7,3,11589049,0.9896100351788698,0.0002305579254158774,C,Robiton,Батарейки и аккумуляторы,Батарейка,900.0,1.7928429140015907,Z,CZ
HHH_White_4492,2700,559.0,1,1,11591749,0.9898405931042857,0.0002305579254158774,C,K-DOO,Чехлы,Чехол для смартфона,2700.0,1.0,Z,CZ
FFF_Purple_3886,2690,6334.3,4,1,11594439,0.9900702971114593,0.00022970400717359636,C,KZDOO,Чехлы,Чехол для смартфона,2690.0,1.0,Z,CZ
GGG_Black_5739,2650,230.0,1,1,11597089,0.9902965854456638,0.00022628833420447226,C,KZDOO,Чехлы,Чехол для смартфона,2650.0,1.0,Z,CZ
AAA_Black_2294,2650,390.5,1,1,11599739,0.9905228737798683,0.00022628833420447226,C,KZDOO,Чехлы,Чехол для смартфона,2650.0,1.0,Z,CZ
AAA_Clear_3473,2590,2210.6,2,1,11602329,0.990744038604619,0.0002211648247507861,C,KZDOO,Чехлы,Чехол для смартфона,2590.0,1.0,Z,CZ
BBB_Black_7878,2580,84.0,1,1,11604909,0.9909643495111276,0.00022031090650850507,C,KZDOO,Чехлы,Чехол для смартфона,2580.0,1.0,Z,CZ
EEE_Green_9742,2580,2489.2,8,3,11607489,0.9911846604176361,0.00022031090650850507,C,Robiton,Батарейки и аккумуляторы,Батарейка,860.0,1.7286645857424165,Z,CZ
BBB_Pink_9025,2580,3963.4,3,1,11610069,0.9914049713241445,0.00022031090650850507,C,KZDOO,Чехлы,Чехол для смартфона,2580.0,1.0,Z,CZ
CCC_White_6545,2580,6418.4,4,1,11612649,0.991625282230653,0.00022031090650850507,C,KZDOO,Чехлы,Чехол для смартфона,2580.0,1.0,Z,CZ
FFF_Blue_9955,2560,722.0,8,4,11615209,0.991843885300677,0.00021860307002394302,C,Robiton,Батарейки и аккумуляторы,Батарейка,640.0,2.210592397978424,Z,CZ
BBB_Pink_7223,2550,-128.5,1,1,11617759,0.9920616344524587,0.000217749151781662,C,KZDOO,Чехлы,Чехол для смартфона,2550.0,1.0,Z,CZ
CCC_Titanium_7873,2550,3526.0,9,3,11620309,0.9922793836042403,0.000217749151781662,C,Robiton,Батарейки и аккумуляторы,Батарейка,850.0,1.0,Z,CZ
EEE_Black_6295,2500,4306.0,3,1,11622809,0.9924928631648106,0.00021347956057025686,C,Robiton,Батарейки и аккумуляторы,Аккумуляторная батарейка,2500.0,1.0,Z,CZ
DDD_Red_1755,2490,203.0,1,1,11625299,0.9927054888071386,0.00021262564232797583,C,KZDOO,Чехлы,Чехол для смартфона,2490.0,1.0,Z,CZ
HHH_Blue_7358,2490,-384.0999999999999,1,1,11627789,0.9929181144494665,0.00021262564232797583,C,KZDOO,Чехлы,Чехол для смартфона,2490.0,1.0,Z,CZ
HHH_Titanium_6539,2490,4218.0,3,1,11630279,0.9931307400917945,0.00021262564232797583,C,KZDOO,Чехлы,Чехол для смартфона,2490.0,1.0,Z,CZ
EEE_Blue_2874,2490,6628.5,4,1,11632769,0.9933433657341225,0.00021262564232797583,C,KZDOO,Чехлы,Чехол для смартфона,2490.0,1.0,Z,CZ
GGG_Clear_4484,2460,6349.6,4,1,11635229,0.9935534296217237,0.00021006388760113273,C,Robiton,Батарейки и аккумуляторы,Батарейка,2460.0,1.0,Z,CZ
AAA_Clear_9962,2400,4605.0,7,2,11637629,0.9937583699998711,0.00020494037814744657,C,Varta,Батарейки и аккумуляторы,Батарейка,1200.0,1.0,Z,CZ
FFF_Red_1714,2380,-213.5999999999999,1,1,11640009,0.993961602541534,0.00020323254166288452,C,K-DOO,Чехлы,Чехол для смартфона,2380.0,1.0,Z,CZ
DDD_Blue_6449,2320,1858.8,11,4,11642329,0.9941597115737432,0.00019810903220919836,C,Robiton,Батарейки и аккумуляторы,Батарейка,580.0,1.0,Z,CZ
FFF_Green_9273,2200,5552.0,4,1,11644529,0.994347573587045,0.00018786201330182602,C,KZDOO,Чехлы,Чехол для смартфона,2200.0,1.0,Z,CZ
HHH_Pink_8063,2200,3289.0,3,1,11646729,0.9945354356003467,0.00018786201330182602,C,KZDOO,Чехлы,Чехол для смартфона,2200.0,1.0,Z,CZ
GGG_White_4936,2160,237.39999999999992,3,2,11648889,0.9947198819406795,0.0001844463403327019,C,Robiton,Батарейки и аккумуляторы,Батарейка,1080.0,1.0,Z,CZ
CCC_Red_8685,2150,3596.0,3,1,11651039,0.9949034743627699,0.00018359242209042088,C,KEEPHONE,Чехлы,Чехол для смартфона,2150.0,1.0,Z,CZ
GGG_Black_5356,2100,2754.0,9,3,11653139,0.9950827971936489,0.00017932283087901575,C,Robiton,Батарейки и аккумуляторы,Батарейка,700.0,1.0,Z,CZ
AAA_Titanium_6208,2100,3397.0,3,1,11655239,0.995262120024528,0.00017932283087901575,C,Robiton,Батарейки и аккумуляторы,Аккумуляторная батарейка,2100.0,1.0,Z,CZ
FFF_Clear_7965,2070,1425.3,8,3,11657309,0.9954388811006801,0.00017676107615217267,C,Нет бренда,Кабели и переходники,Кабель-переходник,690.0,1.0,Z,CZ
DDD_Clear_6349,2040,283.0,5,3,11659349,0.9956130804221055,0.0001741993214253296,C,Robiton,Батарейки и аккумуляторы,Батарейка,680.0,1.5874507866387544,Z,CZ
GGG_Green_6367,2000,3919.0,7,2,11661349,0.9957838640705616,0.0001707836484562055,C,Нет бренда,Чехлы,Чехол для смартфона,1000.0,1.0,Z,CZ
BBB_Pink_2708,2000,1235.0,4,2,11663349,0.9959546477190179,0.0001707836484562055,C,Нет бренда,Чехлы,Чехол для смартфона,1000.0,1.0,Z,CZ
HHH_Red_5000,2000,1901.0,5,2,11665349,0.9961254313674741,0.0001707836484562055,C,REMAX,Защитные пленки и стекла,Защитное стекло,1000.0,1.0,Z,CZ
AAA_Green_9915,1960,359.6,3,2,11667309,0.9962927993429611,0.00016736797548708138,C,Robiton,Батарейки и аккумуляторы,Батарейка,980.0,1.0,Z,CZ
BBB_Clear_1709,1950,1247.0,2,1,11669259,0.996459313400206,0.00016651405724480033,C,KEEPHONE,Чехлы,Чехол для смартфона,1950.0,1.0,Z,CZ
GGG_Red_4578,1900,5318.0,4,1,11671159,0.9966215578662393,0.0001622444660333952,C,Renata,Батарейки и аккумуляторы,Батарейка,1900.0,1.0,Z,CZ
CCC_Titanium_5503,1900,947.2,14,5,11673059,0.9967838023322727,0.0001622444660333952,C,Нет бренда,Чехлы,Чехол для смартфона,380.0,1.4414597193293262,Z,CZ
FFF_Red_7430,1800,2719.0,3,1,11674859,0.9969375076158833,0.00015370528361058493,C,K-DOO,Чехлы,Чехол для смартфона,1800.0,1.0,Z,CZ
CCC_Clear_4340,1800,4116.0,8,2,11676659,0.9970912128994939,0.00015370528361058493,C,Robiton,Батарейки и аккумуляторы,Батарейка,900.0,1.0,Z,CZ
CCC_Blue_5856,1800,2841.0,3,1,11678459,0.9972449181831045,0.00015370528361058493,C,K-DOO,Чехлы,Чехол для смартфона,1800.0,1.0,Z,CZ
HHH_Green_4614,1624,4310.120000000001,4,1,11680083,0.997383594505651,0.00013867632254643884,C,KZDOO,Чехлы,Чехол для смартфона,1624.0,1.0,Z,CZ
EEE_White_1885,1580,3610.6,4,1,11681663,0.9975185135879313,0.00013491908228040233,C,REMAX,Защитные пленки и стекла,Защитное стекло,1580.0,1.0,Z,CZ
EEE_Green_9886,1560,2439.6,3,1,11683223,0.9976517248337272,0.00013321124579584027,C,Robiton,Батарейки и аккумуляторы,Батарейка,1560.0,1.0,Z,CZ
AAA_Blue_2952,1550,1163.0,2,1,11684773,0.9977840821612808,0.00013235732755355925,C,KZDOO,Чехлы,Чехол для смартфона,1550.0,1.0,Z,CZ
DDD_Green_4790,1540,1338.6,2,1,11686313,0.997915585570592,0.00013150340931127822,C,Varta,Батарейки и аккумуляторы,Батарейка,1540.0,1.0,Z,CZ
FFF_Green_7357,1490,750.8,2,1,11687803,0.9980428193886919,0.0001272338180998731,C,KZDOO,Чехлы,Чехол для смартфона,1490.0,1.0,Z,CZ
DDD_Blue_4543,1470,854.2,7,3,11689273,0.9981683453703072,0.00012552598161531104,C,Robiton,Батарейки и аккумуляторы,Батарейка,490.0,1.7928429140015907,Z,CZ
CCC_Red_1845,1460,3524.6000000000004,4,1,11690733,0.9982930174336803,0.00012467206337303,C,REMAX,Защитные пленки и стекла,Защитное стекло,1460.0,1.0,Z,CZ
DDD_Red_2803,1460,-176.0,1,1,11692193,0.9984176894970532,0.00012467206337303,C,Robiton,Батарейки и аккумуляторы,Батарейка,1460.0,1.0,Z,CZ
DDD_Clear_5853,1390,163.4000000000001,1,1,11693583,0.9985363841327303,0.00011869463567706281,C,KZDOO,Чехлы,Чехол для смартфона,1390.0,1.0,Z,CZ
BBB_Titanium_7452,1360,3172.6000000000004,4,1,11694943,0.9986525170136805,0.00011613288095021972,C,Varta,Батарейки и аккумуляторы,Батарейка,1360.0,1.0,Z,CZ
BBB_Clear_1809,1320,1250.6,2,1,11696263,0.9987652342216616,0.00011271720798109561,C,REMAX,Защитные пленки и стекла,Защитное стекло,1320.0,1.0,Z,CZ
AAA_Purple_7596,1290,3274.9,4,1,11697553,0.9988753896749158,0.00011015545325425254,C,KZDOO,Чехлы,Чехол для смартфона,1290.0,1.0,Z,CZ
BBB_Pink_3586,1280,1231.2,6,2,11698833,0.9989846912099278,0.00010930153501197151,C,Varta,Батарейки и аккумуляторы,Батарейка,640.0,1.0,Z,CZ
GGG_Green_4909,1180,2427.4,4,1,11700013,0.999085453562517,0.00010076235258916123,C,REMAX,Защитные пленки и стекла,Защитное стекло,1180.0,1.0,Z,CZ
EEE_Blue_2822,1160,32.39999999999998,1,1,11701173,0.9991845080786216,9.905451610459918e-05,C,Robiton,Батарейки и аккумуляторы,Батарейка,1160.0,1.0,Z,CZ
AAA_Titanium_7555,1040,1054.8,6,2,11702213,0.9992733155758189,8.880749719722685e-05,C,Robiton,Батарейки и аккумуляторы,Батарейка,520.0,1.0,Z,CZ
FFF_Green_4430,1040,634.0,2,1,11703253,0.9993621230730161,8.880749719722685e-05,C,REMAX,Защитные пленки и стекла,Защитное стекло,1040.0,1.0,Z,CZ
HHH_White_3457,1000,-160.0,1,1,11704253,0.9994475148972441,8.539182422810274e-05,C,Нет бренда,Чехлы,Чехол для смартфона,1000.0,1.0,Z,CZ
HHH_Clear_3600,1000,1525.0,3,1,11705253,0.9995329067214723,8.539182422810274e-05,C,Renata,Батарейки и аккумуляторы,Батарейка,1000.0,1.0,Z,CZ
GGG_Clear_9364,980,2029.4,4,1,11706233,0.9996165907092158,8.368398774354069e-05,C,Robiton,Батарейки и аккумуляторы,Батарейка,980.0,1.0,Z,CZ
GGG_Clear_4848,720,257.0,2,1,11706953,0.9996780728226601,6.148211344423398e-05,C,Robiton,Батарейки и аккумуляторы,Батарейка,720.0,1.0,Z,CZ
HHH_White_1327,700,1364.0,4,1,11707653,0.9997378470996198,5.977427695967192e-05,C,Varta,Батарейки и аккумуляторы,Батарейка,700.0,1.0,Z,CZ
AAA_Black_9762,690,819.7,3,1,11708343,0.9997967674583371,5.892035871739089e-05,C,Robiton,Батарейки и аккумуляторы,Батарейка,690.0,1.0,Z,CZ
AAA_Blue_9288,600,631.0,3,1,11708943,0.999848002552874,5.123509453686164e-05,C,Robiton,Батарейки и аккумуляторы,Батарейка,600.0,1.0,Z,CZ
HHH_Pink_8731,560,-394.4,1,1,11709503,0.9998958219744417,4.781942156773754e-05,C,Robiton,Батарейки и аккумуляторы,Батарейка,560.0,1.0,Z,CZ
GGG_Blue_2602,500,-499.5,3,2,11710003,0.9999385178865557,4.269591211405137e-05,C,Panasonic,Батарейки и аккумуляторы,Батарейка,250.0,1.0,Z,CZ
AAA_Pink_2206,420,-161.8,1,1,11710423,0.9999743824527315,3.586456617580315e-05,C,Panasonic,Батарейки и аккумуляторы,Батарейка,420.0,1.0,Z,CZ
EEE_Black_2674,300,-213.0,7,2,11710723,1.0,2.561754726843082e-05,C,Panasonic,Батарейки и аккумуляторы,Батарейка,150.0,1.0,Z,CZ
