Артикул;Ozon Product ID;SKU;Barcode;Название товара;Контент-рейтинг;Бренд;Статус товара;Метки;Отзывы;Рейтинг;Видимость на Ozon;Причины скрытия;Дата создания;Категория;Тип;Объем товара, л;Объемный вес, кг;Доступно к продаже по схеме FBO, шт.;Зарезервировано, шт;Доступно к продаже по схеме FBS, шт.;Доступно к продаже по схеме realFBS, шт.;Зарезервировано на моих складах, шт;Текущая цена с учетом скидки, ₽;Цена до скидки (перечеркнутая цена), ₽;Цена Premium, ₽;Размер НДС, %
'Air Carbon 12 Pro Black;56559210;233207258;687651986;Ультратонкий чехол K-Doo Air Carbon для iPhone 12 Pro (Айфон 12 Про) черный;'52.5;K-DOO;Продается;;151;'4.70;Показывается;;24.02.2021 16:01;Чехлы;Чехол для смартфона;'0.40;'0.1;11;0;0;0;0;1800.00;11990.00;;0%
'2507MDHD;100787711;294674651;OZN294674651;Переходник с mini-Display Port/Thunderbolt на HDMI (25см);'45;Нет бренда;Продается;;653;'4.60;Показывается;;25.07.2021 12:04;Кабели и переходники;Кабель-переходник;'0.45;'0.1;262;1;18;0;0;1400.00;7900.00;;0%
'USB-SATA 3.0;105730910;298273459;OZN298273450;Кабель переходник Sata - USB 3.0 HDD / SSD;'25;Нет бренда;Готов к продаже;;0;'0.00;Показывается;;03.08.2021 13:50;Кабели и переходники;Кабель-переходник;'0.32;'0.1;0;0;0;0;0;690.00;0.00;;0%
'CR2032 Pan;109029812;301315857;OZN301315857;Элемент питания (батарейка) Panasonic CR2032;'60;Panasonic;Не продается;;441;'0.00;Скрыт;Отсутствуют документы на бренд;10.08.2021 16:27;Батарейки и аккумуляторы;Батарейка;'0.22;'0.1;0;0;0;0;0;150.00;500.00;;0%
'CR2016 Pan;110156456;302538378;OZN302538378;Батарейка Panasonic CR2016;'60;Panasonic;Готов к продаже;;229;'4.80;Показывается;;12.08.2021 14:08;Батарейки и аккумуляторы;Батарейка;'0.22;'0.1;0;0;0;0;0;1800.00;4900.00;;0%
'Robiton 16340 3,7 В (2 шт);119504572;314825813;OZN314825813;Аккумуляторы 16340 (Li-Ion) 550 мАч Robiton RCR123A защищенный 3,7 В (2 шт);'70;Robiton;Продается;;47;'4.80;Показывается;;05.09.2021 14:00;Батарейки и аккумуляторы;Аккумуляторная батарейка;'0.10;'0.1;38;0;105;0;0;5800.00;11990.00;;0%
'Air Carbon 13 Pro Black;144122576;356780396;OZN356780396;Чехол на Айфон 13 Про K-DOO Air Carbon с защитой камер;'100;K-DOO;Продается;;285;'4.90;Показывается;;19.10.2021 16:40;Чехлы;Чехол для смартфона;'0.40;'0.1;1;0;8;0;2;1600.00;7900.00;;0%
'Air Carbon 13 Pro Max Black;144123591;356783007;OZN356783007;Чехол на Айфон 13 Про Макс K-DOO Air Carbon с защитой камер;'100;K-DOO;Продается;;285;'4.80;Показывается;;19.10.2021 16:46;Чехлы;Чехол для смартфона;'0.36;'0.1;1;0;5;0;0;1600.00;11990.00;;0%
'Air Carbon 13 Pro Blue;177391824;413015353;OZN413015353;Ультратонкий чехол для iPhone 13 Pro K-DOO Air Carbon с защитой камер, синий супертонкий чехол для Айфон 13 Про;'100;K-DOO;Продается;;92;'4.90;Показывается;;04.12.2021 11:43;Чехлы;Чехол для смартфона;'0.36;'0.1;2;0;8;0;0;1600.00;7900.00;;0%
'Air Carbon 13 Pro Max Blue;202360956;454580334;OZN454580334;Ультратонкий чехол для iPhone 13 Pro Max K-DOO Air Carbon с защитой камер, синий супертонкий чехол для Айфон 13 Про Макc;'100;K-DOO;Продается;;80;'4.80;Показывается;;03.01.2022 10:19;Чехлы;Чехол для смартфона;'0.36;'0.1;1;0;10;0;0;5200.00;7900.00;;0%
'Air Carbon 13 Black;216051541;475905911;OZN475905911;Чехол на Айфон 13 K-DOO Air Carbon с защитой камер;'92.5;K-DOO;Продается;;241;'4.70;Показывается;;24.01.2022 15:18;Чехлы;Чехол для смартфона;'0.36;'0.1;1;0;10;0;0;1600.00;11990.00;;0%
'Air Carbon 13 Blue;216073442;475933040;OZN475933040;Ультратонкий чехол для iPhone 13 K-DOO Air Carbon с защитой камер, синий супертонкий чехол для Айфон 13;'82.5;K-DOO;Продается;;102;'4.70;Показывается;;24.01.2022 16:20;Чехлы;Чехол для смартфона;'0.36;'0.1;5;0;0;0;0;1800.00;11990.00;;0%
'Air Skin 13 Pro Max Black;220606209;482982365;OZN482982365;Ультратонкий чехол для iPhone 13 Pro Max K-DOO Air Skin, чёрный супертонкий чехол для Айфон 13 Про Макс;'100;K-DOO;Продается;;233;'4.80;Показывается;;29.01.2022 15:28;Чехлы;Чехол для смартфона;'1.22;'0.2;16;0;10;0;0;1800.00;11990.00;;0%
'Air Skin 13 Pro Max Clear;220608971;482984731;OZN482984731;Ультратонкий чехол для iPhone 13 Pro Max K-DOO Air Skin, белый супертонкий чехол Айфон 13 Про Макс;'100;K-DOO;Продается;;207;'4.80;Показывается;;29.01.2022 15:38;Чехлы;Чехол для смартфона;'0.36;'0.1;41;0;10;0;0;1800.00;11990.00;;0%
'Air Skin 13 Pro Black;220617831;483011401;OZN483011401;Ультратонкий чехол для iPhone 13 Pro K-DOO Air Skin, чёрный супертонкий чехол для Айфон 13 Про;'75;K-DOO;Продается;;194;'4.70;Показывается;;29.01.2022 16:15;Чехлы;Чехол для смартфона;'0.36;'0.1;6;0;8;0;0;1800.00;11990.00;;0%
'Air Skin 13 Pro Clear;220619406;483156858;OZN483156858;Ультратонкий чехол для iPhone 13 Pro K-DOO Air Skin, белый супертонкий чехол для Айфон 13 Про;'100;K-DOO;Готов к продаже;;242;'4.70;Показывается;;29.01.2022 16:22;Чехлы;Чехол для смартфона;'0.36;'0.1;0;0;0;0;0;1800.00;11990.00;;0%
'Noble 13 Pro Max Black;221001318;483486909;OZN483486909;Кожаный чехол-накладка K-Doo Noble Collection для iPhone 13 Pro Max (Айфон 13 Про Макс), чёрный;'77.5;K-DOO;Продается;;40;'4.80;Показывается;;30.01.2022 13:23;Чехлы;Чехол для смартфона;'0.36;'0.1;1;0;6;0;0;4200.00;11990.00;;0%
'Noble 13 Pro Black;221001949;483474510;OZN483474510;Кожаный чехол-накладка K-Doo Noble Collection для iPhone 13 Pro (Айфон 13 Про), чёрный;'77.5;K-DOO;Продается;;41;'4.90;Показывается;;30.01.2022 13:30;Чехлы;Чехол для смартфона;'0.27;'0.1;5;0;0;0;0;6200.00;11990.00;;0%
'CR2032 Pan 2шт;221320523;483959413;OZN483959413;Элемент питания (батарейка) Panasonic CR2032 (2шт);'72.5;Panasonic;Не продается;;1149;'0.00;Скрыт;Отсутствуют документы на бренд;31.01.2022 13:03;Батарейки и аккумуляторы;Батарейка;'0.03;'0.1;0;0;0;0;0;250.00;900.00;;0%
'Air Skin 13 Pro Max Blue;225131233;490239853;OZN490239853;Ультратонкий чехол для iPhone 13 Pro Max K-DOO Air Skin, синий супертонкий чехол для Айфон 13 Про Макс;'77.5;K-DOO;Продается;;55;'4.80;Показывается;;08.02.2022 11:07;Чехлы;Чехол для смартфона;'0.36;'0.1;5;0;8;0;0;1800.00;11990.00;;0%
'Remax 13 Pro Max;255606531;536635561;OZN536635561;Защитное стекло на iPhone 13 Pro Max Medicine с олеофобным покрытием, защитное стекло для Айфон 13 Про Макс / 14 Плюс;'82.5;REMAX;Продается;;177;'4.70;Показывается;;28.03.2022 10:33;Защитные пленки и стекла;Защитное стекло;'0.17;'0.1;0;0;96;0;0;1000.00;4900.00;;0%
'Remax 13 Pro;255648919;536709329;OZN536709329;Защитное стекло на iPhone 13 / 13 Pro / 14 REMAX Medicine с олеофобным покрытием, защитное стекло для Айфон 13, 13 Про, 14;'82.5;REMAX;Продается;;254;'0.00;Показывается;;28.03.2022 11:18;Защитные пленки и стекла;Защитное стекло;'0.17;'0.1;6;0;12;0;0;2000.00;4900.00;;0%
'Remax 12 Pro Max;255698815;536786361;OZN536786361;Защитное стекло на iPhone 12 Pro Max Remax Medicine с олеофобным покрытием / защита экрана Айфон 12 Про Макс;'82.5;REMAX;Продается;;79;'4.80;Показывается;;28.03.2022 12:19;Защитные пленки и стекла;Защитное стекло;'0.17;'0.1;0;0;8;0;0;2000.00;4900.00;;0%
'Remax 12 Pro;255728323;536875397;OZN536875397;Защитное стекло на iPhone 12 / 12 Pro Remax Medicine с олеофобным покрытием, защита экрана Айфон 12, 12 Про;'82.5;REMAX;Продается;;213;'5.00;Показывается;;28.03.2022 12:58;Защитные пленки и стекла;Защитное стекло;'0.32;'0.1;3;0;10;0;0;2000.00;4900.00;;0%
'Remax 11 Pro Max;255754937;536924624;OZN536924624;Стекло на iPhone 11 Pro Max / Xs Max Remax Medicine с олеофобным покрытием , защита экрана Айфон 11 Про Макс;'75;REMAX;Продается;;103;'5.00;Показывается;;28.03.2022 13:42;Защитные пленки и стекла;Защитное стекло;'0.17;'0.1;0;0;9;0;0;2000.00;4900.00;;0%
'Remax 11;255766331;536945680;OZN536945680;Защитное стекло для iPhone 11 / Xr Remax Medicine с олеофобным покрытием, защита экрана Айфон 11 / Xr;'75;REMAX;Продается;;410;'5.00;Показывается;;28.03.2022 14:00;Защитные пленки и стекла;Защитное стекло;'0.17;'0.1;0;0;8;0;0;1000.00;4900.00;;0%
'Remax 11 Pro;255788165;536985936;OZN536985936;Защитное стекло на iPhone 11 Pro / Xs / X Remax Medicine с олеофобным покрытием, защита экрана Айфон 11 Про, Xs, 10;'75;REMAX;Продается;;200;'0.00;Показывается;;28.03.2022 14:36;Защитные пленки и стекла;Защитное стекло;'0.17;'0.1;2;0;0;0;0;1000.00;4900.00;;0%
'Air Skin 13 Pro Blue;286728016;583954045;OZN583954045;Ультратонкий чехол для iPhone 13 Pro K-DOO Air Skin, синий супертонкий чехол для Айфон 13 Про;'77.5;K-DOO;Продается;;75;'4.70;Показывается;;11.05.2022 12:29;Чехлы;Чехол для смартфона;'0.36;'0.1;13;0;5;0;0;2700.00;11990.00;;0%
'Remax SE2020;296439853;599045557;OZN599045557;Cтекло на iPhone SE (2022 / 2020), 8, 7 Remax Medicine с олеофобным покрытием черное, защитное стекло для Айфон;'82.5;REMAX;Готов к продаже;;309;'5.00;Показывается;;27.05.2022 10:46;Защитные пленки и стекла;Защитное стекло;'0.17;'0.1;0;0;0;0;0;490.00;1490.00;;0%
'Air Skin 13 Pro Sky;304053411;611025498;OZN611025498;Чехол для iPhone 13 Pro ультратонкий K-DOO Air Skin, голубой супертонкий чехол для Айфон 13 Про;'77.5;K-DOO;Продается;;105;'4.70;Показывается;;08.06.2022 11:49;Чехлы;Чехол для смартфона;'0.36;'0.1;6;0;8;0;0;2700.00;11990.00;;0%
'Air Skin 13 Pro Max Sky;304077309;611058779;OZN611058779;Чехол для iPhone 13 Pro Max ультратонкий K-DOO Air Skin, голубой супертонкий чехол для Айфон 13 Про Макс;'77.5;K-DOO;Готов к продаже;;99;'4.80;Показывается;;08.06.2022 12:30;Чехлы;Чехол для смартфона;'0.36;'0.1;0;0;0;0;0;2700.00;11990.00;;0%
'Keephone Magnet Pro 13 Pro Max;304978656;612612615;OZN612612615;Чехол для iPhone 13 Pro Max с Mag Safe Keephone Magnet Pro, прозрачный противоударный чехол для Айфон 13 Про Макс;'77.5;KEEPHONE;Готов к продаже;;82;'4.90;Показывается;;09.06.2022 16:43;Чехлы;Чехол для смартфона;'0.36;'0.1;0;0;0;0;0;1950.00;2990.00;;0%
'Keephone Magnet Pro 13 Pro;305978976;614281070;OZN614281070;Чехол для iPhone 13 Pro с Mag Safe Keephone Magnet Pro, прозрачный противоударный чехол для Айфон 13 Про;'77.5;KEEPHONE;Готов к продаже;;21;'5.00;Показывается;;11.06.2022 11:47;Чехлы;Чехол для смартфона;'0.36;'0.1;0;0;0;0;0;1890.00;2990.00;;0%
'Keephone Heldro Sky 13 Pro Max мат;306387548;614718632;OZN614718632;Чехол для iPhone 13 Pro Max с держателем Keephone Heldro Sky, хамелеон для Айфон 13 Про Макс);'70;KEEPHONE;Готов к продаже;;52;'0.00;Показывается;;12.06.2022 13:46;Чехлы;Чехол для смартфона;'0.27;'0.1;0;0;0;0;0;2490.00;2990.00;;0%
'Noble 13 Pro Sky;334116349;660348239;OZN660348239;Кожаный чехол для iPhone 13 Pro K-Doo Noble Collection, голубой чехол для Айфон 13 Про;'77.5;K-DOO;Продается;;26;'4.90;Показывается;;03.08.2022 15:04;Чехлы;Чехол для смартфона;'0.36;'0.1;6;0;10;0;0;5500.00;11990.00;;0%
'Noble 13 Pro Green;334122219;660363573;OZN660363573;Кожаный чехол для iPhone 13 Pro K-Doo Noble Collection, зеленый чехол для Айфон 13 Про;'52.5;K-DOO;Продается;;26;'4.90;Показывается;;03.08.2022 15:21;Чехлы;Чехол для смартфона;'0.36;'0.1;3;0;5;0;0;5500.00;11990.00;;0%
'Noble 13 Pro Blue;334139759;660395864;OZN660395864;Кожаный чехол для iPhone 13 Pro K-Doo Noble Collection, темно-синий чехол для Айфон 13 Про;'52.5;K-DOO;Продается;;41;'4.90;Показывается;;03.08.2022 16:18;Чехлы;Чехол для смартфона;'0.36;'0.1;12;0;4;0;0;5500.00;11990.00;;0%
'Remax 7/8 White;345467003;680065650;OZN680065650;Защитное стекло для iPhone 8 / 7 белое Remax Medicine с олеофобным покрытием, защитное стекло Айфон 8 / 7;'57.5;REMAX;Готов к продаже;;32;'5.00;Показывается;;19.08.2022 16:15;Защитные пленки и стекла;Защитное стекло;'0.34;'0.1;0;0;0;0;0;660.00;1490.00;;0%
'Remax 14 Pro Max;361403685;706579372;OZN706579372;ЗАЩИТНОЕ СТЕКЛО для iPhone 14 Pro Max REMAX Medicine с олеофобным покрытием / защита экрана Айфон 14 Про Макс;'82.5;REMAX;Продается;;43;'5.00;Показывается;;09.09.2022 11:16;Защитные пленки и стекла;Защитное стекло;'0.17;'0.1;6;0;10;0;0;1240.00;4900.00;;0%
'Remax 14 Pro;361548668;706912468;OZN706912468;Защитное стекло на iPhone 14 Pro REMAX Medicine с олеофобным покрытием, защита экрана Айфон 14 Про;'82.5;REMAX;Продается;;46;'5.00;Показывается;;09.09.2022 12:48;Защитные пленки и стекла;Защитное стекло;'0.17;'0.1;0;0;97;0;0;1260.00;4900.00;;0%
'Remax 14;362148547;707868340;OZN707868340;Защитное стекло на iPhone 14 / 13 Pro / 13 REMAX Medicine с олеофобным покрытием, защитное стекло для Айфон 14, 13 Про,13;'82.5;REMAX;Продается;;22;'5.00;Показывается;;10.09.2022 14:46;Защитные пленки и стекла;Защитное стекло;'0.17;'0.1;0;0;105;0;0;1340.00;4900.00;;0%
'Air Carbon 14 Pro Max Black;362184699;707934596;OZN707934596;Чехол для iPhone 14 Pro Max ультратонкий KZDOO Air Carbon с защитой камер, чёрный супертонкий чехол для Айфон 14 Про Макс;'100;KZDOO;Продается;;138;'4.60;Показывается;;10.09.2022 16:24;Чехлы;Чехол для смартфона;'0.36;'0.1;7;0;5;0;0;2700.00;11990.00;;0%
'Air Carbon 14 Pro Max Blue;362191317;707964132;OZN707964132;Чехол для iPhone 14 Pro Max ультратонкий KZDOO Air Carbon с защитой камер, синий супертонкий чехол для Айфон 14 Про Макс;'77.5;KZDOO;Продается;;27;'4.60;Показывается;;10.09.2022 16:45;Чехлы;Чехол для смартфона;'0.36;'0.1;4;0;0;0;0;2700.00;11990.00;;0%
'Remax 14 Plus;362544612;708527772;OZN708527772;Защитное стекло для iPhone 14 Plus / 13 Pro Max REMAX Medicine с олеофобным покрытием, защитное стекло для Айфон 14 Плюс / 13 Про Макс;'75;REMAX;Продается;;10;'0.00;Показывается;;11.09.2022 9:21;Защитные пленки и стекла;Защитное стекло;'0.23;'0.2;0;0;98;0;0;1040.00;4900.00;;0%
'Air Carbon 14 Pro Black;362622546;708666997;OZN708666997;Чехол для iPhone 14 Pro ультратонкий KZDOO Air Carbon с защитой камер, чёрный супертонкий чехол для Айфон 14 Про;'75;KZDOO;Продается;;126;'4.90;Показывается;;11.09.2022 14:29;Чехлы;Чехол для смартфона;'0.41;'0.1;8;0;10;0;0;2580.00;11990.00;;0%
'Air Carbon 14 Pro Blue;362628498;708682346;OZN708682346;Чехол для iPhone 14 Pro ультратонкий KZDOO Air Carbon с защитой камер, синий супертонкий чехол для Айфон 14 Про;'77.5;KZDOO;Продается;;25;'4.90;Показывается;;11.09.2022 14:59;Чехлы;Чехол для смартфона;'0.36;'0.1;23;0;0;0;0;2780.00;11990.00;;0%
'Remax 13 Pro Max Privacy;368180965;717483807;OZN717483807;СТЕКЛО АНТИШПИОН для iPhone 13 Pro Max / 14 Plus REMAX Privacy (приватное) с олеофобным покрытием, защитное стекло для Айфон 13 Про Макс / 14 Плюс;'70;REMAX;Продается;;90;'4.90;Показывается;;17.09.2022 16:32;Защитные пленки и стекла;Защитное стекло;'0.17;'0.1;0;0;52;0;0;1460.00;4900.00;;0%
'Remax 13 Pro Privacy;368183770;717492690;OZN717492690;ПРИВАТНОЕ СТЕКЛО для iPhone 13 / 13 Pro / 14 REMAX Privacy с олеофобным покрытием, защитное стекло антишпион для Айфон 13,13 Про, 14;'70;REMAX;Продается;;234;'4.90;Показывается;;17.09.2022 16:49;Защитные пленки и стекла;Защитное стекло;'0.17;'0.1;0;0;44;0;1;1420.00;4900.00;;0%
'Noble 13 Pro Max Blue;369457502;719446271;OZN719446271;Чехол для iPhone 13 Pro Max K-Doo Noble Collection, синий чехол для Айфон 13 Про Макс;'77.5;K-DOO;Продается;;30;'4.80;Показывается;;19.09.2022 15:49;Чехлы;Чехол для смартфона;'0.36;'0.1;6;0;5;0;0;5500.00;11990.00;;0%
'Noble 13 Pro Max Green;369461693;719467810;OZN719467810;Чехол для iPhone 13 Pro Max K-Doo Noble Collection, зеленый для Айфон 13 Про Макс;'77.5;K-DOO;Продается;;28;'4.80;Показывается;;19.09.2022 16:08;Чехлы;Чехол для смартфона;'0.36;'0.1;2;0;4;0;0;5500.00;11990.00;;0%
'Noble 13 Pro Max Sky;376599565;731689319;OZN731689319;Кожаный чехол для iPhone 13 Pro Max K-Doo Noble Collection, голубой чехол Айфон 13 Про Макс;'77.5;K-DOO;Продается;;26;'4.80;Показывается;;02.10.2022 16:13;Чехлы;Чехол для смартфона;'0.36;'0.1;8;0;0;0;0;5500.00;11990.00;;0%
'Guardian 14 Pro Clear;380281663;738107007;OZN738107007;Чехол для iPhone 14 Pro KZDOO (K-DOO) Guardian, прозрачный противоударный чехол для Айфон 14 Про;'52.5;KZDOO;Продается;;21;'5.00;Показывается;;07.10.2022 11:13;Чехлы;Чехол для смартфона;'0.36;'0.1;1;0;10;0;0;4300.00;11990.00;;0%
'Guardian 14 Pro Max Clear;380297640;738384463;OZN738384463;Чехол для iPhone 14 Pro Max KZDOO (K-DOO) Guardian, прозрачный противоударный чехол для Айфон 14 Про Макс;'77.5;KZDOO;Продается;;32;'4.90;Показывается;;07.10.2022 11:42;Чехлы;Чехол для смартфона;'0.36;'0.1;6;0;10;0;0;4380.00;11990.00;;0%
'Guardian 14 Pro Black;386041205;747609722;OZN747609722;Чехол для iPhone 14 Pro KZDOO Guardian, черный противоударный чехол для Айфон 14 Про;'52.5;KZDOO;Продается;;43;'5.00;Показывается;;15.10.2022 10:18;Чехлы;Чехол для смартфона;'1.40;'0.3;4;0;10;0;0;4300.00;11990.00;;0%
'Guardian 14 Pro Max Black;386045142;747614121;OZN747614121;Чехол для iPhone 14 Pro Max KZDOO Guardian, черный противоударный чехол для Айфон 14 Про Макс;'77.5;KZDOO;Продается;;51;'4.90;Показывается;;15.10.2022 10:28;Чехлы;Чехол для смартфона;'0.36;'0.1;6;0;4;0;0;4180.00;11990.00;;0%
'Noble 14 Pro Black;394580303;762640266;OZN762640266;Кожаный чехол для iPhone 14 Pro KZDOO Noble Collection, чёрный чехол для Айфон 14 Про;'45;KZDOO;Продается;;67;'4.90;Показывается;;26.10.2022 11:43;Чехлы;Чехол для смартфона;'0.36;'0.1;23;0;0;0;0;5866.00;11990.00;;0%
'Noble 14 Pro Max Black;394640038;762617608;OZN762617608;Кожаный чехол для iPhone 14 Pro Max KZDOO Noble Collection, чёрный для Айфон 14 Про Макс;'77.5;KZDOO;Готов к продаже;;39;'4.80;Показывается;;26.10.2022 12:11;Чехлы;Чехол для смартфона;'0.36;'0.1;0;0;0;0;0;5580.00;11990.00;;0%
'Noble 14 Pro Max Green;395498252;763971970;OZN763971970;Кожаный чехол для iPhone 14 Pro Max KZDOO Noble Collection, зеленый чехол для Айфон 14 Про Макс;'77.5;KZDOO;Продается;;15;'4.80;Показывается;;27.10.2022 10:21;Чехлы;Чехол для смартфона;'0.36;'0.1;6;0;10;0;0;5580.00;11990.00;;0%
'Noble 14 Pro Green;395574689;764886408;OZN764886408;Кожаный чехол для iPhone 14 Pro KZDOO Noble Collection, зеленый чехол для Айфон 14 Про;'52.5;KZDOO;Продается;;11;'4.90;Показывается;;27.10.2022 11:48;Чехлы;Чехол для смартфона;'0.36;'0.1;11;0;10;0;0;5380.00;11990.00;;0%
'Remax 14 Pro Privacy;400622134;775030384;OZN775030384;ПРИВАТНОЕ СТЕКЛО для iPhone 14 Pro REMAX Privacy с олеофобным покрытием, защитное стекло для Айфон 14 Про;'70;REMAX;Продается;;146;'5.00;Показывается;;02.11.2022 14:31;Защитные пленки и стекла;Защитное стекло;'0.17;'0.1;0;0;60;0;0;1460.00;4900.00;;0%
'Remax 14 Pro Max Privacy;400684825;774359050;OZN774359050;ПРИВАТНОЕ СТЕКЛО на iPhone 14 Pro Max REMAX Privacy с олеофобным покрытием, защитное стекло антишпион для Айфон 14 Про Макс;'70;REMAX;Продается;;206;'4.90;Показывается;;02.11.2022 15:00;Защитные пленки и стекла;Защитное стекло;'0.17;'0.1;0;0;26;0;0;1380.00;4900.00;;0%
'Air Skin 14 Pro Max Clear;422006956;810014293;OZN810014293;Чехол для iPhone 14 Pro Max ультратонкий KZDOO Air Skin с защитой камер, белый супертонкий чехол для Айфон 14 Про Макс;'77.5;KZDOO;Продается;;65;'4.90;Показывается;;03.12.2022 13:07;Чехлы;Чехол для смартфона;'1.57;'0.3;27;0;1;0;0;2700.00;11990.00;;0%
'Air Skin 14 Pro Max Blue;422018611;809970784;OZN809970784;Чехол для iPhone 14 Pro Max ультратонкий KZDOO Air Skin с защитой камер, синий супертонкий чехол для Айфон 14 Про Макс;'77.5;KZDOO;Продается;;11;'4.90;Показывается;;03.12.2022 13:58;Чехлы;Чехол для смартфона;'0.36;'0.1;3;0;5;0;0;2700.00;11990.00;;0%
'Air Skin 14 Pro Max Black;422020271;809988873;OZN809988873;Чехол для iPhone 14 Pro Max ультратонкий KZDOO Air Skin с защитой камер, черный супертонкий чехол для Айфон 14 Про Макс;'77.5;KZDOO;Продается;;61;'4.90;Показывается;;03.12.2022 14:05;Чехлы;Чехол для смартфона;'0.36;'0.1;13;0;9;0;0;2700.00;11990.00;;0%
'Air Skin 14 Pro Black;422348554;810455786;OZN810455786;Чехол для iPhone 14 Pro ультратонкий KZDOO Air Skin с защитой камер, черный супертонкий чехол для Айфон 14 Про;'77.5;KZDOO;Продается;;93;'4.90;Показывается;;04.12.2022 16:04;Чехлы;Чехол для смартфона;'0.36;'0.1;14;0;8;0;0;2700.00;11990.00;;0%
'Air Skin 14 Pro Clear;430260978;825080672;OZN825080672;Чехол для iPhone 14 Pro ультратонкий KZDOO Air Skin с защитой камер, белый супертонкий чехол для Айфон 14 Про;'90;KZDOO;Продается;;90;'4.90;Показывается;;22.12.2022 12:41;Чехлы;Чехол для смартфона;'0.36;'0.1;6;0;7;0;0;2780.00;11990.00;;0%
'Air Skin 14 Pro Blue;430273760;824935200;OZN824935200;Чехол для iPhone 14 Pro ультратонкий KZDOO Air Skin с защитой камер, синий супертонкий чехол для Айфон 14 Про;'77.5;KZDOO;Продается;;19;'4.90;Показывается;;22.12.2022 13:08;Чехлы;Чехол для смартфона;'0.36;'0.1;1;0;10;0;0;2700.00;11990.00;;0%
'Кармашек 14 Pro Max;430309661;826456245;OZN826456245;Чехол для iPhone 14 Pro Max с кармашком для карты, прозрачный силиконовый чехол для Айфон 14 Про Макс;'70;Нет бренда;Продается;;30;'4.70;Показывается;;22.12.2022 14:44;Чехлы;Чехол для смартфона;'0.30;'0.1;10;0;0;0;0;652.00;2900.00;;0%
'Кармашек 14 Pro;430324773;826730615;OZN826730615;Чехол для iPhone 14 Pro с кармашком для карты, силиконовый прозрачный чехол для Айфон 14 Про;'80;Нет бренда;Готов к продаже;;12;'5.00;Показывается;;22.12.2022 15:41;Чехлы;Чехол для смартфона;'0.30;'0.1;0;0;0;0;0;380.00;1690.00;;0%
'Air Skin 12 Pro Max Black;440700122;843411760;OZN843411760;Ультратонкий чехол для iPhone 12 Pro Max K-DOO Air Skin, чёрный супертонкий чехол для Айфон 12 Про Макс;'77.5;K-DOO;Продается;;109;'4.80;Показывается;;23.01.2023 10:39;Чехлы;Чехол для смартфона;'0.36;'0.1;18;0;10;0;0;2380.00;7900.00;;0%
'Air Carbon 12 Pro Max Black;440749063;843504830;OZN843504830;Ультратонкий чехол для iPhone 12 Pro Max K-DOO Air Carbon, чёрный супертонкий чехол для айфон 12 Про Макс;'82.5;K-DOO;Готов к продаже;;106;'4.40;Показывается;;23.01.2023 12:00;Чехлы;Чехол для смартфона;'0.36;'0.1;0;0;0;0;0;1290.00;2990.00;;0%
'Noble 14 Pro Brown;454366003;868099986;OZN868099986;Кожаный чехол для iPhone 14 Pro KZDOO Noble Collection, коричневый чехол для Айфон 14 Про;'77.5;KZDOO;Продается;;28;'4.90;Показывается;;18.02.2023 8:45;Чехлы;Чехол для смартфона;'0.36;'0.1;14;0;5;0;0;5580.00;11990.00;;0%
'Noble 14 Pro White;454370768;868100190;OZN868100190;Кожаный чехол для iPhone 14 Pro KZDOO Noble Collection, белый чехол для Айфон 14 Про;'52.5;KZDOO;Продается;;30;'4.90;Показывается;;18.02.2023 8:51;Чехлы;Чехол для смартфона;'0.36;'0.1;11;0;10;0;0;5580.00;11990.00;;0%
'Noble 14 Pro Red;454375148;868115858;OZN868115858;Кожаный чехол для iPhone 14 Pro KZDOO Noble Collection, красный чехол для Айфон 14 Про;'77.5;KZDOO;Продается;;5;'4.90;Показывается;;18.02.2023 8:56;Чехлы;Чехол для смартфона;'0.36;'0.1;1;0;0;0;0;5580.00;11990.00;;0%
'Noble 14 Pro Blue;454383545;868137377;OZN868137377;Кожаный чехол для iPhone 14 Pro KZDOO Noble Collection, темно-синий чехол для Айфон 14 Про;'52.5;KZDOO;Продается;;17;'4.90;Показывается;;18.02.2023 9:03;Чехлы;Чехол для смартфона;'0.36;'0.1;13;0;10;0;0;5580.00;11990.00;;0%
'Noble 14 Pro Purple;454389368;868139246;OZN868139246;Кожаный чехол для iPhone 14 Pro KZDOO Noble Collection, фиолетовый чехол для Айфон 14 Про;'77.5;KZDOO;Продается;;43;'4.90;Показывается;;18.02.2023 9:10;Чехлы;Чехол для смартфона;'0.36;'0.1;23;1;10;0;0;5580.00;11990.00;;0%
'Noble 14 Pro Orange;454398743;868152059;OZN868152059;Кожаный чехол для iPhone 14 Pro KZDOO Noble Collection, оранжевый чехол для Айфон 14 Про;'52.5;KZDOO;Продается;;18;'4.90;Показывается;;18.02.2023 9:19;Чехлы;Чехол для смартфона;'0.36;'0.1;11;0;10;0;0;5380.00;11990.00;;0%
'Noble 14 Pro Pink;454401765;868161544;OZN868161544;Кожаный чехол для iPhone 14 Pro KZDOO Noble Collection, розовый чехол для Айфон 14 Про;'77.5;KZDOO;Продается;;5;'4.90;Показывается;;18.02.2023 9:24;Чехлы;Чехол для смартфона;'0.36;'0.1;11;0;10;0;0;5580.00;11990.00;;0%
'Noble 14 Pro Yellow;454405029;868173760;OZN868173760;Кожаный чехол для iPhone 14 Pro KZDOO Noble Collection, желтый чехол для Айфон 14 Про;'52.5;KZDOO;Продается;;19;'4.90;Показывается;;18.02.2023 9:28;Чехлы;Чехол для смартфона;'0.36;'0.1;8;0;10;0;0;5580.00;11990.00;;0%
'Noble 14 Pro Max Brown;454505472;868344979;OZN868344979;Кожаный чехол для iPhone 14 Pro Max KZDOO Noble Collection, коричневый чехол для Айфон 14 Про Макс;'52.5;KZDOO;Продается;;29;'4.80;Показывается;;18.02.2023 11:30;Чехлы;Чехол для смартфона;'0.36;'0.1;15;0;9;0;0;5580.00;11990.00;;0%
'Noble 14 Pro Max White;454523533;868368626;OZN868368626;Кожаный чехол для iPhone 14 Pro Max KZDOO Noble Collection, белый чехол для Айфон 14 Про Макс;'77.5;KZDOO;Продается;;40;'4.80;Показывается;;18.02.2023 11:56;Чехлы;Чехол для смартфона;'0.36;'0.1;11;0;9;0;0;5580.00;11990.00;;0%
'Nooble 14 Pro Max Red;454525519;868370167;OZN868370167;Кожаный чехол для iPhone 14 Pro Max KZDOO Noble Collection, красный чехол для Айфон 14 Про Макс;'77.5;KZDOO;Продается;;8;'4.80;Показывается;;18.02.2023 11:59;Чехлы;Чехол для смартфона;'0.36;'0.1;6;0;0;0;0;5580.00;11990.00;;0%
'Noble 14 Pro Max Blue;454527142;868395058;OZN868395058;Кожаный чехол для iPhone 14 Pro Max KZDOO Noble Collection, темно-синий чехол для Айфон 14 Про Макс;'77.5;KZDOO;Продается;;16;'4.80;Показывается;;18.02.2023 12:06;Чехлы;Чехол для смартфона;'0.36;'0.1;5;0;10;0;0;5580.00;11990.00;;0%
'Noble 14 Pro Max Purple;454528751;868380087;OZN868380087;Кожаный чехол для iPhone 14 Pro Max KZDOO Noble Collection, фиотлетовый чехол для Айфон 14 Про Макс;'77.5;KZDOO;Продается;;66;'4.80;Показывается;;18.02.2023 12:10;Чехлы;Чехол для смартфона;'0.36;'0.1;9;0;10;0;0;5380.00;11990.00;;0%
'Noble 14 Pro Max Orange;454532007;868386475;OZN868386475;Кожаный чехол для iPhone 14 Pro Max KZDOO Noble Collection, оранжевый чехол для Айфон 14 Про Макс;'77.5;KZDOO;Продается;;22;'4.80;Показывается;;18.02.2023 12:15;Чехлы;Чехол для смартфона;'0.36;'0.1;7;0;10;0;0;5580.00;11990.00;;0%
'Noble 14 Pro Max Pink;454538401;868390531;OZN868390531;Кожаный чехол для iPhone 14 Pro Max KZDOO Noble Collection, розовый чехол для Айфон 14 Про Макс;'77.5;KZDOO;Продается;;10;'4.80;Показывается;;18.02.2023 12:23;Чехлы;Чехол для смартфона;'0.36;'0.1;5;1;0;0;0;5580.00;11990.00;;0%
'Noble 14 Pro Max Yellow;454543779;868452964;OZN868452964;Кожаный чехол для iPhone 14 Pro Max KZDOO Noble Collection, желтый чехол для Айфон 14 Про Макс;'52.5;KZDOO;Продается;;17;'4.80;Показывается;;18.02.2023 12:32;Чехлы;Чехол для смартфона;'0.36;'0.1;6;0;10;0;0;5580.00;11990.00;;0%
'Air Carbon 14 Pro Green;454617799;868586451;OZN868586451;Ультратонкий чехол для iPhone 14 Pro KZDOO Air Carbon с защитой камер, зеленый супертонкий чехол для Айфон 14 Про;'70;KZDOO;Продается;;9;'4.90;Показывается;;18.02.2023 14:13;Чехлы;Чехол для смартфона;'0.41;'0.1;1;0;0;0;0;2780.00;11990.00;;0%
'Air Carbon 14 Pro Purple;454633021;868605623;OZN868605623;Ультратонкий чехол для iPhone 14 Pro KZDOO Air Carbon с защитой камер, фиолетовый супертонкий чехол для Айфон 14 Про;'52.5;KZDOO;Продается;;39;'4.90;Показывается;;18.02.2023 14:36;Чехлы;Чехол для смартфона;'0.41;'0.1;18;0;7;0;0;2580.00;11990.00;;0%
'Air Carbon 14 Pro Max Green;454648537;868595872;OZN868595872;Ультратонкий чехол для iPhone 14 Pro Max KZDOO Air Carbon с защитой камер, зеленый супертонкий чехол для Айфон 14 Про Макс;'70;KZDOO;Продается;;10;'4.60;Показывается;;18.02.2023 15:28;Чехлы;Чехол для смартфона;'0.36;'0.1;9;0;0;0;0;3300.00;11990.00;;0%
'Air Carbon 14 Pro Max Purple;454650557;868597193;OZN868597193;Ультратонкий чехол для iPhone 14 Pro Max KZDOO Air Carbon с защитой камер, фиолетовый супертонкий чехол для Айфон 14 Про Макс;'77.5;KZDOO;Продается;;71;'4.60;Показывается;;18.02.2023 15:39;Чехлы;Чехол для смартфона;'0.36;'0.1;12;1;0;0;0;2580.00;11990.00;;0%
'Seashell 14 Pro Pink;454943625;869072743;OZN869072743;Чехол для iPhone 14 Pro KZDOO Seashell, розовый чехол Айфон 14 Про;'77.5;KZDOO;Продается;;2;'5.00;Показывается;;19.02.2023 12:12;Чехлы;Чехол для смартфона;'0.36;'0.1;24;0;0;0;0;5380.00;11990.00;;0%
'Seashell 14 Pro Purple;454970434;869113684;OZN869113684;Чехол для iPhone 14 Pro KZDOO Seashell, фиолетовый чехол для Айфон 14 Про;'77.5;KZDOO;Готов к продаже;;20;'5.00;Показывается;;19.02.2023 13:08;Чехлы;Чехол для смартфона;'0.36;'0.1;0;0;0;0;0;2650.00;3790.00;;0%
'Seashell 14 Pro White;454976344;869112557;OZN869112557;Чехол для iPhone 14 Pro KZDOO Seashell, жемчужно-белый чехол для Айфон 14 Про;'52.5;KZDOO;Готов к продаже;;15;'5.00;Показывается;;19.02.2023 13:18;Чехлы;Чехол для смартфона;'0.36;'0.1;0;0;0;0;0;2590.00;3790.00;;0%
'Seashell 14 Pro Blue;454978919;869116634;OZN869116634;Чехол для iPhone 14 Pro KZDOO Seashell, голубой чехол для Айфон 14 Про;'77.5;KZDOO;Готов к продаже;;7;'5.00;Показывается;;19.02.2023 13:22;Чехлы;Чехол для смартфона;'0.36;'0.1;0;0;0;0;0;2590.00;3790.00;;0%
'Seashell 14 Pro Max Pink;454985276;869136839;OZN869136839;Чехол для iPhone 14 Pro Max KZDOO Seashell, розовый чехол для Айфон 14 Про Макс;'77.5;KZDOO;Продается;;6;'4.90;Показывается;;19.02.2023 13:39;Чехлы;Чехол для смартфона;'0.36;'0.1;6;0;5;0;0;5380.00;11990.00;;0%
'Seashell 14 Pro Max Purple;455021335;869191805;OZN869191805;Чехол для iPhone 14 Pro Max KZDOO Seashell, фиолетовый чехол для Айфон 14 Про Макс;'77.5;KZDOO;Готов к продаже;;30;'4.90;Показывается;;19.02.2023 15:01;Чехлы;Чехол для смартфона;'0.36;'0.1;0;0;0;0;0;2650.00;3790.00;;0%
'Seashell 14 Pro Max White;455022186;869189466;OZN869189466;Чехол для iPhone 14 Pro Max KZDOO Seashell, жемчужно-белый чехол для Айфон 14 Про Макс;'77.5;KZDOO;Продается;;22;'4.90;Показывается;;19.02.2023 15:05;Чехлы;Чехол для смартфона;'2.10;'0.4;12;1;10;0;0;5300.00;11990.00;;0%
'Seashell 14 Pro Max Blue;455024600;869200292;OZN869200292;Чехол для iPhone 14 Pro Max KZDOO Seashell, голубой чехол для Айфон 14 Про Макс;'77.5;KZDOO;Продается;;9;'4.90;Показывается;;19.02.2023 15:12;Чехлы;Чехол для смартфона;'0.36;'0.1;1;0;5;0;0;5180.00;11990.00;;0%
'Kevlar MS 14 Pro Deep Purple;455559462;870175257;OZN870175257;Чехол для iPhone 14 Pro с MagSafe KZDOO KEVLAR, черно-фиолетовый кевларовый чехол для Айфон 14 Про;'52.5;KZDOO;Готов к продаже;;4;'5.00;Показывается;;20.02.2023 13:02;Чехлы;Чехол для смартфона;'0.36;'0.1;0;0;0;0;0;10980.00;11990.00;;0%
'Kevlar 14 Pro Purple;455580786;870255183;OZN870255183;Чехол для iPhone 14 Pro KZDOO KEVLAR, черно-фиолетовый кевларовый чехол на Айфон 14 Про;'77.5;Нет бренда;Продается;;38;'4.70;Показывается;;20.02.2023 13:38;Чехлы;;'0.36;'0.1;1;0;5;0;0;9700.00;11990.00;;0%
'Kevlar 14 Pro Black;455592779;870272667;OZN870272667;Чехол для iPhone 14 Pro KZDOO KEVLAR, черно-серый кевларовый чехол на Айфон 14 Про;'77.5;Нет бренда;Продается;;20;'4.70;Показывается;;20.02.2023 13:54;Чехлы;;'0.36;'0.1;1;0;0;0;0;9100.00;11990.00;;0%
'Kevlar 14 Pro Black/Red;455614008;870333153;OZN870333153;Чехол для iPhone 14 Pro KZDOO KEVLAR, черно-красный кевларовый чехол для Айфон 14 Про;'52.5;KZDOO;Продается;;0;'4.70;Показывается;;20.02.2023 14:10;Чехлы;Чехол для смартфона;'0.36;'0.1;0;0;10;0;0;8500.00;11990.00;;0%
'Kevlar 14 Pro Green;455658643;870387074;OZN870387074;Чехол для iPhone 14 Pro KZDOO KEVLAR, черно-зеленый кевларовый чехол для Айфон 14 Про;'77.5;KZDOO;Продается;;4;'4.80;Показывается;;20.02.2023 14:57;Чехлы;Чехол для смартфона;'0.36;'0.1;2;0;0;0;0;9980.00;11990.00;;0%
'Kevlar 14 Pro Blue;455659756;870385959;OZN870385959;Чехол для iPhone 14 Pro KZDOO KEVLAR, черно-синий кевларовый чехол для Айфон 14 Про;'77.5;;Продается;;2;'4.70;Показывается;;20.02.2023 15:01;Чехлы;;'0.36;'0.1;7;0;0;0;0;9100.00;11990.00;;0%
'Kevlar 14 Pro Brown;455662790;870389100;OZN870389100;Чехол для iPhone 14 Pro KZDOO KEVLAR, черно-коричневый кевларовый чехол для Айфон 14 Про;'77.5;KZDOO;Продается;;3;'4.80;Показывается;;20.02.2023 15:04;Чехлы;Чехол для смартфона;'0.36;'0.1;5;0;5;0;0;9380.00;11990.00;;0%
'Kevlar 14 Pro Max Black;457440324;873714259;OZN873714259;Чехол для iPhone 14 Pro Max KZDOO KEVLAR, черно-серый кевларовый чехол для Айфон 14 Про Макс;'77.5;KZDOO;Продается;;67;'4.80;Показывается;;23.02.2023 10:13;Чехлы;Чехол для смартфона;'1.30;'0.3;19;0;0;0;0;9100.00;11990.00;;0%
'Kevlar 14 Pro Max Purple;457445150;873719514;OZN873719514;Чехол для iPhone 14 Pro Max KZDOO KEVLAR, черно-фиолетовый кевларовый чехол для Айфон 14 Про Макс;'77.5;KZDOO;Продается;;66;'4.80;Показывается;;23.02.2023 10:19;Чехлы;Чехол для смартфона;'0.36;'0.1;10;0;3;0;0;10780.00;11990.00;;0%
'Kevlar 14 Pro Max Red;457453214;873727046;OZN873727046;Чехол для iPhone 14 Pro Max KZDOO KEVLAR, черно-красный кевларовый чехол для Айфон 14 Про Макс;'77.5;;Продается;;4;'4.80;Показывается;;23.02.2023 10:27;Чехлы;;'0.36;'0.1;9;0;10;0;0;9180.00;11990.00;;0%
'Kevlar 14 Pro Max Green;457457988;873734439;OZN873734439;Чехол для iPhone 14 Pro Max KZDOO KEVLAR, черно-зеленый кевларовый чехол для Айфон 14 Про Макс;'77.5;KZDOO;Продается;;15;'4.80;Показывается;;23.02.2023 10:32;Чехлы;Чехол для смартфона;'0.36;'0.1;3;0;10;0;0;9180.00;11990.00;;0%
'Kevlar 14 Pro Max Blue;457496254;873812004;OZN873812004;Чехол для iPhone 14 Pro Max KZDOO KEVLAR, черно-синий кевларовый чехол для Айфон 14 Про Макс;'70;;Продается;;7;'4.80;Показывается;;23.02.2023 11:49;Чехлы;;'0.36;'0.1;1;0;9;0;0;10200.00;11990.00;;0%
'Kevlar 14 Pro Max Brown;457497592;873814470;OZN873814470;Чехол для iPhone 14 Pro Max, KZDOO KEVLAR черно-коричневый кевларовый чехол для Айфон 14 Про Макс;'77.5;;Не продается;;7;'4.80;Показывается;;23.02.2023 11:53;Чехлы;;'0.36;'0.1;0;0;0;0;0;9100.00;11990.00;;0%
'Grifit 14 Pro Purple;459329989;877156428;OZN877156428;Чехол для iPhone 14 Pro Keephone Grifit, фиолетовый чехол для Айфон 14 Про;'72.5;KEEPHONE;Готов к продаже;;20;'5.00;Показывается;;27.02.2023 12:42;Чехлы;Чехол для смартфона;'0.40;'0.1;0;0;0;0;0;2050.00;2990.00;;0%
'Grifit Pro 14 Pro Purple;459361937;877209642;OZN877209642;Чехол для iPhone 14 Pro c MagSafe Keephone Grifit Pro, фиолетовый чехол для Айфон 14 Про;'77.5;KEEPHONE;Продается;;24;'3.20;Показывается;;27.02.2023 13:26;Чехлы;Чехол для смартфона;'0.40;'0.1;1;0;0;0;0;4700.00;11990.00;;0%
'Grifit 14 Pro Max Purple;459438292;877346496;OZN877346496;Чехол для iPhone 14 Pro Max Keephone Grifit, фиолетовый чехол для Айфон 14 Про Макс;'72.5;KEEPHONE;Готов к продаже;;11;'5.00;Показывается;;27.02.2023 15:45;Чехлы;Чехол для смартфона;'0.40;'0.1;0;0;0;0;0;1950.00;2990.00;;0%
'Grifit Pro 14 Pro Max Purple;459913743;878211330;OZN878211330;Чехол для iPhone 14 Pro Max c MagSafe Keephone Grifit Pro, фиолетовый чехол для Айфон 14 Про Макс;'77.5;KEEPHONE;Продается;;23;'2.00;Показывается;;28.02.2023 10:53;Чехлы;Чехол для смартфона;'0.40;'0.1;2;0;0;0;0;4906.00;11990.00;;0%
'Non-Yellowing 14 Pro Max;461559781;881107569;OZN881107569;Чехол для iPhone 14 Pro Max с Mag Safe Keephone Non-Yellowing, прозрачный чехол с маг сейф для Айфон 14 Про Макс;'77.5;KEEPHONE;Продается;;63;'4.20;Показывается;;02.03.2023 15:11;Чехлы;Чехол для смартфона;'0.41;'0.1;2;1;0;0;0;4600.00;11990.00;;0%
'Non-Yellowing 14 Pro;461995051;881907181;OZN881907181;Чехол для iPhone 14 Pro с Mag Safe Keephone Non-Yellowing, прозрачный чехол с маг сейф для Айфон 14 Про;'77.5;KEEPHONE;Готов к продаже;;13;'5.00;Показывается;;03.03.2023 10:30;Чехлы;Чехол для смартфона;'0.41;'0.1;0;0;0;0;0;2290.00;3990.00;;0%
'Guardian 14 Pro Purple;462006419;881926284;OZN881926284;Чехол для iPhone 14 Pro KZDOO (K-DOO) Guardian, фиолетовый противоударный чехол для Айфон 14 Про;'52.5;KZDOO;Продается;;60;'5.00;Показывается;;03.03.2023 10:41;Чехлы;Чехол для смартфона;'0.65;'0.1;6;0;10;0;1;4700.00;11990.00;;0%
'Guardian 14 Pro Max Purple;462015528;881942880;OZN881942880;Чехол для iPhone 14 Pro Max KZDOO (K-DOO) Guardian, фиолетовый противоударный чехол Айфон 14 Про Макс;'52.5;KZDOO;Продается;;75;'4.90;Показывается;;03.03.2023 10:50;Чехлы;Чехол для смартфона;'0.36;'0.1;10;0;5;0;0;4100.00;11990.00;;0%
'Heldro Sky 14 Pro;462075591;882039202;OZN882039202;Чехол для iPhone 14 Pro с держателем Keephone Heldro Sky, разноцветный противоударный чехол для Айфон 14 Про;'70;KEEPHONE;Готов к продаже;;63;'4.80;Показывается;;03.03.2023 11:52;Чехлы;Чехол для смартфона;'0.28;'0.1;0;0;0;0;0;2890.00;11990.00;;0%
'Heldro Sky 14 Pro Max;462090276;882056188;OZN882056188;Чехол для iPhone 14 Pro Max с держателем Keephone Heldro Sky, разноцветный противоударный чехол для Айфон 14 Про Макс;'77.5;KEEPHONE;Готов к продаже;;76;'5.00;Показывается;;03.03.2023 12:07;Чехлы;Чехол для смартфона;'0.38;'0.1;0;0;0;0;0;3090.00;4000.00;;0%
'Heldro Plus 14 Pro Purple;462153311;882147181;OZN882147181;Чехол для iPhone 14 Pro с держателем Keephone Heldro Plus, фиолетовый противоударный чехол для Айфон 14 Про;'77.5;KEEPHONE;Готов к продаже;;19;'5.00;Показывается;;03.03.2023 13:12;Чехлы;Чехол для смартфона;'0.38;'0.1;0;0;0;0;0;2750.00;3990.00;;0%
'Mag Guardian 14 Pro Clear;462236033;882300204;OZN882300204;Чехол для iPhone 14 Pro с MagSafe KZDOO (K-DOO) Mag Guardian, прозрачный противоударный чехол для Айфон 14 Про;'77.5;KZDOO;Продается;;9;'5.00;Показывается;;03.03.2023 15:39;Чехлы;Чехол для смартфона;'0.36;'0.1;1;0;0;0;0;2890.00;3990.00;;0%
'Mag Guardian 14 Pro Purple;462241059;882310716;OZN882310716;Чехол для iPhone 14 Pro с MagSafe KZDOO (K-DOO) Mag Guardian, фиолетовый противоударный чехол для Айфон 14 Про;'77.5;KZDOO;Готов к продаже;;17;'5.00;Показывается;;03.03.2023 15:50;Чехлы;Чехол для смартфона;'0.36;'0.1;0;0;0;0;0;2890.00;3990.00;;0%
'Mag Guardian 14 Pro Max Clear;463066631;883731446;OZN883731446;Чехол для iPhone 14 Pro Max с MagSafe KZDOO (K-DOO) Mag Guardian, прозрачный противоударный чехол для Айфон 14 Про Макс;'77.5;KZDOO;Продается;;15;'4.30;Показывается;;05.03.2023 15:12;Чехлы;Чехол для смартфона;'0.36;'0.1;1;0;0;0;0;5580.00;11990.00;;0%
'Mag Guardian 14 Pro Max Purple;463075540;883745009;OZN883745009;Чехол для iPhone 14 Pro Max с MagSafe KZDOO (K-DOO) Mag Guardian, фиолетовый противоударный чехол для Айфон 14 Про Макс;'77.5;KZDOO;Готов к продаже;;32;'4.30;Показывается;;05.03.2023 15:31;Чехлы;Чехол для смартфона;'0.36;'0.1;0;0;0;0;0;2790.00;3490.00;;0%
'LuxCraft AirPods 3 Black;472158020;900160454;OZN900160454;Кожаный чехол для AirPods 3 K-DOO LuxCraft, черный;'65;K-DOO;Продается;;37;'4.90;Показывается;;19.03.2023 15:47;Чехлы;Чехол для наушников;'0.27;'0.1;4;0;0;0;0;4980.00;11990.00;;0%
'LuxCraft AirPods 3 Green;474476601;904395718;OZN904395718;Кожаный чехол для AirPods 3 K-DOO LuxCraft, зеленый;'65;K-DOO;Продается;;10;'4.90;Показывается;;22.03.2023 12:15;Чехлы;Чехол для наушников;'0.27;'0.1;11;0;0;0;0;4980.00;11990.00;;0%
'LuxCraft AirPods 3 Purple;474483013;904405950;OZN904405950;Кожаный чехол для AirPods 3 K-DOO LuxCraft, фиолетовый;'72.5;K-DOO;Продается;;7;'4.90;Показывается;;22.03.2023 12:23;Чехлы;Чехол для наушников;'0.27;'0.1;2;0;0;0;0;4980.00;11990.00;;0%
'LuxCraft AirPods 3 Blue;474491458;904423116;OZN904423116;Кожаный чехол для AirPods 3 K-DOO LuxCraft, синий;'65;K-DOO;Продается;;11;'4.90;Показывается;;22.03.2023 12:34;Чехлы;Чехол для наушников;'0.27;'0.1;1;0;0;0;0;4980.00;11990.00;;0%
'LuxCraft AirPods 3 Brown;474494186;904428042;OZN904428042;Кожаный чехол для AirPods 3 K-DOO LuxCraft, коричневый;'65;K-DOO;Продается;;24;'4.90;Показывается;;22.03.2023 12:39;Чехлы;Чехол для наушников;'0.27;'0.1;9;0;0;0;0;4980.00;11990.00;;0%
'Noble 13 Pro Max White;477660045;910004017;OZN910004017;Кожаный чехол для iPhone 13 Pro Max K-Doo Noble Collection, белый чехол для Айфон 13 Про Макс;'45;K-DOO;Продается;;5;'4.80;Показывается;;26.03.2023 11:28;Чехлы;Чехол для смартфона;'0.36;'0.1;17;0;10;0;0;5500.00;11990.00;;0%
'Air Carbon 14 Black;479244019;912885240;OZN912885240;Ультратонкий чехол для iPhone 14 KZDOO (K-DOO) Air Carbon с защитой камер, чёрный супертонкий чехол для Айфон 14;'57.5;KZDOO;Продается;;37;'5.00;Показывается;;28.03.2023 12:39;Чехлы;Чехол для смартфона;'0.36;'0.1;12;0;10;0;0;2500.00;11990.00;;0%
'Air Carbon 14 Blue;479265773;912926120;OZN912926120;Ультратонкий чехол для iPhone 14 KZDOO (K-DOO) Air Carbon с защитой камер, синий супертонкий чехол для Айфон 14;'45;KZDOO;Продается;;14;'5.00;Показывается;;28.03.2023 13:00;Чехлы;Чехол для смартфона;'0.36;'0.1;0;0;48;0;0;2500.00;11990.00;;0%
'CR2032 Ren;486365168;925720211;OZN925720211;Элемент питания CR2032 Renata, батарейка Рената CR2032;'72.5;Renata;Продается;;23;'4.90;Показывается;;06.04.2023 15:29;Батарейки и аккумуляторы;Батарейка;'0.19;'0.1;0;0;85;0;0;720.00;2900.00;;0%
'CR2032 Ren 2шт;486373745;925777696;OZN925777696;Элемент питания CR2032 Renata 2шт, батарейка Рената CR2032 2шт;'72.5;Renata;Продается;;31;'4.90;Показывается;;06.04.2023 15:46;Батарейки и аккумуляторы;Батарейка;'0.04;'0.1;0;0;25;0;1;1080.00;4900.00;;0%
'CR2032 Varta;487307059;927418203;OZN927418203;Элемент питания CR2032 Varta, батарейка Варта CR2032;'72.5;Varta;Продается;;35;'4.80;Показывается;;07.04.2023 16:06;Батарейки и аккумуляторы;Батарейка;'0.04;'0.1;0;0;61;0;1;700.00;2900.00;;0%
'CR2032 Varta 2шт;487313383;927442197;OZN927442197;Элемент питания CR2032 Varta, батарейка Варта CR2032 2шт;'72.5;Varta;Продается;;34;'4.80;Показывается;;07.04.2023 16:20;Батарейки и аккумуляторы;Батарейка;'0.04;'0.1;0;0;53;0;0;640.00;900.00;;0%
'CR2025 Varta 2шт;487851468;928428506;OZN928428506;Элемент питания CR2025 Varta, батарейка Варта CR2025 2шт;'65;Varta;Продается;;9;'4.80;Показывается;;08.04.2023 15:14;Батарейки и аккумуляторы;Батарейка;'0.04;'0.1;0;0;98;0;0;1200.00;4900.00;;0%
'Mag Noble 14 Pro Max Purple;489856917;931982199;OZN931982199;Кожаный чехол для iPhone 14 Pro Max с MagSafe KZDOO Mag Noble Collection, фиотлетовый чехол для Айфон 14 Про Макс;'77.5;KZDOO;Продается;;31;'4.90;Показывается;;11.04.2023 10:35;Чехлы;Чехол для смартфона;'0.36;'0.1;2;0;15;0;0;7380.00;11990.00;;0%
'Mag Noble 14 Pro Max Blue;489884324;932058543;OZN932058543;Кожаный чехол для iPhone 14 Pro Max с MagSafe KZDOO Mag Noble Collection, темно-синий чехол для Айфон 14 Про Макс;'77.5;KZDOO;Продается;;8;'4.90;Показывается;;11.04.2023 11:11;Чехлы;Чехол для смартфона;'0.36;'0.1;5;0;14;0;0;7380.00;11990.00;;0%
'Mag Noble 14 Pro Max Black;489995726;932229527;OZN932229527;Кожаный чехол для iPhone 14 Pro Max с MagSafe KZDOO Mag Noble Collection, черный чехол для Айфон 14 Про Макс;'77.5;KZDOO;Продается;;32;'4.90;Показывается;;11.04.2023 12:41;Чехлы;Чехол для смартфона;'0.36;'0.1;6;0;10;0;0;7500.00;11990.00;;0%
'Mag Noble 14 Pro Blue;490043389;932328378;OZN932328378;Кожаный чехол для iPhone 14 Pro с MagSafe KZDOO Mag Noble Collection, темно-синий чехол для Айфон 14 Про;'77.5;KZDOO;Продается;;3;'5.00;Показывается;;11.04.2023 13:38;Чехлы;Чехол для смартфона;'0.36;'0.1;2;0;0;0;0;7300.00;11990.00;;0%
'Mag Noble 14 Pro Black;490043390;932329529;OZN932329529;Кожаный чехол для iPhone 14 Pro с MagSafe KZDOO Mag Noble Collection, черный чехол для Айфон 14 Про;'77.5;KZDOO;Готов к продаже;;23;'5.00;Показывается;;11.04.2023 13:38;Чехлы;Чехол для смартфона;'0.36;'0.1;0;0;0;0;0;7300.00;11990.00;;0%
'Mag Noble 14 Pro Purple;490043391;932329558;OZN932329558;Кожаный чехол для iPhone 14 Pro с MagSafe KZDOO Mag Noble Collection, фиолетовый чехол для Айфон 14 Про;'77.5;KZDOO;Продается;;21;'5.00;Показывается;;11.04.2023 13:38;Чехлы;Чехол для смартфона;'0.36;'0.1;6;0;10;0;0;7300.00;11990.00;;0%
'Mag Noble 14 Pro Max Green;493053453;937868891;OZN937868891;Кожаный чехол для iPhone 14 Pro Max с MagSafe KZDOO Mag Noble Collection, зеленый чехол для Айфон 14 Про Макс;'77.5;KZDOO;Продается;;9;'4.90;Показывается;;14.04.2023 12:10;Чехлы;Чехол для смартфона;'0.36;'0.1;7;0;0;0;0;7380.00;11990.00;;0%
'Mag Noble 14 Pro Max Red;493091776;938210200;OZN938210200;Кожаный чехол для iPhone 14 Pro Max с MagSafe KZDOO Mag Noble Collection, красный чехол для Айфон 14 Про Макс;'77.5;KZDOO;Продается;;7;'4.90;Показывается;;14.04.2023 12:49;Чехлы;Чехол для смартфона;'0.36;'0.1;1;0;3;0;0;7380.00;11990.00;;0%
'Mag Noble 14 Pro Max Brown;493262317;938225563;OZN938225563;Кожаный чехол для iPhone 14 Pro Max с MagSafe KZDOO Mag Noble Collection, коричневый чехол для Айфон 14 Про Макс;'77.5;KZDOO;Продается;;11;'4.90;Показывается;;14.04.2023 16:03;Чехлы;Чехол для смартфона;'0.36;'0.1;5;0;5;0;0;7380.00;11990.00;;0%
'Mag Noble 14 Pro Max White;493290532;938268252;OZN938268252;Кожаный чехол для iPhone 14 Pro Max с MagSafe KZDOO Mag Noble Collection, белый чехол для Айфон 14 Про Макс;'77.5;KZDOO;Продается;;21;'4.90;Показывается;;14.04.2023 16:16;Чехлы;Чехол для смартфона;'0.36;'0.1;7;0;15;0;0;7380.00;11990.00;;0%
'Mag Noble 14 Pro Red;493302070;938286091;OZN938286091;Кожаный чехол для iPhone 14 Pro с MagSafe KZDOO Mag Noble Collection, красный чехол для Айфон 14 Про;'77.5;KZDOO;Продается;;9;'5.00;Показывается;;14.04.2023 16:49;Чехлы;Чехол для смартфона;'0.36;'0.1;12;0;10;0;0;7300.00;11990.00;;0%
'Mag Noble 14 Pro Brown;493698055;939001330;OZN939001330;Кожаный чехол для iPhone 14 Pro с MagSafe KZDOO Mag Noble Collection, коричневый чехол для Айфон 14 Про;'77.5;KZDOO;Продается;;9;'5.00;Показывается;;15.04.2023 11:11;Чехлы;Чехол для смартфона;'0.36;'0.1;3;0;0;0;0;7300.00;11990.00;;0%
'Mag Noble 14 Pro Green;493702763;939011788;OZN939011788;Кожаный чехол для iPhone 14 Pro с MagSafe KZDOO Mag Noble Collection, зеленый чехол для Айфон 14 Про;'77.5;KZDOO;Продается;;6;'5.00;Показывается;;15.04.2023 11:30;Чехлы;Чехол для смартфона;'0.36;'0.1;2;0;0;0;0;7300.00;11990.00;;0%
'Mag Noble 14 Pro White;493707462;939021847;OZN939021847;Кожаный чехол для iPhone 14 Pro с MagSafe KZDOO Mag Noble Collection, белый чехол для Айфон 14 Про;'77.5;KZDOO;Продается;;7;'5.00;Показывается;;15.04.2023 11:48;Чехлы;Чехол для смартфона;'0.36;'0.1;6;0;10;0;0;7300.00;11990.00;;0%
'Mag Noble 13 Pro Max Black;493797947;939163332;OZN939163332;Кожаный чехол для iPhone 13 Pro Max с MagSafe K-DOO Mag Noble Collection, черный чехол для Айфон 13 Про Макс;'52.5;K-DOO;Продается;;6;'4.50;Показывается;;15.04.2023 16:10;Чехлы;Чехол для смартфона;'0.36;'0.1;5;0;0;0;0;7380.00;11990.00;;0%
'Mag Noble 13 Pro Max Green;494056792;939633039;OZN939633039;Кожаный чехол для iPhone 13 Pro Max с MagSafe K-DOO Mag Noble Collection, зеленый чехол для Айфон 13 Про Макс;'77.5;K-DOO;Продается;;2;'4.50;Показывается;;16.04.2023 9:59;Чехлы;Чехол для смартфона;'0.36;'0.1;2;0;0;0;0;7380.00;11990.00;;0%
'Mag Noble 13 Pro Max Red;494056793;939633033;OZN939633033;Кожаный чехол для iPhone 13 Pro Max с MagSafe K-DOO Mag Noble Collection, красный чехол для Айфон 13 Про Макс;'77.5;K-DOO;Продается;;2;'4.50;Показывается;;16.04.2023 9:59;Чехлы;Чехол для смартфона;'0.36;'0.1;3;0;0;0;0;7380.00;11990.00;;0%
'Mag Noble 13 Pro Max Sky;494056794;939633040;OZN939633040;Кожаный чехол для iPhone 13 Pro Max с MagSafe K-DOO Mag Noble Collection, голубой чехол для Айфон 13 Про Макс;'77.5;K-DOO;Продается;;2;'4.50;Показывается;;16.04.2023 9:59;Чехлы;Чехол для смартфона;'0.36;'0.1;8;0;0;0;0;7380.00;11990.00;;0%
'Mag Noble 13 Pro Max Blue;494056795;939633037;OZN939633037;Кожаный чехол для iPhone 13 Pro Max с MagSafe K-DOO Mag Noble Collection, темно-синий чехол для Айфон 13 Про Макс;'52.5;K-DOO;Продается;;4;'4.50;Показывается;;16.04.2023 9:59;Чехлы;Чехол для смартфона;'0.36;'0.1;4;0;0;0;0;7980.00;11990.00;;0%
'Mag Noble 13 Pro Blue;494089246;939680149;OZN939680149;Кожаный чехол для iPhone 13 Pro с MagSafe K-DOO Mag Noble Collection, темно-синий чехол для Айфон 13 Про;'77.5;K-DOO;Продается;;16;'4.70;Показывается;;16.04.2023 11:00;Чехлы;Чехол для смартфона;'0.36;'0.1;5;0;0;0;0;7180.00;11990.00;;0%
'Mag Noble 13 Pro Green;494089247;939681564;OZN939681564;Кожаный чехол для iPhone 13 Pro с MagSafe K-DOO Mag Noble Collection, зеленый чехол для Айфон 13 Про;'77.5;K-DOO;Продается;;14;'4.70;Показывается;;16.04.2023 11:00;Чехлы;Чехол для смартфона;'0.36;'0.1;11;0;5;0;0;7828.00;11990.00;;0%
'Mag Noble 13 Pro Sky;494089248;939680210;OZN939680210;Кожаный чехол для iPhone 13 Pro с MagSafe K-DOO Mag Noble Collection, голубой чехол для Айфон 13 Про;'77.5;K-DOO;Продается;;12;'4.70;Показывается;;16.04.2023 11:00;Чехлы;Чехол для смартфона;'0.36;'0.1;8;0;0;0;0;7828.00;11990.00;;0%
'Mag Noble 13 Pro Black;494089249;939681554;OZN939681554;Кожаный чехол для iPhone 13 Pro с MagSafe K-DOO Mag Noble Collection, черный чехол для Айфон 13 Про;'77.5;K-DOO;Продается;;26;'4.70;Показывается;;16.04.2023 11:00;Чехлы;Чехол для смартфона;'0.36;'0.1;8;0;3;0;0;7300.00;11990.00;;0%
'Mag Noble 13 Pro Red;494089250;939681167;OZN939681167;Кожаный чехол для iPhone 13 Pro с MagSafe K-DOO Mag Noble Collection, красный чехол для Айфон 13 Про;'77.5;K-DOO;Продается;;0;'4.70;Показывается;;16.04.2023 11:00;Чехлы;Чехол для смартфона;'0.36;'0.1;10;0;0;0;0;7180.00;11990.00;;0%
'Robiton 16340 3.0В (2шт);500403742;951259683;OZN951259683;Аккумуляторы Robiton 16340 (RCR123) Li-Ion 550 мАч 3.0В с защитой (2 шт);'62.5;Robiton;Продается;;57;'4.90;Показывается;;24.04.2023 8:34;Батарейки и аккумуляторы;Аккумуляторная батарейка;'0.02;'0.1;48;0;100;0;0;4200.00;11990.00;;0%
'CR1616 Pan 2шт;507037314;963098182;OZN963098182;Элемент питания (батарейка) Panasonic CR1616 2шт;'65;Panasonic;Не продается;;102;'0.00;Скрыт;Отсутствуют документы на бренд;02.05.2023 14:44;Батарейки и аккумуляторы;Батарейка;'0.01;'0.1;0;0;0;0;0;420.00;990.00;;0%
'Alloy 13 Pro Black;516429758;979611339;6,97216E+12;Чехол для iPhone 13 Pro с Mag Safe Keephone Alloy, черный противоударный чехол для Айфон 13 Про;'77.5;KEEPHONE;Готов к продаже;;49;'3.50;Показывается;;13.05.2023 13:25;Чехлы;Чехол для смартфона;'0.39;'0.1;0;0;0;0;0;2850.00;3990.00;;0%
'Mago Pro MagSafe 13 Pro Blue;516441843;979636686;OZN979636686;Чехол для iPhone 13 Pro с Mag Safe Keephone Mago Pro, синий противоударный чехол для Айфон 13 Про;'52.5;KEEPHONE;Готов к продаже;;1;'0.00;Показывается;;13.05.2023 13:56;Чехлы;Чехол для смартфона;'0.28;'0.1;0;0;0;0;0;5180.00;11990.00;;0%
'Mago Pro 13 Pro Purple;516441844;979636725;OZN979636725;Чехол для iPhone 13 Pro с Mag Safe Keephone Mago Pro, фиолетовый противоударный чехол для Айфон 13 Про;'77.5;KEEPHONE;Готов к продаже;;2;'0.00;Показывается;;13.05.2023 13:56;Чехлы;Чехол для смартфона;'0.28;'0.1;0;0;0;0;0;2590.00;3390.00;;0%
'Magico 14 Pro Black;516554011;979771359;OZN979771359;Чехол для iPhone 14 Pro с подставкой и Mag Safe Keephone Magico , черный противоударный чехол для Айфон 14 Про;'70;KEEPHONE;Готов к продаже;;20;'4.90;Показывается;;13.05.2023 15:37;Чехлы;Чехол для смартфона;'0.28;'0.1;0;0;0;0;0;3100.00;3990.00;;0%
'Magico 14 Pro Clear;516554013;979771354;OZN979771354;Чехол для iPhone 14 Pro с подставкой и MagSafe Keephone Magico, прозрачный противоударный чехол для Айфон 14 Про;'77.5;KEEPHONE;Продается;;4;'4.90;Показывается;;13.05.2023 15:37;Чехлы;Чехол для смартфона;'0.28;'0.1;1;0;0;0;0;5980.00;11990.00;;0%
'Magico 14 Pro Purple;516554015;979771320;OZN979771320;Чехол для iPhone 14 Pro с подставкой и MagSafe Keephone Magico, фиолетовый противоударный чехол для Айфон 14 Про;'77.5;KEEPHONE;Готов к продаже;;16;'4.90;Показывается;;13.05.2023 15:37;Чехлы;Чехол для смартфона;'0.36;'0.1;0;0;0;0;0;3100.00;3990.00;;0%
'Mago Pro 14 Pro Purple;516563337;979794957;OZN979794957;Чехол для iPhone 14 Pro с Mag Safe Keephone Mago Pro, фиолетовый противоударный чехол для Айфон 14 Про;'77.5;KEEPHONE;Продается;;22;'4.90;Показывается;;13.05.2023 16:08;Чехлы;Чехол для смартфона;'0.36;'0.1;1;0;0;0;0;2990.00;3990.00;;0%
'Mago Pro 14 Pro Black;516563338;979794849;OZN979794849;Чехол для iPhone 14 Pro с Mag Safe Keephone Mago Pro, черный противоударный чехол для Айфон 14 Про;'77.5;KEEPHONE;Готов к продаже;;52;'4.90;Показывается;;13.05.2023 16:08;Чехлы;Чехол для смартфона;'0.36;'0.1;0;0;0;0;0;2990.00;3990.00;;0%
'Mago Pro 14 Pro Blue;516563339;979794325;OZN979794325;Чехол для iPhone 14 Pro с Mag Safe Keephone Mago Pro, синий противоударный чехол для Айфон 14 Про;'77.5;KEEPHONE;Продается;;1;'4.90;Показывается;;13.05.2023 16:08;Чехлы;Чехол для смартфона;'0.28;'0.1;1;0;0;0;0;5980.00;11990.00;;0%
'Non-Yellowing 14;516944957;980462399;OZN980462399;Чехол для iPhone 14 с Mag Safe Keephone Non-Yellowing, прозрачный противоударный чехол для Айфон 14;'70;KEEPHONE;Готов к продаже;;13;'5.00;Показывается;;14.05.2023 14:02;Чехлы;Чехол для смартфона;'0.38;'0.1;0;0;0;0;0;2050.00;3990.00;;0%
'Guardian 14 Black;516969425;980502563;OZN980502563;Чехол для iPhone 14 KZDOO (K-DOO) Guardian, противоударный чехол для Айфон 14;'45;KZDOO;Продается;;2;'4.20;Показывается;;14.05.2023 14:44;Чехлы;Чехол для смартфона;'0.36;'0.1;1;0;10;0;0;3500.00;11990.00;;0%
'Guardian 14 Clear;516969426;980502750;OZN980502750;Чехол для iPhone 14 KZDOO (K-DOO) Guardian, прозрачный противоударный чехол для Айфон 14;'70;KZDOO;Продается;;4;'4.20;Показывается;;14.05.2023 14:44;Чехлы;Чехол для смартфона;'0.36;'0.1;4;0;0;0;0;3500.00;11990.00;;0%
'Guardian 14 Purple;516969427;980502639;OZN980502639;Чехол для iPhone 14 KZDOO (K-DOO) Guardian, фиолетовый противоударный чехол для Айфон 14;'70;KZDOO;Продается;;5;'4.20;Показывается;;14.05.2023 14:44;Чехлы;Чехол для смартфона;'0.36;'0.1;3;0;0;0;0;3500.00;11990.00;;0%
'Alloy 14 Purple;517023865;980598222;OZN980598222;Чехол для iPhone 14 с Mag Safe Keephone Alloy, фиолетовый противоударный чехол для Айфон 14;'70;KEEPHONE;Готов к продаже;;11;'4.90;Показывается;;14.05.2023 16:03;Чехлы;Чехол для смартфона;'0.28;'0.1;0;0;0;0;0;2600.00;3990.00;;0%
'Alloy 14 Blue;517023866;980598231;OZN980598231;Чехол для iPhone 14 с Mag Safe Keephone Alloy, синий противоударный чехол для Айфон 14;'70;KEEPHONE;Продается;;9;'4.90;Показывается;;14.05.2023 16:03;Чехлы;Чехол для смартфона;'0.28;'0.1;1;0;0;0;0;5200.00;11990.00;;0%
'Alloy 14 Green;517023867;980598229;OZN980598229;Чехол для iPhone 14 с MagSafe Keephone Alloy, зеленый противоударный чехол для Айфон 14;'70;KEEPHONE;Продается;;4;'4.90;Показывается;;14.05.2023 16:03;Чехлы;Чехол для смартфона;'0.28;'0.1;4;0;0;0;0;5200.00;11990.00;;0%
'Alloy 14 Black;517023876;980598442;OZN980598442;Чехол для iPhone 14 с Mag Safe Keephone Alloy, черный противоударный чехол для Айфон 14;'70;KEEPHONE;Готов к продаже;;22;'4.90;Показывается;;14.05.2023 16:03;Чехлы;Чехол для смартфона;'0.28;'0.1;0;0;0;0;0;2600.00;3990.00;;0%
'Noble 14 Blue;517845959;981992698;OZN981992698;Кожаный чехол для iPhone 14 KZDOO Noble Collection, синий чехол для Айфон 14;'70;KZDOO;Продается;;8;'4.90;Показывается;;15.05.2023 11:58;Чехлы;Чехол для смартфона;'0.36;'0.1;5;0;5;0;0;5580.00;11990.00;;0%
'Noble 14 Green;517845961;981992886;OZN981992886;Кожаный чехол для iPhone 14 KZDOO Noble Collection, зеленый чехол для Айфон 14;'70;KZDOO;Продается;;3;'4.90;Показывается;;15.05.2023 11:58;Чехлы;Чехол для смартфона;'0.36;'0.1;3;0;0;0;0;5580.00;11990.00;;0%
'Noble 14 White;517845962;981993031;OZN981993031;Кожаный чехол для iPhone 14 KZDOO Noble Collection, белый чехол для Айфон 14;'70;KZDOO;Продается;;2;'4.90;Показывается;;15.05.2023 11:58;Чехлы;Чехол для смартфона;'0.36;'0.1;8;0;0;0;0;5580.00;11990.00;;0%
'Noble 14 Yellow;517845963;981992884;OZN981992884;Кожаный чехол для iPhone 14 KZDOO Noble Collection, желтый чехол для Айфон 14;'70;KZDOO;Продается;;3;'4.90;Показывается;;15.05.2023 11:58;Чехлы;Чехол для смартфона;'0.36;'0.1;3;0;0;0;0;5580.00;11990.00;;0%
'Noble 14 Brown;517845964;981993951;OZN981993951;Кожаный чехол для iPhone 14 KZDOO Noble Collection, коричневый чехол для Айфон 14;'70;KZDOO;Готов к продаже;;6;'4.90;Показывается;;15.05.2023 11:58;Чехлы;Чехол для смартфона;'0.36;'0.1;0;0;0;0;0;2790.00;3990.00;;0%
'Noble 14 Orange;517846128;981995768;OZN981995768;Кожаный чехол для iPhone 14 KZDOO Noble Collection, оранжевый чехол для Айфон 14;'70;KZDOO;Готов к продаже;;4;'4.90;Показывается;;15.05.2023 11:58;Чехлы;Чехол для смартфона;'0.36;'0.1;0;0;0;0;0;2790.00;3990.00;;0%
'Noble 14 Pink;517846129;981992760;OZN981992760;Кожаный чехол для iPhone 14 KZDOO Noble Collection, розовый чехол для Айфон 14;'45;KZDOO;Продается;;2;'4.90;Показывается;;15.05.2023 11:58;Чехлы;Чехол для смартфона;'0.36;'0.1;8;0;0;0;0;5580.00;11990.00;;0%
'Noble 14 Black;517846175;981995760;OZN981995760;Кожаный чехол для iPhone 14 KZDOO Noble Collection, черный чехол для Айфон 14;'70;KZDOO;Продается;;27;'4.90;Показывается;;15.05.2023 11:58;Чехлы;Чехол для смартфона;'0.36;'0.1;11;0;5;0;0;5580.00;11990.00;;0%
'Kevlar 14 Brown;518853255;983760667;OZN983760667;Чехол для iPhone 14 KZDOO KEVLAR, коричневый кевларовый чехол для Айфон 14;'40;KZDOO;Готов к продаже;;0;'4.80;Показывается;;16.05.2023 10:23;Чехлы;Чехол для смартфона;'0.36;'0.1;0;0;0;0;0;4990.00;8000.00;;0%
'Kevlar 14 Purple;518853256;983756522;OZN983756522;Чехол для iPhone 14 KZDOO KEVLAR, фиолетовый кевларовый чехол для Айфон 14;'40;KZDOO;Продается;;0;'4.80;Показывается;;16.05.2023 10:23;Чехлы;Чехол для смартфона;'0.36;'0.1;5;0;0;0;0;9980.00;11990.00;;0%
'Kevlar 14 Black;518853303;983757532;OZN983757532;Чехол для iPhone 14 KZDOO KEVLAR, черный кевларовый чехол для Айфон 14;'65;KZDOO;Продается;;8;'4.80;Показывается;;16.05.2023 10:23;Чехлы;Чехол для смартфона;'0.36;'0.1;5;0;0;0;0;10880.00;11990.00;;0%
'Kevlar 14 Red;518853304;983756721;OZN983756721;Чехол для iPhone 14 KZDOO KEVLAR, красный кевларовый чехол для Айфон 14;'40;KZDOO;Продается;;0;'4.80;Показывается;;16.05.2023 10:23;Чехлы;Чехол для смартфона;'0.36;'0.1;9;0;0;0;0;9980.00;11990.00;;0%
'Air Skin 14 Green;520012726;985807878;OZN985807878;Ультратонкий чехол для iPhone 14 KZDOO Air Skin с защитой камер, зеленый супертонкий чехол для Айфон 14;'70;KZDOO;Продается;;27;'4.70;Показывается;;17.05.2023 13:01;Чехлы;Чехол для смартфона;'0.36;'0.1;13;0;10;0;0;2500.00;11990.00;;0%
'Air Skin 14 Pink;520012728;985808367;OZN985808367;Ультратонкий чехол для iPhone 14 KZDOO Air Skin с защитой камер, розовый супертонкий чехол для Айфон 14;'70;KZDOO;Продается;;6;'4.70;Показывается;;17.05.2023 13:01;Чехлы;Чехол для смартфона;'0.36;'0.1;4;0;10;0;0;2500.00;11990.00;;0%
'Air Skin 14 Black;520012734;985807913;OZN985807913;Ультратонкий чехол для iPhone 14 KZDOO Air Skin с защитой камер, черный супертонкий чехол для Айфон 14;'70;KZDOO;Продается;;79;'4.70;Показывается;;17.05.2023 13:01;Чехлы;Чехол для смартфона;'0.36;'0.1;6;0;9;0;0;2580.00;11990.00;;0%
'Air Skin 14 Red;520012735;985807827;OZN985807827;Ультратонкий чехол для iPhone 14 KZDOO Air Skin с защитой камер, красный супертонкий чехол для Айфон 14;'45;KZDOO;Готов к продаже;;3;'4.70;Показывается;;17.05.2023 13:01;Чехлы;Чехол для смартфона;'0.36;'0.1;0;0;0;0;0;1290.00;2990.00;;0%
'Air Skin 14 White;520012736;985807883;OZN985807883;Ультратонкий чехол для iPhone 14 KZDOO Air Skin с защитой камер, белый супертонкий чехол для Айфон 14;'70;KZDOO;Продается;;44;'4.70;Показывается;;17.05.2023 13:01;Чехлы;Чехол для смартфона;'0.36;'0.1;2;0;8;0;0;2580.00;11990.00;;0%
'Air Carbon 14 Green;520056097;985884328;OZN985884328;Ультратонкий чехол для iPhone 14 KZDOO (K-DOO) Air Carbon с защитой камер, зеленый супертонкий чехол для Айфон 14;'45;KZDOO;Продается;;2;'5.00;Показывается;;17.05.2023 13:49;Чехлы;Чехол для смартфона;'0.36;'0.1;2;0;0;0;0;2596.00;11990.00;;0%
'Air Skin 14 Pro Purple;520063114;985900570;OZN985900570;Ультратонкий чехол KZDOO Air Skin для iPhone 14 Pro с защитой камер, фиолетовый супертонкий чехол для Айфон 14 Про;'77.5;KZDOO;Продается;;51;'4.90;Показывается;;17.05.2023 13:57;Чехлы;Чехол для смартфона;'0.36;'0.1;1;0;7;0;0;2700.00;11990.00;;0%
'Air Skin 14 Pro Max Purple;520073005;985916727;OZN985916727;Ультратонкий чехол для iPhone 14 Pro Max KZDOO Air Skin с защитой камер, фиолетовый супертонкий чехол для Айфон 14 Про Макс;'77.5;KZDOO;Продается;;47;'4.30;Показывается;;17.05.2023 14:10;Чехлы;Чехол для смартфона;'1.58;'0.3;4;0;9;0;0;2700.00;11990.00;;0%
'Seashell 14 White;520119835;986003743;OZN986003743;Чехол для iPhone 14 KZDOO Seashell, жемчужно-белый чехол для Айфон 14;'45;KZDOO;Готов к продаже;;4;'5.00;Показывается;;17.05.2023 15:27;Чехлы;Чехол для смартфона;'0.36;'0.1;0;0;0;0;0;2490.00;3790.00;;0%
'Seashell 14 Blue;520119836;986003738;OZN986003738;Чехол для iPhone 14 KZDOO Seashell, голубой чехол для Айфон 14;'70;KZDOO;Продается;;3;'5.00;Показывается;;17.05.2023 15:27;Чехлы;Чехол для смартфона;'0.36;'0.1;1;0;0;0;0;4000.00;11990.00;;0%
'Air Carbon S23 Black;523737044;992375688;OZN992375688;Чехол для Samsung Galaxy S23 ультратонкий KZDOO Air Carbon, черный супертонкий чехол для Самсунг Галакси S23;'75;KZDOO;Готов к продаже;;137;'4.90;Показывается;;22.05.2023 10:51;Чехлы;Чехол для смартфона;'0.36;'0.1;0;0;0;0;0;1450.00;2990.00;;0%
'Air Carbon S23 Purple;523737045;992375766;OZN992375766;Ультратонкий чехол для Samsung Galaxy S23 KZDOO Air Carbon, фиолетовый супертонкий чехол для Самсунг Галакси S23;'52.5;KZDOO;Продается;;24;'4.90;Показывается;;22.05.2023 10:51;Чехлы;Чехол для смартфона;'0.36;'0.1;4;0;0;0;0;2780.00;11990.00;;0%
'Air Carbon S23 Blue;523737046;992375671;OZN992375671;Ультратонкий чехол для Samsung Galaxy S23 KZDOO Air Carbon, синий супертонкий чехол для Самсунг Галакси S23;'77.5;KZDOO;Продается;;18;'4.90;Показывается;;22.05.2023 10:51;Чехлы;Чехол для смартфона;'0.36;'0.1;5;0;0;0;0;2780.00;11990.00;;0%
'Air Carbon S23 Green;523737047;992375643;OZN992375643;Ультратонкий чехол для Samsung Galaxy S23 KZDOO Air Carbon, зеленый супертонкий чехол для Самсунг Галакси S23;'52.5;KZDOO;Готов к продаже;;70;'4.90;Показывается;;22.05.2023 10:51;Чехлы;Чехол для смартфона;'0.36;'0.1;0;0;0;0;0;2780.00;11990.00;;0%
'Noble S23 Blue;523787050;992464703;OZN992464703;Кожаный чехол для Samsung Galaxy S23 KZDOO Noble Collection, синий чехол для Самсунг Галкси S23;'77.5;KZDOO;Продается;;8;'5.00;Показывается;;22.05.2023 11:54;Чехлы;Чехол для смартфона;'0.36;'0.1;7;0;8;0;0;5500.00;11990.00;;0%
'Noble S23 Purple;523787052;992464739;OZN992464739;Кожаный чехол для Samsung Galaxy S23 KZDOO Noble Collection, фиолетовый чехол для Самсунг Галкси S23;'77.5;KZDOO;Продается;;9;'5.00;Показывается;;22.05.2023 11:54;Чехлы;Чехол для смартфона;'0.36;'0.1;3;0;0;0;0;5500.00;11990.00;;0%
'Noble S23 Black;523787065;992464596;OZN992464596;Кожаный чехол для Samsung Galaxy S23 KZDOO Noble Collection, черный чехол для Самсунг Галкси S23;'65;KZDOO;Готов к продаже;;4;'5.00;Показывается;;22.05.2023 11:54;Чехлы;Чехол для смартфона;'0.36;'0.1;0;0;0;0;0;5500.00;11990.00;;0%
'Kevlar S23 Purple;523818571;992523872;OZN992523872;Чехол для Samsung Galaxy S23 KZDOO KEVLAR, фиолетовый кевларовый чехол для Самсунг Галакси S23;'52.5;KZDOO;Готов к продаже;;0;'4.70;Показывается;;22.05.2023 12:36;Чехлы;Чехол для смартфона;'0.36;'0.1;0;0;0;0;0;5396.00;5990.00;;0%
'Kevlar S23 Black;523818636;992524053;OZN992524053;Чехол для Samsung Galaxy S23 KZDOO KEVLAR, черный кевларовый чехол для Самсунг Галакси S23;'77.5;KZDOO;Продается;;17;'4.70;Показывается;;22.05.2023 12:36;Чехлы;Чехол для смартфона;'0.40;'0.1;2;0;10;0;0;9980.00;11990.00;;0%
'Mago Pro S23 Black;523856199;992592251;OZN992592251;Чехол для Samsung Galaxy S23 с Mag Safe Keephone Alloy, черный противоударный чехол для Самсунг Галакси S23;'87.5;KEEPHONE;Готов к продаже;;134;'4.80;Показывается;;22.05.2023 13:13;Чехлы;Чехол для смартфона;'0.39;'0.1;0;0;0;0;0;3090.00;3990.00;;0%
'Mago Pro 13 Pro Max Blue;528455652;1000357565;OZN1000357565;Чехол для iPhone 13 Pro Max с Mag Safe Keephone Mago Pro, синий противоударный чехол для Айфон 13 Про Макс;'52.5;KEEPHONE;Продается;;2;'5.00;Показывается;;26.05.2023 10:01;Чехлы;Чехол для смартфона;'0.39;'0.1;3;0;0;0;0;4780.00;11990.00;;0%
'Mago Pro 13 Pro Max Deep Purple;528455653;1000360192;OZN1000360192;Чехол для iPhone 13 Pro Max с Mag Safe Keephone Mago Pro, фиолетовый противоударный чехол для Айфон 13 Про Макс;'77.5;KEEPHONE;Готов к продаже;;9;'5.00;Показывается;;26.05.2023 10:01;Чехлы;Чехол для смартфона;'0.39;'0.1;0;0;0;0;0;3400.00;3990.00;;0%
'Magico 14 Pro Max Purple;528661205;1000751457;OZN1000751457;Чехол для iPhone 14 Pro Max с подставкой и Mag Safe Keephone Magico, фиолетовый противоударный чехол для Айфон 14 Про Макс;'52.5;KEEPHONE;Продается;;17;'4.40;Показывается;;26.05.2023 13:36;Чехлы;Чехол для смартфона;'0.28;'0.1;4;0;0;0;0;6200.00;11990.00;;0%
'Magico 14 Pro Max Clear;528661233;1000751260;OZN1000751260;Чехол для iPhone 14 Pro Max с подставкой и Mag Safe Keephone Magico, прозрачный противоударный чехол для Айфон 14 Про Макс;'77.5;KEEPHONE;Готов к продаже;;8;'4.40;Показывается;;26.05.2023 13:36;Чехлы;Чехол для смартфона;'0.28;'0.1;0;0;0;0;0;3100.00;3990.00;;0%
'Magico 14 Pro Max Black;528661234;1000751422;OZN1000751422;Чехол для iPhone 14 Pro Max с подставкой и Mag Safe Keephone Magico, черный противоударный чехол для Айфон 14 Про Макс;'77.5;KEEPHONE;Готов к продаже;;36;'4.40;Показывается;;26.05.2023 13:36;Чехлы;Чехол для смартфона;'0.28;'0.1;0;0;0;0;0;3100.00;3990.00;;0%
'Mago Pro 14 Pro Max Purple;528720771;1000868851;OZN1000868851;Чехол для iPhone 14 Pro Max Keephone Mago Pro с Mag Safe, фиолетовый противоударный чехол для Айфон 14 Про Макс;'77.5;KEEPHONE;Готов к продаже;;7;'5.00;Показывается;;26.05.2023 15:15;Чехлы;Чехол для смартфона;'0.28;'0.1;0;0;0;0;0;2890.00;3490.00;;0%
'Mago Pro 14 Pro Max Blue;528720773;1000868971;OZN1000868971;Чехол для iPhone 14 Pro Max Keephone Mago Pro с Mag Safe, синий противоударный чехол для Айфон 14 Про Макс;'77.5;KEEPHONE;Готов к продаже;;2;'5.00;Показывается;;26.05.2023 15:15;Чехлы;Чехол для смартфона;'0.28;'0.1;0;0;0;0;0;2890.00;3490.00;;0%
'Mago Pro 14 Pro Max Black;528720777;1000868985;OZN1000868985;Чехол для iPhone 14 Pro Max Keephone Mago Pro с Mag Safe , черный противоударный чехол для Айфон 14 Про Макс;'52.5;KEEPHONE;Готов к продаже;;22;'5.00;Показывается;;26.05.2023 15:15;Чехлы;Чехол для смартфона;'0.28;'0.1;0;0;0;0;0;2990.00;3490.00;;0%
'Air Skin 13 Red;530601799;1004057576;OZN1004057575;Ультратонкий чехол для iPhone 13 K-DOO Air Skin , красный супертонкий чехол для Айфон 13;'70;K-DOO;Продается;;14;'4.80;Показывается;;29.05.2023 10:26;Чехлы;Чехол для смартфона;'0.36;'0.1;2;0;4;0;0;2580.00;11990.00;;0%
'Air Skin 13 Green;530601801;1004057945;OZN1004057945;Ультратонкий чехол для iPhone 13 K-DOO Air Skin , зеленый супертонкий чехол для Айфон 13;'70;K-DOO;Продается;;28;'4.80;Показывается;;29.05.2023 10:26;Чехлы;Чехол для смартфона;'0.36;'0.1;4;0;10;0;0;2580.00;11990.00;;0%
'Air Skin 13 Pink;530601840;1004057639;OZN1004057639;Ультратонкий чехол для iPhone 13 K-DOO Air Skin , розовый супертонкий чехол для Айфон 13;'70;K-DOO;Готов к продаже;;18;'4.80;Показывается;;29.05.2023 10:26;Чехлы;Чехол для смартфона;'0.36;'0.1;0;0;0;0;0;1290.00;1690.00;;0%
'Air Skin 13 Clear;530601850;1004059669;OZN1004059669;Ультратонкий чехол для iPhone 13 K-DOO Air Skin , белый супертонкий чехол для Айфон 13;'82.5;K-DOO;Продается;;78;'4.80;Показывается;;29.05.2023 10:26;Чехлы;Чехол для смартфона;'0.36;'0.1;15;0;10;0;0;2700.00;11990.00;;0%
'Air Skin 13 Black;530601851;1004059474;OZN1004059474;Ультратонкий чехол для iPhone 13 K-DOO Air Skin , черный супертонкий чехол для Айфон 13;'70;K-DOO;Продается;;70;'4.80;Показывается;;29.05.2023 10:26;Чехлы;Чехол для смартфона;'0.36;'0.1;13;0;10;0;0;2580.00;11990.00;;0%
'Inverse 14 Pro Purple;543002664;1026144542;OZN1026144542;Чехол для iPhone 14 Pro Raigor Inverse с Mag Safe, фиолетовый противоударный чехол для Айфон 14 Про;'77.5;Raigor;Продается;;2;'0.00;Показывается;;10.06.2023 8:41;Чехлы;Чехол для смартфона;'0.36;'0.1;1;0;0;0;0;5180.00;11990.00;;0%
'Air Carbon S23+ Purple;543477135;1026995034;OZN1026995034;Ультратонкий чехол для Samsung Galaxy S23 Plus (S23+) KZDOO Air Carbon, фиолетовый супертонкий чехол для Самсунг Галакси S23 Плюс;'77.5;KZDOO;Продается;;15;'4.40;Показывается;;11.06.2023 10:03;Чехлы;Чехол для смартфона;'0.36;'0.1;17;0;0;0;0;2900.00;11990.00;;0%
'Air Carbon S23+ Blue;543477136;1026995025;OZN1026995025;Ультратонкий чехол для Samsung Galaxy S23 Plus (S23+) KZDOO Air Carbon, синий супертонкий чехол для Самсунг Галакси S23 Плюс;'77.5;KZDOO;Продается;;5;'4.40;Показывается;;11.06.2023 10:03;Чехлы;Чехол для смартфона;'0.36;'0.1;12;0;0;0;0;2900.00;11990.00;;0%
'Air Carbon S23+ Black;543477137;1026995031;OZN1026995031;Ультратонкий чехол для Samsung Galaxy S23 Plus (S23+) KZDOO Air Carbon, черный супертонкий чехол для Самсунг Галакси S23 Плюс;'100;KZDOO;Продается;;85;'4.40;Показывается;;11.06.2023 10:03;Чехлы;Чехол для смартфона;'0.36;'0.1;10;0;8;0;0;2900.00;11990.00;;0%
'Air Carbon S23+ Green;543477138;1026995632;OZN1026995632;Ультратонкий чехол для Samsung Galaxy S23 Plus (S23+) KZDOO Air Carbon, зеленый супертонкий чехол для Самсунг Галакси S23 Плюс;'77.5;KZDOO;Продается;;34;'4.40;Показывается;;11.06.2023 10:03;Чехлы;Чехол для смартфона;'0.36;'0.1;6;0;10;0;0;2780.00;11990.00;;0%
'Noble S23+ Blue;543496064;1027030863;OZN1027030863;Кожаный чехол для Samsung Galaxy S23 Plus (S23+) KZDOO Noble Collection, синий чехол для Самсунг Галкси S23 Плюс;'52.5;KZDOO;Готов к продаже;;6;'5.00;Показывается;;11.06.2023 10:43;Чехлы;Чехол для смартфона;'0.36;'0.1;0;0;0;0;0;2690.00;4590.00;;0%
'Noble S23+ Purple;543496065;1027030888;OZN1027030888;Кожаный чехол для Samsung Galaxy S23 Plus (S23+) KZDOO Noble Collection, фиолетовый чехол для Самсунг Галкси S23 Плюс;'52.5;KZDOO;Продается;;9;'5.00;Показывается;;11.06.2023 10:43;Чехлы;Чехол для смартфона;'0.36;'0.1;0;0;10;0;0;5500.00;11990.00;;0%
'Noble S23+ Black;543496094;1027030896;OZN1027030896;Кожаный чехол для Samsung Galaxy S23 Plus (S23+) KZDOO Noble Collection, черный чехол для Самсунг Галкси S23 Плюс;'40;KZDOO;Продается;;11;'5.00;Показывается;;11.06.2023 10:43;Чехлы;Чехол для смартфона;'0.36;'0.1;1;0;0;0;0;5500.00;11990.00;;0%
'Mag Noble 14 Pro Max Yellow;543516026;1027068775;OZN1027068775;Кожаный чехол для iPhone 14 Pro Max с MagSafe KZDOO Mag Noble Collection, желтый чехол для Айфон 14 Про Макс;'52.5;KZDOO;Продается;;6;'4.90;Показывается;;11.06.2023 11:48;Чехлы;Чехол для смартфона;'0.36;'0.1;4;0;0;0;0;7500.00;11990.00;;0%
'Mag Noble 14 Pro Max Orange;543516027;1027068842;OZN1027068842;Кожаный чехол для iPhone 14 Pro Max с MagSafe KZDOO Mag Noble Collection, оранжевый чехол для Айфон 14 Про Макс;'52.5;KZDOO;Продается;;4;'4.90;Показывается;;11.06.2023 11:48;Чехлы;Чехол для смартфона;'0.36;'0.1;2;0;1;0;0;7300.00;11990.00;;0%
'Mag Noble 14 Pro Max Pink;543516028;1027068760;OZN1027068760;Кожаный чехол для iPhone 14 Pro Max с MagSafe KZDOO Mag Noble Collection, розовый чехол для Айфон 14 Про Макс;'77.5;KZDOO;Продается;;4;'4.90;Показывается;;11.06.2023 11:48;Чехлы;Чехол для смартфона;'0.36;'0.1;4;0;0;0;0;8200.00;11990.00;;0%
'Mag Noble 14 Pro Orange;543551819;1027138471;OZN1027138471;Кожаный чехол для iPhone 14 Pro с MagSafe KZDOO Mag Noble Collection, оранжевый чехол для Айфон 14 Про;'52.5;KZDOO;Продается;;8;'5.00;Показывается;;11.06.2023 13:24;Чехлы;Чехол для смартфона;'0.36;'0.1;3;0;6;0;0;7500.00;11990.00;;0%
'Mag Noble 14 Pro Yellow;543551820;1027138487;OZN1027138487;Кожаный чехол для iPhone 14 Pro с MagSafe KZDOO Mag Noble Collection, желтый чехол для Айфон 14 Про;'77.5;KZDOO;Продается;;5;'5.00;Показывается;;11.06.2023 13:24;Чехлы;Чехол для смартфона;'0.36;'0.1;2;0;5;0;0;7500.00;11990.00;;0%
'Mag Noble 14 Pro Pink;543551821;1027138489;OZN1027138489;Кожаный чехол для iPhone 14 Pro с MagSafe KZDOO Mag Noble Collection, розовый чехол для Айфон 14 Про;'77.5;KZDOO;Продается;;3;'5.00;Показывается;;11.06.2023 13:24;Чехлы;Чехол для смартфона;'0.36;'0.1;4;0;0;0;0;7500.00;11990.00;;0%
'Kevlar S23+ Black;549698749;1038153178;OZN1038153178;Чехол для Samsung Galaxy S23 Plus (S23+) KZDOO KEVLAR, черный кевларовый чехол для Самсунг Галакси S23 Плюс;'77.5;KZDOO;Готов к продаже;;4;'5.00;Показывается;;17.06.2023 12:18;Чехлы;Чехол для смартфона;'0.36;'0.1;0;0;0;0;0;4990.00;9000.00;;0%
'Kevlar S23+ Purple;549698760;1038153197;OZN1038153197;Чехол для Samsung Galaxy S23 Plus (S23+) KZDOO KEVLAR, фиолетовый кевларовый чехол для Самсунг Галакси S23 Плюс;'52.5;KZDOO;Продается;;1;'5.00;Показывается;;17.06.2023 12:18;Чехлы;Чехол для смартфона;'0.36;'0.1;1;0;0;0;0;9980.00;11990.00;;0%
'Mago Pro S23+ Black;549710702;1038176271;OZN1038176271;Чехол для Samsung Galaxy S23 Plus (S23+) с Mag Safe Keephone Alloy, черный противоударный чехол для Самсунг Галакси S23 Плюс;'77.5;KEEPHONE;Продается;;92;'5.00;Показывается;;17.06.2023 12:45;Чехлы;Чехол для смартфона;'0.36;'0.1;1;0;0;0;0;6380.00;11990.00;;0%
'Mago Pro S23 Ultra Black;551357787;1041159503;OZN1041159503;Чехол для Samsung Galaxy S23 Ultra с Mag Safe Keephone Alloy ударопрочный, черный противоударный чехол для Самсунг Галакси S23 Ультра;'100;KEEPHONE;Готов к продаже;;529;'4.90;Показывается;;19.06.2023 15:12;Чехлы;Чехол для смартфона;'0.39;'0.1;0;0;0;0;0;3368.00;4990.00;;0%
'Q Series S23 Ultra Black;556683517;1050787258;OZN1050787258;Чехол для Samsung Galaxy S23 Ultra KZDOO Q Series с защитой камер, тонкий силиконовый черный чехол для Самсунг Галакси S23 Ультра;'90;KZDOO;Продается;;54;'4.90;Показывается;;26.06.2023 10:42;Чехлы;Чехол для смартфона;'0.36;'0.1;22;0;10;0;0;2200.00;7900.00;;0%
'Air Skin S23 Ultra Clear;556696891;1050816206;OZN1050816205;Чехол для Samsung Galaxy S23 Ultra K-DOO Air Skin, прозрачный супертонкий чехол для Самсунг Галакси S23 Ультра;'87.5;KZDOO;Готов к продаже;;112;'4.70;Показывается;;26.06.2023 11:06;Чехлы;Чехол для смартфона;'0.36;'0.1;0;0;0;0;0;1490.00;2090.00;;0%
'Air Skin S23 Ultra Black;556696892;1050816324;OZN1050816324;Чехол для Samsung Galaxy S23 Ultra K-DOO Air Skin с защитой камер, черный супертонкий чехол для Самсунг Галакси S23 Ультра;'90;KZDOO;Продается;;149;'4.70;Показывается;;26.06.2023 11:06;Чехлы;Чехол для смартфона;'0.36;'0.1;30;0;9;0;0;2980.00;11990.00;;0%
'Keephone Kevilar 14 Pro Black;559659618;1056238125;OZN1056238125;Чехол для iPhone 14 Pro с MagSafe Keephone KEVILAR, черный кевларовый чехол для Айфон 14 Про;'77.5;KEEPHONE;Продается;;6;'4.80;Показывается;;29.06.2023 11:55;Чехлы;Чехол для смартфона;'0.41;'0.1;3;0;8;0;1;5990.00;11990.00;;0%
'Keephone Kevilar 14 Pro Blue;559727991;1056346258;OZN1056346258;Чехол для iPhone 14 Pro с MagSafe Keephone KEVILAR, синий кевларовый чехол для Айфон 14 Про;'77.5;KEEPHONE;Продается;;1;'4.80;Показывается;;29.06.2023 12:44;Чехлы;Чехол для смартфона;'0.41;'0.1;1;0;0;0;0;6100.00;11990.00;;0%
'Keephone Kevilar 14 Pro Deep Purple;559727992;1056347188;OZN1056347188;Чехол для iPhone 14 Pro с MagSafe Keephone KEVILAR, фиолетовый кевларовый чехол для Айфон 14 Про;'70;KEEPHONE;Продается;;19;'4.80;Показывается;;29.06.2023 12:44;Чехлы;Чехол для смартфона;'0.41;'0.1;3;0;4;0;0;5990.00;11990.00;;0%
'Keephone Kevilar 14 Pro Max Blue;559828398;1056528779;OZN1056528779;Чехол для iPhone 14 Pro Max с MagSafe Keephone KEVILAR, синий кевларовый чехол для Айфон 14 Про Макс;'77.5;KEEPHONE;Готов к продаже;;10;'4.90;Показывается;;29.06.2023 14:31;Чехлы;Чехол для смартфона;'0.41;'0.1;0;0;0;0;0;5990.00;7490.00;;0%
'Keephone Kevilar 14 Pro Max Purple;559828404;1056528787;OZN1056528787;Чехол для iPhone 14 Pro Max с MagSafe Keephone KEVILAR, фиолетовый кевларовый чехол для Айфон 14 Про Макс;'90;KEEPHONE;Продается;;25;'4.90;Показывается;;29.06.2023 14:31;Чехлы;Чехол для смартфона;'0.41;'0.1;0;0;9;0;0;5990.00;11990.00;;0%
'Keephone Kevilar 14 Pro Max Black;559833145;1056538920;OZN1056538920;Чехол для iPhone 14 Pro Max с MagSafe Keephone KEVILAR, черный кевларовый чехол для Айфон 14 Про Макс;'70;KEEPHONE;Готов к продаже;;34;'4.90;Показывается;;29.06.2023 14:37;Чехлы;Чехол для смартфона;'0.41;'0.1;0;0;0;0;0;5990.00;7490.00;;0%
'Kevlar S23 Ultra Green;559890468;1056639092;OZN1056639092;Чехол для Samsung Galaxy S23 Ultra KZDOO KEIVLAR, зеленый кевларовый чехол для Самсунг Галакси S23 Ультра;'70;KZDOO;Готов к продаже;;1;'5.00;Показывается;;29.06.2023 16:01;Чехлы;Чехол для смартфона;'0.36;'0.1;0;0;0;0;0;9980.00;11990.00;;0%
'Kevlar S23 Ultra Purple;559890487;1056639358;OZN1056639358;Чехол для Samsung Galaxy S23 Ultra KZDOO KEIVLAR, фиолетовы кевларовый чехол для Самсунг Галакси S23 Ультра;'70;KZDOO;Продается;;2;'5.00;Показывается;;29.06.2023 16:01;Чехлы;Чехол для смартфона;'0.36;'0.1;1;0;0;0;0;9980.00;11990.00;;0%
'Kevlar S23 Ultra Black;559890538;1056639166;OZN1056639166;Чехол для Samsung Galaxy S23 Ultra KZDOO KEIVLAR, черный кевларовый чехол для Самсунг Галакси S23 Ультра;'70;KZDOO;Продается;;2;'5.00;Показывается;;29.06.2023 16:01;Чехлы;Чехол для смартфона;'0.36;'0.1;0;0;1;0;0;9980.00;11990.00;;0%
'Remax 12 Pro Privacy;613084822;1152494509;OZN1152494509;ПРИВАТНОЕ СТЕКЛО для iPhone 12 / 12 Pro REMAX Privacy с олеофобным покрытием, защитное стекло антишпион для Айфон 12,12 Про;'75;REMAX;Продается;;10;'0.00;Показывается;;24.08.2023 14:16;Защитные пленки и стекла;Защитное стекло;'0.17;'0.1;7;0;0;0;0;1200.00;4900.00;;0%
'Remax 11 Privacy;613089089;1152505553;OZN1152505553;ПРИВАТНОЕ СТЕКЛО для iPhone 11 / XR REMAX Privacy с олеофобным покрытием, защитное стекло антишпион для Айфон 11 / XR;'82.5;REMAX;Продается;;149;'5.00;Показывается;;24.08.2023 14:22;Защитные пленки и стекла;Защитное стекло;'0.17;'0.1;0;0;95;0;2;1380.00;4900.00;;0%
'Alloy 13 Pro Max Black;626264222;1175927203;OZN1175927203;Чехол для iPhone 13 Pro Max с Mag Safe Keephone Alloy, черный противоударный чехол для Айфон 13 Про Макс;'70;KEEPHONE;Готов к продаже;;37;'5.00;Показывается;;06.09.2023 9:19;Чехлы;Чехол для смартфона;'0.39;'0.1;0;0;0;0;0;2950.00;3990.00;;0%
'Mag Noble 13 Pro Yellow;626585866;1176486119;OZN1176486119;Кожаный чехол для iPhone 13 Pro с MagSafe K-DOO Mag Noble Collection, желтый чехол для Айфон 13 Про;'70;K-DOO;Продается;;3;'4.70;Показывается;;06.09.2023 13:31;Чехлы;Чехол для смартфона;'0.36;'0.1;13;0;0;0;0;7180.00;11990.00;;0%
'Mag Noble 13 Pro Pink;626585879;1176486192;OZN1176486196;Кожаный чехол для iPhone 13 Pro с MagSafe K-DOO Mag Noble Collection, розовый чехол для Айфон 13 Про;'70;K-DOO;Продается;;1;'4.70;Показывается;;06.09.2023 13:31;Чехлы;Чехол для смартфона;'0.36;'0.1;2;0;0;0;0;7180.00;11990.00;;0%
'Mag Noble 13 Pro White;626585893;1176486204;OZN1176486204;Кожаный чехол для iPhone 13 Pro с MagSafe K-DOO Mag Noble Collection, белый чехол для Айфон 13 Про;'45;K-DOO;Продается;;7;'4.70;Показывается;;06.09.2023 13:31;Чехлы;Чехол для смартфона;'0.36;'0.1;6;0;10;0;0;7300.00;11990.00;;0%
'Mag Noble 13 Pro Brown;626585910;1176486912;OZN1176486915;Кожаный чехол для iPhone 13 Pro с MagSafe K-DOO Mag Noble Collection, коричневый чехол для Айфон 13 Про;'45;K-DOO;Продается;;0;'4.70;Показывается;;06.09.2023 13:31;Чехлы;Чехол для смартфона;'0.36;'0.1;9;0;0;0;0;7180.00;11990.00;;0%
'Mag Noble 13 Pro Orange;626585911;1176486420;OZN1176486426;Кожаный чехол для iPhone 13 Pro с MagSafe K-DOO Mag Noble Collection, оранжевый чехол для Айфон 13 Про;'70;K-DOO;Готов к продаже;;2;'4.70;Показывается;;06.09.2023 13:31;Чехлы;Чехол для смартфона;'0.36;'0.1;0;0;0;0;0;3590.00;4990.00;;0%
'Varta CR1616 2шт;627727377;1178554521;OZN1178554520;Элемент питания CR1616 Varta 2шт., батарейка Варта CR1616;'65;Varta;Продается;;17;'5.00;Показывается;;07.09.2023 10:16;Батарейки и аккумуляторы;Батарейка;'0.04;'0.1;0;0;464;0;2;1540.00;4900.00;;0%
'Varta CR1620 2шт;627922355;1178905929;OZN1178905930;Элемент питания CR1620 Varta 2шт., батарейка Варта CR1620;'65;Varta;Продается;;6;'5.00;Показывается;;07.09.2023 12:55;Батарейки и аккумуляторы;Батарейка;'0.04;'0.1;0;0;80;0;0;2000.00;7900.00;;0%
'Varta CR1632;627997263;1179041901;OZN1179041902;Элемент питания CR1632 Varta, батарейка Варта CR1632;'65;Varta;Продается;;21;'4.90;Показывается;;07.09.2023 14:14;Батарейки и аккумуляторы;Батарейка;'0.04;'0.1;0;0;465;0;0;1360.00;4900.00;;0%
'Varta CR1632 2шт;627997435;1179043421;OZN1179043420;Элемент питания CR1632 Varta 2шт., батарейка Варта CR1632;'82.5;Varta;Продается;;70;'4.90;Показывается;;07.09.2023 14:14;Батарейки и аккумуляторы;Батарейка;'0.04;'0.1;0;0;390;0;0;2300.00;7900.00;;0%
'Varta CR2430;629022721;1180847335;OZN1180847339;Элемент питания CR2430 Varta, батарейка Варта CR2430;'65;Varta;Продается;;0;'5.00;Показывается;;08.09.2023 10:23;Батарейки и аккумуляторы;Батарейка;'0.04;'0.1;1;0;24;0;0;980.00;4900.00;;0%
'Varta CR2430 2шт;629023015;1180847470;OZN1180847474;Элемент питания CR2430 Varta 2шт., батарейка Варта CR2430;'65;Varta;Продается;;4;'5.00;Показывается;;08.09.2023 10:24;Батарейки и аккумуляторы;Батарейка;'0.04;'0.1;0;0;102;0;0;1900.00;7900.00;;0%
'Remax 11 Pro Privacy;629235590;1181226899;OZN1181226899;ПРИВАТНОЕ СТЕКЛО для iPhone 11 Pro / Xs / X REMAX Privacy с олеофобным покрытием, защитное стекло антишпион для Айфон 11 Про;'75;REMAX;Продается;;24;'4.40;Показывается;;08.09.2023 14:23;Защитные пленки и стекла;Защитное стекло;'0.17;'0.1;4;0;10;0;0;1580.00;7900.00;;0%
'Renata CR1616 2шт;631483668;1185432185;OZN1185432189;Элемент питания CR1616 Renata 2шт., батарейка Рената CR1616;'65;Renata;Продается;;11;'5.00;Показывается;;11.09.2023 10:28;Батарейки и аккумуляторы;Батарейка;'0.04;'0.1;0;0;7;0;0;1140.00;4900.00;;0%
'Renata CR1620 2шт;631590705;1185561877;OZN1185561876;Элемент питания CR1620 Renata 2шт., батарейка Рената CR1620;'65;Renata;Продается;;10;'5.00;Показывается;;11.09.2023 12:29;Батарейки и аккумуляторы;Батарейка;'0.04;'0.1;0;0;501;0;0;1900.00;7900.00;;0%
'Renata CR1632 2шт;631655041;1185690764;OZN1185690763;Элемент питания CR1632 Renata, батарейка Рената CR1632;'65;Renata;Продается;;20;'4.90;Показывается;;11.09.2023 13:53;Батарейки и аккумуляторы;Батарейка;'0.04;'0.1;0;0;478;0;0;1980.00;7900.00;;0%
'Renata CR2430 2шт;632555609;1187327204;OZN1187327203;Элемент питания CR2430 Renata 2шт., батарейка Рената CR2430;'65;Renata;Продается;;1;'5.00;Показывается;;12.09.2023 9:38;Батарейки и аккумуляторы;Батарейка;'0.04;'0.1;0;0;489;0;0;2300.00;7900.00;;0%
'Renata CR2477 2шт;634232608;1189722422;OZN1189722421;Элемент питания CR2477 Renata 2шт., батарейка Рената CR2477;'65;Renata;Готов к продаже;;3;'5.00;Показывается;;13.09.2023 13:36;Батарейки и аккумуляторы;Батарейка;'0.04;'0.1;0;0;0;0;0;1890.00;2990.00;;0%
'Renata CR2477;634232611;1189721936;OZN1189721934;Элемент питания CR2477 Renata, батарейка Рената CR2477;'65;Renata;Готов к продаже;;5;'5.00;Показывается;;13.09.2023 13:36;Батарейки и аккумуляторы;Батарейка;'0.04;'0.1;0;0;0;0;0;1000.00;1500.00;;0%
'Mago Pro 15 Pro Max Black;636635471;1192973423;OZN1192973423;Чехол для iPhone 15 Pro Max с Mag Safe Keephone Mago Pro ударопрочный, черный противоударный чехол для Айфон 15 Про Макс;'87.5;KEEPHONE;Готов к продаже;;46;'5.00;Показывается;;15.09.2023 10:50;Чехлы;Чехол для смартфона;'0.28;'0.1;0;0;0;0;0;2990.00;4750.00;;0%
'Mago Pro 15 Pro Black;636709909;1193102246;OZN1193102246;Чехол для iPhone 15 Pro Keephone Mago Pro с Mag Safe , черный противоударный чехол для Айфон 15 Про;'87.5;KEEPHONE;Продается;;62;'4.90;Показывается;;15.09.2023 12:16;Чехлы;Чехол для смартфона;'0.28;'0.1;1;0;6;0;0;5980.00;11990.00;;0%
'Guardian 15 Pro Max Black;636728338;1193133190;OZN1193133190;Чехол для iPhone 15 Pro Max KZDOO (K-DOO) Guardian, черный противоударный чехол для Айфон 15 Про Макс;'70;KZDOO;Продается;;5;'4.00;Показывается;;15.09.2023 12:45;Чехлы;Чехол для смартфона;'0.36;'0.1;17;0;0;0;0;5124.00;11990.00;;0%
'Guardian 15 Pro Max Clear;636728376;1193133439;OZN1193133439;Чехол для iPhone 15 Pro Max KZDOO (K-DOO) Guardian, прозрачный противоударный чехол для Айфон 15 Про Макс;'45;KZDOO;Продается;;37;'4.00;Показывается;;15.09.2023 12:46;Чехлы;Чехол для смартфона;'0.36;'0.1;71;0;10;0;0;4700.00;11990.00;;0%
'Noble 15 Pro Max Brown;636815064;1193247370;OZN1193247370;Кожаный чехол для iPhone 15 Pro Max KZDOO Noble Collection, коричневый чехол для Айфон 15 Про Макс;'70;KZDOO;Продается;;47;'4.70;Показывается;;15.09.2023 14:00;Чехлы;Чехол для смартфона;'1.47;'0.3;9;0;9;0;0;6180.00;11990.00;;0%
'Noble 15 Pro Max Purple;636815068;1193247247;OZN1193247247;Кожаный чехол для iPhone 15 Pro Max KZDOO Noble Collection, фиолетовый чехол для Айфон 15 Про Макс;'70;KZDOO;Продается;;15;'4.70;Показывается;;15.09.2023 14:00;Чехлы;Чехол для смартфона;'1.55;'0.3;1;0;9;0;0;6180.00;11990.00;;0%
'Noble 15 Pro Max Blue;636815087;1193247056;OZN1193247056;Кожаный чехол для iPhone 15 Pro Max KZDOO Noble Collection, синий чехол для Айфон 15 Про Макс;'70;KZDOO;Продается;;39;'4.70;Показывается;;15.09.2023 14:00;Чехлы;Чехол для смартфона;'0.36;'0.1;4;0;10;0;1;6180.00;11990.00;;0%
'Noble 15 Pro Max White;636815088;1193247059;OZN1193247059;Кожаный чехол для iPhone 15 Pro Max KZDOO Noble Collection, белый чехол для Айфон 15 Про Макс;'70;KZDOO;Продается;;45;'4.70;Показывается;;15.09.2023 14:00;Чехлы;Чехол для смартфона;'0.36;'0.1;7;0;10;0;0;6180.00;11990.00;;0%
'Noble 15 Pro Max Black;636815103;1193247060;OZN1193247060;Кожаный чехол для iPhone 15 Pro Max KZDOO Noble Collection, черный чехол для Айфон 15 Про Макс;'70;KZDOO;Продается;;98;'4.70;Показывается;;15.09.2023 14:00;Чехлы;Чехол для смартфона;'0.36;'0.1;6;0;10;0;0;6736.00;11990.00;;0%
'Guardian 15 Pro Clear;637581668;1194148200;OZN1194148200;Чехол для iPhone 15 Pro KZDOO (K-DOO) Guardian, прозрачный противоударный чехол для Айфон 15 Про;'45;KZDOO;Продается;;48;'4.80;Показывается;;16.09.2023 10:18;Чехлы;Чехол для смартфона;'0.36;'0.1;12;0;10;0;0;5124.00;11990.00;;0%
'Guardian 15 Pro Black;637581671;1194223008;OZN1194223008;Чехол для iPhone 15 Pro KZDOO (K-DOO) Guardian, черный противоударный чехол для Айфон 15 Про;'70;KZDOO;Продается;;4;'4.80;Показывается;;16.09.2023 10:18;Чехлы;Чехол для смартфона;'0.36;'0.1;10;0;0;0;0;4700.00;11990.00;;0%
'Noble 15 Pro White;637588391;1194164512;OZN1194164512;Кожаный чехол для iPhone 15 Pro KZDOO Noble Collection, белый для Айфон 15 Про;'82.5;KZDOO;Продается;;39;'4.90;Показывается;;16.09.2023 10:32;Чехлы;Чехол для смартфона;'0.36;'0.1;31;0;4;0;0;6180.00;11990.00;;0%
'Noble 15 Pro Black;637588408;1194270647;OZN1194270647;Кожаный чехол для iPhone 15 Pro KZDOO Noble Collection, черный для Айфон 15 Про;'77.5;KZDOO;Продается;;107;'4.90;Показывается;;16.09.2023 10:32;Чехлы;Чехол для смартфона;'0.36;'0.1;78;0;9;0;0;6180.00;11990.00;;0%
'Noble 15 Pro Purple;637588409;1194164562;OZN1194164562;Кожаный чехол для iPhone 15 Pro KZDOO Noble Collection, фиолетовый для Айфон 15 Про;'70;KZDOO;Продается;;3;'4.90;Показывается;;16.09.2023 10:32;Чехлы;Чехол для смартфона;'0.36;'0.1;4;0;5;0;0;6180.00;11990.00;;0%
'Noble 15 Pro Brown;637588415;1194226613;OZN1194226613;Кожаный чехол для iPhone 15 Pro KZDOO Noble Collection, коричневый для Айфон 15 Про;'70;KZDOO;Продается;;37;'4.90;Показывается;;16.09.2023 10:32;Чехлы;Чехол для смартфона;'0.36;'0.1;3;0;5;0;1;6180.00;11990.00;;0%
'Noble 15 Pro Blue;637588416;1194165647;OZN1194165647;Кожаный чехол для iPhone 15 Pro KZDOO Noble Collection, синий чехол для Айфон 15 Про;'70;KZDOO;Продается;;46;'4.90;Показывается;;16.09.2023 10:32;Чехлы;Чехол для смартфона;'0.36;'0.1;24;0;10;0;0;6180.00;11990.00;;0%
'Remax 15 Pro;646542096;1206460843;OZN1206460843;Защитное стекло для Айфон 15 Про Remax;'77.5;REMAX;Продается;;29;'5.00;Показывается;;23.09.2023 12:46;Защитные пленки и стекла;Защитное стекло;'0.17;'0.1;0;0;96;0;0;1220.00;4900.00;;0%
'Remax 15 Pro Max;646546819;1206466740;OZN1206466740;Защитное стекло REMAX для iPhone 15ProMax (Айфон 15ПроМакс);'75;REMAX;Продается;;12;'5.00;Показывается;;23.09.2023 12:55;Защитные пленки и стекла;Защитное стекло;'0.17;'0.1;7;0;96;0;0;1180.00;4900.00;;0%
'Remax 15;646561014;1206486514;OZN1206486513;Защитное стекло для iPhone 15 REMAX Medicine с олеофобным покрытием, защитное стекло для Айфон 15;'82.5;REMAX;Продается;;0;'0.00;Показывается;;23.09.2023 13:13;Защитные пленки и стекла;Защитное стекло;'0.17;'0.1;14;0;20;0;0;1320.00;4900.00;;0%
'Air Carbon S23 Ultra Black;654751036;1216956576;OZN1216956576;Чехол для Samsung Galaxy S23 Ultra ультратонкий KZDOO Air Carbon с защитой камер, черный супертонкий чехол для Самсунг Галакси S23 Ультра;'75;KZDOO;Готов к продаже;;300;'4.70;Показывается;;30.09.2023 11:50;Чехлы;Чехол для смартфона;'0.36;'0.1;0;0;0;0;0;2900.00;11990.00;;0%
'Air Skin 15 Pro Max Clear;663006389;1227509793;OZN1227509793;Ультратонкий чехол на Айфон 15 Про Макс Air Skin с защитой камер, прозрачный чехол для iPhone 15 Pro Max;'87.5;KZDOO;Продается;;358;'4.70;Показывается;;07.10.2023 15:06;Чехлы;Чехол для смартфона;'0.36;'0.1;567;2;10;0;0;4400.00;11990.00;;0%
'Air Skin 15 Pro Max Black;663006440;1228559332;OZN1228559332;Ультратонкий чехол на Айфон 15 Про Макс Air Skin с защитой камер, черный чехол для iPhone 15 Pro Max;'70;KZDOO;Продается;;88;'4.70;Показывается;;07.10.2023 15:06;Чехлы;Чехол для смартфона;'0.36;'0.1;22;0;10;0;0;2980.00;11990.00;;0%
'Air Skin 15 Pro Max Blue;663006468;1227510385;OZN1227510385;Ультратонкий чехол на Айфон 15 Про Макс Air Skin с защитой камер, синий чехол для iPhone 15 Pro Max;'70;KZDOO;Продается;;32;'4.70;Показывается;;07.10.2023 15:06;Чехлы;Чехол для смартфона;'0.36;'0.1;4;0;10;0;0;2980.00;11990.00;;0%
'Air Skin 15 Pro Black;664029201;1228688980;OZN1228688980;Ультратонкий чехол на Айфон 15 Про Air Skin с защитой камер, черный чехол для iPhone 15 Pro;'80;KZDOO;Готов к продаже;;108;'4.70;Показывается;;08.10.2023 14:20;Чехлы;Чехол для смартфона;'0.36;'0.1;0;0;0;0;0;1450.00;2090.00;;0%
'Air Skin 15 Pro Clear;664029208;1228688803;OZN1228688803;Ультратонкий чехол на Айфон 15 Про Air Skin с защитой камер, прозрачный чехол для iPhone 15 Pro;'87.5;KZDOO;Продается;;275;'4.70;Показывается;;08.10.2023 14:20;Чехлы;Чехол для смартфона;'0.36;'0.1;456;1;10;0;0;4980.00;11990.00;;0%
'Air Skin 15 Pro Blue;664029221;1228688893;OZN1228688893;Ультратонкий чехол на Айфон 15 Про Air Skin с защитой камер, синий чехол для iPhone 15 Pro;'70;KZDOO;Продается;;44;'4.70;Показывается;;08.10.2023 14:20;Чехлы;Чехол для смартфона;'1.52;'0.3;8;2;10;0;0;2900.00;11990.00;;0%
'Remax 13 Mini;669543685;1235511810;OZN1235511811;Защитное стекло на iPhone 13 Mini REMAX стекло для Айфон 13 Мини;'70;REMAX;Готов к продаже;;0;'0.00;Показывается;;11.10.2023 15:14;Защитные пленки и стекла;Защитное стекло;'0.17;'0.1;0;0;0;0;0;1120.00;4900.00;;0%
'Remax 12 Mini;674188431;1241377789;OZN1241377790;Защитное стекло на iPhone 12 Mini REMAX стекло для Айфон 12 Мини;'77.5;REMAX;Продается;;0;'0.00;Показывается;;14.10.2023 8:14;Защитные пленки и стекла;Защитное стекло;'0.17;'0.1;9;0;0;0;0;1120.00;4900.00;;0%
'Remax 15 Pro Privacy;689188304;1256368555;OZN1256368555;Приватное стекло для iPhone 15 Pro REMAX, защитное антишпион стекло на Айфон 15 Про;'77.5;REMAX;Продается;;10;'5.00;Показывается;;23.10.2023 14:02;Защитные пленки и стекла;Защитное стекло;'0.17;'0.1;0;0;101;0;0;1580.00;7900.00;;0%
'Remax 15 Pro Max Privacy;689208973;1256387562;OZN1256387562;Приватное стекло для iPhone 15 Pro Max REMAX, стекло антишпион для Айфон 15 Про Макс;'77.5;REMAX;Продается;;8;'5.00;Показывается;;23.10.2023 14:24;Защитные пленки и стекла;Защитное стекло;'0.17;'0.1;0;0;10;0;0;1580.00;7900.00;;0%
'Keephone Kevilar 15 Pro Max Black;690550469;1257568856;OZN1257568856;Чехол для iPhone 15 Pro Max с MagSafe Keephone KEVILAR, кевларовый черный чехол на Айфон 15 Про Макс;'70;KEEPHONE;Готов к продаже;;50;'4.80;Показывается;;24.10.2023 10:41;Чехлы;Чехол для смартфона;'0.41;'0.1;0;0;0;0;0;8990.00;8990.00;;0%
'Keephone Kevilar 15 Pro Black;690567214;1257443169;OZN1257443169;Чехол для iPhone 15 Pro с MagSafe Keephone KEVILAR, кевларовый черный чехол на Айфон 15 Про;'70;KEEPHONE;Продается;;8;'4.90;Показывается;;24.10.2023 10:48;Чехлы;Чехол для смартфона;'0.41;'0.1;5;0;4;0;0;5990.00;11990.00;;0%
'Non-Yellowing 15 Pro Max Clear;692402999;1259237674;OZN1259237674;Чехол для iPhone 15 Pro Max с Mag Safe Keephone Non-Yellowing, прозрачный чехол с маг сейф для Айфон 15 Про Макс;'45;KEEPHONE;Готов к продаже;;3;'5.00;Показывается;;25.10.2023 9:32;Чехлы;Чехол для смартфона;'0.41;'0.1;0;0;0;0;0;4780.00;11990.00;;0%
'Non-Yellowing 15 Pro Clear;692445315;1259166005;OZN1259166005;Чехол для iPhone 15 Pro с Mag Safe, противоударный прозрачный чехол с маг сейф на Айфон 15 Про;'45;KEEPHONE;Продается;;2;'5.00;Показывается;;25.10.2023 9:48;Чехлы;Чехол для смартфона;'0.41;'0.1;1;0;2;0;0;4780.00;11990.00;;0%
'Keephone Kevilar 15 Pro Max BMW;718922840;1282913361;OZN1282913361;Чехол для iPhone 15 Pro Max с MagSafe KEVILAR, кевларовый чехол на Айфон 15 Про Макс / BMW M series;'77.5;KEEPHONE;Готов к продаже;;71;'4.80;Показывается;;09.11.2023 13:26;Чехлы;Чехол для смартфона;'0.41;'0.1;0;0;0;0;0;8990.00;8990.00;;0%
'Keephone Kevilar 15 Pro BMW;718966372;1282947900;OZN1282947900;Чехол для iPhone 15 Pro с MagSafe KEVILAR, кевларовый чехол на Айфон 15 Про / BMW M series;'77.5;KEEPHONE;Готов к продаже;;63;'4.90;Показывается;;09.11.2023 13:56;Чехлы;Чехол для смартфона;'0.41;'0.1;0;0;0;0;0;11990.00;11990.00;;0%
'Aurora Pro 15 Pro Blue;720079821;1283966025;OZN1283966025;Чехол для iPhone 15 Pro c MagSafe Aurora Pro, синий чехол для Айфон 15 Про;'52.5;KEEPHONE;Готов к продаже;;1;'0.00;Показывается;;10.11.2023 7:50;Чехлы;Чехол для смартфона;'0.38;'0.1;0;0;0;0;0;2150.00;3490.00;;0%
'Keephone Kevilar 15 Pro Blue;720524854;1284372874;OZN1284372874;Чехол для iPhone 15 Pro с MagSafe KEVILAR, кевларовый синий чехол на Айфон 15 Про;'70;KEEPHONE;Продается;;6;'4.90;Показывается;;10.11.2023 10:08;Чехлы;Чехол для смартфона;'0.41;'0.1;2;0;0;0;0;5990.00;11990.00;;0%
'Keephone Kevilar 15 Pro Max Blue;720579339;1284433900;OZN1284433900;Чехол для iPhone 15 Pro Max с MagSafe KEVILAR, кевларовый синий чехол на Айфон 15 Про Макс;'70;KEEPHONE;Готов к продаже;;17;'4.80;Показывается;;10.11.2023 10:41;Чехлы;Чехол для смартфона;'0.41;'0.1;0;0;0;0;0;5990.00;8990.00;;0%
'Heldro Pro 15 Pro Blue;720682556;1284529522;OZN1284529522;Чехол для iPhone 15 Pro с держателем Keephone Heldro Pro, синий противоударный чехол для Айфон 15 Про;'70;KEEPHONE;Готов к продаже;;6;'5.00;Показывается;;10.11.2023 11:52;Чехлы;Чехол для смартфона;'0.38;'0.1;0;0;0;0;0;3450.00;5090.00;;0%
'Magico 15 Pro Max Clear;721983777;1285756141;OZN1285756141;Чехол для iPhone 15 Pro Max с подставкой и Mag Safe Keephone Magico, прозрачный противоударный чехол для Айфон 15 Про Макс;'77.5;KEEPHONE;Продается;;48;'4.90;Показывается;;11.11.2023 8:50;Чехлы;Чехол для смартфона;'0.38;'0.1;7;0;0;0;0;7000.00;11990.00;;0%
'Magico 15 Pro Max Blue;721983799;1285755591;OZN1285755591;Чехол для iPhone 15 Pro Max с подставкой и Mag Safe Keephone Magico, синий противоударный чехол для Айфон 15 Про Макс;'70;KEEPHONE;Продается;;15;'4.90;Показывается;;11.11.2023 8:50;Чехлы;Чехол для смартфона;'0.38;'0.1;2;0;0;0;0;7980.00;11990.00;;0%
'Magico 15 Pro Max Black;721983838;1285756081;OZN1285756081;Чехол для iPhone 15 Pro Max с подставкой и Mag Safe Keephone Magico, черный противоударный чехол для Айфон 15 Про Макс;'77.5;KEEPHONE;Продается;;10;'4.90;Показывается;;11.11.2023 8:50;Чехлы;Чехол для смартфона;'0.38;'0.1;7;0;5;0;0;6780.00;11990.00;;0%
'Magico 15 Pro Black;722202531;1285952892;OZN1285952892;Чехол для iPhone 15 Pro с подставкой и Mag Safe Keephone Magico, черный противоударный чехол для Айфон 15 Про;'77.5;KEEPHONE;Продается;;5;'0.00;Показывается;;11.11.2023 10:16;Чехлы;Чехол для смартфона;'0.38;'0.1;9;0;0;0;0;7000.00;11990.00;;0%
'Magico 15 Pro Blue;722212426;1285963612;OZN1285963612;Чехол для iPhone 15 Pro с подставкой и Mag Safe Keephone Magico, синий противоударный чехол для Айфон 15 Про;'52.5;KEEPHONE;Продается;;3;'0.00;Показывается;;11.11.2023 10:22;Чехлы;Чехол для смартфона;'0.38;'0.1;11;0;0;0;0;6954.00;11990.00;;0%
'Magico 15 Pro Clear;722217006;1285968580;OZN1285968580;Чехол для iPhone 15 Pro с подставкой и Mag Safe Keephone Magico, прозрачный противоударный чехол для Айфон 15 Про;'77.5;KEEPHONE;Продается;;9;'0.00;Показывается;;11.11.2023 10:27;Чехлы;Чехол для смартфона;'0.38;'0.1;5;0;0;0;0;7000.00;11990.00;;0%
'Mago Pro 15 Pro Blue;722289358;1286032251;OZN1286032251;Чехол для iPhone 15 Pro Keephone Mago Pro с Mag Safe , синий противоударный чехол для Айфон 15 Про;'77.5;KEEPHONE;Продается;;19;'4.90;Показывается;;11.11.2023 11:58;Чехлы;Чехол для смартфона;'0.28;'0.1;10;0;5;0;0;5780.00;11990.00;;0%
'Mago Pro 15 Pro Max Blue;722298607;1286038518;OZN1286038518;Чехол для iPhone 15 Pro Max Keephone Mago Pro с Mag Safe , синий противоударный чехол для Айфон 15 Про Макс;'77.5;KEEPHONE;Продается;;14;'5.00;Показывается;;11.11.2023 12:11;Чехлы;Чехол для смартфона;'0.28;'0.1;6;0;0;0;0;5980.00;11990.00;;0%
'Rosana 15 Pro Max Blue;722473997;1286190480;OZN1286190480;Чехол для iPhone 15 Pro Max с Mag Safe Keephone Rosana / синий силиконовый чехол на Айфон 15 Про Макс;'45;KEEPHONE;Продается;;0;'0.00;Показывается;;11.11.2023 15:08;Чехлы;Чехол для смартфона;'0.28;'0.1;1;0;0;0;0;6980.00;11990.00;;0%
'Rosana 15 Pro Max Pink;722474085;1286190575;OZN1286190575;Чехол для iPhone 15 Pro Max с Mag Safe Keephone Rosana / розовый силиконовый чехол на Айфон 15 Про Макс;'45;KEEPHONE;Продается;;0;'0.00;Показывается;;11.11.2023 15:09;Чехлы;Чехол для смартфона;'0.28;'0.1;1;0;0;0;0;6980.00;11990.00;;0%
'Rosana 15 Pro Pink;723297316;1286950001;OZN1286950001;Чехол для iPhone 15 Pro с Mag Safe Keephone Rosana / розовый силиконовый чехол на Айфон 15 Про;'70;KEEPHONE;Готов к продаже;;0;'0.00;Показывается;;12.11.2023 12:24;Чехлы;Чехол для смартфона;'0.28;'0.1;0;0;0;0;0;3490.00;5990.00;;0%
'Mag Noble 15 Pro Max White;727232172;1290478137;OZN1290478137;Кожаный чехол для iPhone 15 Pro Max с MagSafe KZDOO Mag Noble Collection, белый чехол для Айфон 15 Про Макс;'70;KZDOO;Продается;;20;'4.80;Показывается;;14.11.2023 14:22;Чехлы;Чехол для смартфона;'0.36;'0.1;12;0;10;0;0;10006.00;11990.00;;0%
'Mag Noble 15 Pro Max Black;727232203;1290478044;OZN1290478044;Кожаный чехол для iPhone 15 Pro Max с MagSafe KZDOO Mag Noble Collection, черный чехол для Айфон 15 Про Макс;'77.5;KZDOO;Продается;;23;'4.80;Показывается;;14.11.2023 14:22;Чехлы;Чехол для смартфона;'0.36;'0.1;2;0;0;0;0;9180.00;11990.00;;0%
'Mag Noble 15 Pro Max Green;727232204;1290478185;OZN1290478185;Кожаный чехол для iPhone 15 Pro Max с MagSafe KZDOO Mag Noble Collection, зеленый чехол для Айфон 15 Про Макс;'70;KZDOO;Продается;;1;'4.80;Показывается;;14.11.2023 14:22;Чехлы;Чехол для смартфона;'0.36;'0.1;7;0;10;0;0;9180.00;11990.00;;0%
'Mag Noble 15 Pro Max Blue;727232215;1290478172;OZN1290478172;Кожаный чехол для iPhone 15 Pro Max с MagSafe KZDOO Mag Noble Collection, синий чехол для Айфон 15 Про Макс;'70;KZDOO;Продается;;15;'4.80;Показывается;;14.11.2023 14:22;Чехлы;Чехол для смартфона;'0.36;'0.1;12;0;0;0;0;9180.00;11990.00;;0%
'Mag Noble 15 Pro Max Brown;727232267;1290478248;OZN1290478248;Кожаный чехол для iPhone 15 Pro Max с MagSafe KZDOO Mag Noble Collection, коричневый чехол для Айфон 15 Про Макс;'70;KZDOO;Продается;;8;'4.80;Показывается;;14.11.2023 14:22;Чехлы;Чехол для смартфона;'0.36;'0.1;2;0;5;0;0;9180.00;11990.00;;0%
'Mag Noble 15 Pro Max Yellow;727232268;1290478403;OZN1290478403;Кожаный чехол для iPhone 15 Pro Max с MagSafe KZDOO Mag Noble Collection, желтый чехол для Айфон 15 Про Макс;'70;KZDOO;Продается;;3;'4.80;Показывается;;14.11.2023 14:22;Чехлы;Чехол для смартфона;'0.36;'0.1;5;0;10;0;0;9180.00;11990.00;;0%
'Mag Noble 15 Pro Max Orange;727232287;1290478259;OZN1290478259;Кожаный чехол для iPhone 15 Pro Max с MagSafe KZDOO Mag Noble Collection, оранжевый чехол для Айфон 15 Про Макс;'70;KZDOO;Продается;;10;'4.80;Показывается;;14.11.2023 14:22;Чехлы;Чехол для смартфона;'0.36;'0.1;11;0;10;0;0;9180.00;11990.00;;0%
'Mag Noble 15 Pro White;727238524;1290484025;OZN1290484025;Кожаный чехол для iPhone 15 Pro с MagSafe KZDOO Mag Noble Collection, белый чехол для Айфон 15 Про;'70;KZDOO;Продается;;12;'4.50;Показывается;;14.11.2023 14:27;Чехлы;Чехол для смартфона;'0.36;'0.1;2;0;0;0;0;9180.00;11990.00;;0%
'Mag Noble 15 Pro Black;727246863;1290489758;OZN1290489758;Кожаный чехол для iPhone 15 Pro с MagSafe KZDOO Mag Noble Collection, черный чехол для Айфон 15 Про;'70;KZDOO;Продается;;40;'4.50;Показывается;;14.11.2023 14:28;Чехлы;Чехол для смартфона;'0.36;'0.1;2;0;8;0;0;9180.00;11990.00;;0%
'Mag Noble 15 Pro Green;727251798;1290496303;OZN1290496303;Кожаный чехол для iPhone 15 Pro с MagSafe KZDOO Mag Noble Collection, зеленый чехол для Айфон 15 Про;'70;KZDOO;Готов к продаже;;3;'4.50;Показывается;;14.11.2023 14:31;Чехлы;Чехол для смартфона;'0.36;'0.1;0;0;0;0;0;9180.00;11990.00;;0%
'Mag Noble 15 Pro Blue;727254371;1290498764;OZN1290498764;Кожаный чехол для iPhone 15 Pro с MagSafe KZDOO Mag Noble Collection, синий чехол для Айфон 15 Про;'77.5;KZDOO;Продается;;26;'4.50;Показывается;;14.11.2023 14:33;Чехлы;Чехол для смартфона;'0.36;'0.1;3;0;0;0;0;9180.00;11990.00;;0%
'Mag Noble 15 Pro Brown;727256797;1290500664;OZN1290500664;Кожаный чехол для iPhone 15 Pro с MagSafe KZDOO Mag Noble Collection, коричневый чехол для Айфон 15 Про;'70;KZDOO;Продается;;9;'4.50;Показывается;;14.11.2023 14:35;Чехлы;Чехол для смартфона;'0.36;'0.1;1;0;0;0;0;9180.00;11990.00;;0%
'Mag Noble 15 Pro Yellow;727259527;1290502889;OZN1290502889;Кожаный чехол для iPhone 15 Pro с MagSafe KZDOO Mag Noble Collection, желтый чехол для Айфон 15 Про;'70;KZDOO;Продается;;3;'4.50;Показывается;;14.11.2023 14:37;Чехлы;Чехол для смартфона;'0.36;'0.1;2;0;0;0;0;9180.00;11990.00;;0%
'Mag Noble 15 Pro Orange;727261022;1290504670;OZN1290504670;Кожаный чехол для iPhone 15 Pro с MagSafe KZDOO Mag Noble Collection, оранжевый чехол для Айфон 15 Про;'70;KZDOO;Продается;;7;'4.50;Показывается;;14.11.2023 14:38;Чехлы;Чехол для смартфона;'0.36;'0.1;1;0;0;0;0;9180.00;11990.00;;0%
'Heldro Pro 15 Pro Gray;728408552;1291686309;OZN1291686309;Чехол для iPhone 15 Pro с держателем Keephone Heldro Pro, серый противоударный чехол для Айфон 15 Про;'70;KEEPHONE;Готов к продаже;;5;'5.00;Показывается;;15.11.2023 7:59;Чехлы;Чехол для смартфона;'0.38;'0.1;0;0;0;0;0;3450.00;5090.00;;0%
'Dazzle Pro 15 Pro Max Blue;728805026;1291868296;OZN1291868296;Чехол для iPhone 15 Pro Max с Mag Safe Keephone Dazzle Pro, матовый противоударный чехол для Айфон 15 Про Макс;'40;KEEPHONE;Готов к продаже;;1;'0.00;Показывается;;15.11.2023 9:56;Чехлы;Чехол для смартфона;'0.38;'0.1;0;0;0;0;0;2850.00;4790.00;;0%
'Dazzle Pro 15 Pro Black;728821299;1291886195;OZN1291886195;Чехол для iPhone 15 Pro с Mag Safe Keephone Dazzle Pro, матовый противоударный чехол для Айфон 15 Про;'45;KEEPHONE;Продается;;1;'0.00;Показывается;;15.11.2023 10:04;Чехлы;Чехол для смартфона;'0.38;'0.1;2;0;0;0;0;5700.00;11990.00;;0%
'X-Crystal 15 Pro Max Blue;729208350;1292188449;OZN1292188449;Чехол для iPhone 15 Pro Max c MagSafe X-Crystal, синий чехол для Айфон 15 Про Макс;'45;KEEPHONE;Продается;;0;'0.00;Показывается;;15.11.2023 13:21;Чехлы;Чехол для смартфона;'0.38;'0.1;1;0;0;0;0;4300.00;11990.00;;0%
'Guardian 15 Pro Blue;733006134;1295723618;OZN1295723618;Чехол для iPhone 15 Pro KZDOO (K-DOO) Guardian, синий противоударный чехол для Айфон 15 Про;'70;KZDOO;Продается;;3;'4.80;Показывается;;17.11.2023 13:52;Чехлы;Чехол для смартфона;'0.36;'0.1;6;0;10;0;0;4700.00;11990.00;;0%
'Guardian 15 Pro Max Blue;733013704;1295732137;OZN1295732137;Чехол для iPhone 15 Pro Max KZDOO (K-DOO) Guardian, синий противоударный чехол для Айфон 15 Про Макс;'70;KZDOO;Продается;;1;'4.00;Показывается;;17.11.2023 13:55;Чехлы;Чехол для смартфона;'0.36;'0.1;3;0;0;0;0;4700.00;11990.00;;0%
'Air Skin 15 Pro Pink;733021524;1295737458;OZN1295737458;Ультратонкий чехол на Айфон 15 Про Air Skin с защитой камер, розовый чехол для iPhone 15 Pro;'77.5;KZDOO;Продается;;21;'4.70;Показывается;;17.11.2023 14:01;Чехлы;Чехол для смартфона;'0.36;'0.1;4;0;10;0;0;2900.00;11990.00;;0%
'Air Skin 15 Pro Gray;733023562;1295740991;OZN1295740991;Ультратонкий чехол на Айфон 15 Про Air Skin с защитой камер, серый чехол для iPhone 15 Pro;'77.5;KZDOO;Готов к продаже;;25;'4.70;Показывается;;17.11.2023 14:03;Чехлы;Чехол для смартфона;'0.36;'0.1;0;0;0;0;0;2490.00;2990.00;;0%
'Air Skin 15 Pro Green;733032725;1295747378;OZN1295747378;Ультратонкий чехол на Айфон 15 Про Air Skin с защитой камер, зеленый чехол для iPhone 15 Pro;'77.5;KZDOO;Продается;;18;'4.70;Показывается;;17.11.2023 14:04;Чехлы;Чехол для смартфона;'0.36;'0.1;5;0;0;0;0;2900.00;11990.00;;0%
'Air Skin 15 Pro Titanium;733049390;1295762201;OZN1295762201;Ультратонкий чехол на Айфон 15 Про Air Skin с защитой камер, чехол цвета титан для iPhone 15 Pro;'77.5;KZDOO;Продается;;75;'4.70;Показывается;;17.11.2023 14:09;Чехлы;Чехол для смартфона;'0.36;'0.1;30;0;9;0;0;3162.00;11990.00;;0%
'Air Skin 15 Pro Max Pink;733052256;1295765601;OZN1295765601;Ультратонкий чехол на Айфон 15 Про Макс Air Skin с защитой камер, розовый чехол для iPhone 15 Pro Max;'77.5;KZDOO;Продается;;36;'4.70;Показывается;;17.11.2023 14:12;Чехлы;Чехол для смартфона;'0.36;'0.1;9;0;10;0;0;2980.00;11990.00;;0%
'Air Skin 15 Pro Max Gray;733055506;1295768596;OZN1295768596;Ультратонкий чехол на Айфон 15 Про Макс Air Skin с защитой камер, серый чехол для iPhone 15 Pro Max;'77.5;KZDOO;Продается;;39;'4.70;Показывается;;17.11.2023 14:15;Чехлы;Чехол для смартфона;'0.36;'0.1;7;0;10;0;0;2980.00;11990.00;;0%
'Air Skin 15 Pro Max Green;733056533;1295769530;OZN1295769530;Ультратонкий чехол на Айфон 15 Про Макс Air Skin с защитой камер, зеленый чехол для iPhone 15 Pro Max;'77.5;KZDOO;Продается;;10;'4.70;Показывается;;17.11.2023 14:17;Чехлы;Чехол для смартфона;'0.36;'0.1;7;0;10;0;0;2980.00;11990.00;;0%
'Air Skin 15 Pro Max Titanium;733057417;1295770508;OZN1295770508;Ультратонкий чехол на Айфон 15 Про Макс Air Skin с защитой камер, чехол цвета титан для iPhone 15 Pro Max;'87.5;KZDOO;Продается;;105;'4.70;Показывается;;17.11.2023 14:18;Чехлы;Чехол для смартфона;'0.36;'0.1;15;0;10;0;0;3162.00;11990.00;;0%
'Air Skin 15 Pro Purple;733063675;1295775731;OZN1295775731;Ультратонкий чехол на Айфон 15 Про Air Skin с защитой камер, фиолетовый чехол для iPhone 15 Pro;'77.5;KZDOO;Продается;;8;'4.70;Показывается;;17.11.2023 14:22;Чехлы;Чехол для смартфона;'0.36;'0.1;6;0;10;0;0;2900.00;11990.00;;0%
'Air Skin 15 Pro Max Purple;733065918;1295777625;OZN1295777625;Ультратонкий чехол на Айфон 15 Про Макс Air Skin с защитой камер, фиолетовый чехол для iPhone 15 Pro Max;'77.5;KZDOO;Продается;;19;'4.70;Показывается;;17.11.2023 14:24;Чехлы;Чехол для смартфона;'0.36;'0.1;7;0;10;0;0;2980.00;11990.00;;0%
'Air Carbon 15 Pro Blue;733085113;1295797051;OZN1295797051;Ультратонкий чехол для iPhone 15 Pro KZDOO Air Carbon с защитой камер, синий супертонкий чехол для Айфон 15 Про;'77.5;KZDOO;Продается;;18;'4.60;Показывается;;17.11.2023 14:38;Чехлы;Чехол для смартфона;'0.36;'0.1;1;0;10;0;0;2780.00;11990.00;;0%
'Air Carbon 15 Pro Purple;733085152;1295797404;OZN1295797404;Ультратонкий чехол для iPhone 15 Pro KZDOO Air Carbon с защитой камер, фиолетовый супертонкий чехол для Айфон 15 Про;'77.5;KZDOO;Продается;;5;'4.60;Показывается;;17.11.2023 14:38;Чехлы;Чехол для смартфона;'0.36;'0.1;7;0;0;0;0;2980.00;11990.00;;0%
'Air Carbon 15 Pro Titanium;733085170;1295797422;OZN1295797422;Ультратонкий чехол для iPhone 15 Pro KZDOO Air Carbon с защитой камер, цвета титан супертонкий чехол для Айфон 15 Про;'77.5;KZDOO;Продается;;16;'4.60;Показывается;;17.11.2023 14:38;Чехлы;Чехол для смартфона;'0.36;'0.1;3;0;0;0;0;2780.00;11990.00;;0%
'Air Carbon 15 Pro Black;733085182;1295797306;OZN1295797306;Ультратонкий чехол для iPhone 15 Pro KZDOO Air Carbon с защитой камер, черный супертонкий чехол для Айфон 15 Про;'77.5;KZDOO;Продается;;46;'4.60;Показывается;;17.11.2023 14:38;Чехлы;Чехол для смартфона;'0.36;'0.1;1;0;10;0;0;2780.00;11990.00;;0%
'Air Carbon 15 Pro Green;733085183;1295797120;OZN1295797120;Ультратонкий чехол для iPhone 15 Pro KZDOO Air Carbon с защитой камер, зеленый супертонкий чехол для Айфон 15 Про;'70;KZDOO;Готов к продаже;;9;'4.60;Показывается;;17.11.2023 14:38;Чехлы;Чехол для смартфона;'0.36;'0.1;0;0;0;0;0;2780.00;11990.00;;0%
'Air Carbon 15 Pro Max Blue;733159541;1295866122;OZN1295866122;Ультратонкий чехол для iPhone 15 Pro Max KZDOO Air Carbon с защитой камер, синий супертонкий чехол для Айфон 15 Про Макс;'77.5;KZDOO;Продается;;15;'4.70;Показывается;;17.11.2023 15:49;Чехлы;Чехол для смартфона;'0.36;'0.1;12;0;0;0;0;2780.00;11990.00;;0%
'Air Carbon 15 Pro Max Titanium;733159554;1295866381;OZN1295866381;Ультратонкий чехол для iPhone 15 Pro Max KZDOO Air Carbon с защитой камер, цвета титан супертонкий чехол для Айфон 15 Про Макс;'77.5;KZDOO;Продается;;19;'4.70;Показывается;;17.11.2023 15:49;Чехлы;Чехол для смартфона;'0.36;'0.1;1;0;9;0;0;2780.00;11990.00;;0%
'Air Carbon 15 Pro Max Black;733159588;1295866385;OZN1295866385;Ультратонкий чехол для iPhone 15 Pro Max KZDOO Air Carbon с защитой камер, черный супертонкий чехол для Айфон 15 Про Макс;'77.5;KZDOO;Продается;;64;'4.70;Показывается;;17.11.2023 15:49;Чехлы;Чехол для смартфона;'0.36;'0.1;4;0;10;0;0;2780.00;11990.00;;0%
'Air Carbon 15 Pro Max Green;733159603;1295866223;OZN1295866223;Ультратонкий чехол для iPhone 15 Pro Max KZDOO Air Carbon с защитой камер, зеленый супертонкий чехол для Айфон 15 Про Макс;'70;KZDOO;Готов к продаже;;2;'4.70;Показывается;;17.11.2023 15:49;Чехлы;Чехол для смартфона;'0.36;'0.1;0;0;0;0;0;1390.00;1990.00;;0%
'Air Carbon 15 Pro Max Purple;733159634;1295866282;OZN1295866282;Ультратонкий чехол для iPhone 15 Pro Max KZDOO Air Carbon с защитой камер, фиолетовый супертонкий чехол для Айфон 15 Про Макс;'77.5;KZDOO;Продается;;5;'4.70;Показывается;;17.11.2023 15:49;Чехлы;Чехол для смартфона;'0.36;'0.1;2;0;0;0;0;2780.00;11990.00;;0%
'Q Series 15 Pro Blue;741662299;1303906809;OZN1303906809;Тонкий чехол для iPhone 15 Pro KZDOO Q Series, синий силиконовый чехол на Айфон 15 Про;'52.5;KZDOO;Продается;;33;'4.90;Показывается;;22.11.2023 10:55;Чехлы;Чехол для смартфона;'0.36;'0.1;2;0;0;0;0;2100.00;7900.00;;0%
'Q Series 15 Pro Black;741662403;1303906679;OZN1303906679;Тонкий чехол для iPhone 15 Pro KZDOO Q Series, черный силиконовый чехол на Айфон 15 Про;'52.5;KZDOO;Продается;;189;'4.90;Показывается;;22.11.2023 10:55;Чехлы;Чехол для смартфона;'0.36;'0.1;2;0;0;0;0;2580.00;11990.00;;0%
'Q Series 15 Pro Max Blue;741668403;1303914175;OZN1303914175;Тонкий чехол для iPhone 15 Pro Max KZDOO Q Series, синий силиконовый чехол на Айфон 15 Про Макс;'52.5;KZDOO;Готов к продаже;;23;'4.90;Показывается;;22.11.2023 10:59;Чехлы;Чехол для смартфона;'0.36;'0.1;0;0;0;0;0;1100.00;1990.00;;0%
'Q Series 15 Pro Max Black;741672991;1303916799;OZN1303916799;Тонкий чехол для iPhone 15 Pro Max KZDOO Q Series, черный силиконовый чехол на Айфон 15 Про Макс;'52.5;KZDOO;Готов к продаже;;109;'4.90;Показывается;;22.11.2023 11:02;Чехлы;Чехол для смартфона;'0.36;'0.1;0;0;0;0;0;2380.00;7900.00;;0%
'Robiton 2032;769397175;1329192227;OZN1329192227;Батарейка CR2032 ROBITON Lithium, 3V;'65;Robiton;Продается;;20;'4.90;Показывается;;07.12.2023 11:48;Батарейки и аккумуляторы;Батарейка;'0.01;'0.1;48;0;0;0;0;600.00;2900.00;;0%
'Robiton 3032;769667797;1329441828;OZN1329441828;Батарейка CR3032 ROBITON Lithium, 3V;'77.5;Robiton;Готов к продаже;;24;'0.00;Показывается;;07.12.2023 14:39;Батарейки и аккумуляторы;Батарейка;'0.01;'0.1;0;0;0;0;0;490.00;1100.00;;0%
'Robiton 2032 2шт;770924639;1330563534;OZN1330563534;Батарейки CR2032 2шт. ROBITON Lithium, 3V;'70;Robiton;Продается;;58;'4.90;Показывается;;08.12.2023 8:12;Батарейки и аккумуляторы;Батарейка;'0.01;'0.1;161;0;152;0;0;700.00;2900.00;;0%
'Robiton 2032 5шт;771186292;1330806650;OZN1330806650;Батарейки CR2032 5шт ROBITON Lithium, 3V;'70;Robiton;Продается;;48;'4.90;Показывается;;08.12.2023 9:31;Батарейки и аккумуляторы;Батарейка;'0.01;'0.1;4;0;56;0;0;1020.00;4900.00;;0%
'Robiton 2025;771287865;1330904078;OZN1330904078;Батарейка CR2025 ROBITON Lithium, 3V;'70;Robiton;Продается;;25;'4.90;Показывается;;08.12.2023 10:07;Батарейки и аккумуляторы;Батарейка;'0.01;'0.1;2;0;0;0;0;520.00;2490.00;;0%
'Robiton 2025 2шт;771358845;1330967611;OZN1330967611;Батарейки CR2025 2шт ROBITON Lithium, 3V;'70;Robiton;Продается;;32;'4.90;Показывается;;08.12.2023 10:53;Батарейки и аккумуляторы;Батарейка;'0.01;'0.1;2;0;0;0;0;580.00;2900.00;;0%
'Robiton 2025 5шт;771360770;1330968942;OZN1330968942;Батарейка CR2025 5шт ROBITON Lithium, 3V;'70;Robiton;Продается;;17;'4.90;Показывается;;08.12.2023 10:55;Батарейки и аккумуляторы;Батарейка;'0.01;'0.1;1;0;38;0;0;980.00;4900.00;;0%
'Robiton 2450;771452217;1331055365;OZN1331055365;Батарейка CR2450 ROBITON Lithium, 3V;'70;Robiton;Продается;;92;'4.90;Показывается;;08.12.2023 11:50;Батарейки и аккумуляторы;Батарейка;'0.02;'0.1;96;0;40;0;0;980.00;4900.00;;0%
'Robiton 2450 2шт;771468762;1331071149;OZN1331071149;Батарейка CR2450 2шт ROBITON Lithium, 3V;'70;Robiton;Продается;;92;'4.90;Показывается;;08.12.2023 12:00;Батарейки и аккумуляторы;Батарейка;'0.05;'0.1;31;0;101;0;0;1440.00;4900.00;;0%
'Robiton 2016;771576721;1331172669;OZN1331172669;Батарейка CR2016 ROBITON Lithium, 3V;'70;Robiton;Продается;;21;'5.00;Показывается;;08.12.2023 13:22;Батарейки и аккумуляторы;Батарейка;'0.01;'0.1;58;0;150;0;0;560.00;2490.00;;0%
'Robiton 2016 2шт;771580211;1331176263;OZN1331176263;Батарейка CR2016 2шт ROBITON Lithium, 3V;'70;Robiton;Продается;;51;'5.00;Показывается;;08.12.2023 13:26;Батарейки и аккумуляторы;Батарейка;'0.01;'0.1;49;0;71;0;0;680.00;2900.00;;0%
'Robiton 2016 5шт;771582867;1331179849;OZN1331179849;Батарейки CR2016 5шт ROBITON Lithium, 3V;'70;Robiton;Продается;;14;'5.00;Показывается;;08.12.2023 13:29;Батарейки и аккумуляторы;Батарейка;'0.02;'0.1;0;0;44;0;0;1020.00;4900.00;;0%
'Robiton 1632;771607990;1331200966;OZN1331200966;Батарейка CR1632 ROBITON Lithium, 3V;'70;Robiton;Продается;;91;'4.80;Показывается;;08.12.2023 13:49;Батарейки и аккумуляторы;Батарейка;'0.01;'0.1;62;0;0;0;0;640.00;2900.00;;0%
'Robiton 1632 2шт;771618961;1331211238;OZN1331211238;Батарейки CR1632 2шт ROBITON Lithium, 3V;'77.5;Robiton;Продается;;282;'4.80;Показывается;;08.12.2023 13:57;Батарейки и аккумуляторы;Батарейка;'0.01;'0.1;171;0;74;0;0;900.00;2900.00;;0%
'Robiton 1632 5шт;771632682;1331214830;OZN1331214830;Батарейки CR1632 5шт ROBITON Lithium, 3V;'70;Robiton;Продается;;184;'4.80;Показывается;;08.12.2023 13:59;Батарейки и аккумуляторы;Батарейка;'0.02;'0.1;29;0;44;0;0;1080.00;4900.00;;0%
'Robiton 2412;771726217;1331312241;OZN1331312241;Батарейка CR2412 ROBITON Lithium, 3V;'82.5;Robiton;Продается;;15;'4.60;Показывается;;08.12.2023 15:19;Батарейки и аккумуляторы;Батарейка;'0.03;'0.1;1;0;6;0;0;2860.00;11990.00;;0%
'Robiton 2412 2шт;775451079;1334730829;OZN1334730829;Батарейки CR2412 2шт ROBITON Lithium, 3V;'70;Robiton;Продается;;3;'4.60;Показывается;;11.12.2023 8:36;Батарейки и аккумуляторы;Батарейка;'0.07;'0.1;0;0;499;0;0;4900.00;11990.00;;0%
'Robiton 3032 2шт;775876813;1335124294;OZN1335124294;Батарейки CR3032 2шт ROBITON Lithium, 3V;'70;Robiton;Готов к продаже;;93;'0.00;Показывается;;11.12.2023 11:00;Батарейки и аккумуляторы;Батарейка;'0.03;'0.1;0;0;0;0;0;850.00;1490.00;;0%
'Robiton AG13 5шт;775948920;1335194449;OZN1335194449;Батарейки LR44 / AG13 / 357 1,5V Robiton алкалиновые 5шт;'82.5;Robiton;Продается;;432;'4.90;Показывается;;11.12.2023 11:53;Батарейки и аккумуляторы;Батарейка;'0.04;'0.1;55;0;35;0;0;680.00;2900.00;;0%
'Robiton AG13 10шт;776175967;1335412550;OZN1335412550;Батарейки LR44 / AG13 / 357 1,5V Robiton алкалиновые 10шт;'82.5;Robiton;Продается;;314;'4.90;Показывается;;11.12.2023 14:21;Батарейки и аккумуляторы;Батарейка;'0.06;'0.1;95;0;15;0;0;1060.00;4900.00;;0%
'Robiton CR123A;777804894;1336926806;OZN1336926806;Батарейка CR123 Robiton Profi Литиевая CR123A 3V;'70;Robiton;Продается;;14;'4.90;Показывается;;12.12.2023 9:42;Батарейки и аккумуляторы;Батарейка;'0.16;'0.1;1;0;9;0;0;1160.00;4900.00;;0%
'Robiton CR123A 2шт;777864724;1336987891;OZN1336987891;Батарейки CR123 Robiton Profi Литиевая CR123A 3V 2шт;'70;Robiton;Продается;;146;'4.90;Показывается;;12.12.2023 10:03;Батарейки и аккумуляторы;Батарейка;'0.24;'0.1;95;0;104;0;0;1860.00;7900.00;;0%
'Robiton CR2;777968378;1337075192;OZN1337075192;Батарейка Robiton Lithium CR2 3V литиевая CR17355;'70;Robiton;Продается;;63;'4.90;Показывается;;12.12.2023 11:13;Батарейки и аккумуляторы;Батарейка;'0.16;'0.1;0;0;80;0;0;1340.00;4900.00;;0%
'Robiton CR2 2шт;777993899;1337096508;OZN1337096508;Батарейки Robiton Lithium CR2 3V 2шт литиевая CR17355;'70;Robiton;Продается;;141;'4.90;Показывается;;12.12.2023 11:32;Батарейки и аккумуляторы;Батарейка;'0.24;'0.1;28;0;98;0;0;2320.00;7900.00;;0%
'Robiton CR1/3N;778056199;1337155362;OZN1337155362;Батарейка CR1/3N ROBITON 3В литиевая для Вебасто (Webasto) CR11108 / 2L76 / K58L;'82.5;Robiton;Продается;;263;'4.80;Показывается;;12.12.2023 12:19;Батарейки и аккумуляторы;Батарейка;'0.05;'0.1;56;0;79;0;0;1560.00;4900.00;;0%
'Robiton CR1/3N 2шт;778069458;1337168249;OZN1337168249;Батарейки CR1/3N ROBITON 3В 2шт литиевая для Вебасто (Webasto) CR11108 / 2L76 / K58L;'70;Robiton;Продается;;109;'4.80;Показывается;;12.12.2023 12:30;Батарейки и аккумуляторы;Батарейка;'0.11;'0.1;52;0;100;0;0;2460.00;11990.00;;0%
'Robiton 23A;778121855;1337217410;OZN1337217410;Батарейка 23A / V23GA / MN21 / LR23 Robiton 12V для сигнализаций ворот и шлагбаумов / Алкалиновая Высоковольтная;'70;Robiton;Продается;;178;'4.90;Показывается;;12.12.2023 13:00;Батарейки и аккумуляторы;Батарейка;'0.01;'0.1;51;0;110;0;0;660.00;2900.00;;0%
'Robiton 23A 2шт;778160137;1337251613;OZN1337251613;Батарейки 23A / V23GA / MN21 / LR23 Robiton 12V 2шт для сигнализаций ворот и шлагбаумов / Алкалиновая Высоковольтная;'70;Robiton;Продается;;193;'4.90;Показывается;;12.12.2023 13:27;Батарейки и аккумуляторы;Батарейка;'0.02;'0.1;7;0;476;0;0;880.00;2900.00;;0%
'Robiton 23A 5шт;778169745;1337261236;OZN1337261236;Батарейки 23A / V23GA / MN21 / LR23 Robiton 12V 5шт для сигнализаций ворот и шлагбаумов / Алкалиновая Высоковольтная;'70;Robiton;Продается;;78;'4.90;Показывается;;12.12.2023 13:30;Батарейки и аккумуляторы;Батарейка;'0.03;'0.1;0;0;86;0;0;1420.00;4900.00;;0%
'Robiton 27A;784319717;1342846218;OZN1342846218;Батарейка 27A / V27A / MN27 / Robiton 12V для сигнализаций ворот и шлагбаумов / Алкалиновая Высоковольтная;'70;Robiton;Продается;;53;'5.00;Показывается;;15.12.2023 10:48;Батарейки и аккумуляторы;Батарейка;'0.01;'0.1;0;0;88;0;0;720.00;2900.00;;0%
'Robiton 27A 2шт;784336997;1342863793;OZN1342863793;Батарейки 27A / V27A / MN27 / Robiton 12V 2шт для сигнализаций ворот и шлагбаумов / Алкалиновая Высоковольтная;'70;Robiton;Продается;;190;'5.00;Показывается;;15.12.2023 10:59;Батарейки и аккумуляторы;Батарейка;'0.03;'0.1;3;0;468;0;0;940.00;2900.00;;0%
'Robiton 27A 5шт;784344637;1342870861;OZN1342870861;Батарейки 27A / V27A / MN27 / Robiton 12V 5шт для сигнализаций ворот и шлагбаумов / Алкалиновая Высоковольтная;'77.5;Robiton;Продается;;79;'5.00;Показывается;;15.12.2023 11:05;Батарейки и аккумуляторы;Батарейка;'0.07;'0.1;1;0;72;0;0;1460.00;4900.00;;0%
'Keephone Kevilar 14 Pro BMW;793412566;1350844269;OZN1350844269;Чехол для iPhone 14 Pro с MagSafe KEVILAR, кевларовый чехол на Айфон 14 Про / BMW M series;'70;KEEPHONE;Продается;;5;'4.80;Показывается;;20.12.2023 15:26;Чехлы;Чехол для смартфона;'0.41;'0.1;3;0;2;0;0;11990.00;11990.00;;0%
'Keephone Kevilar 14 Pro Max BMW;793418230;1350849465;OZN1350849465;Чехол для iPhone 14 Pro Max с MagSafe KEVILAR, кевларовый чехол на Айфон 14 Про Макс / BMW M series;'70;KEEPHONE;Продается;;22;'4.90;Показывается;;20.12.2023 15:36;Чехлы;Чехол для смартфона;'0.41;'0.1;5;1;10;0;0;5990.00;11990.00;;0%
'Mago Pro S24 Ultra Black;856323262;1406180371;OZN1406180371;Чехол для Samsung Galaxy S24 Ultra с Mag Safe Keephone ударопрочный, черный противоударный чехол для Самсунг Галакси S24 Ультра;'90;KEEPHONE;Продается;;301;'4.80;Показывается;;27.01.2024 11:03;Чехлы;Чехол для смартфона;'0.39;'0.1;83;1;10;0;0;5980.00;11990.00;;0%
'MagSafe Case S24 Ultra;856326039;1406179192;OZN1406179192;Чехол для Samsung Galaxy S24 Ultra Keephone MagSafe Case, прозрачный противоударный чехол для Самсунг Галакси S24 Ультра;'70;KEEPHONE;Готов к продаже;;112;'4.90;Показывается;;27.01.2024 11:07;Чехлы;Чехол для смартфона;'0.48;'0.1;0;0;0;0;0;2650.00;3490.00;;0%
'Robiton AA 4шт;858710787;1408083566;OZN1408083566;Батарейки AA / LR6 Robiton 4шт алкалиновая пальчиковые;'70;Robiton;Продается;;27;'4.80;Показывается;;29.01.2024 12:36;Батарейки и аккумуляторы;Батарейка;'0.02;'0.1;2;0;5;0;0;860.00;2900.00;;0%
'Robiton AA 8шт;858710821;1408083608;OZN1408083608;Батарейки AA / LR6 Robiton 8шт алкалиновые пальчиковые;'70;Robiton;Готов к продаже;;10;'4.80;Показывается;;29.01.2024 12:36;Батарейки и аккумуляторы;Батарейка;'0.03;'0.2;0;0;0;0;0;690.00;1090.00;;0%
'Robiton AA 20шт;858710836;1408083623;OZN1408083623;Батарейки AA / LR6 Robiton 20шт алкалиновые пальчиковые;'70;Robiton;Продается;;41;'4.80;Показывается;;29.01.2024 12:36;Батарейки и аккумуляторы;Батарейка;'0.21;'0.5;1;0;32;0;0;2900.00;11990.00;;0%
'Robiton AAA 4шт;858840663;1408208334;OZN1408208334;Батарейки AAA / LR03 Robiton 4шт алкалиновые мизинчиковые;'70;Robiton;Продается;;41;'4.70;Показывается;;29.01.2024 14:06;Батарейки и аккумуляторы;Батарейка;'0.01;'0.1;12;0;1;0;0;900.00;2900.00;;0%
'Robiton AAA 20шт;858890158;1408259498;OZN1408259498;Батарейки AAA / LR03 Robiton 20шт алкалиновые мизинчиковые;'70;Robiton;Готов к продаже;;36;'4.70;Показывается;;29.01.2024 14:44;Батарейки и аккумуляторы;Батарейка;'0.14;'0.2;0;0;0;0;0;1250.00;1990.00;;0%
'Robiton AA 2850 2шт;860455150;1409716080;OZN1409716080;Аккумуляторы AA (Ni-MH) 2850мАч 2шт 1.2 В Robiton / Пальчиковые аккумуляторы НR6;'70;Robiton;Продается;;42;'4.80;Показывается;;30.01.2024 10:06;Батарейки и аккумуляторы;Аккумуляторная батарейка;'0.02;'0.1;10;0;0;0;0;3380.00;11990.00;;0%
'Robiton AA 2850 4шт;860455154;1409714178;OZN1409714178;Аккумуляторы AA (Ni-MH) 2850мАч 4шт 1.2 В Robiton / Пальчиковые аккумуляторы НR6;'70;Robiton;Продается;;26;'4.80;Показывается;;30.01.2024 10:06;Батарейки и аккумуляторы;Аккумуляторная батарейка;'0.04;'0.1;3;0;7;0;0;5800.00;11990.00;;0%
'Robiton AA 2850 8шт;860455231;1409715494;OZN1409715494;Аккумуляторы AA (Ni-MH) 2850мАч 8шт 1.2 В Robiton / Пальчиковые аккумуляторы НR6;'70;Robiton;Продается;;30;'4.80;Показывается;;30.01.2024 10:06;Батарейки и аккумуляторы;Аккумуляторная батарейка;'0.09;'0.2;3;0;0;0;0;10400.00;11990.00;;0%
'Robiton AAA 1100 2шт;860585507;1409831964;OZN1409831964;Аккумуляторы AAA (Ni-MH) 1100мАч 2шт 1.2 В Robiton / Мизинчиковые аккумуляторы НR03;'70;Robiton;Продается;;126;'4.70;Показывается;;30.01.2024 11:33;Батарейки и аккумуляторы;Аккумуляторная батарейка;'0.01;'0.1;26;0;495;0;0;1980.00;7900.00;;0%
'Robiton AAA 1100 4шт;860596234;1409839222;OZN1409839222;Аккумуляторы AAA (Ni-MH) 1100мАч 4шт 1.2 В Robiton / Мизинчиковые аккумуляторы НR03;'70;Robiton;Продается;;165;'4.70;Показывается;;30.01.2024 11:40;Батарейки и аккумуляторы;Аккумуляторная батарейка;'0.03;'0.1;10;0;480;0;0;3600.00;11990.00;;0%
'Robiton AAA 1100 8шт;860602853;1409863384;OZN1409863384;Аккумуляторы AAA (Ni-MH) 1100мАч 8шт 1.2 В Robiton / Мизинчиковые аккумуляторы НR03;'70;Robiton;Продается;;93;'4.70;Показывается;;30.01.2024 11:52;Батарейки и аккумуляторы;Аккумуляторная батарейка;'0.06;'0.1;5;0;487;0;0;6200.00;11990.00;;0%
'Robiton 18650/3400;861816986;1410934950;OZN1410934950;Аккумулятор 18650 (Li-ion) 3400mAh 3.7V Robiton с защитой;'70;Robiton;Готов к продаже;;6;'5.00;Показывается;;31.01.2024 9:59;Батарейки и аккумуляторы;Аккумуляторная батарейка;'0.11;'0.1;0;0;0;0;0;4600.00;11990.00;;0%
'Robiton 18650/3400 2шт;861817078;1410935018;OZN1410935018;Аккумуляторы 18650 (Li-ion) 3400mAh 3.7V 2шт Robiton с защитой;'70;Robiton;Готов к продаже;;11;'5.00;Показывается;;31.01.2024 9:59;Батарейки и аккумуляторы;Аккумуляторная батарейка;'0.22;'0.1;0;0;0;0;0;8200.00;11990.00;;0%
'Robiton 18650/3400 4 шт;861826652;1410946366;OZN1410946366;Аккумулятор 18650 (Li-ion) 3400mAh 3.7V 4шт Robiton с защитой;'70;Robiton;Готов к продаже;;5;'5.00;Показывается;;31.01.2024 10:04;Батарейки и аккумуляторы;Аккумуляторная батарейка;'0.43;'0.2;0;0;0;0;0;11990.00;11990.00;;0%
'Robiton 18650/2000;862022022;1411131823;OZN1411131823;Аккумулятор 18650 (Li-ion) 2000mAh 3.7V Robiton;'70;Robiton;Продается;;15;'4.80;Показывается;;31.01.2024 12:26;Батарейки и аккумуляторы;Аккумуляторная батарейка;'0.03;'0.1;5;0;0;0;0;2100.00;7900.00;;0%
'Robiton 18650/2000 2шт;862036304;1411144625;OZN1411144625;Аккумуляторы 18650 (Li-ion) 2000mAh 3.7V 2шт Robiton;'70;Robiton;Продается;;41;'4.80;Показывается;;31.01.2024 12:42;Батарейки и аккумуляторы;Аккумуляторная батарейка;'0.06;'0.1;6;0;20;0;0;3400.00;11990.00;;0%
'Robiton 18650/2000 4шт;862042613;1411150920;OZN1411150920;Аккумуляторы 18650 (Li-ion) 2000mAh 3.7V 4шт Robiton;'70;Robiton;Готов к продаже;;28;'4.80;Показывается;;31.01.2024 12:52;Батарейки и аккумуляторы;Аккумуляторная батарейка;'0.11;'0.2;0;0;0;0;0;2500.00;3290.00;;0%
'X-Crystal 15 Pro Titan;862086186;1411188833;OZN1411188833;Чехол для iPhone 15 Pro X-Crystal c MagSafe, титан для Айфон 15 Про;'45;KEEPHONE;Готов к продаже;;0;'0.00;Показывается;;31.01.2024 13:43;Чехлы;Чехол для смартфона;'0.38;'0.1;0;0;0;0;0;2150.00;2990.00;;0%
'Heldro Sky 15 Pro Max Orange;862124228;1411225394;OZN1411225394;Чехол для iPhone 15 Pro Max с держателем Keephone Heldro Sky, разноцветный противоударный чехол для Айфон 15 Про Макс;'70;KEEPHONE;Готов к продаже;;12;'4.80;Показывается;;31.01.2024 14:26;Чехлы;Чехол для смартфона;'0.38;'0.1;0;0;0;0;0;3500.00;5290.00;;0%
'Kevlar 15 Pro Max Black;862128095;1411230287;OZN1411230287;Чехол для iPhone 15 Pro Max KZDOO KEIVLAR, черно-серый кевларовый чехол для Айфон 15 Про Макс;'70;;Не продается;;11;'5.00;Показывается;;31.01.2024 14:32;Чехлы;;'0.36;'0.1;0;0;0;0;0;10380.00;11990.00;;0%
'MagSafe Case S24;866618077;1415217646;OZN1415217646;Чехол для Samsung Galaxy S24 Keephone MagSafe Case, прозрачный противоударный чехол для Самсунг Галакси S24;'77.5;KEEPHONE;Продается;;2;'0.00;Показывается;;04.02.2024 12:02;Чехлы;Чехол для смартфона;'0.48;'0.1;7;0;0;0;0;5100.00;11990.00;;0%
'Mago Pro S24 Black;866627961;1415221117;OZN1415221117;Чехол для Samsung Galaxy S24 с Mag Safe Keephone, черный противоударный чехол для Самсунг Галакси S24;'70;KEEPHONE;Готов к продаже;;73;'4.80;Показывается;;04.02.2024 12:14;Чехлы;Чехол для смартфона;'0.48;'0.1;0;0;0;0;0;3477.00;4250.00;;0%
'Mago Pro S24+ Black;866629512;1415222426;OZN1415222426;Чехол для Samsung Galaxy S24 Plus (S24+) с Mag Safe Keephone, черный противоударный чехол для Самсунг Галакси S24 Плюс;'70;KEEPHONE;Готов к продаже;;51;'5.00;Показывается;;04.02.2024 12:20;Чехлы;Чехол для смартфона;'0.48;'0.1;0;0;0;0;0;3190.00;4250.00;;0%
'Robiton AA Zn 1500 2шт;871566712;1419654370;OZN1419654370;Аккумуляторы AA (Ni-Zn) 1500мАч 2шт 1.6 В Robiton / Высокотоковые пальчиковые аккумуляторы НR6;'65;Robiton;Продается;;9;'3.70;Показывается;;10.02.2024 9:52;Батарейки и аккумуляторы;Аккумуляторная батарейка;'0.20;'0.1;3;0;0;0;0;3800.00;11990.00;;0%
'Robiton AA Zn 1500 4шт;871580099;1419666550;OZN1419666550;Аккумуляторы AA (Ni-Zn) 1500мАч 4шт 1.6 В Robiton / Высокотоковые пальчиковые аккумуляторы НR6;'65;Robiton;Продается;;3;'3.70;Показывается;;10.02.2024 10:37;Батарейки и аккумуляторы;Аккумуляторная батарейка;'0.41;'0.1;0;0;2;0;0;6200.00;11990.00;;0%
'Robiton AAA Zn 550 2шт;871587090;1419674874;OZN1419674874;Аккумуляторы AAA (Ni-Zn) 550мАч 2шт 1.6 В Robiton / Высокотоковые мизинчиковые аккумуляторы НR03;'65;Robiton;Продается;;5;'4.20;Показывается;;10.02.2024 10:48;Батарейки и аккумуляторы;Аккумуляторная батарейка;'0.15;'0.1;3;0;4;0;0;2600.00;11990.00;;0%
'Robiton AAA Zn 550 4шт;871621613;1419709864;OZN1419709864;Аккумуляторы AAA (Ni-Zn) 550мАч 4шт 1.6 В Robiton / Высокотоковые мизинчиковые аккумуляторы НR03;'65;Robiton;Продается;;3;'4.20;Показывается;;10.02.2024 11:19;Батарейки и аккумуляторы;Аккумуляторная батарейка;'0.31;'0.1;1;0;0;0;0;3780.00;11990.00;;0%
'Air Carbon S24 Ultra Black;888023485;1434054540;OZN1434054540;Чехол для Samsung Galaxy S24 Ultra ультратонкий KZDOO Air Carbon с защитой камер, черный супертонкий чехол для Самсунг Галакси S24 Ультра;'62.5;KZDOO;Готов к продаже;;238;'4.70;Показывается;;24.02.2024 11:37;Чехлы;Чехол для смартфона;'0.36;'0.1;0;0;0;0;0;3180.00;11990.00;;0%
'Air Skin S24 Ultra Black;888024428;1434055425;OZN1434055425;Чехол для Samsung Galaxy S24 Ultra KZDOO (K-DOO) Air Skin с защитой камер, черный супертонкий чехол для Самсунг Галакси S24 Ультра;'52.5;KZDOO;Продается;;173;'4.60;Показывается;;24.02.2024 11:41;Чехлы;Чехол для смартфона;'0.36;'0.1;1;0;0;0;0;3100.00;11990.00;;0%
'Air Skin S24 Ultra Clear;888029932;1434060118;OZN1434060118;Чехол для Samsung Galaxy S24 Ultra KZDOO (K-DOO) Air Skin с защитой камер, прозрачный супертонкий чехол для Самсунг Галакси S24 Ультра;'45;KZDOO;Продается;;161;'4.60;Показывается;;24.02.2024 11:53;Чехлы;Чехол для смартфона;'0.36;'0.1;17;0;0;0;0;3180.00;11990.00;;0%
'Mag Noble 15 Pro Max Titanium;889118718;1434999953;OZN1434999953;Кожаный чехол для iPhone 15 Pro Max с MagSafe KZDOO Mag Noble Collection, титаниум чехол для Айфон 15 Про Макс;'70;KZDOO;Продается;;26;'4.80;Показывается;;25.02.2024 13:42;Чехлы;Чехол для смартфона;'0.36;'0.1;9;0;5;0;0;9180.00;11990.00;;0%
'Noble 15 Pro Max Titanium;889119562;1435000526;OZN1435000526;Кожаный чехол для iPhone 15 Pro Max KZDOO Noble Collection, титаниум чехол для Айфон 15 Про Макс;'77.5;KZDOO;Продается;;70;'4.70;Показывается;;25.02.2024 13:44;Чехлы;Чехол для смартфона;'0.36;'0.1;15;0;8;0;0;6738.00;11990.00;;0%
'Mag Noble 15 Pro Titanium;889122298;1435003229;OZN1435003229;Кожаный чехол для iPhone 15 Pro с MagSafe KZDOO Mag Noble Collection, титаниум чехол для Айфон 15 Про;'70;KZDOO;Продается;;16;'4.50;Показывается;;25.02.2024 13:46;Чехлы;Чехол для смартфона;'0.36;'0.1;3;0;1;0;0;9180.00;11990.00;;0%
'Noble 15 Pro Titanium;889123872;1435004302;OZN1435004302;Кожаный чехол для iPhone 15 Pro KZDOO Noble Collection, титаниум для Айфон 15 Про;'70;KZDOO;Продается;;77;'4.90;Показывается;;25.02.2024 13:49;Чехлы;Чехол для смартфона;'0.36;'0.1;2;0;9;0;0;6738.00;11990.00;;0%
'Heldro Sky 15 Pro;910866023;1453410476;OZN1453410476;Чехол для iPhone 15 Pro с держателем Keephone Heldro Sky, разноцветный противоударный чехол для Айфон 15 Про;'70;KEEPHONE;Готов к продаже;;4;'4.60;Показывается;;06.03.2024 8:37;Чехлы;Чехол для смартфона;'0.38;'0.1;0;0;0;0;0;3350.00;5290.00;;0%
'Noble 13 Black;929753126;1469048651;OZN1469048651;Кожаный чехол для iPhone 13 K-DOO Noble Collection, черный чехол для Айфон 13;'70;K-DOO;Готов к продаже;;4;'4.60;Показывается;;13.03.2024 8:30;Чехлы;Чехол для смартфона;'0.36;'0.1;0;0;0;0;0;5380.00;11990.00;;0%
'Noble S23 Ultra Blue;929831737;1469100109;OZN1469100109;Кожаный чехол для Samsung Galaxy S23 Ultra KZDOO Noble Collection, синий чехол для Самсунг Галкси S23 Ультра;'45;KZDOO;Продается;;0;'0.00;Показывается;;13.03.2024 8:52;Чехлы;Чехол для смартфона;'0.36;'0.1;1;0;1;0;0;5500.00;11990.00;;0%
'Kevlar S24 Ultra Blue;947200312;1483441567;OZN1483441567;Чехол для Samsung Galaxy S24 Ultra KZDOO KEIVLAR, синий кевларовый чехол для Самсунг Галакси S24 Ультра;'45;KZDOO;Готов к продаже;;0;'5.00;Показывается;;19.03.2024 15:53;Чехлы;Чехол для смартфона;'0.36;'0.1;0;0;0;0;0;6090.00;9000.00;;0%
'Kevlar S24 Ultra Green;947203918;1483442875;OZN1483442875;Чехол для Samsung Galaxy S24 Ultra KZDOO KEIVLAR, зеленый кевларовый чехол для Самсунг Галакси S24 Ультра;'45;KZDOO;Продается;;0;'5.00;Показывается;;19.03.2024 15:55;Чехлы;Чехол для смартфона;'0.36;'0.1;2;0;0;0;0;11990.00;11990.00;;0%
'Kevlar S24 Ultra Black;947205650;1483444840;OZN1483444840;Чехол для Samsung Galaxy S24 Ultra KZDOO KEIVLAR, кевларовый чехол для Самсунг Галакси S24 Ультра;'77.5;KZDOO;Продается;;4;'5.00;Показывается;;19.03.2024 15:58;Чехлы;Чехол для смартфона;'0.36;'0.1;1;0;10;0;0;11990.00;11990.00;;0%
'Air Skin S24 Clear;976507214;1508140347;OZN1508140347;Чехол для Samsung Galaxy S24 KZDOO (K-DOO) Air Skin с защитой камер, прозрачный супертонкий чехол для Самсунг Галакси S24;'55;KZDOO;Готов к продаже;;141;'4.80;Показывается;;28.03.2024 8:56;Чехлы;Чехол для смартфона;'0.36;'0.1;0;0;0;0;0;1624.00;2350.00;;0%
'Air Skin S24 Black;976522144;1508153454;OZN1508153454;Чехол для Samsung Galaxy S24 KZDOO (K-DOO) Air Skin с защитой камер, черный супертонкий чехол для Самсунг Галакси S24;'80;KZDOO;Продается;;117;'4.80;Показывается;;28.03.2024 9:00;Чехлы;Чехол для смартфона;'0.36;'0.1;34;0;19;0;0;2980.00;11990.00;;0%
'Guardian S24 Ultra Clear;997005679;1526602600;OZN1526602600;Чехол для Samsung Galaxy S24 Ultra KZDOO (K-DOO) Guardian, прозрачный противоударный чехол для Самсунг Галакси S24 Ультра;'70;KZDOO;Продается;;18;'5.00;Показывается;;04.04.2024 8:35;Чехлы;Чехол для смартфона;'0.36;'0.1;7;0;10;0;0;3980.00;11990.00;;0%
'Q Series S24 Ultra Black;997111181;1526686003;OZN1526686003;Чехол для Samsung Galaxy S24 Ultra KZDOO Q Series с защитой камер, черный тонкий силиконовый чехол для Самсунг Галакси S24 Ультра;'52.5;KZDOO;Продается;;56;'4.90;Показывается;;04.04.2024 9:16;Чехлы;Чехол для смартфона;'0.36;'0.1;3;0;0;0;0;2200.00;7900.00;;0%
'Hybrid 15 Pro Max Clear;1026828173;1552226445;OZN1552226445;Чехол для iPhone 15 Pro Max Keephone Hybrid Case, прозрачный противоударный чехол для Айфон 15 Про Макс;'70;KEEPHONE;Готов к продаже;;13;'4.90;Показывается;;19.04.2024 12:37;Чехлы;Чехол для смартфона;'0.38;'0.1;0;0;0;0;0;3700.00;11990.00;;0%
'Hybrid 15 Pro Clear;1026835463;1552231996;OZN1552231996;Чехол для iPhone 15 Pro Keephone Hybrid Case, прозрачный противоударный чехол для Айфон 15 Про;'70;KEEPHONE;Продается;;3;'4.60;Показывается;;19.04.2024 12:40;Чехлы;Чехол для смартфона;'0.38;'0.1;1;0;0;0;0;3700.00;11990.00;;0%
'Air Carbon 15 Black;1031619166;1556158188;OZN1556158188;Чехол на Айфон 15 KZDOO Air Carbon черный с защитой камер;'70;KZDOO;Продается;;12;'4.80;Показывается;;23.04.2024 13:53;Чехлы;Чехол для смартфона;'2.20;'0.4;2;0;10;0;0;3500.00;11990.00;;0%
'Air Carbon 15 Blue;1031632476;1556193159;OZN1556193159;Чехол на Айфон 15 KZDOO Air Carbon синий с защитой камер;'70;KZDOO;Продается;;2;'4.80;Показывается;;23.04.2024 14:04;Чехлы;Чехол для смартфона;'2.20;'0.4;4;0;0;0;0;3500.00;11990.00;;0%
'Air Skin 15 Black;1031636586;1556197019;OZN1556197019;Ультратонкий чехол для iPhone 15 KZDOO Air Skin с защитой камер, черный супертонкий чехол для Айфон 15;'70;KZDOO;Продается;;62;'4.70;Показывается;;23.04.2024 14:08;Чехлы;Чехол для смартфона;'0.36;'0.1;10;0;9;0;0;3816.00;11990.00;;0%
'Noble 15 Black;1031673146;1556228561;OZN1556228561;Кожаный чехол для iPhone 15 KZDOO Noble Collection, черный чехол для Айфон 15;'77.5;KZDOO;Продается;;78;'4.80;Показывается;;23.04.2024 14:49;Чехлы;Чехол для смартфона;'0.36;'0.1;1;0;0;0;0;7522.00;11990.00;;0%
'Noble 15 White;1032825480;1557223621;OZN1557223621;Кожаный чехол для iPhone 15 KZDOO Noble Collection, белый чехол для Айфон 15;'70;KZDOO;Продается;;14;'4.80;Показывается;;24.04.2024 10:56;Чехлы;Чехол для смартфона;'0.36;'0.1;14;0;10;0;0;6900.00;11990.00;;0%
'Noble 15 Brown;1032828780;1557225790;OZN1557225790;Кожаный чехол для iPhone 15 KZDOO Noble Collection, коричневый чехол для Айфон 15;'70;KZDOO;Продается;;16;'4.80;Показывается;;24.04.2024 10:58;Чехлы;Чехол для смартфона;'0.36;'0.1;1;0;0;0;0;7522.00;11990.00;;0%
'Kevlar S24 Ultra Titan;1043410254;1566744241;OZN1566744241;Чехол для Samsung Galaxy S24 Ultra KZDOO KEIVLAR, кевларовый чехол титанового цвета для Самсунг Галакси S24 Ультра;'70;KZDOO;Продается;;1;'5.00;Показывается;;06.05.2024 10:36;Чехлы;Чехол для смартфона;'0.36;'0.1;1;0;0;0;0;6638.00;11990.00;;0%
'Q Series S23+ Black;1043426107;1566759004;OZN1566759004;Чехол для Samsung Galaxy S23 Plus KZDOO Q Series с защитой камер, черный тонкий силиконовый чехол для Самсунг Галакси S23 Плюс;'45;KZDOO;Продается;;5;'5.00;Показывается;;06.05.2024 10:58;Чехлы;Чехол для смартфона;'0.36;'0.1;20;1;10;0;0;2200.00;7900.00;;0%
'Noble S24 Ultra White;1043536046;1566859208;OZN1566859208;Кожаный чехол для Samsung Galaxy S24 Ultra KZDOO Noble Collection, белый чехол для Самсунг Галкси S24 Ультра;'45;KZDOO;Продается;;10;'4.70;Показывается;;06.05.2024 13:20;Чехлы;Чехол для смартфона;'0.36;'0.1;4;0;10;0;0;5980.00;11990.00;;0%
'Noble S24 Ultra Blue;1043542459;1566865097;OZN1566865097;Кожаный чехол для Samsung Galaxy S24 Ultra KZDOO Noble Collection, синий чехол для Самсунг Галкси S24 Ультра;'45;KZDOO;Продается;;14;'4.70;Показывается;;06.05.2024 13:26;Чехлы;Чехол для смартфона;'0.36;'0.1;1;0;10;0;0;5980.00;11990.00;;0%
'Noble S24 Ultra Green;1043546813;1566869447;OZN1566869447;Кожаный чехол для Samsung Galaxy S24 Ultra KZDOO Noble Collection, зеленый чехол для Самсунг Галкси S24 Ультра;'45;KZDOO;Продается;;12;'4.70;Показывается;;06.05.2024 13:31;Чехлы;Чехол для смартфона;'0.36;'0.1;4;0;9;0;0;5980.00;11990.00;;0%
'Guardian S23 Ultra Clear;1043565657;1566888242;OZN1566888242;Чехол для Samsung Galaxy S23 Ultra KZDOO (K-DOO) Guardian, прозрачный противоударный чехол для Самсунг Галакси S23 Ультра;'45;KZDOO;Продается;;49;'4.70;Показывается;;06.05.2024 13:51;Чехлы;Чехол для смартфона;'0.36;'0.1;11;0;0;0;0;3980.00;11990.00;;0%
'Guardian S24 Clear;1043585297;1566912391;OZN1566912391;Чехол для Samsung Galaxy S24 KZDOO (K-DOO) Guardian, прозрачный противоударный чехол для Самсунг Галакси S24;'70;KZDOO;Продается;;31;'4.90;Показывается;;06.05.2024 14:12;Чехлы;Чехол для смартфона;'0.36;'0.1;11;0;0;0;0;4100.00;11990.00;;0%
'Guardian S24+ Clear;1043595606;1566919488;OZN1566919488;Чехол для Samsung Galaxy S24 Plus KZDOO (K-DOO) Guardian, прозрачный противоударный чехол для Самсунг Галакси S24 Плюс;'70;KZDOO;Готов к продаже;;17;'5.00;Показывается;;06.05.2024 14:21;Чехлы;Чехол для смартфона;'0.36;'0.1;0;0;0;0;0;2100.00;3850.00;;0%
'Air Skin S24+ Clear;1047086932;1569983306;OZN1569983306;Чехол для Samsung Galaxy S24 Plus KZDOO Air Skin с защитой камер, прозрачный супертонкий чехол для Самсунг Галакси S24 Плюс;'70;KZDOO;Продается;;77;'4.70;Показывается;;09.05.2024 14:57;Чехлы;Чехол для смартфона;'0.36;'0.1;85;0;0;0;0;2980.00;11990.00;;0%
'Q Series S23 Black;1047118054;1570005478;OZN1570005478;Чехол для Samsung Galaxy S23 KZDOO Q Series с защитой камер, черный тонкий силиконовый чехол для Самсунг Галакси S23;'45;KZDOO;Продается;;12;'4.40;Показывается;;09.05.2024 15:49;Чехлы;Чехол для смартфона;'0.36;'0.1;19;0;0;0;0;2100.00;7900.00;;0%
'Air Skin S24 Ultra Titanium Gray;1047119308;1570007112;OZN1570007112;Чехол для Samsung Galaxy S24 Ultra KZDOO (K-DOO) Air Skin с защитой камер, супертонкий чехол титанового цвета для Самсунг Галакси S24 Ультра;'45;KZDOO;Продается;;29;'4.60;Показывается;;09.05.2024 15:55;Чехлы;Чехол для смартфона;'0.36;'0.1;3;1;0;0;0;3100.00;11990.00;;0%
'Air Skin S24+ Black;1049746630;1572264220;OZN1572264220;Чехол для Samsung Galaxy S24 Plus KZDOO (K-DOO) Air Skin с защитой камер, черный супертонкий чехол для Самсунг Галакси S24 Плюс;'70;KZDOO;Продается;;37;'4.70;Показывается;;12.05.2024 16:06;Чехлы;Чехол для смартфона;'0.40;'0.1;9;0;10;0;0;2980.00;11990.00;;0%
'LuxCraft Air Pods Pro 2 Brown;1057824565;1579574507;OZN1579574507;Кожаный чехол для AirPods Pro 2 K-DOO LuxCraft, коричневый;'70;KZDOO;Продается;;14;'4.90;Показывается;;20.05.2024 14:49;Чехлы;Чехол для наушников;'0.30;'0.1;14;0;10;0;0;5100.00;11990.00;;0%
'LuxCraft Air Pods Pro 2 Purple;1057824570;1579574505;OZN1579574505;Кожаный чехол для AirPods Pro 2 K-DOO LuxCraft, фиолетовый;'70;KZDOO;Продается;;2;'4.90;Показывается;;20.05.2024 14:49;Чехлы;Чехол для наушников;'0.30;'0.1;2;0;10;0;0;5100.00;11990.00;;0%
'LuxCraft Air Pods Pro 2 Green;1057824608;1579574554;OZN1579574554;Кожаный чехол для AirPods Pro 2 K-DOO LuxCraft, зеленый;'70;KZDOO;Продается;;7;'4.90;Показывается;;20.05.2024 14:50;Чехлы;Чехол для наушников;'0.30;'0.1;9;0;10;0;0;5100.00;11990.00;;0%
'LuxCraft Air Pods Pro 2 Black;1057824614;1579574526;OZN1579574526;Кожаный чехол для AirPods Pro 2 K-DOO LuxCraft, черный;'70;KZDOO;Продается;;62;'4.90;Показывается;;20.05.2024 14:50;Чехлы;Чехол для наушников;'0.30;'0.1;8;0;5;0;0;5430.00;11990.00;;0%
'LuxCraft Air Pods Pro 2 Blue;1057824618;1579574546;OZN1579574546;Кожаный чехол для AirPods Pro 2 K-DOO LuxCraft, синий;'70;KZDOO;Продается;;19;'4.90;Показывается;;20.05.2024 14:50;Чехлы;Чехол для наушников;'0.30;'0.1;4;0;10;0;0;5100.00;11990.00;;0%
'LuxCraft Air Pods Pro 2 Titan;1057824633;1579574542;OZN1579574542;Кожаный чехол для AirPods Pro 2 K-DOO LuxCraft, Титаниум;'70;KZDOO;Продается;;9;'4.90;Показывается;;20.05.2024 14:50;Чехлы;Чехол для наушников;'0.30;'0.1;13;0;0;0;0;5100.00;11990.00;;0%
'LuxCraft Air Pods Pro 2 Yellow;1057824648;1579574607;OZN1579574607;Кожаный чехол для AirPods Pro 2 K-DOO LuxCraft, желтый;'70;KZDOO;Продается;;4;'4.90;Показывается;;20.05.2024 14:50;Чехлы;Чехол для наушников;'0.30;'0.1;10;0;0;0;0;5100.00;11990.00;;0%
'LuxCraft Air Pods Pro 2 Red;1057824654;1579574632;OZN1579574632;Кожаный чехол для AirPods Pro 2 K-DOO LuxCraft, красный;'70;KZDOO;Готов к продаже;;5;'4.90;Показывается;;20.05.2024 14:50;Чехлы;Чехол для наушников;'0.30;'0.1;0;0;0;0;0;5100.00;11990.00;;0%
'Noble S24 Ultra Black;1058799954;1580459141;OZN1580459141;Кожаный чехол для Samsung Galaxy S24 Ultra KZDOO Noble Collection, черный чехол для Самсунг Галкси S24 Ультра;'45;KZDOO;Продается;;38;'4.70;Показывается;;21.05.2024 12:45;Чехлы;Чехол для смартфона;'0.36;'0.1;1;0;8;0;0;5980.00;11990.00;;0%
'Kevlar 15 Pro Black;1064932258;1586142290;OZN1586142290;Чехол для iPhone 15 Pro KZDOO KEIVLAR, черно-серый кевларовый чехол для Айфон 15 Про;'70;;Продается;;0;'0.00;Показывается;;27.05.2024 9:02;Чехлы;;'0.36;'0.1;0;0;1;0;0;10380.00;11990.00;;0%
'Kevlar 15 Pro Max Titan;1064945353;1586154988;OZN1586154988;Чехол для iPhone 15 Pro Max KZDOO KEIVLAR, цвета титаниум кевларовый чехол для Айфон 15 Про Макс;'45;KZDOO;Продается;;0;'4.80;Показывается;;27.05.2024 9:04;Чехлы;Чехол для смартфона;'0.36;'0.1;2;0;0;0;0;11316.00;11990.00;;0%
'Kevlar 15 Pro Titan;1064948960;1586158643;OZN1586158643;Чехол для iPhone 15 Pro KZDOO KEIVLAR, цвета титаниум кевларовый чехол для Айфон 15 Про;'45;KZDOO;Продается;;0;'4.80;Показывается;;27.05.2024 9:06;Чехлы;Чехол для смартфона;'0.36;'0.1;9;0;0;0;0;10780.00;11990.00;;0%
'Molla 15 Pro Max Black;1065035074;1586246808;OZN1586246808;Чехол для iPhone 15 Pro Max Keephone Kevilar Molla, черный противоударный кевларовый чехол для Айфон 15 Про Макс;'70;KEEPHONE;Продается;;0;'0.00;Показывается;;27.05.2024 9:53;Чехлы;Чехол для смартфона;'0.41;'0.1;5;0;0;0;0;6990.00;11990.00;;0%
'Molla 15 Pro Black;1065042539;1586253342;OZN1586253342;Чехол для iPhone 15 Pro Keephone Kevilar Molla, черный противоударный кевларовый чехол для Айфон 15 Про;'70;KEEPHONE;Продается;;2;'5.00;Показывается;;27.05.2024 9:56;Чехлы;Чехол для смартфона;'0.41;'0.1;1;0;0;0;0;5990.00;11990.00;;0%
'MagViar 15 Pro Max Clear;1065055442;1586265293;OZN1586265293;Чехол для iPhone 15 Pro Max с Mag Safe Keephone MagViar ударопрочный, прозрачный противоударный чехол для Айфон 15 Про Макс;'45;KEEPHONE;Готов к продаже;;0;'0.00;Показывается;;27.05.2024 10:10;Чехлы;Чехол для смартфона;'0.28;'0.1;0;0;0;0;0;2690.00;4750.00;;0%
'MagViar 15 Pro Clear;1065057397;1586267025;OZN1586267025;Чехол для iPhone 15 Pro с Mag Safe Keephone MagViar ударопрочный, прозрачный противоударный чехол для Айфон 15 Про;'70;KEEPHONE;Готов к продаже;;1;'5.00;Показывается;;27.05.2024 10:13;Чехлы;Чехол для смартфона;'0.28;'0.1;0;0;0;0;0;2933.00;4750.00;;0%
'MagViar 15 Pro Max Blue;1065077437;1586276371;OZN1586276371;Чехол для iPhone 15 Pro Max с Mag Safe Keephone MagViar ударопрочный, синий противоударный чехол для Айфон 15 Про Макс;'45;KEEPHONE;Готов к продаже;;0;'0.00;Показывается;;27.05.2024 10:19;Чехлы;Чехол для смартфона;'0.28;'0.1;0;0;0;0;0;2690.00;4750.00;;0%
'MagViar 15 Pro Blue;1065078388;1586277400;OZN1586277400;Чехол для iPhone 15 Pro с Mag Safe Keephone MagViar ударопрочный, синий противоударный чехол для Айфон 15 Про;'70;KEEPHONE;Готов к продаже;;1;'5.00;Показывается;;27.05.2024 10:21;Чехлы;Чехол для смартфона;'0.28;'0.1;0;0;0;0;0;2933.00;4750.00;;0%
'Mago Pro 15 Pro Max Titan;1065079795;1586279574;OZN1586279574;Чехол для iPhone 15 Pro Max Keephone Mago Pro с Mag Safe , титанового цвета противоударный чехол для Айфон 15 Про Макс;'70;KEEPHONE;Продается;;37;'5.00;Показывается;;27.05.2024 10:24;Чехлы;Чехол для смартфона;'0.28;'0.1;2;0;9;0;0;5980.00;11990.00;;0%
'Mago Pro 15 Pro Titan;1065081324;1586281679;OZN1586281679;Чехол для iPhone 15 Pro Keephone Mago Pro с Mag Safe , титанового цвета противоударный чехол для Айфон 15 Про;'70;KEEPHONE;Продается;;37;'4.90;Показывается;;27.05.2024 10:26;Чехлы;Чехол для смартфона;'0.28;'0.1;1;0;10;0;1;5980.00;11990.00;;0%
'Marcus S24 Ultra Black;1065164093;1586388593;OZN1586388593;Чехол для Samsung Galaxy S24 Ultra Keephone Kevilar Marcus, черный противоударный кевларовый чехол для Самсунг Галакси S24 Ультра;'70;KEEPHONE;Готов к продаже;;11;'5.00;Показывается;;27.05.2024 11:31;Чехлы;Чехол для смартфона;'0.41;'0.1;0;0;0;0;0;6990.00;9490.00;;0%
'Mago Pro S24 Ultra Titan;1065195915;1586386739;OZN1586386739;Чехол для Samsung Galaxy S24 Ultra с Mag Safe Keephone ударопрочный, титанового цвета противоударный чехол для Самсунг Галакси S24 Ультра;'70;KEEPHONE;Продается;;19;'4.80;Показывается;;27.05.2024 11:44;Чехлы;Чехол для смартфона;'0.39;'0.1;1;0;0;0;0;6380.00;11990.00;;0%
'Keephone Kevilar S24 Ultra Black;1065247178;1586442160;OZN1586442160;Чехол для Samsung Galaxy S24 Ultra Keephone KEVILAR, кевларовый чехол для Самсунг Галакси S24 Ультра;'70;KEEPHONE;Продается;;14;'4.40;Показывается;;27.05.2024 12:43;Чехлы;Чехол для смартфона;'0.39;'0.1;15;0;0;0;0;6990.00;11990.00;;0%
'Air Carbon S24 Black;1065427021;1586595968;OZN1586595968;Чехол для Samsung Galaxy S24 ультратонкий KZDOO Air Carbon с защитой камер, черный супертонкий чехол для Самсунг Галакси S24;'80;KZDOO;Продается;;249;'4.80;Показывается;;27.05.2024 15:41;Чехлы;Чехол для смартфона;'0.36;'0.1;13;0;0;0;0;3180.00;11990.00;;0%
'Air Carbon S24+ Black;1065427488;1586596412;OZN1586596412;Чехол для Samsung Galaxy S24+ ультратонкий KZDOO Air Carbon с защитой камер, черный супертонкий чехол для Самсунг Галакси S24 Плюс (S24 Plus);'80;KZDOO;Продается;;158;'4.70;Показывается;;27.05.2024 15:44;Чехлы;Чехол для смартфона;'0.36;'0.1;2;0;0;0;0;3180.00;11990.00;;0%
'Q Series S24 Black;1066261371;1587349775;OZN1587349775;Чехол для Samsung Galaxy S24 KZDOO Q Series с защитой камер, черный тонкий силиконовый чехол для Самсунг Галакси S24;'45;KZDOO;Продается;;18;'4.90;Показывается;;28.05.2024 9:19;Чехлы;Чехол для смартфона;'0.36;'0.1;4;0;10;0;0;2180.00;7900.00;;0%
'Q Series S24+ Black;1066265183;1587353590;OZN1587353590;Чехол для Samsung Galaxy S24+ KZDOO Q Series с защитой камер, черный тонкий силиконовый чехол для Самсунг Галакси S24 Плюс;'45;KZDOO;Продается;;22;'5.00;Показывается;;28.05.2024 9:22;Чехлы;Чехол для смартфона;'0.36;'0.1;12;0;10;0;0;2200.00;7900.00;;0%
'Keephone Kevilar 15 Pro Max Simba Black;1087874931;1607327999;OZN1607327999;Чехол для iPhone 15 Pro Max с MagSafe KEVILAR, кевларовый черный чехол с узором на Айфон 15 Про Макс;'70;KEEPHONE;Готов к продаже;;4;'4.80;Показывается;;18.06.2024 8:35;Чехлы;Чехол для смартфона;'0.41;'0.1;0;0;0;0;0;6190.00;8990.00;;0%
'Keephone Kevilar 15 Pro Max Simba Blue;1087928022;1607361775;OZN1607361775;Чехол для iPhone 15 Pro Max с MagSafe KEVILAR, кевларовый синий чехол с узором на Айфон 15 Про Макс;'45;KEEPHONE;Готов к продаже;;7;'4.80;Показывается;;18.06.2024 8:44;Чехлы;Чехол для смартфона;'0.41;'0.1;0;0;0;0;0;6990.00;8990.00;;0%
'Keephone Kevilar 15 Pro Max Simba Blue/Brown;1087935402;1607373697;OZN1607373697;Чехол для iPhone 15 Pro Max с MagSafe KEVILAR, кевларовый сине-коричневый чехол с узором на Айфон 15 Про Макс;'70;KEEPHONE;Готов к продаже;;3;'4.80;Показывается;;18.06.2024 8:48;Чехлы;Чехол для смартфона;'0.41;'0.1;0;0;0;0;0;6990.00;8990.00;;0%
'Keephone Kevilar 15 Pro Max Scots Brown;1088025888;1607452569;OZN1607452569;Чехол для iPhone 15 Pro Max с MagSafe KEVILAR, кевларовый коричневый клетчатый чехол на Айфон 15 Про Макс;'70;KEEPHONE;Продается;;9;'4.80;Показывается;;18.06.2024 9:04;Чехлы;Чехол для смартфона;'0.41;'0.1;14;0;10;0;0;6490.00;11990.00;;0%
'Air Carbon S24 Ultra Titan;1088150279;1607569308;OZN1607569308;Чехол для Samsung Galaxy S24 Ultra ультратонкий KZDOO Air Carbon с защитой камер, титанового цвета супертонкий чехол для Самсунг Галакси S24 Ультра;'70;KZDOO;Продается;;59;'4.70;Показывается;;18.06.2024 10:44;Чехлы;Чехол для смартфона;'0.36;'0.1;1;0;10;0;0;3380.00;11990.00;;0%
'Air Carbon S24 Ultra Blue;1088158952;1607577019;OZN1607577019;Чехол для Samsung Galaxy S24 Ultra ультратонкий KZDOO Air Carbon с защитой камер, синий супертонкий чехол для Самсунг Галакси S24 Ультра;'70;KZDOO;Продается;;15;'4.70;Показывается;;18.06.2024 10:57;Чехлы;Чехол для смартфона;'0.36;'0.1;5;0;5;0;0;3180.00;11990.00;;0%
'Mascot 15 Pro Max Gray;1091217949;1610405703;OZN1610405703;Чехол для iPhone 15 Pro Max с вышевкой Keephone Mascot, серый кожаный чехол на Айфон 15 Про Макс;'70;KEEPHONE;Готов к продаже;;8;'5.00;Показывается;;21.06.2024 8:01;Чехлы;Чехол для смартфона;'0.60;'0.1;0;0;0;0;0;3690.00;6250.00;;0%
'Mascot 15 Pro Max Black;1091217954;1610405779;OZN1610405779;Чехол для iPhone 15 Pro Max с вышевкой Keephone Mascot, черный кожаный чехол на Айфон 15 Про Макс;'70;KEEPHONE;Продается;;17;'5.00;Показывается;;21.06.2024 8:01;Чехлы;Чехол для смартфона;'0.60;'0.1;5;0;10;0;0;7380.00;11990.00;;0%
'Mascot 15 Pro Gray;1091339361;1610521434;OZN1610521434;Чехол для iPhone 15 Pro с вышевкой Keephone Mascot, серый кожаный чехол на Айфон 15 Про;'70;KEEPHONE;Продается;;8;'5.00;Показывается;;21.06.2024 9:18;Чехлы;Чехол для смартфона;'0.60;'0.1;10;0;0;0;0;7580.00;11990.00;;0%
'Mascot 15 Pro Black;1091340874;1610522596;OZN1610522596;Чехол для iPhone 15 Pro с вышевкой Keephone Mascot, черный кожаный чехол на Айфон 15 Про;'70;KEEPHONE;Продается;;6;'5.00;Показывается;;21.06.2024 9:20;Чехлы;Чехол для смартфона;'0.60;'0.1;1;0;0;0;0;7580.00;11990.00;;0%
'Keephone Kevilar 15 Pro Simba Black;1091349387;1610529524;OZN1610529524;Чехол для iPhone 15 Pro с MagSafe KEVILAR, кевларовый черный чехол с узором на Айфон 15 Про;'70;KEEPHONE;Готов к продаже;;8;'4.90;Показывается;;21.06.2024 9:26;Чехлы;Чехол для смартфона;'0.41;'0.1;0;0;0;0;0;6990.00;8990.00;;0%
'Keephone Kevilar 15 Pro Simba Blue;1091351535;1610531847;OZN1610531847;Чехол для iPhone 15 Pro с MagSafe KEVILAR, кевларовый синий чехол с узором на Айфон 15 Про;'70;KEEPHONE;Готов к продаже;;4;'4.90;Показывается;;21.06.2024 9:29;Чехлы;Чехол для смартфона;'0.41;'0.1;0;0;0;0;0;6990.00;8990.00;;0%
'Keephone Kevilar 15 Pro Simba Blue/Brown;1091353130;1610533579;OZN1610533579;Чехол для iPhone 15 Pro с MagSafe KEVILAR, кевларовый сине-коричневый чехол с узором на Айфон 15 Про;'70;KEEPHONE;Готов к продаже;;2;'4.90;Показывается;;21.06.2024 9:31;Чехлы;Чехол для смартфона;'0.41;'0.1;0;0;0;0;0;6990.00;8990.00;;0%
'Keephone Kevilar 15 Pro Scots Brown;1091355958;1610536568;OZN1610536568;Чехол для iPhone 15 Pro с MagSafe KEVILAR, кевларовый коричневый клетчатый чехол на Айфон 15 Про;'70;KEEPHONE;Продается;;16;'4.90;Показывается;;21.06.2024 9:34;Чехлы;Чехол для смартфона;'0.41;'0.1;3;0;2;0;1;6490.00;11990.00;;0%
'Noble S24 Ultra Titan;1102286806;1620387978;OZN1620387978;Кожаный чехол для Samsung Galaxy S24 Ultra KZDOO Noble Collection, чехол титанового цвета для Самсунг Галкси S24 Ультра;'45;KZDOO;Продается;;16;'4.70;Показывается;;04.07.2024 7:53;Чехлы;Чехол для смартфона;'0.36;'0.1;1;0;9;0;0;5980.00;11990.00;;0%
'Air Carbon S24 Ultra Green;1103673220;1621212280;OZN1621212280;Чехол для Samsung Galaxy S24 Ultra ультратонкий KZDOO Air Carbon с защитой камер, зеленый супертонкий чехол для Самсунг Галакси S24 Ультра;'70;KZDOO;Продается;;21;'4.70;Показывается;;05.07.2024 7:39;Чехлы;Чехол для смартфона;'0.36;'0.1;0;0;14;0;0;3180.00;11990.00;;0%
'Air Carbon S24 Ultra Purple;1103677151;1621216566;OZN1621216566;Чехол для Samsung Galaxy S24 Ultra ультратонкий KZDOO Air Carbon с защитой камер, фиолетовый супертонкий чехол для Самсунг Галакси S24 Ультра;'45;KZDOO;Продается;;42;'4.70;Показывается;;05.07.2024 7:42;Чехлы;Чехол для смартфона;'0.36;'0.1;10;0;10;0;0;3180.00;11990.00;;0%
'Air Skin S24 Ultra Blue;1103685979;1621222159;OZN1621222159;Чехол для Samsung Galaxy S24 Ultra KZDOO (K-DOO) Air Skin с защитой камер, синий супертонкий чехол для Самсунг Галакси S24 Ультра;'70;KZDOO;Готов к продаже;;15;'4.60;Показывается;;05.07.2024 7:46;Чехлы;Чехол для смартфона;'0.36;'0.1;0;0;0;0;0;1550.00;2350.00;;0%
'Air Skin S24 Ultra Green;1103717700;1621250823;OZN1621250823;Чехол для Samsung Galaxy S24 Ultra KZDOO (K-DOO) Air Skin с защитой камер, зеленый супертонкий чехол для Самсунг Галакси S24 Ультра;'70;KZDOO;Готов к продаже;;14;'4.60;Показывается;;05.07.2024 8:07;Чехлы;Чехол для смартфона;'0.36;'0.1;0;0;0;0;0;1550.00;3000.00;;0%
'Air Skin S24 Ultra Purple;1103720898;1621253872;OZN1621253872;Чехол для Samsung Galaxy S24 Ultra KZDOO (K-DOO) Air Skin с защитой камер, фиолетовый супертонкий чехол для Самсунг Галакси S24 Ультра;'45;KZDOO;Продается;;42;'4.60;Показывается;;05.07.2024 8:09;Чехлы;Чехол для смартфона;'0.36;'0.1;80;1;0;0;0;3100.00;11990.00;;0%
'Noble S24 Ultra Red;1103724128;1621256631;OZN1621256631;Кожаный чехол для Samsung Galaxy S24 Ultra KZDOO Noble Collection, красный чехол для Самсунг Галкси S24 Ультра;'45;KZDOO;Продается;;4;'4.70;Показывается;;05.07.2024 8:13;Чехлы;Чехол для смартфона;'0.36;'0.1;3;0;10;0;0;5980.00;11990.00;;0%
'Noble S24 Ultra Pink;1103727239;1621259609;OZN1621259609;Кожаный чехол для Samsung Galaxy S24 Ultra KZDOO Noble Collection, розовый чехол для Самсунг Галкси S24 Ультра;'45;KZDOO;Продается;;3;'4.70;Показывается;;05.07.2024 8:15;Чехлы;Чехол для смартфона;'0.36;'0.1;3;0;0;0;0;5980.00;11990.00;;0%
'Air Carbon S24 Blue;1103771065;1621301734;OZN1621301734;Чехол для Samsung Galaxy S24 ультратонкий KZDOO Air Carbon с защитой камер, синий супертонкий чехол для Самсунг Галакси S24;'70;KZDOO;Продается;;31;'4.80;Показывается;;05.07.2024 8:49;Чехлы;Чехол для смартфона;'0.36;'0.1;1;0;0;0;0;2980.00;11990.00;;0%
'Air Carbon S24 Titan;1103777204;1621305766;OZN1621305766;Чехол для Samsung Galaxy S24 ультратонкий KZDOO Air Carbon с защитой камер, титанового цвета супертонкий чехол для Самсунг Галакси S24;'70;KZDOO;Готов к продаже;;21;'4.80;Показывается;;05.07.2024 8:52;Чехлы;Чехол для смартфона;'0.36;'0.1;0;0;0;0;0;1490.00;2990.00;;0%
'Air Carbon S24 Green;1103779657;1621307519;OZN1621307519;Чехол для Samsung Galaxy S24 ультратонкий KZDOO Air Carbon с защитой камер, зеленый супертонкий чехол для Самсунг Галакси S24;'70;KZDOO;Продается;;34;'4.80;Показывается;;05.07.2024 8:54;Чехлы;Чехол для смартфона;'0.36;'0.1;4;0;10;0;0;3100.00;11990.00;;0%
'Air Carbon S24 Purple;1103781884;1621309755;OZN1621309755;Чехол для Samsung Galaxy S24 ультратонкий KZDOO Air Carbon с защитой камер, фиолетовый супертонкий чехол для Самсунг Галакси S24;'70;KZDOO;Продается;;45;'4.80;Показывается;;05.07.2024 8:56;Чехлы;Чехол для смартфона;'0.36;'0.1;9;0;10;0;0;3100.00;11990.00;;0%
'Air Skin S24 Blue;1103787611;1621314943;OZN1621314943;Чехол для Samsung Galaxy S24 KZDOO (K-DOO) Air Skin с защитой камер, синий супертонкий чехол для Самсунг Галакси S24;'70;KZDOO;Продается;;16;'4.80;Показывается;;05.07.2024 8:59;Чехлы;Чехол для смартфона;'0.36;'0.1;17;0;10;0;0;2880.00;11990.00;;0%
'Air Skin S24 Titan;1103797358;1621323383;OZN1621323383;Чехол для Samsung Galaxy S24 KZDOO (K-DOO) Air Skin с защитой камер, титанового цвета супертонкий чехол для Самсунг Галакси S24;'70;KZDOO;Продается;;32;'4.80;Показывается;;05.07.2024 9:08;Чехлы;Чехол для смартфона;'0.36;'0.1;2;0;0;0;0;2880.00;11990.00;;0%
'Air Skin S24 Green;1103799371;1621325034;OZN1621325034;Чехол для Samsung Galaxy S24 KZDOO (K-DOO) Air Skin с защитой камер, зеленый супертонкий чехол для Самсунг Галакси S24;'70;KZDOO;Продается;;17;'4.80;Показывается;;05.07.2024 9:10;Чехлы;Чехол для смартфона;'0.36;'0.1;1;0;0;0;0;2880.00;11990.00;;0%
'Air Skin S24 Purple;1103801771;1621326877;OZN1621326877;Чехол для Samsung Galaxy S24 KZDOO (K-DOO) Air Skin с защитой камер, фиолетовый супертонкий чехол для Самсунг Галакси S24;'70;KZDOO;Готов к продаже;;25;'4.80;Показывается;;05.07.2024 9:12;Чехлы;Чехол для смартфона;'0.36;'0.1;0;0;0;0;0;1490.00;2350.00;;0%
'iCoat S24 Ultra Pink;1103910358;1621428121;OZN1621428121;Чехол для Samsung Galaxy S24 Ultra KZDOO iCoat, розовый чехол для Самсунг S24 Ультра;'45;KZDOO;Продается;;0;'5.00;Показывается;;05.07.2024 10:41;Чехлы;Чехол для смартфона;'0.36;'0.1;9;0;0;0;0;5648.00;11990.00;;0%
'iCoat S24 Ultra Black;1103910372;1621428222;OZN1621428222;Чехол для Samsung Galaxy S24 Ultra KZDOO iCoat, черный чехол для Самсунг S24 Ультра;'45;KZDOO;Продается;;2;'5.00;Показывается;;05.07.2024 10:41;Чехлы;Чехол для смартфона;'0.36;'0.1;6;0;0;0;0;5180.00;11990.00;;0%
'iCoat S24 Ultra Purple;1103910376;1621428269;OZN1621428269;Чехол для Samsung Galaxy S24 Ultra KZDOO iCoat, фиолетовый чехол для Самсунг S24 Ультра;'45;KZDOO;Продается;;0;'5.00;Показывается;;05.07.2024 10:41;Чехлы;Чехол для смартфона;'0.36;'0.1;3;0;0;0;0;5180.00;11990.00;;0%
'iCoat S24 Ultra Blue;1103910389;1621428258;OZN1621428258;Чехол для Samsung Galaxy S24 Ultra KZDOO iCoat, синий чехол для Самсунг S24 Ультра;'45;KZDOO;Готов к продаже;;0;'5.00;Показывается;;05.07.2024 10:41;Чехлы;Чехол для смартфона;'0.36;'0.1;0;0;0;0;0;5648.00;11990.00;;0%
'iCoat S24 Ultra Green;1103910390;1621428244;OZN1621428244;Чехол для Samsung Galaxy S24 Ultra KZDOO iCoat, зеленый чехол для Самсунг S24 Ультра;'45;KZDOO;Продается;;0;'5.00;Показывается;;05.07.2024 10:41;Чехлы;Чехол для смартфона;'0.36;'0.1;4;0;0;0;0;5648.00;11990.00;;0%
'Noble S24 Black;1104010164;1621518081;OZN1621518081;Кожаный чехол для Samsung Galaxy S24 KZDOO Noble Collection, черный чехол для Самсунг Галкси S24;'70;KZDOO;Продается;;22;'4.70;Показывается;;05.07.2024 12:54;Чехлы;Чехол для смартфона;'1.47;'0.3;10;0;10;0;0;5980.00;11990.00;;0%
'Noble S24 Titan;1104010176;1621518035;OZN1621518035;Кожаный чехол для Samsung Galaxy S24 KZDOO Noble Collection, титанового цвета чехол для Самсунг Галкси S24;'70;KZDOO;Продается;;13;'4.70;Показывается;;05.07.2024 12:54;Чехлы;Чехол для смартфона;'0.36;'0.1;5;0;10;0;0;5980.00;11990.00;;0%
'Noble S24 Pink;1104010192;1621518193;OZN1621518193;Кожаный чехол для Samsung Galaxy S24 KZDOO Noble Collection, розовый чехол для Самсунг Галкси S24;'70;KZDOO;Продается;;0;'4.70;Показывается;;05.07.2024 12:54;Чехлы;Чехол для смартфона;'0.36;'0.1;0;0;10;0;0;5980.00;11990.00;;0%
'Noble S24 Blue;1104010193;1621518054;OZN1621518054;Кожаный чехол для Samsung Galaxy S24 KZDOO Noble Collection, синий чехол для Самсунг Галкси S24;'70;KZDOO;Продается;;6;'4.70;Показывается;;05.07.2024 12:54;Чехлы;Чехол для смартфона;'0.36;'0.1;1;0;10;0;0;5980.00;11990.00;;0%
'Noble S24 Red;1104010204;1621518093;OZN1621518093;Кожаный чехол для Samsung Galaxy S24 KZDOO Noble Collection, красный чехол для Самсунг Галкси S24;'70;KZDOO;Продается;;5;'4.70;Показывается;;05.07.2024 12:54;Чехлы;Чехол для смартфона;'0.36;'0.1;18;0;10;0;0;5980.00;11990.00;;0%
'Noble S24 White;1104010233;1621518195;OZN1621518195;Кожаный чехол для Samsung Galaxy S24 KZDOO Noble Collection, белый чехол для Самсунг Галкси S24;'70;KZDOO;Продается;;7;'4.70;Показывается;;05.07.2024 12:54;Чехлы;Чехол для смартфона;'0.36;'0.1;3;0;0;0;0;5980.00;11990.00;;0%
'Noble S24 Green;1104010310;1621518221;OZN1621518221;Кожаный чехол для Samsung Galaxy S24 KZDOO Noble Collection, зеленый чехол для Самсунг Галкси S24;'70;KZDOO;Продается;;7;'4.70;Показывается;;05.07.2024 12:54;Чехлы;Чехол для смартфона;'0.36;'0.1;13;0;0;0;0;5980.00;11990.00;;0%
'Kevlar S24 Titan;1104018870;1621526407;OZN1621526407;Чехол для Samsung Galaxy S24 KZDOO KEIVLAR, кевларовый чехол титанового цвета для Самсунг Галакси S24;'45;KZDOO;Продается;;0;'0.00;Показывается;;05.07.2024 13:07;Чехлы;Чехол для смартфона;'0.36;'0.1;5;0;0;0;0;6638.00;11990.00;;0%
'Kevlar S24 Black;1104037045;1621544804;OZN1621544804;Чехол для Samsung Galaxy S24 KZDOO KEIVLAR, черный кевларовый чехол для Самсунг Галакси S24;'45;KZDOO;Продается;;0;'0.00;Показывается;;05.07.2024 13:33;Чехлы;Чехол для смартфона;'0.36;'0.1;5;0;0;0;0;6090.00;11990.00;;0%
'iCoat S24 Black;1104058545;1621561527;OZN1621561527;Чехол для Samsung Galaxy S24 KZDOO iCoat, черный чехол для Самсунг S24;'70;KZDOO;Продается;;0;'5.00;Показывается;;05.07.2024 13:44;Чехлы;Чехол для смартфона;'0.36;'0.1;10;0;0;0;0;5648.00;11990.00;;0%
'iCoat S24 Blue;1104058573;1621561850;OZN1621561850;Чехол для Samsung Galaxy S24 KZDOO iCoat, темно-синий чехол для Самсунг S24;'70;KZDOO;Продается;;1;'5.00;Показывается;;05.07.2024 13:44;Чехлы;Чехол для смартфона;'0.36;'0.1;2;0;0;0;0;5180.00;11990.00;;0%
'iCoat S24 Purple;1104058581;1621561638;OZN1621561638;Чехол для Samsung Galaxy S24 KZDOO iCoat, фиолетовый чехол для Самсунг S24;'70;KZDOO;Продается;;2;'5.00;Показывается;;05.07.2024 13:44;Чехлы;Чехол для смартфона;'0.36;'0.1;2;0;0;0;0;5648.00;11990.00;;0%
'iCoat S24 Pink;1104058602;1621561795;OZN1621561795;Чехол для Samsung Galaxy S24 KZDOO iCoat, розовый чехол для Самсунг S24;'45;KZDOO;Продается;;3;'5.00;Показывается;;05.07.2024 13:44;Чехлы;Чехол для смартфона;'0.36;'0.1;4;0;0;0;0;5648.00;11990.00;;0%
'iCoat S24 Green;1104058609;1621561766;OZN1621561766;Чехол для Samsung Galaxy S24 KZDOO iCoat, зеленый чехол для Самсунг S24;'70;KZDOO;Продается;;3;'5.00;Показывается;;05.07.2024 13:44;Чехлы;Чехол для смартфона;'0.36;'0.1;4;1;0;0;0;5180.00;11990.00;;0%
'Air Carbon S24+ Blue;1104062453;1621566848;OZN1621566848;Чехол для Samsung Galaxy S24+ ультратонкий KZDOO Air Carbon с защитой камер, синий супертонкий чехол для Самсунг Галакси S24 Плюс (S24 Plus);'70;KZDOO;Продается;;11;'4.70;Показывается;;05.07.2024 13:52;Чехлы;Чехол для смартфона;'0.36;'0.1;3;0;0;0;0;3180.00;11990.00;;0%
'Air Carbon S24+ Titan;1104063200;1621567752;OZN1621567752;Чехол для Samsung Galaxy S24+ ультратонкий KZDOO Air Carbon с защитой камер, титанового цвета супертонкий чехол для Самсунг Галакси S24 Плюс (S24 Plus);'70;KZDOO;Продается;;10;'4.70;Показывается;;05.07.2024 13:55;Чехлы;Чехол для смартфона;'0.36;'0.1;4;0;0;0;0;3180.00;11990.00;;0%
'Air Carbon S24+ Green;1104063927;1621568308;OZN1621568308;Чехол для Samsung Galaxy S24+ ультратонкий KZDOO Air Carbon с защитой камер, зеленый супертонкий чехол для Самсунг Галакси S24 Плюс (S24 Plus);'70;KZDOO;Продается;;16;'4.70;Показывается;;05.07.2024 13:56;Чехлы;Чехол для смартфона;'0.36;'0.1;3;0;10;0;0;3100.00;11990.00;;0%
'Air Carbon S24+ Purple;1104064774;1621569934;OZN1621569934;Чехол для Samsung Galaxy S24+ ультратонкий KZDOO Air Carbon с защитой камер, фиолетовый супертонкий чехол для Самсунг Галакси S24 Плюс (S24 Plus);'70;KZDOO;Продается;;28;'4.70;Показывается;;05.07.2024 14:00;Чехлы;Чехол для смартфона;'0.36;'0.1;4;0;10;0;0;3100.00;11990.00;;0%
'Air Skin S24+ Blue;1104078239;1621585050;OZN1621585050;Чехол для Samsung Galaxy S24 Plus KZDOO (K-DOO) Air Skin с защитой камер, синий супертонкий чехол для Самсунг Галакси S24 Плюс;'70;KZDOO;Продается;;2;'4.70;Показывается;;05.07.2024 14:37;Чехлы;Чехол для смартфона;'0.36;'0.1;2;0;0;0;0;2980.00;11990.00;;0%
'Air Skin S24+ Titan;1104078690;1621585480;OZN1621585480;Чехол для Samsung Galaxy S24 Plus KZDOO (K-DOO) Air Skin с защитой камер, титанового цвета супертонкий чехол для Самсунг Галакси S24 Плюс;'70;KZDOO;Продается;;8;'4.70;Показывается;;05.07.2024 14:39;Чехлы;Чехол для смартфона;'0.36;'0.1;6;0;10;0;0;2980.00;11990.00;;0%
'Air Skin S24+ Green;1104079295;1621585985;OZN1621585985;Чехол для Samsung Galaxy S24 Plus KZDOO (K-DOO) Air Skin с защитой камер, зеленый супертонкий чехол для Самсунг Галакси S24 Плюс;'70;KZDOO;Продается;;7;'4.70;Показывается;;05.07.2024 14:43;Чехлы;Чехол для смартфона;'0.36;'0.1;4;0;0;0;0;2980.00;11990.00;;0%
'Air Skin S24+ Purple;1104081831;1621588930;OZN1621588930;Чехол для Samsung Galaxy S24 Plus KZDOO (K-DOO) Air Skin с защитой камер, фиолетовый супертонкий чехол для Самсунг Галакси S24 Плюс;'70;KZDOO;Продается;;13;'4.70;Показывается;;05.07.2024 14:50;Чехлы;Чехол для смартфона;'0.36;'0.1;2;0;0;0;0;2980.00;11990.00;;0%
'Noble S24+ Titan;1104611404;1622469743;OZN1622469743;Кожаный чехол для Samsung Galaxy S24+ KZDOO Noble Collection, титанового цвета чехол для Самсунг Галкси S24 Плюс (S24 Plus);'45;KZDOO;Продается;;2;'5.00;Показывается;;06.07.2024 8:50;Чехлы;Чехол для смартфона;'0.36;'0.1;2;0;0;0;0;5980.00;11990.00;;0%
'Noble S24+ Pink;1104611405;1622470067;OZN1622470067;Кожаный чехол для Samsung Galaxy S24+ KZDOO Noble Collection, розовый чехол для Самсунг Галкси S24 Плюс (S24 Plus);'45;KZDOO;Продается;;2;'5.00;Показывается;;06.07.2024 8:50;Чехлы;Чехол для смартфона;'0.36;'0.1;1;0;0;0;0;5980.00;11990.00;;0%
'Noble S24+ White;1104611473;1622470205;OZN1622470205;Кожаный чехол для Samsung Galaxy S24+ KZDOO Noble Collection, белый чехол для Самсунг Галкси S24 Плюс (S24 Plus);'45;KZDOO;Готов к продаже;;1;'5.00;Показывается;;06.07.2024 8:50;Чехлы;Чехол для смартфона;'0.36;'0.1;0;0;0;0;0;5980.00;11990.00;;0%
'Noble S24+ Red;1104611507;1622470154;OZN1622470154;Кожаный чехол для Samsung Galaxy S24+ KZDOO Noble Collection, красный чехол для Самсунг Галкси S24 Плюс (S24 Plus);'45;KZDOO;Продается;;0;'5.00;Показывается;;06.07.2024 8:50;Чехлы;Чехол для смартфона;'0.36;'0.1;3;0;5;0;0;5980.00;11990.00;;0%
'Noble S24+ Blue;1104611514;1622470293;OZN1622470293;Кожаный чехол для Samsung Galaxy S24+ KZDOO Noble Collection, синий чехол для Самсунг Галкси S24 Плюс (S24 Plus);'45;KZDOO;Продается;;1;'5.00;Показывается;;06.07.2024 8:50;Чехлы;Чехол для смартфона;'0.36;'0.1;2;0;0;0;0;5980.00;11990.00;;0%
'Noble S24+ Black;1104611525;1622470228;OZN1622470228;Кожаный чехол для Samsung Galaxy S24+ KZDOO Noble Collection, черный чехол для Самсунг Галкси S24 Плюс (S24 Plus);'45;KZDOO;Продается;;7;'5.00;Показывается;;06.07.2024 8:50;Чехлы;Чехол для смартфона;'0.36;'0.1;0;0;10;0;0;5980.00;11990.00;;0%
'Noble S24+ Green;1104611527;1622470109;OZN1622470109;Кожаный чехол для Samsung Galaxy S24+ KZDOO Noble Collection, зеленый чехол для Самсунг Галкси S24 Плюс (S24 Plus);'45;KZDOO;Продается;;0;'5.00;Показывается;;06.07.2024 8:50;Чехлы;Чехол для смартфона;'0.36;'0.1;2;0;0;0;0;6520.00;11990.00;;0%
'Kevlar S24+ Black;1104620296;1622478803;OZN1622478803;Чехол для Samsung Galaxy S24+ KZDOO KEIVLAR, черный кевларовый чехол для Самсунг Галакси S24 Плюс (S24 Plus);'70;KZDOO;Готов к продаже;;3;'5.00;Показывается;;06.07.2024 9:02;Чехлы;Чехол для смартфона;'0.36;'0.1;0;0;0;0;0;6090.00;11990.00;;0%
'Kevlar S24+ Titan;1104624029;1622480539;OZN1622480539;Чехол для Samsung Galaxy S24+ KZDOO KEIVLAR, кевларовый чехол титанового цвета для Самсунг Галакси S24 Плюс (S24 Plus);'70;KZDOO;Продается;;1;'5.00;Показывается;;06.07.2024 9:06;Чехлы;Чехол для смартфона;'0.36;'0.1;4;0;0;0;0;6090.00;11990.00;;0%
'iCoat S24+ Green;1104630063;1622485901;OZN1622485901;Чехол для Samsung Galaxy S24+ KZDOO iCoat, зеленый чехол для Самсунг S24 Плюс (S24 Plus);'70;KZDOO;Продается;;1;'4.30;Показывается;;06.07.2024 9:15;Чехлы;Чехол для смартфона;'0.36;'0.1;4;0;0;0;0;5180.00;11990.00;;0%
'iCoat S24+ Black;1104630064;1622485885;OZN1622485885;Чeхол для Samsung Galaxy S24+ KZDOO iCoat, черный чехол для Самсунг S24 Плюс (S24 Plus);'70;KZDOO;Продается;;1;'4.30;Показывается;;06.07.2024 9:15;Чехлы;Чехол для смартфона;'0.36;'0.1;2;0;0;0;0;5648.00;11990.00;;0%
'iCoat S24+ Pink;1104630075;1622485701;OZN1622485701;Чехол для Samsung Galaxy S24+ KZDOO iCoat, розовый чехол для Самсунг S24 Плюс (S24 Plus);'70;KZDOO;Продается;;1;'4.30;Показывается;;06.07.2024 9:15;Чехлы;Чехол для смартфона;'0.36;'0.1;3;0;0;0;0;5180.00;11990.00;;0%
'iCoat S24+ Purple;1104630080;1622485874;OZN1622485874;Чехол для Samsung Galaxy S24+ KZDOO iCoat, фиолетовый чехол для Самсунг S24 Плюс (S24 Plus);'70;KZDOO;Продается;;0;'4.30;Показывается;;06.07.2024 9:15;Чехлы;Чехол для смартфона;'0.36;'0.1;4;0;0;0;0;5180.00;11990.00;;0%
'iCoat S24+ Blue;1104630081;1622485732;OZN1622485732;Чехол для Samsung Galaxy S24+ KZDOO iCoat, синий чехол для Самсунг S24 Плюс (S24 Plus);'70;KZDOO;Продается;;1;'4.30;Показывается;;06.07.2024 9:15;Чехлы;Чехол для смартфона;'0.36;'0.1;2;0;0;0;0;5648.00;11990.00;;0%
'Heldro Sky 15 Pro Max Green;1124926199;1640479174;OZN1640479174;Чехол для iPhone 15 Pro Max с держателем Keephone Heldro Sky, разноцветный противоударный чехол для Айфон 15 Про Макс;'70;KEEPHONE;Готов к продаже;;8;'4.80;Показывается;;27.07.2024 11:49;Чехлы;Чехол для смартфона;'0.38;'0.1;0;0;0;0;0;3500.00;5290.00;;0%
'Air Carbon S23 Ultra Purple;1150369688;1662943724;OZN1662943724;Чехол для Samsung Galaxy S23 Ultra ультратонкий KZDOO Air Carbon с защитой камер, фиолетовый супертонкий чехол для Самсунг Галакси S23 Ультра;'70;KZDOO;Продается;;5;'4.70;Показывается;;19.08.2024 11:19;Чехлы;Чехол для смартфона;'0.36;'0.1;4;0;0;0;0;3980.00;11990.00;;0%
'Air Carbon S23 Ultra Green;1150375003;1662947517;OZN1662947517;Чехол для Samsung Galaxy S23 Ultra ультратонкий KZDOO Air Carbon с защитой камер, зеленый супертонкий чехол для Самсунг Галакси S23 Ультра;'70;KZDOO;Продается;;17;'4.70;Показывается;;19.08.2024 11:22;Чехлы;Чехол для смартфона;'0.36;'0.1;5;0;10;0;0;3980.00;11990.00;;0%
'Air Skin 16 Pro Black;1187578677;1694831256;OZN1694831256;Ультратонкий чехол на Айфон 16 Про Air Skin с защитой камер, черный чехол для iPhone 16 Pro;'77.5;KZDOO;Продается;;75;'4.80;Показывается;;16.09.2024 8:53;Чехлы;Чехол для смартфона;'0.36;'0.1;1;0;7;0;0;3100.00;11990.00;;0%
'Air Skin 16 Pro Clear;1187584572;1694835855;OZN1694835855;Ультратонкий чехол на Айфон 16 Про Air Skin с защитой камер, прозрачный чехол для iPhone 16 Pro;'77.5;KZDOO;Продается;;190;'4.80;Показывается;;16.09.2024 8:56;Чехлы;Чехол для смартфона;'0.36;'0.1;169;2;10;0;0;4980.00;11990.00;;0%
'Air Skin 16 Pro Gray;1187592378;1694842942;OZN1694842942;Ультратонкий чехол на Айфон 16 Про Air Skin с защитой камер, серый чехол для iPhone 16 Pro;'77.5;KZDOO;Продается;;12;'4.80;Показывается;;16.09.2024 9:00;Чехлы;Чехол для смартфона;'0.36;'0.1;9;0;8;0;0;3100.00;11990.00;;0%
'Air Skin 16 Pro Green;1187595046;1694845022;OZN1694845022;Ультратонкий чехол на Айфон 16 Про Air Skin с защитой камер, зеленый чехол для iPhone 16 Pro;'77.5;KZDOO;Продается;;17;'4.80;Показывается;;16.09.2024 9:02;Чехлы;Чехол для смартфона;'1.65;'0.3;13;0;10;0;0;3100.00;11990.00;;0%
'Air Skin 16 Pro Pink;1187603795;1694852675;OZN1694852675;Ультратонкий чехол на Айфон 16 Про Air Skin с защитой камер, розовый чехол для iPhone 16 Pro;'77.5;KZDOO;Готов к продаже;;24;'4.80;Показывается;;16.09.2024 9:05;Чехлы;Чехол для смартфона;'0.36;'0.1;0;0;0;0;0;1550.00;11990.00;;0%
'Air Skin 16 Pro Purple;1187607727;1694856059;OZN1694856059;Ультратонкий чехол на Айфон 16 Про Air Skin с защитой камер, фиолетовый чехол для iPhone 16 Pro;'77.5;KZDOO;Готов к продаже;;0;'4.80;Показывается;;16.09.2024 9:07;Чехлы;Чехол для смартфона;'0.36;'0.1;0;0;0;0;0;1550.00;2090.00;;0%
'Air Skin 16 Pro Titanium;1187612037;1694860197;OZN1694860197;Ультратонкий чехол на Айфон 16 Про Air Skin с защитой камер, чехол цвета титан для iPhone 16 Pro;'77.5;KZDOO;Продается;;13;'4.80;Показывается;;16.09.2024 9:10;Чехлы;Чехол для смартфона;'0.36;'0.1;18;0;10;0;0;3100.00;11990.00;;0%
'Air Skin 16 Pro Max Black;1187632514;1694878392;OZN1694878392;Ультратонкий чехол на Айфон 16 Про Макс Air Skin с защитой камер, черный чехол для iPhone 16 Pro Max;'77.5;KZDOO;Продается;;44;'4.80;Показывается;;16.09.2024 9:27;Чехлы;Чехол для смартфона;'0.36;'0.1;30;0;9;0;1;4980.00;11990.00;;0%
'Air Skin 16 Pro Max Clear;1187654611;1694895549;OZN1694895549;Ультратонкий чехол на Айфон 16 Про Макс Air Skin с защитой камер, прозрачный чехол для iPhone 16 Pro Max;'77.5;KZDOO;Продается;;173;'4.80;Показывается;;16.09.2024 9:40;Чехлы;Чехол для смартфона;'0.36;'0.1;111;1;7;0;0;4980.00;11990.00;;0%
'Air Skin 16 Pro Max Gray;1187658023;1694898263;OZN1694898263;Ультратонкий чехол на Айфон 16 Про Макс Air Skin с защитой камер, серый чехол для iPhone 16 Pro Max;'77.5;KZDOO;Продается;;17;'4.80;Показывается;;16.09.2024 9:43;Чехлы;Чехол для смартфона;'0.36;'0.1;12;0;10;0;0;4980.00;11990.00;;0%
'Air Skin 16 Pro Max Green;1187660679;1694901603;OZN1694901603;Ультратонкий чехол на Айфон 16 Про Макс Air Skin с защитой камер, зеленый чехол для iPhone 16 Pro Max;'77.5;KZDOO;Продается;;10;'4.80;Показывается;;16.09.2024 9:46;Чехлы;Чехол для смартфона;'0.36;'0.1;9;0;4;0;0;4980.00;11990.00;;0%
'Air Skin 16 Pro Max Pink;1187663277;1694904044;OZN1694904044;Ультратонкий чехол на Айфон 16 Про Макс Air Skin с защитой камер, розовый чехол для iPhone 16 Pro Max;'77.5;KZDOO;Продается;;29;'4.80;Показывается;;16.09.2024 9:48;Чехлы;Чехол для смартфона;'0.36;'0.1;12;0;10;0;0;4980.00;11990.00;;0%
'Air Skin 16 Pro Max Purple;1187666642;1694906657;OZN1694906657;Ультратонкий чехол на Айфон 16 Про Макс Air Skin с защитой камер, фиолетовый чехол для iPhone 16 Pro Max;'77.5;KZDOO;Продается;;3;'4.80;Показывается;;16.09.2024 9:50;Чехлы;Чехол для смартфона;'0.36;'0.1;4;0;10;0;0;4980.00;11990.00;;0%
'Air Skin 16 Pro Max Titanium Grey;1187673347;1694912366;OZN1694912366;Ультратонкий чехол на Айфон 16 Про Макс Air Skin с защитой камер, чехол цвета титан для iPhone 16 Pro Max;'77.5;KZDOO;Продается;;5;'4.80;Показывается;;16.09.2024 9:56;Чехлы;Чехол для смартфона;'0.36;'0.1;17;0;9;0;1;4980.00;11990.00;;0%
'Air Carbon 16 Pro Blue;1187683733;1694921140;OZN1694921140;Ультратонкий чехол для iPhone 16 Pro KZDOO Air Carbon с защитой камер, синий супертонкий чехол для Айфон 16 Про;'82.5;KZDOO;Продается;;4;'4.50;Показывается;;16.09.2024 10:06;Чехлы;Чехол для смартфона;'0.36;'0.1;13;0;10;0;0;2980.00;11990.00;;0%
'Air Carbon 16 Pro Max Blue;1187686803;1694922890;OZN1694922890;Ультратонкий чехол для iPhone 16 Pro Max KZDOO Air Carbon с защитой камер, синий супертонкий чехол для Айфон 16 Про Макс;'82.5;KZDOO;Продается;;4;'4.50;Показывается;;16.09.2024 10:08;Чехлы;Чехол для смартфона;'0.36;'0.1;4;0;10;0;0;2980.00;11990.00;;0%
'Q Series 16 Pro Black;1187689110;1694925756;OZN1694925756;Тонкий чехол для iPhone 16 Pro KZDOO Q Series, черный силиконовый чехол на Айфон 16 Про;'77.5;KZDOO;Готов к продаже;;59;'4.80;Показывается;;16.09.2024 10:13;Чехлы;Чехол для смартфона;'0.36;'0.1;0;0;0;0;0;1390.00;2290.00;;0%
'Q Series 16 Pro Max Black;1187722181;1694958790;OZN1694958790;Тонкий чехол для iPhone 16 Pro Max KZDOO Q Series, черный силиконовый чехол на Айфон 16 Про Макс;'77.5;KZDOO;Готов к продаже;;33;'4.90;Показывается;;16.09.2024 10:56;Чехлы;Чехол для смартфона;'1.50;'0.3;0;0;0;0;0;1390.00;2290.00;;0%
'Guardian 16 Pro Clear;1187732132;1694968365;OZN1694968365;Чехол для iPhone 16 Pro KZDOO Guardian, прозрачный противоударный чехол для Айфон 16 Про;'45;KZDOO;Продается;;24;'4.90;Показывается;;16.09.2024 11:00;Чехлы;Чехол для смартфона;'0.36;'0.1;10;0;9;0;0;5300.00;11990.00;;0%
'Guardian 16 Pro Black;1187735127;1694971177;OZN1694971177;Чехол для iPhone 16 Pro KZDOO Guardian, черно-прозрачный противоударный чехол для Айфон 16 Про;'70;KZDOO;Продается;;5;'4.90;Показывается;;16.09.2024 11:02;Чехлы;Чехол для смартфона;'0.36;'0.1;11;0;0;0;0;5300.00;11990.00;;0%
'Guardian 16 Pro Max Clear;1187928937;1695152960;OZN1695152960;Чехол для iPhone 16 Pro Max KZDOO Guardian, прозрачный противоударный чехол для Айфон 16 Про Макс;'45;KZDOO;Продается;;16;'4.90;Показывается;;16.09.2024 14:13;Чехлы;Чехол для смартфона;'0.36;'0.1;1;0;10;0;0;5300.00;11990.00;;0%
'Guardian 16 Pro Max Black;1187930663;1695154273;OZN1695154273;Чехол для iPhone 16 Pro Max KZDOO Guardian, прозрачно-черный противоударный чехол для Айфон 16 Про Макс;'70;KZDOO;Продается;;4;'4.90;Показывается;;16.09.2024 14:18;Чехлы;Чехол для смартфона;'0.36;'0.1;7;0;0;0;0;5300.00;11990.00;;0%
'Noble 16 Pro Black;1187940143;1695163906;OZN1695163906;Кожаный чехол для iPhone 16 Pro KZDOO Noble Collection, черный для Айфон 16 Про;'77.5;KZDOO;Продается;;26;'4.80;Показывается;;16.09.2024 14:31;Чехлы;Чехол для смартфона;'0.36;'0.1;5;0;10;0;0;7828.00;11990.00;;0%
'Noble 16 Pro White;1187941602;1695164991;OZN1695164991;Кожаный чехол для iPhone 16 Pro KZDOO Noble Collection, белый для Айфон 16 Про;'77.5;KZDOO;Продается;;11;'4.80;Показывается;;16.09.2024 14:34;Чехлы;Чехол для смартфона;'0.36;'0.1;7;0;10;0;0;7180.00;11990.00;;0%
'Noble 16 Pro Blue;1187947601;1695166299;OZN1695166299;Кожаный чехол для iPhone 16 Pro KZDOO Noble Collection, синий чехол для Айфон 16 Про;'77.5;KZDOO;Продается;;5;'4.80;Показывается;;16.09.2024 14:37;Чехлы;Чехол для смартфона;'0.36;'0.1;6;0;10;0;0;7180.00;11990.00;;0%
'Noble 16 Pro Brown;1187948231;1695166973;OZN1695166973;Кожаный чехол для iPhone 16 Pro KZDOO Noble Collection, коричневый для Айфон 16 Про;'77.5;KZDOO;Продается;;14;'4.80;Показывается;;16.09.2024 14:40;Чехлы;Чехол для смартфона;'0.36;'0.1;12;0;5;0;0;7180.00;11990.00;;0%
'Noble 16 Pro Purple;1187952602;1695169956;OZN1695169956;Кожаный чехол для iPhone 16 Pro KZDOO Noble Collection, фиолетовый для Айфон 16 Про;'77.5;KZDOO;Продается;;9;'4.80;Показывается;;16.09.2024 14:45;Чехлы;Чехол для смартфона;'0.36;'0.1;2;0;10;0;0;7180.00;11990.00;;0%
'Noble 16 Pro Titanium;1187953275;1695170586;OZN1695170586;Кожаный чехол для iPhone 16 Pro KZDOO Noble Collection, титаниум для Айфон 16 Про;'77.5;KZDOO;Продается;;24;'4.80;Показывается;;16.09.2024 14:47;Чехлы;Чехол для смартфона;'0.36;'0.1;3;0;4;0;0;7180.00;11990.00;;0%
'Noble 16 Pro Max Black;1187955304;1695172586;OZN1695172586;Кожаный чехол для iPhone 16 Pro Max KZDOO Noble Collection, черный чехол для Айфон 16 Про Макс;'77.5;KZDOO;Продается;;36;'4.60;Показывается;;16.09.2024 14:51;Чехлы;Чехол для смартфона;'0.36;'0.1;6;0;9;0;0;7828.00;11990.00;;0%
'Noble 16 Pro Max White;1187956230;1695173692;OZN1695173692;Кожаный чехол для iPhone 16 Pro Max KZDOO Noble Collection, белый чехол для Айфон 16 Про Макс;'77.5;KZDOO;Продается;;15;'4.60;Показывается;;16.09.2024 14:54;Чехлы;Чехол для смартфона;'0.36;'0.1;2;0;9;0;0;7180.00;11990.00;;0%
'Noble 16 Pro Max Blue;1187956832;1695174234;OZN1695174234;Кожаный чехол для iPhone 16 Pro Max KZDOO Noble Collection, синий чехол для Айфон 16 Про Макс;'77.5;KZDOO;Продается;;5;'4.60;Показывается;;16.09.2024 14:56;Чехлы;Чехол для смартфона;'0.36;'0.1;2;0;10;0;0;7180.00;11990.00;;0%
'Combat 14 Pro Max Black;1189989452;1696844712;OZN1696844712;Чехол для iPhone 14 Pro Max Keephone Kevilar Combat, черный противоударный кевларовый чехол для Айфон 14 Про Макс;'45;KEEPHONE;Продается;;0;'0.00;Показывается;;18.09.2024 12:23;Чехлы;Чехол для смартфона;'0.41;'0.1;2;0;10;0;0;6190.00;11990.00;;0%
'Noble 16 Pro Max Brown;1190806846;1697598415;OZN1697598415;Кожаный чехол для iPhone 16 Pro Max KZDOO Noble Collection, коричневый чехол для Айфон 16 Про Макс;'77.5;KZDOO;Продается;;6;'4.60;Показывается;;19.09.2024 7:36;Чехлы;Чехол для смартфона;'0.36;'0.1;1;0;0;0;0;7180.00;11990.00;;0%
'Noble 16 Pro Max Purple;1190821997;1697611210;OZN1697611210;Кожаный чехол для iPhone 16 Pro Max KZDOO Noble Collection, фиолетовый чехол для Айфон 16 Про Макс;'77.5;KZDOO;Продается;;2;'4.60;Показывается;;19.09.2024 7:44;Чехлы;Чехол для смартфона;'0.36;'0.1;5;0;4;0;0;7180.00;11990.00;;0%
'Noble 16 Pro Max Titanium;1190842625;1697630461;OZN1697630461;Кожаный чехол для iPhone 16 Pro Max KZDOO Noble Collection, титаниум чехол для Айфон 16 Про Макс;'77.5;KZDOO;Готов к продаже;;21;'4.60;Показывается;;19.09.2024 7:52;Чехлы;Чехол для смартфона;'0.36;'0.1;0;0;0;0;0;7180.00;11990.00;;0%
'Mag Noble 16 Pro Black;1190896970;1697672729;OZN1697672729;Кожаный чехол для iPhone 16 Pro с MagSafe KZDOO Mag Noble Collection, черный чехол для Айфон 16 Про;'70;KZDOO;Продается;;5;'5.00;Показывается;;19.09.2024 8:15;Чехлы;Чехол для смартфона;'0.36;'0.1;8;0;5;0;0;11100.00;11990.00;;0%
'Mag Noble 16 Pro White;1191124437;1697859237;OZN1697859237;Кожаный чехол для iPhone 16 Pro с MagSafe KZDOO Mag Noble Collection, белый чехол для Айфон 16 Про;'70;KZDOO;Продается;;1;'5.00;Показывается;;19.09.2024 10:01;Чехлы;Чехол для смартфона;'0.36;'0.1;1;0;0;0;0;11100.00;11990.00;;0%
'Mag Noble 16 Pro Green;1191152028;1697880497;OZN1697880497;Кожаный чехол для iPhone 16 Pro с MagSafe KZDOO Mag Noble Collection, зеленый чехол для Айфон 16 Про;'70;KZDOO;Продается;;0;'5.00;Показывается;;19.09.2024 10:11;Чехлы;Чехол для смартфона;'0.36;'0.1;4;0;0;0;0;6050.00;11990.00;;0%
'Mag Noble 16 Pro Blue;1191179827;1697908438;OZN1697908438;Кожаный чехол для iPhone 16 Pro с MagSafe KZDOO Mag Noble Collection, синий чехол для Айфон 16 Про;'70;KZDOO;Продается;;1;'5.00;Показывается;;19.09.2024 10:30;Чехлы;Чехол для смартфона;'0.36;'0.1;2;0;0;0;0;11100.00;11990.00;;0%
'Mag Noble 16 Pro Yellow;1191213982;1697941119;OZN1697941119;Кожаный чехол для iPhone 16 Pro с MagSafe KZDOO Mag Noble Collection, желтый чехол для Айфон 16 Про;'70;KZDOO;Продается;;2;'5.00;Показывается;;19.09.2024 10:52;Чехлы;Чехол для смартфона;'0.36;'0.1;2;0;0;0;0;6050.00;11990.00;;0%
'Mag Noble 16 Pro Orange;1191242183;1697970057;OZN1697970057;Кожаный чехол для iPhone 16 Pro с MagSafe KZDOO Mag Noble Collection, оранжевый чехол для Айфон 16 Про;'45;KZDOO;Продается;;0;'5.00;Показывается;;19.09.2024 11:09;Чехлы;Чехол для смартфона;'0.36;'0.1;4;0;0;0;0;6050.00;11990.00;;0%
'Mag Noble 16 Pro Max Black;1191263790;1697990852;OZN1697990852;Кожаный чехол для iPhone 16 Pro Max с MagSafe KZDOO Mag Noble Collection, черный чехол для Айфон 16 Про Макс;'70;KZDOO;Продается;;6;'4.80;Показывается;;19.09.2024 11:23;Чехлы;Чехол для смартфона;'0.36;'0.1;15;0;10;0;0;11100.00;11990.00;;0%
'Mag Noble 16 Pro Max White;1191267045;1697992847;OZN1697992847;Кожаный чехол для iPhone 16 Pro Max с MagSafe KZDOO Mag Noble Collection, белый чехол для Айфон 16 Про Макс;'70;KZDOO;Продается;;6;'4.80;Показывается;;19.09.2024 11:25;Чехлы;Чехол для смартфона;'0.36;'0.1;10;0;5;0;0;11100.00;11990.00;;0%
'Mag Noble 16 Pro Max Brown;1191269588;1697996704;OZN1697996704;Кожаный чехол для iPhone 16 Pro Max с MagSafe KZDOO Mag Noble Collection, коричневый чехол для Айфон 16 Про Макс;'70;KZDOO;Продается;;1;'4.80;Показывается;;19.09.2024 11:28;Чехлы;Чехол для смартфона;'0.36;'0.1;3;0;0;0;0;11100.00;11990.00;;0%
'Mag Noble 16 Pro Max Blue;1191273083;1697999282;OZN1697999282;Кожаный чехол для iPhone 16 Pro Max с MagSafe KZDOO Mag Noble Collection, синий чехол для Айфон 16 Про Макс;'70;KZDOO;Продается;;2;'4.80;Показывается;;19.09.2024 11:29;Чехлы;Чехол для смартфона;'0.36;'0.1;4;0;10;0;0;11100.00;11990.00;;0%
'Mag Noble 16 Pro Max Yellow;1191277556;1698003423;OZN1698003423;Кожаный чехол для iPhone 16 Pro Max с MagSafe KZDOO Mag Noble Collection, желтый чехол для Айфон 16 Про Макс;'70;KZDOO;Продается;;1;'4.80;Показывается;;19.09.2024 11:31;Чехлы;Чехол для смартфона;'0.36;'0.1;4;0;0;0;0;11100.00;11990.00;;0%
'Kevlar 16 Pro Black;1191333549;1698058432;OZN1698058432;Чехол для iPhone 16 Pro KZDOO KEIVLAR, черно-серый кевларовый чехол для Айфон 16 Про;'52.5;KZDOO;Продается;;27;'4.90;Показывается;;19.09.2024 12:10;Чехлы;Чехол для смартфона;'0.36;'0.1;4;0;3;0;2;5990.00;11990.00;;0%
'Kevlar 16 Pro Titan;1191345394;1698069844;OZN1698069844;Чехол для iPhone 16 Pro KZDOO KEIVLAR, цвета титаниум кевларовый чехол для Айфон 16 Про;'77.5;KZDOO;Продается;;4;'4.90;Показывается;;19.09.2024 12:20;Чехлы;Чехол для смартфона;'0.36;'0.1;4;0;0;0;0;5990.00;11990.00;;0%
'Kevlar 16 Pro Max Black;1191347557;1698072018;OZN1698072018;Чехол для iPhone 16 Pro Max KZDOO KEIVLAR, черно-серый кевларовый чехол для Айфон 16 Про Макс;'77.5;KZDOO;Продается;;30;'4.70;Показывается;;19.09.2024 12:23;Чехлы;Чехол для смартфона;'0.36;'0.1;38;0;10;0;0;6420.00;11990.00;;0%
'Kevlar 16 Pro Max Titan;1191353988;1698075897;OZN1698075897;Чехол для iPhone 16 Pro Max KZDOO KEIVLAR, цвета титаниум кевларовый чехол для Айфон 16 Про Макс;'77.5;KZDOO;Продается;;5;'4.70;Показывается;;19.09.2024 12:27;Чехлы;Чехол для смартфона;'0.36;'0.1;3;0;0;0;0;5990.00;11990.00;;0%
'Hybrid 16 Pro Clear;1192286312;1698889598;OZN1698889598;Чехол для iPhone 16 Pro Keephone Hybrid Case, прозрачный противоударный чехол для Айфон 16 Про;'70;KEEPHONE;Готов к продаже;;3;'5.00;Показывается;;20.09.2024 8:34;Чехлы;Чехол для смартфона;'0.38;'0.1;0;0;0;0;0;2450.00;3990.00;;0%
'Hybrid 16 Pro Max Clear;1192292255;1698894862;OZN1698894862;Чехол для iPhone 16 Pro Max Keephone Hybrid Case, прозрачный противоударный чехол для Айфон 16 Про Макс;'70;KEEPHONE;Продается;;0;'0.00;Показывается;;20.09.2024 8:38;Чехлы;Чехол для смартфона;'0.38;'0.1;10;0;0;0;0;4900.00;11990.00;;0%
'Air Skin 16 Pro Max Blue;1201842167;1707101184;OZN1707101184;Ультратонкий чехол на Айфон 16 Про Макс Air Skin с защитой камер, синий чехол для iPhone 16 Pro Max;'77.5;KZDOO;Продается;;9;'4.80;Показывается;;27.09.2024 9:24;Чехлы;Чехол для смартфона;'0.36;'0.1;2;0;9;0;0;4980.00;11990.00;;0%
'Air Skin 16 Pro Blue;1201899949;1707148199;OZN1707148199;Ультратонкий чехол на Айфон 16 Про Air Skin с защитой камер, синий чехол для iPhone 16 Pro;'77.5;KZDOO;Продается;;10;'4.80;Показывается;;27.09.2024 9:42;Чехлы;Чехол для смартфона;'0.36;'0.1;4;0;10;0;1;3100.00;11990.00;;0%
'Guardian 16 Clear;1201921664;1707170612;OZN1707170612;Чехол для iPhone 16 KZDOO Guardian, прозрачный противоударный чехол для Айфон 16;'70;KZDOO;Продается;;3;'4.90;Показывается;;27.09.2024 9:53;Чехлы;Чехол для смартфона;'0.36;'0.1;4;0;0;0;0;5300.00;11990.00;;0%
'Guardian 16 Pro Rose Gold;1201930517;1707179603;OZN1707179603;Чехол для iPhone 16 Pro KZDOO Guardian, золотой противоударный чехол для Айфон 16 Про;'70;KZDOO;Продается;;8;'4.90;Показывается;;27.09.2024 9:57;Чехлы;Чехол для смартфона;'0.36;'0.1;9;0;0;0;0;5778.00;11990.00;;0%
'Guardian 16 Pro Max Rose Gold;1201934062;1707181173;OZN1707181173;Чехол для iPhone 16 Pro Max KZDOO Guardian, золотой противоударный чехол для Айфон 16 Про Макс;'70;KZDOO;Продается;;12;'4.90;Показывается;;27.09.2024 9:58;Чехлы;Чехол для смартфона;'0.36;'0.1;20;0;10;0;0;5866.00;11990.00;;0%
'Noble 16 Pro Orange;1201943148;1707190076;OZN1707190076;Кожаный чехол для iPhone 16 Pro KZDOO Noble Collection, оранжевый для Айфон 16 Про;'77.5;KZDOO;Продается;;5;'4.80;Показывается;;27.09.2024 10:03;Чехлы;Чехол для смартфона;'0.36;'0.1;1;0;0;0;0;7180.00;11990.00;;0%
'Noble 16 Pro Pink;1202129178;1707328463;OZN1707328463;Кожаный чехол для iPhone 16 Pro KZDOO Noble Collection, розовый для Айфон 16 Про;'77.5;KZDOO;Продается;;2;'4.80;Показывается;;27.09.2024 11:22;Чехлы;Чехол для смартфона;'0.36;'0.1;6;0;3;0;0;7180.00;11990.00;;0%
'Noble 16 Pro Max Pink;1203517229;1708518556;OZN1708518556;Кожаный чехол для iPhone 16 Pro Max KZDOO Noble Collection, розовый чехол для Айфон 16 Про Макс;'77.5;KZDOO;Продается;;2;'4.60;Показывается;;28.09.2024 11:15;Чехлы;Чехол для смартфона;'0.36;'0.1;3;0;0;0;0;7180.00;11990.00;;0%
'Noble 16 Pro Max Orange;1203518973;1708520257;OZN1708520257;Кожаный чехол для iPhone 16 Pro Max KZDOO Noble Collection, оранжевый чехол для Айфон 16 Про Макс;'77.5;KZDOO;Продается;;2;'4.60;Показывается;;28.09.2024 11:19;Чехлы;Чехол для смартфона;'0.36;'0.1;4;0;0;0;0;7180.00;11990.00;;0%
'Mag Noble 16 Pro Pink;1203522493;1708523678;OZN1708523678;Кожаный чехол для iPhone 16 Pro с MagSafe KZDOO Mag Noble Collection, розовый чехол для Айфон 16 Про;'70;KZDOO;Продается;;3;'5.00;Показывается;;28.09.2024 11:22;Чехлы;Чехол для смартфона;'0.36;'0.1;6;0;0;0;0;11100.00;11990.00;;0%
'Mag Noble 16 Pro Max Pink;1203524852;1708526182;OZN1708526182;Кожаный чехол для iPhone 16 Pro Max с MagSafe KZDOO Mag Noble Collection, розовый чехол для Айфон 16 Про Макс;'70;KZDOO;Продается;;1;'4.80;Показывается;;28.09.2024 11:25;Чехлы;Чехол для смартфона;'0.36;'0.1;6;0;0;0;0;11100.00;11990.00;;0%
'Air Skin 16 Red;1205831551;1710508907;OZN1710508907;Ультратонкий чехол на Айфон 16 Air Skin с защитой камер, красный чехол для iPhone 16;'70;KZDOO;Продается;;2;'4.90;Показывается;;30.09.2024 12:28;Чехлы;Чехол для смартфона;'0.36;'0.1;2;0;5;0;0;3100.00;11990.00;;0%
'Air Skin 16 Blue;1205831552;1710508686;OZN1710508686;Ультратонкий чехол на Айфон 16 Air Skin с защитой камер, синий чехол для iPhone 16;'70;KZDOO;Продается;;2;'4.90;Показывается;;30.09.2024 12:28;Чехлы;Чехол для смартфона;'0.36;'0.1;4;0;0;0;0;3100.00;11990.00;;0%
'Air Skin 16 Green;1205831553;1710508771;OZN1710508771;Ультратонкий чехол на Айфон 16 Air Skin с защитой камер, зеленый чехол для iPhone 16;'70;KZDOO;Продается;;1;'4.90;Показывается;;30.09.2024 12:28;Чехлы;Чехол для смартфона;'0.36;'0.1;0;0;5;0;0;3380.00;11990.00;;0%
'Air Skin 16 Clear;1205831554;1710508615;OZN1710508615;Ультратонкий чехол на Айфон 16 Air Skin с защитой камер, прозрачный чехол для iPhone 16;'70;KZDOO;Продается;;19;'4.90;Показывается;;30.09.2024 12:28;Чехлы;Чехол для смартфона;'0.36;'0.1;1;0;0;0;0;3100.00;11990.00;;0%
'Air Skin 16 Pink;1205831556;1710508624;OZN1710508624;Ультратонкий чехол на Айфон 16 Air Skin с защитой камер, розовый чехол для iPhone 16;'77.5;KZDOO;Продается;;0;'4.90;Показывается;;30.09.2024 12:28;Чехлы;Чехол для смартфона;'0.36;'0.1;0;0;5;0;0;3380.00;11990.00;;0%
'Air Skin 16 Gray;1205831559;1710508623;OZN1710508623;Ультратонкий чехол на Айфон 16 Air Skin с защитой камер, серый чехол для iPhone 16;'77.5;KZDOO;Готов к продаже;;2;'4.90;Показывается;;30.09.2024 12:28;Чехлы;Чехол для смартфона;'0.36;'0.1;0;0;0;0;0;1550.00;2490.00;;0%
'Air Skin 16 Black;1205831560;1710508542;OZN1710508542;Ультратонкий чехол на Айфон 16 Air Skin с защитой камер, черный чехол для iPhone 16;'77.5;KZDOO;Продается;;16;'4.90;Показывается;;30.09.2024 12:28;Чехлы;Чехол для смартфона;'0.36;'0.1;8;0;10;0;0;3100.00;11990.00;;0%
'Air Skin 16 Pro Red;1205835375;1710513404;OZN1710513404;Ультратонкий чехол на Айфон 16 Про Air Skin с защитой камер, красный чехол для iPhone 16 Pro;'77.5;KZDOO;Продается;;11;'4.80;Показывается;;30.09.2024 12:31;Чехлы;Чехол для смартфона;'0.36;'0.1;12;0;15;0;0;3100.00;11990.00;;0%
'Air Skin 16 Pro Max Red;1205837320;1710516005;OZN1710516005;Ультратонкий чехол на Айфон 16 Про Макс Air Skin с защитой камер, красный чехол для iPhone 16 Pro Max;'77.5;KZDOO;Продается;;13;'4.80;Показывается;;30.09.2024 12:35;Чехлы;Чехол для смартфона;'0.36;'0.1;5;0;10;0;0;4980.00;11990.00;;0%
'Air Carbon 16 Blue;1205839471;1710518379;OZN1710518379;Ультратонкий чехол для iPhone 16 KZDOO Air Carbon с защитой камер, синий супертонкий чехол для Айфон 16;'82.5;KZDOO;Продается;;4;'4.50;Показывается;;30.09.2024 12:38;Чехлы;Чехол для смартфона;'0.36;'0.1;4;0;0;0;0;2980.00;11990.00;;0%
'Q Series 16 Black;1205864069;1710539083;OZN1710539083;Тонкий чехол для iPhone 16 KZDOO Q Series, черный силиконовый чехол на Айфон 16;'70;KZDOO;Продается;;9;'4.70;Показывается;;30.09.2024 12:49;Чехлы;Чехол для смартфона;'0.36;'0.1;3;0;9;0;0;2780.00;11990.00;;0%
'Q Series 16 Clear;1205868472;1710543493;OZN1710543493;Тонкий чехол для iPhone 16 KZDOO Q Series, прозрачный силиконовый чехол на Айфон 16;'70;KZDOO;Продается;;8;'4.70;Показывается;;30.09.2024 12:56;Чехлы;Чехол для смартфона;'0.36;'0.1;6;0;0;0;0;2780.00;11990.00;;0%
'Q Series 16 Pro Max Clear;1205874794;1710548623;OZN1710548623;Тонкий чехол для iPhone 16 Pro Max KZDOO Q Series, прозрачный силиконовый чехол на Айфон 16 Про Макс;'70;KZDOO;Продается;;36;'4.90;Показывается;;30.09.2024 13:01;Чехлы;Чехол для смартфона;'0.43;'0.1;10;0;10;0;1;2780.00;11990.00;;0%
'Q Series 16 Pro Clear;1205883827;1710559845;OZN1710559845;Тонкий чехол для iPhone 16 Pro KZDOO Q Series, прозрачный силиконовый чехол на Айфон 16 Pro;'70;KZDOO;Продается;;28;'4.80;Показывается;;30.09.2024 13:13;Чехлы;Чехол для смартфона;'0.36;'0.1;7;0;0;0;0;3980.00;11990.00;;0%
'Guardian 16 Black;1205885238;1710561455;OZN1710561455;Чехол для iPhone 16 KZDOO Guardian, черный противоударный чехол для Айфон 16;'45;KZDOO;Продается;;2;'4.90;Показывается;;30.09.2024 13:16;Чехлы;Чехол для смартфона;'0.36;'0.1;2;0;0;0;0;5778.00;11990.00;;0%
'Iceguard 16 Pro Max Clear;1205902341;1710579438;OZN1710579438;Чехол для iPhone 16 Pro Max с MagSafe KZDOO Iseguard, прозрачный противоударный чехол для Айфон 16 Про Макс;'45;KZDOO;Продается;;6;'4.20;Показывается;;30.09.2024 13:44;Чехлы;Чехол для смартфона;'0.36;'0.1;24;0;10;0;0;5180.00;11990.00;;0%
'Iceguard 16 Black;1205943396;1710619002;OZN1710619002;Чехол для iPhone 16 с MagSafe KZDOO Iseguard, черный противоударный чехол для Айфон 16;'45;KZDOO;Продается;;0;'0.00;Показывается;;30.09.2024 14:39;Чехлы;Чехол для смартфона;'0.36;'0.1;10;0;0;0;0;5100.00;11990.00;;0%
'Noble 16 Pro Max Red;1205945151;1710620678;OZN1710620678;Кожаный чехол для iPhone 16 Pro Max KZDOO Noble Collection, красный чехол для Айфон 16 Про Макс;'77.5;KZDOO;Не продается;;5;'4.60;Показывается;;30.09.2024 14:42;Чехлы;Чехол для смартфона;'0.36;'0.1;0;0;0;0;0;3590.00;5990.00;;0%
'Noble 16 Pro Max Green;1205960970;1710635964;OZN1710635964;Кожаный чехол для iPhone 16 Pro Max KZDOO Noble Collection, зеленый чехол для Айфон 16 Про Макс;'77.5;KZDOO;Продается;;3;'4.60;Показывается;;30.09.2024 15:06;Чехлы;Чехол для смартфона;'0.36;'0.1;3;0;0;0;0;7180.00;11990.00;;0%
'Noble 16 Green;1205969544;1710644611;OZN1710644611;Кожаный чехол для iPhone 16 KZDOO Noble Collection, зеленый чехол для Айфон 16;'45;KZDOO;Готов к продаже;;3;'4.60;Показывается;;30.09.2024 15:18;Чехлы;Чехол для смартфона;'0.36;'0.1;0;0;0;0;0;3590.00;4990.00;;0%
'Noble 16 Black;1205969545;1710644599;OZN1710644599;Кожаный чехол для iPhone 16 KZDOO Noble Collection, черный чехол для Айфон 16;'45;KZDOO;Продается;;4;'4.60;Показывается;;30.09.2024 15:18;Чехлы;Чехол для смартфона;'0.36;'0.1;9;0;0;0;0;7180.00;11990.00;;0%
'Noble 16 Red;1205969546;1710644490;OZN1710644490;Кожаный чехол для iPhone 16 KZDOO Noble Collection, красный чехол для Айфон 16;'45;KZDOO;Продается;;1;'4.60;Показывается;;30.09.2024 15:18;Чехлы;Чехол для смартфона;'0.36;'0.1;4;0;5;0;0;7828.00;11990.00;;0%
'Noble 16 Blue;1205969547;1710644746;OZN1710644746;Кожаный чехол для iPhone 16 KZDOO Noble Collection, синий чехол для Айфон 16;'45;KZDOO;Продается;;1;'4.60;Показывается;;30.09.2024 15:18;Чехлы;Чехол для смартфона;'0.36;'0.1;3;0;5;0;0;7180.00;11990.00;;0%
'Noble 16 White;1205969548;1710644448;OZN1710644448;Кожаный чехол для iPhone 16 KZDOO Noble Collection, белый чехол для Айфон 16;'45;KZDOO;Продается;;5;'4.60;Показывается;;30.09.2024 15:18;Чехлы;Чехол для смартфона;'0.36;'0.1;23;0;10;0;0;7180.00;11990.00;;0%
'Noble 16 Orange;1205969549;1710644206;OZN1710644206;Кожаный чехол для iPhone 16 KZDOO Noble Collection, оранжевый чехол для Айфон 16;'45;KZDOO;Продается;;2;'4.60;Показывается;;30.09.2024 15:18;Чехлы;Чехол для смартфона;'0.36;'0.1;5;0;0;0;0;7828.00;11990.00;;0%
'Noble 16 Brown;1205969550;1710644407;OZN1710644407;Кожаный чехол для iPhone 16 KZDOO Noble Collection, коричневый чехол для Айфон 16;'45;KZDOO;Продается;;3;'4.60;Показывается;;30.09.2024 15:18;Чехлы;Чехол для смартфона;'0.36;'0.1;1;0;0;0;0;7828.00;11990.00;;0%
'Noble 16 Titanium;1205969551;1710644604;OZN1710644604;Кожаный чехол для iPhone 16 KZDOO Noble Collection, титанового цвета чехол для Айфон 16;'45;KZDOO;Продается;;2;'4.60;Показывается;;30.09.2024 15:18;Чехлы;Чехол для смартфона;'0.36;'0.1;5;0;0;0;0;7180.00;11990.00;;0%
'Noble 16 Purple;1205969552;1710644248;OZN1710644248;Кожаный чехол для iPhone 16 KZDOO Noble Collection, фиолетовый чехол для Айфон 16;'45;KZDOO;Продается;;4;'4.60;Показывается;;30.09.2024 15:18;Чехлы;Чехол для смартфона;'0.36;'0.1;6;0;0;0;0;7180.00;11990.00;;0%
'Noble 16 Yellow;1205969553;1710644221;OZN1710644221;Кожаный чехол для iPhone 16 KZDOO Noble Collection, желтый чехол для Айфон 16;'45;KZDOO;Продается;;2;'4.60;Показывается;;30.09.2024 15:18;Чехлы;Чехол для смартфона;'0.36;'0.1;1;0;5;0;0;7180.00;11990.00;;0%
'Noble 16 Pink;1205969558;1710644233;OZN1710644233;Кожаный чехол для iPhone 16 KZDOO Noble Collection, розовый чехол для Айфон 16;'45;KZDOO;Продается;;0;'4.60;Показывается;;30.09.2024 15:18;Чехлы;Чехол для смартфона;'0.36;'0.1;3;0;0;0;0;7828.00;11990.00;;0%
'Iceguard 16 Clear;1207599200;1712061052;OZN1712061052;Чехол для iPhone 16 с MagSafe KZDOO Iseguard, прозрачный противоударный чехол для Айфон 16;'45;KZDOO;Продается;;0;'0.00;Показывается;;02.10.2024 9:31;Чехлы;Чехол для смартфона;'0.36;'0.1;10;0;0;0;0;5100.00;11990.00;;0%
'Noble 16 Pro Red;1207606875;1712068941;OZN1712068941;Кожаный чехол для iPhone 16 Pro KZDOO Noble Collection, красный для Айфон 16 Про;'77.5;KZDOO;Продается;;0;'4.80;Показывается;;02.10.2024 9:36;Чехлы;Чехол для смартфона;'0.36;'0.1;7;0;0;0;0;7180.00;11990.00;;0%
'Noble 16 Pro Green;1207607937;1712071700;OZN1712071700;Кожаный чехол для iPhone 16 Pro KZDOO Noble Collection, зеленый для Айфон 16 Про;'77.5;KZDOO;Продается;;3;'4.80;Показывается;;02.10.2024 9:37;Чехлы;Чехол для смартфона;'0.36;'0.1;3;0;0;0;0;7180.00;11990.00;;0%
'Noble 16 Pro Max Yellow;1207615052;1712077198;OZN1712077198;Кожаный чехол для iPhone 16 Pro Max KZDOO Noble Collection, желтый чехол для Айфон 16 Про Макс;'77.5;KZDOO;Продается;;2;'4.60;Показывается;;02.10.2024 9:43;Чехлы;Чехол для смартфона;'0.36;'0.1;6;0;0;0;0;7180.00;11990.00;;0%
'Mag Noble 16 Plus Pink;1207638119;1712095254;OZN1712095254;Кожаный чехол для iPhone 16 Plus с MagSafe KZDOO Mag Noble Collection, розовый чехол для Айфон 16 Плюс;'45;KZDOO;Продается;;0;'5.00;Показывается;;02.10.2024 9:54;Чехлы;Чехол для смартфона;'0.36;'0.1;8;0;0;0;0;11100.00;11990.00;;0%
'Mag Noble 16 Plus White;1207638120;1712095369;OZN1712095369;Кожаный чехол для iPhone 16 Plus с MagSafe KZDOO Mag Noble Collection, белый чехол для Айфон 16 Плюс;'45;KZDOO;Продается;;1;'5.00;Показывается;;02.10.2024 9:54;Чехлы;Чехол для смартфона;'0.36;'0.1;2;0;10;0;0;11100.00;11990.00;;0%
'Mag Noble 16 Plus Orange;1207638121;1712095173;OZN1712095173;Кожаный чехол для iPhone 16 Plus с MagSafe KZDOO Mag Noble Collection, оранжевый чехол для Айфон 16 Плюс;'70;KZDOO;Продается;;0;'5.00;Показывается;;02.10.2024 9:54;Чехлы;Чехол для смартфона;'0.36;'0.1;3;0;0;0;0;11100.00;11990.00;;0%
'Mag Noble 16 Plus Yellow;1207638122;1712095544;OZN1712095544;Кожаный чехол для iPhone 16 Plus с MagSafe KZDOO Mag Noble Collection, желтый чехол для Айфон 16 Плюс;'45;KZDOO;Продается;;0;'5.00;Показывается;;02.10.2024 9:54;Чехлы;Чехол для смартфона;'0.36;'0.1;3;0;0;0;0;11100.00;11990.00;;0%
'Mag Noble 16 Plus Brown;1207638124;1712095546;OZN1712095546;Кожаный чехол для iPhone 16 Plus с MagSafe KZDOO Mag Noble Collection, коричневый чехол для Айфон 16 Плюс;'70;KZDOO;Продается;;1;'5.00;Показывается;;02.10.2024 9:54;Чехлы;Чехол для смартфона;'0.36;'0.1;1;0;0;0;0;11100.00;11990.00;;0%
'Mag Noble 16 Plus Black;1207638125;1712095403;OZN1712095403;Кожаный чехол для iPhone 16 Plus с MagSafe KZDOO, черный чехол для Айфон 16 Плюс;'70;KZDOO;Продается;;4;'5.00;Показывается;;02.10.2024 9:54;Чехлы;Чехол для смартфона;'0.36;'0.1;0;0;20;0;0;11100.00;11990.00;;0%
'Mag Noble 16 Pro Purple;1207650818;1712104571;OZN1712104571;Кожаный чехол для iPhone 16 Pro с MagSafe KZDOO Mag Noble Collection, филетовый чехол для Айфон 16 Про;'70;KZDOO;Продается;;1;'5.00;Показывается;;02.10.2024 10:00;Чехлы;Чехол для смартфона;'0.36;'0.1;1;0;0;0;0;6050.00;11990.00;;0%
'Mag Noble 16 Pro Red;1207651512;1712105702;OZN1712105702;Кожаный чехол для iPhone 16 Pro с MagSafe KZDOO Mag Noble Collection, красный чехол для Айфон 16 Про;'45;KZDOO;Продается;;1;'5.00;Показывается;;02.10.2024 10:02;Чехлы;Чехол для смартфона;'0.36;'0.1;1;0;10;0;0;11100.00;11990.00;;0%
'Mag Noble 16 Pro Max Red;1207652368;1712106855;OZN1712106855;Кожаный чехол для iPhone 16 Pro Max с MagSafe KZDOO Mag Noble Collection, красный чехол для Айфон 16 Про Макс;'70;KZDOO;Продается;;0;'4.80;Показывается;;02.10.2024 10:03;Чехлы;Чехол для смартфона;'0.36;'0.1;1;0;0;0;0;11100.00;11990.00;;0%
'Mag Noble 16 Pro Max Purple;1207849804;1712284850;OZN1712284850;Кожаный чехол для iPhone 16 Pro Max с MagSafe KZDOO Mag Noble Collection, фиолетовый чехол для Айфон 16 Про Макс;'70;KZDOO;Продается;;0;'4.80;Показывается;;02.10.2024 12:52;Чехлы;Чехол для смартфона;'0.36;'0.1;1;0;0;0;0;11100.00;11990.00;;0%
'Kevlar 16 Black;1207851002;1712286041;OZN1712286041;Чехол для iPhone 16 KZDOO KEIVLAR, черно-серый кевларовый чехол для Айфон 16;'65;Нет бренда;Продается;;2;'5.00;Показывается;;02.10.2024 12:54;Чехлы;;'0.36;'0.1;2;0;5;0;0;5990.00;11990.00;;0%
'Kevlar 16 Blue;1207851557;1712288257;OZN1712288257;Чехол для iPhone 16 KZDOO KEIVLAR, синий кевларовый чехол для Айфон 16;'65;Нет бренда;Продается;;0;'5.00;Показывается;;02.10.2024 12:55;Чехлы;;'0.36;'0.1;5;0;0;0;0;5990.00;11990.00;;0%
'Kevlar 16 Pro Blue;1207852111;1712288055;OZN1712288055;Чехол для iPhone 16 Pro KZDOO KEIVLAR, синий кевларовый чехол для Айфон 16 Про;'77.5;KZDOO;Готов к продаже;;1;'4.90;Показывается;;02.10.2024 12:57;Чехлы;Чехол для смартфона;'0.36;'0.1;0;0;0;0;0;5990.00;11990.00;;0%
'Kevlar 16 Pro Max Blue;1207853756;1712289492;OZN1712289492;Чехол для iPhone 16 Pro Max KZDOO KEIVLAR, синий кевларовый чехол для Айфон 16 Про Макс;'77.5;KZDOO;Продается;;3;'4.80;Показывается;;02.10.2024 13:00;Чехлы;Чехол для смартфона;'0.36;'0.1;2;0;5;0;0;5990.00;11990.00;;0%
'Air Carbon 16 Black;1208475276;1712837694;OZN1712837694;Ультратонкий чехол для iPhone 16 KZDOO Air Carbon с защитой камер, черный супертонкий чехол для Айфон 16;'82.5;KZDOO;Продается;;16;'4.50;Показывается;;03.10.2024 7:51;Чехлы;Чехол для смартфона;'0.36;'0.1;2;0;9;0;0;2980.00;11990.00;;0%
'Air Carbon 16 Green;1208477149;1712796608;OZN1712796608;Ультратонкий чехол для iPhone 16 KZDOO Air Carbon с защитой камер, зеленый супертонкий чехол для Айфон 16;'77.5;KZDOO;Продается;;0;'4.50;Показывается;;03.10.2024 7:52;Чехлы;Чехол для смартфона;'0.36;'0.1;1;0;0;0;0;2980.00;11990.00;;0%
'Air Carbon 16 Purple;1208478663;1712797602;OZN1712797602;Ультратонкий чехол для iPhone 16 KZDOO Air Carbon с защитой камер, фиолетовый супертонкий чехол для Айфон 16;'57.5;KZDOO;Продается;;1;'4.50;Показывается;;03.10.2024 7:54;Чехлы;Чехол для смартфона;'0.36;'0.1;1;0;10;0;0;2980.00;11990.00;;0%
'Air Carbon 16 Titanium;1208482509;1712812716;OZN1712812716;Ультратонкий чехол для iPhone 16 KZDOO Air Carbon с защитой камер, титанового цвета супертонкий чехол для Айфон 16;'82.5;KZDOO;Готов к продаже;;0;'4.50;Показывается;;03.10.2024 7:56;Чехлы;Чехол для смартфона;'0.36;'0.1;0;0;0;0;0;3250.00;11990.00;;0%
'Air Carbon 16 Pro Black;1208487012;1712804136;OZN1712804136;Ультратонкий чехол для iPhone 16 Pro KZDOO Air Carbon с защитой камер, черный супертонкий чехол для Айфон 16 Про;'82.5;KZDOO;Продается;;39;'4.50;Показывается;;03.10.2024 7:58;Чехлы;Чехол для смартфона;'0.36;'0.1;19;1;10;0;0;2980.00;11990.00;;0%
'Air Carbon 16 Pro Green;1208491503;1712805907;OZN1712805907;Ультратонкий чехол для iPhone 16 Pro KZDOO Air Carbon с защитой камер, зеленый супертонкий чехол для Айфон 16 Про;'82.5;KZDOO;Готов к продаже;;4;'4.50;Показывается;;03.10.2024 8:01;Чехлы;Чехол для смартфона;'0.36;'0.1;0;0;0;0;0;2980.00;11990.00;;0%
'Air Carbon 16 Pro Purple;1208493854;1712808805;OZN1712808805;Ультратонкий чехол для iPhone 16 Pro KZDOO Air Carbon с защитой камер, фиолетовый супертонкий чехол для Айфон 16 Про;'82.5;KZDOO;Продается;;2;'4.50;Показывается;;03.10.2024 8:02;Чехлы;Чехол для смартфона;'0.36;'0.1;7;0;5;0;0;2980.00;11990.00;;0%
'Air Carbon 16 Pro Titanium;1208503450;1712825124;OZN1712825124;Ультратонкий чехол для iPhone 16 Pro KZDOO Air Carbon с защитой камер, титанового цвета супертонкий чехол для Айфон 16 Про;'57.5;KZDOO;Продается;;0;'4.50;Показывается;;03.10.2024 8:06;Чехлы;Чехол для смартфона;'0.36;'0.1;9;0;10;0;0;2980.00;11990.00;;0%
'Air Carbon 16 Pro Max Black;1208506453;1712816194;OZN1712816194;Ультратонкий чехол для iPhone 16 Pro Max KZDOO Air Carbon с защитой камер, черный супертонкий чехол для Айфон 16 Про Макс;'82.5;KZDOO;Продается;;4;'4.50;Показывается;;03.10.2024 8:09;Чехлы;Чехол для смартфона;'0.36;'0.1;64;0;10;0;0;2980.00;11990.00;;0%
'Air Carbon 16 Pro Max Green;1208523069;1712841173;OZN1712841173;Ультратонкий чехол для iPhone 16 Pro Max KZDOO Air Carbon с защитой камер, зеленый супертонкий чехол для Айфон 16 Про Макс;'45;KZDOO;Продается;;0;'4.50;Показывается;;03.10.2024 8:20;Чехлы;Чехол для смартфона;'0.36;'0.1;4;0;10;0;0;2980.00;11990.00;;0%
'Air Carbon 16 Pro Max Purple;1208555522;1712852638;OZN1712852638;Ультратонкий чехол для iPhone 16 Pro Max KZDOO Air Carbon с защитой камер, фиолетовый супертонкий чехол для Айфон 16 Про Макс;'45;KZDOO;Продается;;0;'4.50;Показывается;;03.10.2024 8:30;Чехлы;Чехол для смартфона;'0.36;'0.1;4;0;10;0;0;2980.00;11990.00;;0%
'Air Carbon 16 Pro Max Titanium;1208563975;1712858082;OZN1712858082;Ультратонкий чехол для iPhone 16 Pro Max KZDOO Air Carbon с защитой камер, титанового цвета супертонкий чехол для Айфон 16 Про Макс;'82.5;KZDOO;Продается;;0;'4.50;Показывается;;03.10.2024 8:34;Чехлы;Чехол для смартфона;'0.36;'0.1;11;0;0;0;0;2980.00;11990.00;;0%
'Iceguard 16 Pro Black;1208568744;1712861483;OZN1712861483;Чехол для iPhone 16 Pro с MagSafe KZDOO Iseguard, черный противоударный чехол для Айфон 16 Про;'45;KZDOO;Продается;;0;'1.00;Показывается;;03.10.2024 8:37;Чехлы;Чехол для смартфона;'0.36;'0.1;4;0;0;0;0;5100.00;11990.00;;0%
'Iceguard 16 Pro Clear;1208579907;1712867988;OZN1712867988;Чехол для iPhone 16 Pro с MagSafe KZDOO Iseguard, прозрачный противоударный чехол для Айфон 16 Про;'45;KZDOO;Продается;;0;'1.00;Показывается;;03.10.2024 8:44;Чехлы;Чехол для смартфона;'0.36;'0.1;1;0;10;0;0;5100.00;11990.00;;0%
'Iceguard 16 Pro Gold;1208585233;1712934715;OZN1712934715;Чехол для iPhone 16 Pro с MagSafe KZDOO Iseguard, золотой противоударный чехол для Айфон 16 Про;'45;KZDOO;Продается;;1;'1.00;Показывается;;03.10.2024 8:49;Чехлы;Чехол для смартфона;'0.36;'0.1;10;0;0;0;0;5560.00;11990.00;;0%
'Iceguard 16 Pro Max Black;1208589905;1713057839;OZN1713057839;Чехол для iPhone 16 Pro Max с MagSafe KZDOO Iseguard, черный противоударный чехол для Айфон 16 Про Макс;'45;KZDOO;Продается;;0;'4.20;Показывается;;03.10.2024 8:52;Чехлы;Чехол для смартфона;'0.36;'0.1;3;0;0;0;0;5560.00;11990.00;;0%
'Iceguard 16 Pro Max Gold;1208591785;1712935912;OZN1712935912;Чехол для iPhone 16 Pro Max с MagSafe KZDOO Iseguard, золотой противоударный чехол для Айфон 16 Про Макс;'45;KZDOO;Продается;;3;'4.20;Показывается;;03.10.2024 8:53;Чехлы;Чехол для смартфона;'0.36;'0.1;14;0;10;0;0;5100.00;11990.00;;0%
'Noble 16 Pro Yellow;1208688942;1712972028;OZN1712972028;Кожаный чехол для iPhone 16 Pro KZDOO Noble Collection, желтый для Айфон 16 Про;'70;KZDOO;Продается;;4;'4.80;Показывается;;03.10.2024 9:43;Чехлы;Чехол для смартфона;'0.36;'0.1;7;0;10;0;0;7180.00;11990.00;;0%
'Noble 16 Pro Desert;1208701875;1713058163;OZN1713058163;Кожаный чехол для iPhone 16 Pro KZDOO Noble Collection, Rose Gold для Айфон 16 Про;'70;KZDOO;Продается;;3;'4.80;Показывается;;03.10.2024 9:50;Чехлы;Чехол для смартфона;'0.36;'0.1;12;0;0;0;0;7180.00;11990.00;;0%
'Noble 16 Pro Max Desert;1208979290;1713180419;OZN1713180419;Кожаный чехол для iPhone 16 Pro Max KZDOO Noble Collection, Rose Gold чехол для Айфон 16 Про Макс;'70;KZDOO;Продается;;1;'4.60;Показывается;;03.10.2024 14:00;Чехлы;Чехол для смартфона;'0.36;'0.1;3;0;10;0;0;7180.00;11990.00;;0%
'Mag Noble 16 Plus Red;1208980690;1713181297;OZN1713181297;Кожаный чехол для iPhone 16 Plus с MagSafe KZDOO Mag Noble Collection, красный для Айфон 16 Плюс;'45;KZDOO;Продается;;0;'5.00;Показывается;;03.10.2024 14:01;Чехлы;Чехол для смартфона;'0.36;'0.1;5;0;0;0;0;11100.00;11990.00;;0%
'Mag Noble 16 Plus Green;1208982869;1713183007;OZN1713183007;Кожаный чехол для iPhone 16 Plus с MagSafe KZDOO Mag Noble Collection, зеленый чехол для Айфон 16 Плюс;'45;KZDOO;Продается;;0;'5.00;Показывается;;03.10.2024 14:03;Чехлы;Чехол для смартфона;'0.36;'0.1;9;0;0;0;0;11100.00;11990.00;;0%
'Mag Noble 16 Plus Blue;1208983950;1713184388;OZN1713184388;Кожаный чехол для iPhone 16 Plus с MagSafe KZDOO Mag Noble Collection, синий чехол для Айфон 16 Плюс;'45;KZDOO;Продается;;0;'5.00;Показывается;;03.10.2024 14:04;Чехлы;Чехол для смартфона;'0.36;'0.1;8;0;0;0;0;11100.00;11990.00;;0%
'Mag Noble 16 Pro Brown;1208985317;1713185694;OZN1713185694;Кожаный чехол для iPhone 16 Pro с MagSafe KZDOO Mag Noble Collection, коричневый чехол для Айфон 16 Про;'70;KZDOO;Готов к продаже;;0;'5.00;Показывается;;03.10.2024 14:06;Чехлы;Чехол для смартфона;'0.36;'0.1;0;0;0;0;0;11100.00;11990.00;;0%
'Mag Noble 16 Pro Titanium;1209022383;1713214740;OZN1713214740;Кожаный чехол для iPhone 16 Pro с MagSafe KZDOO Mag Noble Collection, титанового цвета чехол для Айфон 16 Про;'70;KZDOO;Продается;;2;'5.00;Показывается;;03.10.2024 14:51;Чехлы;Чехол для смартфона;'0.36;'0.1;10;0;5;0;0;11100.00;11990.00;;0%
'Mag Noble 16 Pro Desert;1209697860;1713816323;OZN1713816323;Кожаный чехол для iPhone 16 Pro с MagSafe KZDOO Mag Noble Collection, Rose Gold чехол для Айфон 16 Про;'70;KZDOO;Продается;;0;'5.00;Показывается;;04.10.2024 8:38;Чехлы;Чехол для смартфона;'0.36;'0.1;1;0;0;0;0;11100.00;11990.00;;0%
'Mag Noble 16 Pro Max Green;1209702760;1713820457;OZN1713820457;Кожаный чехол для iPhone 16 Pro Max с MagSafe KZDOO Mag Noble Collection, зеленый чехол для Айфон 16 Про Макс;'70;KZDOO;Продается;;3;'4.80;Показывается;;04.10.2024 8:40;Чехлы;Чехол для смартфона;'0.36;'0.1;12;0;10;0;0;11100.00;11990.00;;0%
'Mag Noble 16 Pro Max Orange;1209711886;1713827891;OZN1713827891;Кожаный чехол для iPhone 16 Pro Max с MagSafe KZDOO Mag Noble Collection, оранжевый чехол для Айфон 16 Про Макс;'70;KZDOO;Продается;;0;'4.80;Показывается;;04.10.2024 8:45;Чехлы;Чехол для смартфона;'0.36;'0.1;2;0;11;0;0;11100.00;11990.00;;0%
'Mag Noble 16 Pro Max Titanium;1209716884;1713834005;OZN1713834005;Кожаный чехол для iPhone 16 Pro Max с MagSafe KZDOO Mag Noble Collection, титанового цвета чехол для Айфон 16 Про Макс;'70;KZDOO;Продается;;7;'4.80;Показывается;;04.10.2024 8:48;Чехлы;Чехол для смартфона;'0.36;'0.1;4;0;3;0;0;11100.00;11990.00;;0%
'Mag Noble 16 Pro Max Desert;1209720173;1713836837;OZN1713836837;Кожаный чехол для iPhone 16 Pro Max с MagSafe KZDOO Mag Noble Collection, Rose Gold чехол для Айфон 16 Про Макс;'70;KZDOO;Продается;;0;'4.80;Показывается;;04.10.2024 8:50;Чехлы;Чехол для смартфона;'0.36;'0.1;1;0;0;0;0;11100.00;11990.00;;0%
'Kevlar 16 Pro Purple;1209726335;1713843949;OZN1713843949;Чехол для iPhone 16 Pro KZDOO KEIVLAR, фиолетовый кевларовый чехол для Айфон 16 Про;'40;KZDOO;Продается;;0;'4.80;Показывается;;04.10.2024 8:52;Чехлы;Чехол для смартфона;'0.36;'0.1;4;0;0;0;0;5990.00;11990.00;;0%
'Mago Pro 16 Pro Max Titanium;1216157595;1719279600;OZN1719279600;Чехол для iPhone 16 Pro Max с Mag Safe Keephone Mago Pro, титанового цвета противоударный чехол для Айфон 16 Про Макс;'77.5;KEEPHONE;Готов к продаже;;5;'4.90;Показывается;;09.10.2024 9:36;Чехлы;Чехол для смартфона;'0.28;'0.1;0;0;0;0;0;7580.00;11990.00;;0%
'Mago Pro 16 Pro Titanium;1216166956;1719288376;OZN1719288376;Чехол для iPhone 16 Pro с Mag Safe Keephone Mago Pro, титанового цвета противоударный чехол для Айфон 16 Про;'77.5;KEEPHONE;Продается;;2;'5.00;Показывается;;09.10.2024 9:39;Чехлы;Чехол для смартфона;'0.28;'0.1;2;0;0;0;0;7580.00;11990.00;;0%
'Mago Pro 16 Pro Max Black;1216194375;1719313944;OZN1719313944;Чехол для iPhone 16 Pro Max с Mag Safe Keephone Mago Pro ударопрочный, черный противоударный чехол для Айфон 16 Про Макс;'70;KEEPHONE;Продается;;14;'4.90;Показывается;;09.10.2024 9:50;Чехлы;Чехол для смартфона;'0.28;'0.1;6;0;5;0;0;7580.00;11990.00;;0%
'Mago Pro 16 Pro Black;1216200278;1719318250;OZN1719318250;Чехол для iPhone 16 Pro с Mag Safe Keephone Mago Pro, черный противоударный чехол для Айфон 16 Про;'70;KEEPHONE;Продается;;0;'5.00;Показывается;;09.10.2024 9:53;Чехлы;Чехол для смартфона;'0.28;'0.1;3;0;0;0;0;7580.00;11990.00;;0%
'Keephone Kevilar 16 Pro Max Black;1216282316;1719382051;OZN1719382051;Чехол для iPhone 16 Pro Max с MagSafe Keephone KEVILAR, кевларовый черный чехол на Айфон 16 Про Макс;'52.5;KEEPHONE;Готов к продаже;;2;'5.00;Показывается;;09.10.2024 10:28;Чехлы;Чехол для смартфона;'0.41;'0.1;0;0;0;0;0;7990.00;11990.00;;0%
'Keephone Kevilar 16 Pro Black;1216302328;1719398425;OZN1719398425;Чехол для iPhone 16 Pro с MagSafe Keephone KEVILAR, кевларовый черный чехол на Айфон 16 Про;'77.5;KEEPHONE;Продается;;5;'4.90;Показывается;;09.10.2024 10:40;Чехлы;Чехол для смартфона;'0.41;'0.1;1;0;10;0;0;7990.00;11990.00;;0%
'Kevilar 16 Pro Max BMW;1222470056;1724718798;OZN1724718798;Чехол для iPhone 16 Pro Max с MagSafe KEVILAR, кевларовый чехол на Айфон 16 Про Макс / BMW M series;'70;KEEPHONE;Готов к продаже;;10;'5.00;Показывается;;14.10.2024 7:06;Чехлы;Чехол для смартфона;'0.41;'0.1;0;0;0;0;0;6590.00;9990.00;;0%
'Noble 16 Desert;1222536532;1724778326;OZN1724778326;Кожаный чехол для iPhone 16 KZDOO Noble Collection, Rose Gold чехол для Айфон 16;'45;KZDOO;Готов к продаже;;1;'4.60;Показывается;;14.10.2024 7:44;Чехлы;Чехол для смартфона;'0.36;'0.1;0;0;0;0;0;3914.00;4990.00;;0%
'Mag Noble 16 Plus Carbon Black;1222541256;1724781981;OZN1724781981;Кожаный чехол для iPhone 16 Plus с MagSafe KZDOO Mag Noble Collection, черный карбоновый чехол для Айфон 16 Плюс;'45;KZDOO;Продается;;0;'5.00;Показывается;;14.10.2024 7:47;Чехлы;Чехол для смартфона;'0.36;'0.1;4;0;0;0;0;11100.00;11990.00;;0%
'Mag Noble 16 Plus Carbon Silver;1222552228;1724793319;OZN1724793319;Кожаный чехол для iPhone 16 Plus с MagSafe KZDOO Mag Noble Collection, серебристый тисненый чехол для Айфон 16 Плюс;'70;;Продается;;1;'5.00;Показывается;;14.10.2024 7:51;Чехлы;;'0.36;'0.1;2;0;0;0;0;11100.00;11990.00;;0%
'Mag Noble 16 Plus Carbon Gold;1222568648;1724812429;OZN1724812429;Кожаный чехол для iPhone 16 Plus с MagSafe KZDOO Mag Noble Collection, золотой карбоновый чехол для Айфон 16 Плюс;'45;KZDOO;Продается;;0;'5.00;Показывается;;14.10.2024 7:59;Чехлы;Чехол для смартфона;'0.36;'0.1;7;0;0;0;0;11100.00;11990.00;;0%
'Mag Noble 16 Plus Carbon Blue;1222614747;1724843000;OZN1724843000;Кожаный чехол для iPhone 16 Plus с MagSafe KZDOO Mag Noble Collection, синий карбоновый чехол для Айфон 16 Плюс;'45;KZDOO;Продается;;0;'5.00;Показывается;;14.10.2024 8:19;Чехлы;Чехол для смартфона;'0.36;'0.1;8;0;0;0;0;11100.00;11990.00;;0%
'Mag Noble 16 Plus Carbon Purple;1222617641;1724844493;OZN1724844493;Кожаный чехол для iPhone 16 Plus с MagSafe KZDOO Mag Noble Collection, фиолетовый карбоновый чехол для Айфон 16 Плюс;'45;KZDOO;Продается;;0;'5.00;Показывается;;14.10.2024 8:20;Чехлы;Чехол для смартфона;'0.36;'0.1;8;0;0;0;0;11100.00;11990.00;;0%
'Mag Noble 16 Pro Carbon Black;1222625088;1724851734;OZN1724851734;Кожаный чехол для iPhone 16 Pro с MagSafe KZDOO Mag Noble Collection, черный карбоновый чехол для Айфон 16 Про;'40;KZDOO;Продается;;0;'5.00;Показывается;;14.10.2024 8:25;Чехлы;Чехол для смартфона;'0.36;'0.1;1;0;0;0;0;11100.00;11990.00;;0%
'Mag Noble 16 Pro Carbon Silver;1222637781;1724861750;OZN1724861750;Кожаный чехол для iPhone 16 Pro с MagSafe KZDOO Mag Noble Collection, серебристый карбоновый чехол для Айфон 16 Про;'70;KZDOO;Продается;;1;'5.00;Показывается;;14.10.2024 8:31;Чехлы;Чехол для смартфона;'0.36;'0.1;4;0;0;0;0;11100.00;11990.00;;0%
'Mag Noble 16 Pro Carbon Gold;1222640160;1724863849;OZN1724863849;Кожаный чехол для iPhone 16 Pro с MagSafe KZDOO Mag Noble Collection, золотой тисненый чехол для Айфон 16 Про;'70;KZDOO;Не продается;;1;'5.00;Показывается;;14.10.2024 8:32;Чехлы;Чехол для смартфона;'0.36;'0.1;0;0;0;0;0;6050.00;11990.00;;0%
'Mag Noble 16 Pro Carbon Blue;1222645993;1724867895;OZN1724867895;Кожаный чехол для iPhone 16 Pro с MagSafe KZDOO Mag Noble Collection, синий карбоновый чехол для Айфон 16 Про;'45;KZDOO;Продается;;0;'5.00;Показывается;;14.10.2024 8:34;Чехлы;Чехол для смартфона;'0.36;'0.1;5;0;0;0;0;11100.00;11990.00;;0%
'Mag Noble 16 Pro Carbon Purple;1222648517;1724870093;OZN1724870093;Кожаный чехол для iPhone 16 Pro с MagSafe KZDOO Mag Noble Collection, фиолетовый карбоновый чехол для Айфон 16 Про;'45;KZDOO;Продается;;0;'5.00;Показывается;;14.10.2024 8:36;Чехлы;Чехол для смартфона;'0.36;'0.1;8;0;0;0;0;11100.00;11990.00;;0%
'Mag Noble 16 Pro Max Carbon Black;1222651387;1724872449;OZN1724872449;Кожаный чехол для iPhone 16 Pro Max с MagSafe KZDOO Mag Noble Collection, черный карбоновый чехол для Айфон 16 Про Макс;'65;KZDOO;Продается;;0;'4.80;Показывается;;14.10.2024 8:38;Чехлы;Чехол для смартфона;'0.36;'0.1;4;0;0;0;0;11100.00;11990.00;;0%
'Mag Noble 16 Pro Max Carbon Silver;1222655604;1724876239;OZN1724876239;Кожаный чехол для iPhone 16 Pro Max с MagSafe KZDOO Mag Noble Collection, серебристый карбоновый чехол для Айфон 16 Про Макс;'45;KZDOO;Продается;;0;'4.80;Показывается;;14.10.2024 8:40;Чехлы;Чехол для смартфона;'0.36;'0.1;6;0;0;0;0;11100.00;11990.00;;0%
'Mag Noble 16 Pro Max Carbon Gold;1222658062;1724878157;OZN1724878157;Кожаный чехол для iPhone 16 Pro Max с MagSafe KZDOO Mag Noble Collection, золотой тисненый чехол для Айфон 16 Про Макс;'70;KZDOO;Продается;;3;'4.80;Показывается;;14.10.2024 8:41;Чехлы;Чехол для смартфона;'0.36;'0.1;6;0;5;0;0;11100.00;11990.00;;0%
'Mag Noble 16 Pro Max Carbon Blue;1222660607;1724880197;OZN1724880197;Кожаный чехол для iPhone 16 Pro Max с MagSafe KZDOO Mag Noble Collection, синий карбоновый чехол для Айфон 16 Про Макс;'45;KZDOO;Продается;;0;'4.80;Показывается;;14.10.2024 8:42;Чехлы;Чехол для смартфона;'0.36;'0.1;7;0;0;0;0;11100.00;11990.00;;0%
'Mag Noble 16 Pro Max Carbon Purple;1222662962;1724881893;OZN1724881893;Кожаный чехол для iPhone 16 Pro Max с MagSafe KZDOO Mag Noble Collection, фиолетовый карбоновый чехол для Айфон 16 Про Макс;'45;KZDOO;Продается;;0;'4.80;Показывается;;14.10.2024 8:43;Чехлы;Чехол для смартфона;'0.36;'0.1;5;0;0;0;0;11100.00;11990.00;;0%
'Kevlar 16 Pro Max Purple;1222675283;1724894453;OZN1724894453;Чехол для iPhone 16 Pro Max KZDOO KEIVLAR, фиолетовый кевларовый чехол для Айфон 16 Про Макс;'65;KZDOO;Продается;;2;'4.80;Показывается;;14.10.2024 8:47;Чехлы;Чехол для смартфона;'0.36;'0.1;6;0;10;0;0;5990.00;11990.00;;0%
'Kevlar Explorer 16 Pro Max Black;1222696758;1724911765;OZN1724911765;Чехол для iPhone 16 Pro Max с Mag Safe KZDOO KEIVLAR, черно-серый кевларовый чехол для Айфон 16 Про Макс;'70;KZDOO;Продается;;3;'5.00;Показывается;;14.10.2024 8:58;Чехлы;Чехол для смартфона;'0.36;'0.1;0;0;10;0;0;6490.00;11990.00;;0%
'Kevlar Explorer 16 Pro Black;1222714117;1724925649;OZN1724925649;Чехол для iPhone 16 Pro с Mag Safe KZDOO KEIVLAR, черно-серый кевларовый чехол для Айфон 16 Про;'45;KZDOO;Продается;;1;'4.80;Показывается;;14.10.2024 9:07;Чехлы;Чехол для смартфона;'0.36;'0.1;8;0;10;0;0;6490.00;11990.00;;0%
'Kevilar 16 Black;1224434594;1726469672;OZN1726469672;Чехол для iPhone 16 с MagSafe KEVILAR, кевларовый черный чехол на Айфон 16;'45;KEEPHONE;Готов к продаже;;0;'0.00;Показывается;;15.10.2024 9:52;Чехлы;Чехол для смартфона;'0.41;'0.1;0;0;0;0;0;6490.00;9990.00;;0%
'Kevilar 16 Pro BMW;1234706055;1735481393;OZN1735481393;Чехол для iPhone 16 Pro с MagSafe KEVILAR, кевларовый чехол на Айфон 16 Про / BMW M series;'70;KEEPHONE;Продается;;9;'4.90;Показывается;;21.10.2024 11:55;Чехлы;Чехол для смартфона;'0.41;'0.1;12;0;10;0;0;6590.00;11990.00;;0%
'Magico 15 Pro Titanium;1240590897;1740618347;OZN1740618347;Чехол для iPhone 15 Pro с подставкой и Mag Safe Keephone Magico, титанового цвета противоударный чехол для Айфон 15 Про;'45;KEEPHONE;Продается;;0;'0.00;Показывается;;25.10.2024 9:46;Чехлы;Чехол для смартфона;'0.38;'0.1;2;0;0;0;0;6580.00;11990.00;;0%
'Magico 15 Pro Max Titanium;1240592814;1740619573;OZN1740619573;Чехол для iPhone 15 Pro Max с подставкой и Mag Safe Keephone Magico, титанового цвета противоударный чехол для Айфон 15 Про Макс;'70;KEEPHONE;Продается;;2;'4.90;Показывается;;25.10.2024 9:48;Чехлы;Чехол для смартфона;'0.38;'0.1;4;0;10;0;0;6780.00;11990.00;;0%
'Mago Pro 16 Pro Desert;1240617369;1740637359;OZN1740637359;Чехол для iPhone 16 Pro с Mag Safe Keephone Mago Pro, песочного цвета противоударный чехол для Айфон 16 Про;'70;KEEPHONE;Готов к продаже;;0;'5.00;Показывается;;25.10.2024 10:03;Чехлы;Чехол для смартфона;'0.28;'0.1;0;0;0;0;0;3790.00;5990.00;;0%
'Mago Pro 16 Pro Max Desert;1240621584;1740641177;OZN1740641177;Чехол для iPhone 16 Pro Max с Mag Safe Keephone Mago Pro ударопрочный, песочного цвета противоударный чехол для Айфон 16 Про Макс;'70;KEEPHONE;Продается;;4;'4.90;Показывается;;25.10.2024 10:06;Чехлы;Чехол для смартфона;'0.28;'0.1;2;0;0;0;0;7580.00;11990.00;;0%
'Magico 16 Pro Clear;1241609393;1741444499;OZN1741444499;Чехол для iPhone 16 Pro с подставкой и Mag Safe Keephone Magico, прозрачный противоударный чехол для Айфон 16 Про;'70;KEEPHONE;Продается;;3;'5.00;Показывается;;26.10.2024 12:59;Чехлы;Чехол для смартфона;'0.38;'0.1;2;0;10;0;0;6580.00;11990.00;;0%
'Magico 16 Pro Max Clear;1241609920;1741444914;OZN1741444914;Чехол для iPhone 16 Pro Max с подставкой и Mag Safe Keephone Magico, прозрачный противоударный чехол для Айфон 16 Про Макс;'82.5;KEEPHONE;Продается;;2;'5.00;Показывается;;26.10.2024 13:01;Чехлы;Чехол для смартфона;'0.38;'0.1;1;0;0;0;0;6580.00;11990.00;;0%
'Magico 16 Pro Black;1241612115;1741446344;OZN1741446344;Чехол для iPhone 16 Pro с подставкой и Mag Safe Keephone Magico, черный противоударный чехол для Айфон 16 Про;'70;KEEPHONE;Продается;;2;'5.00;Показывается;;26.10.2024 13:03;Чехлы;Чехол для смартфона;'0.38;'0.1;4;0;0;0;0;6580.00;11990.00;;0%
'Magico 16 Pro Max Black;1241612670;1741446965;OZN1741446965;Чехол для iPhone 16 Pro Max с подставкой и Mag Safe Keephone Magico, черный противоударный чехол для Айфон 16 Про Макс;'82.5;KEEPHONE;Продается;;4;'5.00;Показывается;;26.10.2024 13:05;Чехлы;Чехол для смартфона;'0.38;'0.1;5;0;0;0;0;6580.00;11990.00;;0%
'Kevilar Scots 16 Pro Brown;1241614141;1741448291;OZN1741448291;Чехол для iPhone 16 Pro с MagSafe KEVILAR, кевларовый коричневый клетчатый чехол на Айфон 16 Про;'70;KEEPHONE;Продается;;1;'4.90;Показывается;;26.10.2024 13:08;Чехлы;Чехол для смартфона;'0.41;'0.1;4;0;0;0;0;6590.00;11990.00;;0%
'Kevilar Scots 16 Pro Max Brown;1241614708;1741448766;OZN1741448766;Чехол для iPhone 16 Pro Max с MagSafe KEVILAR, кевларовый коричневый клетчатый чехол на Айфон 16 Про Макс;'70;KEEPHONE;Продается;;0;'5.00;Показывается;;26.10.2024 13:10;Чехлы;Чехол для смартфона;'0.41;'0.1;2;0;0;0;0;7074.00;11990.00;;0%
'Noble 15 Pro Max Green;1372816878;1847605795;OZN1847605795;Кожаный чехол для iPhone 15 Pro Max KZDOO Noble Collection, зеленый чехол для Айфон 15 Про Макс;'70;KZDOO;Продается;;2;'4.70;Показывается;;25.01.2025 9:13;Чехлы;Чехол для смартфона;'0.36;'0.1;5;0;10;0;0;6180.00;11990.00;;0%
'Varta CR2450;1378392221;1851821958;OZN1851821958;Элемент питания CR2450 Varta, батарейка Варта CR2450;'65;Varta;Продается;;3;'5.00;Показывается;;30.01.2025 11:21;Батарейки и аккумуляторы;Батарейка;'0.04;'0.1;0;0;99;0;0;1340.00;4900.00;;0%
'Seashell 14 Pro Max Dark Blue;1378511892;1851937175;OZN1851937175;Чехол для iPhone 14 Pro Max KZDOO Seashell, синий чехол для Айфон 14 Про Макс;'70;KZDOO;Продается;;0;'4.90;Показывается;;30.01.2025 13:45;Чехлы;Чехол для смартфона;'0.36;'0.1;8;0;6;0;0;5580.00;11990.00;;0%
'Mago Pro S25 Ultra Black;1379869774;1852785253;OZN1852785253;Чехол для Samsung Galaxy S25 Ultra с Mag Safe Keephone ударопрочный, черный противоударный чехол для Самсунг Галакси S25 Ультра;'70;KEEPHONE;Продается;;5;'5.00;Показывается;;31.01.2025 10:23;Чехлы;Чехол для смартфона;'0.39;'0.1;1;0;0;0;0;6980.00;11990.00;;0%
'Mago Pro S25 Black;1379877891;1852795863;OZN1852795863;Чехол для Samsung Galaxy S25 с Mag Safe Keephone, черный противоударный чехол для Самсунг Галакси S25;'45;KEEPHONE;Продается;;0;'0.00;Показывается;;31.01.2025 10:35;Чехлы;Чехол для смартфона;'0.48;'0.1;4;0;0;0;0;6980.00;11990.00;;0%
'Mago Pro S25+ Black;1379880283;1852798628;OZN1852798628;Чехол для Samsung Galaxy S25 Plus (S25+) с Mag Safe Keephone, черный противоударный чехол для Самсунг Галакси S25 Плюс;'45;KEEPHONE;Готов к продаже;;0;'0.00;Показывается;;31.01.2025 10:38;Чехлы;Чехол для смартфона;'0.48;'0.1;0;0;0;0;0;6980.00;11990.00;;0%
'Hybrid Pro S25 Ultra;1379919085;1852835087;OZN1852835087;Чехол для Samsung Galaxy S25 Ultra Keephone Hybrid Pro, прозрачный противоударный чехол для Самсунг Галакси S25 Ультра;'70;KEEPHONE;Продается;;2;'4.60;Показывается;;31.01.2025 11:30;Чехлы;Чехол для смартфона;'0.48;'0.1;6;0;0;0;0;6980.00;11990.00;;0%
'Hybrid Pro S25+;1379920558;1852836640;OZN1852836640;Чехол для Samsung Galaxy S25 Plus (S25+) Keephone Hybrid Pro, прозрачный противоударный чехол для Самсунг Галакси S25 Плюс;'45;KEEPHONE;Продается;;0;'0.00;Показывается;;31.01.2025 11:32;Чехлы;Чехол для смартфона;'0.48;'0.1;0;0;10;0;0;6980.00;11990.00;;0%
'Hybrid Pro S25;1379922476;1852838223;OZN1852838223;Чехол для Samsung Galaxy S25 Keephone Hybrid Pro, прозрачный противоударный чехол для Самсунг Галакси S25;'45;KEEPHONE;Продается;;0;'0.00;Показывается;;31.01.2025 11:35;Чехлы;Чехол для смартфона;'0.48;'0.1;3;0;0;0;0;6980.00;11990.00;;0%
'Hybrid Case S24 Ultra;1440293963;1899809338;OZN1899809338;Чехол для Samsung Galaxy S24 Ultra Keephone Hybrid Case, прозрачный противоударный чехол для Самсунг Галакси S24 Ультра;'45;KEEPHONE;Продается;;2;'3.10;Показывается;;25.02.2025 10:54;Чехлы;Чехол для смартфона;'0.38;'0.1;3;0;10;0;0;6100.00;11990.00;;0%
'Hybrid Case S24+ Clear;1440303775;1899817873;OZN1899817873;Чехол для Samsung Galaxy S24 Plus (S24+) Keephone Hybrid Case, прозрачный противоударный чехол для Самсунг Галакси S24 Плюс;'45;KEEPHONE;Продается;;0;'0.00;Показывается;;25.02.2025 11:00;Чехлы;Чехол для смартфона;'0.38;'0.1;10;0;0;0;0;6100.00;11990.00;;0%
'Air Skin S25 Black;1520438165;1959639667;OZN1959639667;Чехол для Samsung Galaxy S25 KZDOO Air Skin с защитой камер, черный супертонкий чехол для Самсунг Галакси S25;'70;KZDOO;Продается;;11;'4.70;Показывается;;21.03.2025 10:40;Чехлы;Чехол для смартфона;'0.36;'0.1;1;0;0;0;0;4980.00;11990.00;;0%
'Air Skin S25 Frosted Clear;1520449757;1959648429;OZN1959648429;Чехол для Samsung Galaxy S25 KZDOO Air Skin с защитой камер, прозрачный супертонкий чехол для Самсунг Галакси S25;'52.5;KZDOO;Готов к продаже;;37;'4.70;Показывается;;21.03.2025 10:44;Чехлы;Чехол для смартфона;'0.36;'0.1;0;0;0;0;0;4980.00;11990.00;;0%
'Air Skin S25 Navy Blue;1520458528;1959655321;OZN1959655321;Чехол для Samsung Galaxy S25 KZDOO Air Skin с защитой камер, синий супертонкий чехол для Самсунг Галакси S25;'45;KZDOO;Продается;;27;'4.70;Показывается;;21.03.2025 10:47;Чехлы;Чехол для смартфона;'0.36;'0.1;1;0;0;0;0;4980.00;11990.00;;0%
'Air Skin S25 Deep Purple;1520466528;1959663059;OZN1959663059;Чехол для Samsung Galaxy S25 KZDOO Air Skin с защитой камер, фиолетовый супертонкий чехол для Самсунг Галакси S25;'45;KZDOO;Продается;;2;'4.70;Показывается;;21.03.2025 10:50;Чехлы;Чехол для смартфона;'0.36;'0.1;4;0;10;0;0;4980.00;11990.00;;0%
'Air Skin S25 Green;1520479872;1959675721;OZN1959675721;Чехол для Samsung Galaxy S25 KZDOO Air Skin с защитой камер, зеленый супертонкий чехол для Самсунг Галакси S25;'45;KZDOO;Готов к продаже;;6;'4.70;Показывается;;21.03.2025 10:53;Чехлы;Чехол для смартфона;'0.36;'0.1;0;0;0;0;0;3600.00;11990.00;;0%
'Air Skin S25 Desert Titanium;1520499465;1959690722;OZN1959690722;Чехол для Samsung Galaxy S25 KZDOO Air Skin с защитой камер, Desert Titanium супертонкий чехол для Самсунг Галакси S25;'65;KZDOO;Продается;;0;'4.70;Показывается;;21.03.2025 11:00;Чехлы;Чехол для смартфона;'0.36;'0.1;10;0;0;0;0;4980.00;11990.00;;0%
'Air Skin S25 Titanium Grey;1520514489;1959699378;OZN1959699378;Чехол для Samsung Galaxy S25 KZDOO Air Skin с защитой камер, титанового цвета супертонкий чехол для Самсунг Галакси S25;'70;KZDOO;Продается;;8;'4.70;Показывается;;21.03.2025 11:04;Чехлы;Чехол для смартфона;'0.36;'0.1;1;0;0;0;0;4980.00;11990.00;;0%
'Air Skin S25+ Black;1520524554;1959705202;OZN1959705202;Чехол для Samsung Galaxy S25+ KZDOO Air Skin с защитой камер, черный супертонкий чехол для Самсунг Галакси S25 Плюс;'45;KZDOO;Продается;;4;'4.20;Показывается;;21.03.2025 11:07;Чехлы;Чехол для смартфона;'0.36;'0.1;29;0;0;0;0;4980.00;11990.00;;0%
'Air Skin S25+ Frosted Clear;1520743253;1959860613;OZN1959860613;Чехол для Samsung Galaxy S25+ KZDOO Air Skin с защитой камер, прозрачный супертонкий чехол для Самсунг Галакси S25 Плюс;'52.5;KZDOO;Продается;;7;'4.20;Показывается;;21.03.2025 12:28;Чехлы;Чехол для смартфона;'0.36;'0.1;70;0;0;0;0;4980.00;11990.00;;0%
'Air Skin S25+ Navy Blue;1520815931;1959924086;OZN1959924086;Чехол для Samsung Galaxy S25+ KZDOO Air Skin с защитой камер, синий супертонкий чехол для Самсунг Галакси S25 Плюс;'45;KZDOO;Продается;;6;'4.20;Показывается;;21.03.2025 12:58;Чехлы;Чехол для смартфона;'0.36;'0.1;8;0;10;0;0;4980.00;11990.00;;0%
'Air Skin S25+ Deep Purple;1520821464;1959927141;OZN1959927141;Чехол для Samsung Galaxy S25+ KZDOO Air Skin с защитой камер, фиолетовый супертонкий чехол для Самсунг Галакси S25 Плюс;'70;KZDOO;Продается;;2;'4.20;Показывается;;21.03.2025 13:00;Чехлы;Чехол для смартфона;'0.36;'0.1;14;0;0;0;0;4980.00;11990.00;;0%
'Air Skin S25+ Green;1520841314;1959941419;OZN1959941419;Чехол для Samsung Galaxy S25+ KZDOO Air Skin с защитой камер, зеленый супертонкий чехол для Самсунг Галакси S25 Плюс;'70;KZDOO;Продается;;1;'4.20;Показывается;;21.03.2025 13:08;Чехлы;Чехол для смартфона;'0.36;'0.1;3;0;0;0;0;4980.00;11990.00;;0%
'Air Skin S25+ Desert Titanium;1520847919;1959947053;OZN1959947053;Чехол для Samsung Galaxy S25+ KZDOO Air Skin с защитой камер, Desert Titanium супертонкий чехол для Самсунг Галакси S25 Плюс;'65;KZDOO;Продается;;1;'4.20;Показывается;;21.03.2025 13:11;Чехлы;Чехол для смартфона;'0.36;'0.1;23;0;10;0;0;4980.00;11990.00;;0%
'Air Skin S25+ Titanium Grey;1520850685;1959948295;OZN1959948295;Чехол для Samsung Galaxy S25+ KZDOO Air Skin с защитой камер, титанового цвета супертонкий чехол для Самсунг Галакси S25 Плюс;'45;KZDOO;Продается;;2;'4.20;Показывается;;21.03.2025 13:13;Чехлы;Чехол для смартфона;'0.36;'0.1;6;0;11;0;0;4980.00;11990.00;;0%
'Air Skin S25 Ultra Black;1520860727;1959955726;OZN1959955726;Чехол для Samsung Galaxy S25 Ultra KZDOO Air Skin с защитой камер, черный супертонкий чехол для Самсунг Галакси S25 Ультра;'52.5;KZDOO;Продается;;15;'4.40;Показывается;;21.03.2025 13:20;Чехлы;Чехол для смартфона;'0.36;'0.1;6;0;0;0;0;4980.00;11990.00;;0%
'Air Skin S25 Ultra Frosted Clear;1520974258;1960046893;OZN1960046893;Чехол для Samsung Galaxy S25 Ultra KZDOO Air Skin с защитой камер, прозрачный супертонкий чехол для Самсунг Галакси S25 Ультра;'45;KZDOO;Продается;;10;'4.40;Показывается;;21.03.2025 14:18;Чехлы;Чехол для смартфона;'0.36;'0.1;23;0;0;0;0;4980.00;11990.00;;0%
'Air Skin S25 Ultra Navy Blue;1520979480;1960051370;OZN1960051370;Чехол для Samsung Galaxy S25 Ultra KZDOO Air Skin с защитой камер, синий супертонкий чехол для Самсунг Галакси S25 Ультра;'70;KZDOO;Продается;;4;'4.40;Показывается;;21.03.2025 14:21;Чехлы;Чехол для смартфона;'0.36;'0.1;35;0;0;0;0;4980.00;11990.00;;0%
'Air Skin S25 Ultra Deep Purple;1520985336;1960057015;OZN1960057015;Чехол для Samsung Galaxy S25 Ultra KZDOO Air Skin с защитой камер, фиолетовый супертонкий чехол для Самсунг Галакси S25 Ультра;'70;KZDOO;Продается;;1;'4.40;Показывается;;21.03.2025 14:24;Чехлы;Чехол для смартфона;'0.36;'0.1;1;0;10;0;0;4980.00;11990.00;;0%
'Air Skin S25 Ultra Green;1521004751;1960073722;OZN1960073722;Чехол для Samsung Galaxy S25 Ultra KZDOO Air Skin с защитой камер, зеленый супертонкий чехол для Самсунг Галакси S25 Ультра;'70;KZDOO;Продается;;2;'4.40;Показывается;;21.03.2025 14:36;Чехлы;Чехол для смартфона;'0.36;'0.1;3;0;10;0;0;4980.00;11990.00;;0%
'Air Skin S25 Ultra Desert Titanium;1521007936;1960077506;OZN1960077506;Чехол для Samsung Galaxy S25 Ultra KZDOO Air Skin с защитой камер, Desert Titanium супертонкий чехол для Самсунг Галакси S25 Ультра;'65;KZDOO;Продается;;3;'4.40;Показывается;;21.03.2025 14:39;Чехлы;Чехол для смартфона;'0.36;'0.1;11;0;10;0;0;4980.00;11990.00;;0%
'Air Skin S25 Ultra Titanium Gray;1521016105;1960084150;OZN1960084150;Чехол для Samsung Galaxy S25 Ultra KZDOO Air Skin с защитой камер, Titanium Gray супертонкий чехол для Самсунг Галакси S25 Ультра;'70;KZDOO;Продается;;1;'4.40;Показывается;;21.03.2025 14:45;Чехлы;Чехол для смартфона;'0.36;'0.1;5;0;10;0;0;4980.00;11990.00;;0%
'Air Carbon S25 Black;1524370904;1962573647;OZN1962573647;Чехол для Samsung Galaxy S25 ультратонкий KZDOO Air Carbon с защитой камер, черный супертонкий чехол для Самсунг Галакси S25;'70;KZDOO;Продается;;4;'4.70;Показывается;;22.03.2025 13:11;Чехлы;Чехол для смартфона;'0.36;'0.1;2;0;10;0;1;3380.00;11990.00;;0%
'Air Carbon S25 Green;1524386327;1962583416;OZN1962583416;Чехол для Samsung Galaxy S25 ультратонкий KZDOO Air Carbon с защитой камер, зеленый супертонкий чехол для Самсунг Галакси S25;'70;KZDOO;Продается;;0;'4.70;Показывается;;22.03.2025 13:16;Чехлы;Чехол для смартфона;'0.36;'0.1;3;0;0;0;0;3380.00;11990.00;;0%
'Air Carbon S25 Deep Purple;1526498239;1964134660;OZN1964134660;Чехол для Samsung Galaxy S25 ультратонкий KZDOO Air Carbon с защитой камер, фиолетовый супертонкий чехол для Самсунг Галакси S25;'70;KZDOO;Продается;;0;'4.70;Показывается;;23.03.2025 10:34;Чехлы;Чехол для смартфона;'0.36;'0.1;3;0;0;0;0;3380.00;11990.00;;0%
'Air Carbon S25 Blue;1526507315;1964142262;OZN1964142262;Чехол для Samsung Galaxy S25 ультратонкий KZDOO Air Carbon с защитой камер, синий супертонкий чехол для Самсунг Галакси S25;'70;KZDOO;Продается;;2;'4.70;Показывается;;23.03.2025 10:37;Чехлы;Чехол для смартфона;'0.36;'0.1;3;0;10;0;0;3380.00;11990.00;;0%
'Air Carbon S25 Desert Titanium;1526519943;1964151376;OZN1964151376;Чехол для Samsung Galaxy S25 ультратонкий KZDOO Air Carbon с защитой камер, Desert Titanium супертонкий чехол для Самсунг Галакси S25;'65;KZDOO;Продается;;0;'4.70;Показывается;;23.03.2025 10:44;Чехлы;Чехол для смартфона;'0.36;'0.1;5;0;10;0;0;3380.00;11990.00;;0%
'Air Carbon S25 Titanium Grey;1526525424;1964154465;OZN1964154465;Чехол для Samsung Galaxy S25 ультратонкий KZDOO Air Carbon с защитой камер, титанового цвета супертонкий чехол для Самсунг Галакси S25;'70;KZDOO;Продается;;1;'4.70;Показывается;;23.03.2025 10:46;Чехлы;Чехол для смартфона;'0.36;'0.1;10;0;20;0;0;3380.00;11990.00;;0%
'Air Carbon S25+ Black;1526535216;1964160580;OZN1964160580;Чехол для Samsung Galaxy S25+ ультратонкий KZDOO Air Carbon с защитой камер, черный супертонкий чехол для Самсунг Галакси S25 Плюс (S25 Plus);'70;KZDOO;Продается;;2;'5.00;Показывается;;23.03.2025 10:52;Чехлы;Чехол для смартфона;'0.54;'0.1;5;0;9;0;0;3380.00;11990.00;;0%
'Air Carbon S25+ Green;1526540966;1964164622;OZN1964164622;Чехол для Samsung Galaxy S25+ ультратонкий KZDOO Air Carbon с защитой камер, зеленый супертонкий чехол для Самсунг Галакси S25 Плюс (S25 Plus);'70;KZDOO;Продается;;0;'5.00;Показывается;;23.03.2025 10:54;Чехлы;Чехол для смартфона;'0.36;'0.1;2;0;0;0;0;3380.00;11990.00;;0%
'Air Carbon S25+ Deep Purple;1526546966;1964168990;OZN1964168990;Чехол для Samsung Galaxy S25+ ультратонкий KZDOO Air Carbon с защитой камер, фиолетовый супертонкий чехол для Самсунг Галакси S25 Плюс (S25 Plus);'70;KZDOO;Продается;;0;'5.00;Показывается;;23.03.2025 10:57;Чехлы;Чехол для смартфона;'0.36;'0.1;3;0;0;0;0;3380.00;11990.00;;0%
'Air Carbon S25+ Blue;1526550293;1964171003;OZN1964171003;Чехол для Samsung Galaxy S25+ ультратонкий KZDOO Air Carbon с защитой камер, синий супертонкий чехол для Самсунг Галакси S25 Плюс (S25 Plus);'70;KZDOO;Готов к продаже;;1;'5.00;Показывается;;23.03.2025 10:59;Чехлы;Чехол для смартфона;'0.36;'0.1;0;0;0;0;0;1690.00;2990.00;;0%
'Air Carbon S25+ Desert Titanium;1526562757;1964178836;OZN1964178836;Чехол для Samsung Galaxy S25+ ультратонкий KZDOO Air Carbon с защитой камер, Desert Titanium супертонкий чехол для Самсунг Галакси S25 Плюс (S25 Plus);'40;KZDOO;Продается;;0;'5.00;Показывается;;23.03.2025 11:05;Чехлы;Чехол для смартфона;'0.36;'0.1;8;0;0;0;0;3380.00;11990.00;;0%
'Air Carbon S25+ Titanium Grey;1526571450;1964184176;OZN1964184176;Чехол для Samsung Galaxy S25+ ультратонкий KZDOO Air Carbon с защитой камер, титанового цвета супертонкий чехол для Самсунг Галакси S25 Плюс (S25 Plus);'70;KZDOO;Продается;;0;'5.00;Показывается;;23.03.2025 11:09;Чехлы;Чехол для смартфона;'0.40;'0.1;13;0;0;0;0;3380.00;11990.00;;0%
'Air Carbon S25 Ultra Black;1526578957;1964188660;OZN1964188660;Чехол для Samsung Galaxy S25 Ultra ультратонкий KZDOO Air Carbon с защитой камер, черный супертонкий чехол для Самсунг Галакси S25 Ультра;'70;KZDOO;Готов к продаже;;12;'4.10;Показывается;;23.03.2025 11:14;Чехлы;Чехол для смартфона;'0.36;'0.1;0;0;0;0;0;3380.00;11990.00;;0%
'Air Carbon S25 Ultra Green;1526590872;1964196775;OZN1964196775;Чехол для Samsung Galaxy S25 Ultra ультратонкий KZDOO Air Carbon с защитой камер, зеленый супертонкий чехол для Самсунг Галакси S25 Ультра;'70;KZDOO;Продается;;0;'4.10;Показывается;;23.03.2025 11:19;Чехлы;Чехол для смартфона;'0.36;'0.1;4;0;10;0;0;3380.00;11990.00;;0%
'Air Carbon S25 Ultra Deep Purple;1526599163;1964201159;OZN1964201159;Чехол для Samsung Galaxy S25 Ultra ультратонкий KZDOO Air Carbon с защитой камер, фиолетовый супертонкий чехол для Самсунг Галакси S25 Ультра;'70;KZDOO;Продается;;1;'4.10;Показывается;;23.03.2025 11:22;Чехлы;Чехол для смартфона;'0.36;'0.1;3;0;10;0;0;3380.00;11990.00;;0%
'Air Carbon S25 Ultra Blue;1526724124;1964274137;OZN1964274137;Чехол для Samsung Galaxy S25 Ultra ультратонкий KZDOO Air Carbon с защитой камер, синий супертонкий чехол для Самсунг Галакси S25 Ультра;'70;KZDOO;Продается;;0;'4.10;Показывается;;23.03.2025 11:59;Чехлы;Чехол для смартфона;'0.36;'0.1;6;0;10;0;0;3380.00;11990.00;;0%
'Air Carbon S25 Ultra Desert Titanium;1526768709;1964300982;OZN1964300982;Чехол для Samsung Galaxy S25 Ultra ультратонкий KZDOO Air Carbon с защитой камер, Desert Titanium супертонкий чехол для Самсунг Галакси S25 Ультра;'65;KZDOO;Продается;;0;'4.10;Показывается;;23.03.2025 12:12;Чехлы;Чехол для смартфона;'0.36;'0.1;5;0;0;0;0;3380.00;11990.00;;0%
'Air Carbon S25 Ultra Titanium Grey;1526797209;1964320106;OZN1964320106;Чехол для Samsung Galaxy S25 Ultra ультратонкий KZDOO Air Carbon с защитой камер, титанового цвета супертонкий чехол для Самсунг Галакси S25 Ультра;'70;KZDOO;Продается;;1;'4.10;Показывается;;23.03.2025 12:20;Чехлы;Чехол для смартфона;'0.36;'0.1;38;0;0;0;0;3380.00;11990.00;;0%
'Q Series S25 Black;1526813601;1964330650;OZN1964330650;Чехол для Samsung Galaxy S25 KZDOO Q Series с защитой камер, черный тонкий силиконовый чехол для Самсунг Галакси S25;'45;KZDOO;Продается;;8;'4.90;Показывается;;23.03.2025 12:25;Чехлы;Чехол для смартфона;'0.36;'0.1;10;1;0;0;0;3100.00;11990.00;;0%
'Q Series S25+ Black;1526830042;1964341990;OZN1964341990;Чехол для Samsung Galaxy S25+ KZDOO Q Series с защитой камер, черный тонкий силиконовый чехол для Самсунг Галакси S25 Плюс (S25 Plus);'45;KZDOO;Продается;;2;'2.30;Показывается;;23.03.2025 12:31;Чехлы;Чехол для смартфона;'0.36;'0.1;42;0;0;0;0;3100.00;11990.00;;0%
'Q Series S25 Ultra Black;1526842570;1964349406;OZN1964349406;Чехол для Samsung Galaxy S25 Ultra KZDOO Q Series с защитой камер, черный тонкий силиконовый чехол для Самсунг Галакси S25 Ультра;'45;KZDOO;Продается;;7;'5.00;Показывается;;23.03.2025 12:36;Чехлы;Чехол для смартфона;'0.36;'0.1;62;0;10;0;0;3100.00;11990.00;;0%
'Guardian S25 Clear;1530054375;1966817031;OZN1966817031;Чехол для Samsung Galaxy S25 KZDOO Guardian, прозрачный противоударный чехол для Самсунг Галакси S25;'70;KZDOO;Продается;;1;'4.60;Показывается;;24.03.2025 9:55;Чехлы;Чехол для смартфона;'0.36;'0.1;8;0;0;0;0;4500.00;11990.00;;0%
'Guardian S25+ Clear;1530079962;1966835858;OZN1966835858;Чехол для Samsung Galaxy S25 Plus KZDOO Guardian, прозрачный противоударный чехол для Самсунг Галакси S25 Плюс;'45;KZDOO;Продается;;2;'4.60;Показывается;;24.03.2025 10:01;Чехлы;Чехол для смартфона;'0.36;'0.1;16;0;10;0;0;4500.00;11990.00;;0%
'Guardian S25 Ultra Clear;1530094522;1966847909;OZN1966847909;Чехол для Samsung Galaxy S25 Ultra KZDOO Guardian, прозрачный противоударный чехол для Самсунг Галакси S25 Ультра;'45;KZDOO;Продается;;2;'4.60;Показывается;;24.03.2025 10:06;Чехлы;Чехол для смартфона;'0.36;'0.1;21;0;0;0;0;4500.00;11990.00;;0%
'IceGuard S25 Clear;1530145297;1966883234;OZN1966883234;Чехол для Samsung S25 с MagSafe KZDOO Iceguard, прозрачный противоударный чехол для Самунг S25;'65;KZDOO;Продается;;0;'0.00;Показывается;;24.03.2025 10:20;Чехлы;Чехол для смартфона;'0.36;'0.1;15;0;0;0;0;5580.00;11990.00;;0%
'IceGuard S25+ Clear;1530170515;1966903062;OZN1966903062;Чехол для Samsung S25+ с MagSafe KZDOO Iceguard, прозрачный противоударный чехол для Самунг S25 Плюс (S25 Plus);'65;KZDOO;Продается;;0;'0.00;Показывается;;24.03.2025 10:29;Чехлы;Чехол для смартфона;'0.36;'0.1;15;0;0;0;0;5580.00;11990.00;;0%
'Iceguard S25 Ultra Clear;1530231862;1966954556;OZN1966954556;Чехол для Samsung S25 Ultra с MagSafe KZDOO Iceguard, прозрачный противоударный чехол для Самунг S25 Ультра;'70;KZDOO;Продается;;0;'5.00;Показывается;;24.03.2025 10:44;Чехлы;Чехол для смартфона;'0.36;'0.1;20;0;10;0;0;5580.00;11990.00;;0%
'IceGuard S25 Black;1530319297;1967022647;OZN1967022647;Чехол для Samsung S25 с MagSafe KZDOO Iceguard, черный противоударный чехол для Самунг S25;'65;KZDOO;Продается;;0;'0.00;Показывается;;24.03.2025 11:14;Чехлы;Чехол для смартфона;'0.36;'0.1;14;0;10;0;0;5580.00;11990.00;;0%
'IceGuard S25+ Black;1530322409;1967025695;OZN1967025695;Чехол для Samsung S25+ с MagSafe KZDOO Iceguard, черный противоударный чехол для Самунг S25 Плюс (S25 Plus);'65;KZDOO;Продается;;0;'0.00;Показывается;;24.03.2025 11:15;Чехлы;Чехол для смартфона;'0.36;'0.1;15;0;0;0;0;5580.00;11990.00;;0%
'IceGuard S25 Ultra Black;1530325630;1967028190;OZN1967028190;Чехол для Samsung S25 Ultra с MagSafe KZDOO Iceguard, черный противоударный чехол для Самунг S25 Ультра;'65;KZDOO;Продается;;1;'5.00;Показывается;;24.03.2025 11:16;Чехлы;Чехол для смартфона;'0.36;'0.1;19;0;10;0;0;5580.00;11990.00;;0%
'Noble S25 Black;1530344744;1967044676;OZN1967044676;Кожаный чехол для Samsung Galaxy S25 KZDOO Noble Collection, черный чехол для Самсунг Галкси S25;'70;KZDOO;Продается;;18;'4.70;Показывается;;24.03.2025 11:23;Чехлы;Чехол для смартфона;'0.36;'0.1;2;0;1;0;0;6380.00;11990.00;;0%
'Noble S25 White;1530352369;1967050631;OZN1967050631;Кожаный чехол для Samsung Galaxy S25 KZDOO Noble Collection, белый чехол для Самсунг Галкси S25;'57.5;KZDOO;Продается;;0;'4.70;Показывается;;24.03.2025 11:26;Чехлы;Чехол для смартфона;'0.36;'0.1;5;0;10;0;0;6580.00;11990.00;;0%
'Noble S25 Red;1530377035;1967072057;OZN1967072057;Кожаный чехол для Samsung Galaxy S25 KZDOO Noble Collection, красный чехол для Самсунг Галкси S25;'82.5;KZDOO;Продается;;2;'4.70;Показывается;;24.03.2025 11:36;Чехлы;Чехол для смартфона;'0.36;'0.1;3;0;10;0;1;6580.00;11990.00;;0%
'Noble S25 Pink;1530381892;1967076658;OZN1967076658;Кожаный чехол для Samsung Galaxy S25 KZDOO Noble Collection, розовый чехол для Самсунг Галкси S25;'57.5;KZDOO;Продается;;0;'4.70;Показывается;;24.03.2025 11:38;Чехлы;Чехол для смартфона;'0.36;'0.1;6;0;0;0;0;6580.00;11990.00;;0%
'Noble S25 Dark Blue;1530386861;1967079521;OZN1967079521;Кожаный чехол для Samsung Galaxy S25 KZDOO Noble Collection, синий чехол для Самсунг Галкси S25;'57.5;KZDOO;Продается;;8;'4.70;Показывается;;24.03.2025 11:40;Чехлы;Чехол для смартфона;'0.36;'0.1;12;0;3;0;0;6580.00;11990.00;;0%
'Noble S25 Green;1530560304;1967218002;OZN1967218002;Кожаный чехол для Samsung Galaxy S25 KZDOO Noble Collection, зеленый чехол для Самсунг Галкси S25;'82.5;KZDOO;Продается;;4;'4.70;Показывается;;24.03.2025 12:57;Чехлы;Чехол для смартфона;'0.36;'0.1;3;0;10;0;0;6580.00;11990.00;;0%
'Noble S25 Titanium Grey;1530565389;1967220673;OZN1967220673;Кожаный чехол для Samsung Galaxy S25 KZDOO Noble Collection, титанового цвета чехол для Самсунг Галкси S25;'57.5;KZDOO;Продается;;9;'4.70;Показывается;;24.03.2025 12:59;Чехлы;Чехол для смартфона;'0.36;'0.1;3;0;10;0;0;6580.00;11990.00;;0%
'Noble S25 Desert Champagne;1530574499;1967224938;OZN1967224938;Кожаный чехол для Samsung Galaxy S25 KZDOO Noble Collection, светло-розовый чехол для Самсунг Галкси S25;'70;KZDOO;Продается;;0;'4.70;Показывается;;24.03.2025 13:02;Чехлы;Чехол для смартфона;'0.36;'0.1;9;0;0;0;0;6580.00;11990.00;;0%
'Noble S25+ Black;1530579855;1967228594;OZN1967228594;Кожаный чехол для Samsung Galaxy S25+ KZDOO Noble Collection, черный чехол для Самсунг Галкси S25 Плюс (S25 Plus);'82.5;KZDOO;Готов к продаже;;2;'4.60;Показывается;;24.03.2025 13:04;Чехлы;Чехол для смартфона;'0.36;'0.1;0;0;0;0;0;6580.00;11990.00;;0%
'Noble S25+ White;1530584268;1967232347;OZN1967232347;Кожаный чехол для Samsung Galaxy S25+ KZDOO Noble Collection, белый чехол для Самсунг Галкси S25 Плюс (S25 Plus);'82.5;KZDOO;Готов к продаже;;0;'4.60;Показывается;;24.03.2025 13:06;Чехлы;Чехол для смартфона;'0.36;'0.1;0;0;0;0;0;6580.00;11990.00;;0%
'Noble S25+ Red;1530590044;1967239644;OZN1967239644;Кожаный чехол для Samsung Galaxy S25+ KZDOO Noble Collection, красный чехол для Самсунг Галкси S25 Плюс (S25 Plus);'82.5;KZDOO;Продается;;1;'4.60;Показывается;;24.03.2025 13:08;Чехлы;Чехол для смартфона;'0.36;'0.1;1;0;10;0;0;6580.00;11990.00;;0%
'Noble S25+ Pink;1530596559;1967248578;OZN1967248578;Кожаный чехол для Samsung Galaxy S25+ KZDOO Noble Collection, розовый чехол для Самсунг Галкси S25 Плюс (S25 Plus);'82.5;KZDOO;Продается;;0;'4.60;Показывается;;24.03.2025 13:11;Чехлы;Чехол для смартфона;'0.36;'0.1;2;0;0;0;0;6580.00;11990.00;;0%
'Noble S25+ Dark Blue;1530605586;1967252116;OZN1967252116;Кожаный чехол для Samsung Galaxy S25+ KZDOO Noble Collection, синий чехол для Самсунг Галкси S25 Плюс (S25 Plus);'82.5;KZDOO;Готов к продаже;;0;'4.60;Показывается;;24.03.2025 13:13;Чехлы;Чехол для смартфона;'0.36;'0.1;0;0;0;0;0;3290.00;4990.00;;0%
'Noble S25+ Green;1530616419;1967257954;OZN1967257954;Кожаный чехол для Samsung Galaxy S25+ KZDOO Noble Collection, зеленый чехол для Самсунг Галкси S25 Плюс (S25 Plus);'82.5;KZDOO;Продается;;1;'4.60;Показывается;;24.03.2025 13:16;Чехлы;Чехол для смартфона;'0.36;'0.1;1;0;10;0;0;6580.00;11990.00;;0%
'Noble S25+ Titanium Grey;1530622893;1967264446;OZN1967264446;Кожаный чехол для Samsung Galaxy S25+ KZDOO Noble Collection, титанового цвета чехол для Самсунг Галкси S25 Плюс (S25 Plus);'82.5;KZDOO;Продается;;4;'4.60;Показывается;;24.03.2025 13:19;Чехлы;Чехол для смартфона;'0.36;'0.1;2;0;10;0;0;6580.00;11990.00;;0%
'Noble S25+ Desert Champagne;1530627546;1967267403;OZN1967267403;Кожаный чехол для Samsung Galaxy S25+ KZDOO Noble Collection, светло-розовый чехол для Самсунг Галкси S25 Плюс (S25 Plus);'77.5;KZDOO;Продается;;1;'4.60;Показывается;;24.03.2025 13:21;Чехлы;Чехол для смартфона;'0.36;'0.1;1;0;10;0;0;6580.00;11990.00;;0%
'Noble S25 Ultra Black;1530681260;1967295295;OZN1967295295;Кожаный чехол для Samsung Galaxy S25 Ultra KZDOO Noble Collection, черный чехол для Самсунг Галкси S25 Ультра;'57.5;KZDOO;Продается;;17;'4.50;Показывается;;24.03.2025 13:38;Чехлы;Чехол для смартфона;'0.36;'0.1;1;0;0;0;0;6580.00;11990.00;;0%
'Noble S25 Ultra White;1530687017;1967299914;OZN1967299914;Кожаный чехол для Samsung Galaxy S25 Ultra KZDOO Noble Collection, белый чехол для Самсунг Галкси S25 Ультра;'82.5;KZDOO;Продается;;8;'4.50;Показывается;;24.03.2025 13:41;Чехлы;Чехол для смартфона;'0.36;'0.1;10;0;10;0;0;6580.00;11990.00;;0%
'Noble S25 Ultra Red;1530699971;1967312612;OZN1967312612;Кожаный чехол для Samsung Galaxy S25 Ultra KZDOO Noble Collection, красный чехол для Самсунг Галкси S25 Ультра;'57.5;KZDOO;Продается;;3;'4.50;Показывается;;24.03.2025 13:43;Чехлы;Чехол для смартфона;'0.36;'0.1;1;0;0;0;0;6580.00;11990.00;;0%
'Noble S25 Ultra Pink;1530706101;1967317006;OZN1967317006;Кожаный чехол для Samsung Galaxy S25 Ultra KZDOO Noble Collection, розовый чехол для Самсунг Галкси S25 Ультра;'57.5;KZDOO;Готов к продаже;;1;'4.50;Показывается;;24.03.2025 13:46;Чехлы;Чехол для смартфона;'0.36;'0.1;0;0;0;0;0;6580.00;11990.00;;0%
'Noble S25 Ultra Dark Blue;1530718581;1967328157;OZN1967328157;Кожаный чехол для Samsung Galaxy S25 Ultra KZDOO Noble Collection, синий чехол для Самсунг Галкси S25 Ультра;'57.5;KZDOO;Продается;;2;'4.50;Показывается;;24.03.2025 13:52;Чехлы;Чехол для смартфона;'0.36;'0.1;0;0;10;0;0;6580.00;11990.00;;0%
'Noble S25 Ultra Green;1530725963;1967332922;OZN1967332922;Кожаный чехол для Samsung Galaxy S25 Ultra KZDOO Noble Collection, зеленый чехол для Самсунг Галкси S25 Ультра;'57.5;KZDOO;Продается;;0;'4.50;Показывается;;24.03.2025 13:56;Чехлы;Чехол для смартфона;'0.36;'0.1;2;0;10;0;0;6580.00;11990.00;;0%
'Noble S25 Ultra Titanium Grey;1530737978;1967343185;OZN1967343185;Кожаный чехол для Samsung Galaxy S25 Ultra KZDOO Noble Collection, чехол титанового цвета для Самсунг Галкси S25 Ультра;'57.5;KZDOO;Продается;;2;'4.50;Показывается;;24.03.2025 14:01;Чехлы;Чехол для смартфона;'0.36;'0.1;13;0;10;0;0;6580.00;11990.00;;0%
'Noble S25 Ultra Desert Champagne;1530747385;1967352510;OZN1967352510;Кожаный чехол для Samsung Galaxy S25 Ultra KZDOO Noble Collection, светло-розовый чехол для Самсунг Галкси S25 Ультра;'82.5;KZDOO;Продается;;1;'4.50;Показывается;;24.03.2025 14:02;Чехлы;Чехол для смартфона;'0.36;'0.1;13;0;10;0;0;6580.00;11990.00;;0%
'Keivlar S25 Black;1530768521;1967373271;OZN1967373271;Чехол для Samsung Galaxy S25 KZDOO KEIVLAR, черный кевларовый чехол для Самсунг Галакси S25;'82.5;KZDOO;Продается;;0;'0.00;Показывается;;24.03.2025 14:06;Чехлы;Чехол для смартфона;'0.36;'0.1;3;0;0;0;0;11000.00;11990.00;;0%
'Keivlar S25 Blue;1533456448;1969314030;OZN1969314030;Чехол для Samsung Galaxy S25 KZDOO KEIVLAR, синий кевларовый чехол для Самсунг Галакси S25;'82.5;KZDOO;Продается;;0;'0.00;Показывается;;25.03.2025 7:43;Чехлы;Чехол для смартфона;'0.36;'0.1;10;0;0;0;0;11000.00;11990.00;;0%
'Keivlar S25 Titanium Grey;1533487038;1969340357;OZN1969340357;Чехол для Samsung Galaxy S25 KZDOO KEIVLAR, кевларовый чехол титанового цвета для Самсунг Галакси S25;'82.5;KZDOO;Продается;;0;'0.00;Показывается;;25.03.2025 7:48;Чехлы;Чехол для смартфона;'0.36;'0.1;2;0;0;0;0;11000.00;11990.00;;0%
'Keivlar S25+ Black;1533497538;1969344561;OZN1969344561;Чехол для Samsung Galaxy S25+ KZDOO KEIVLAR, черный кевларовый чехол для Самсунг Галакси S25 Плюс (S25 Plus);'82.5;KZDOO;Продается;;0;'5.00;Показывается;;25.03.2025 7:50;Чехлы;Чехол для смартфона;'0.36;'0.1;1;0;10;0;0;11000.00;11990.00;;0%
'Keivlar S25+ Blue;1533529850;1969373646;OZN1969373646;Чехол для Samsung Galaxy S25+ KZDOO KEIVLAR, синий кевларовый чехол для Самсунг Галакси S25 Плюс (S25 Plus);'82.5;KZDOO;Продается;;0;'5.00;Показывается;;25.03.2025 7:57;Чехлы;Чехол для смартфона;'0.36;'0.1;10;0;0;0;0;11000.00;11990.00;;0%
'Keivlar S25+ Titanium Grey;1533558012;1969398290;OZN1969398290;Чехол для Samsung Galaxy S25+ KZDOO KEIVLAR, кевларовый чехол титанового цвета для Самсунг Галакси S25 Плюс (S25 Plus);'82.5;KZDOO;Продается;;1;'5.00;Показывается;;25.03.2025 8:02;Чехлы;Чехол для смартфона;'0.36;'0.1;3;0;0;0;0;11000.00;11990.00;;0%
'Keivlar S25 Ultra Black;1533627348;1969448099;OZN1969448099;Чехол для Samsung Galaxy S25 Ultra KZDOO KEIVLAR, черный кевларовый чехол для Самсунг Галакси S25 Ультра;'57.5;KZDOO;Продается;;1;'5.00;Показывается;;25.03.2025 8:14;Чехлы;Чехол для смартфона;'0.36;'0.1;2;0;0;0;0;11000.00;11990.00;;0%
'Keivlar S25 Ultra Blue;1533642460;1969463160;OZN1969463160;Чехол для Samsung Galaxy S25 Ultra KZDOO KEIVLAR, синий кевларовый чехол для Самсунг Галакси S25 Ультра;'82.5;KZDOO;Продается;;1;'5.00;Показывается;;25.03.2025 8:17;Чехлы;Чехол для смартфона;'0.36;'0.1;9;0;3;0;0;11000.00;11990.00;;0%
'Keivlar S25 Ultra Titanium Grey;1533696336;1969503600;OZN1969503600;Чехол для Samsung Galaxy S25 Ultra KZDOO KEIVLAR, кевларовый чехол титанового цвета для Самсунг Галакси S25 Ультра;'57.5;KZDOO;Продается;;0;'5.00;Показывается;;25.03.2025 8:25;Чехлы;Чехол для смартфона;'0.36;'0.1;2;0;0;0;0;11000.00;11990.00;;0%
'Magnetic 16 Pro Pink;1764663904;2133540871;OZN2133540871;Ультратонкий Магнитный чехол для iPhone 16 Pro с поддержкой MagSafe, розовый тонкий пластик, прозрачный, софт тач покрытие - не скользкий.;'82.5;Нет бренда;Готов к продаже;;1;'5.00;Показывается;;14.05.2025 12:52;Чехлы;Чехол для смартфона;'0.08;'0.1;0;0;0;0;0;1000.00;1900.00;;0%
'Magnetic 16 Pro Max Pink;1764744184;2133593267;OZN2133593267;Ультратонкий Магнитный чехол для iPhone 16 Pro Max с поддержкой MagSafe, розовый тонкий пластик, прозрачный, софт тач покрытие - не скользкий.;'82.5;Нет бренда;Продается;;0;'0.00;Показывается;;14.05.2025 13:13;Чехлы;Чехол для смартфона;'0.08;'0.1;0;0;2;0;0;2000.00;7900.00;;0%
'Magnetic 16 Pink;1765183230;2133903692;OZN2133903692;Ультратонкий Магнитный чехол для iPhone 16 с поддержкой MagSafe, розовый тонкий пластик, прозрачный, софт тач покрытие - не скользкий.;'82.5;Нет бренда;Продается;;0;'5.00;Показывается;;14.05.2025 14:47;Чехлы;Чехол для смартфона;'0.08;'0.1;0;0;2;0;0;2000.00;7900.00;;0%
'Magnetic 16 Gray;1765229191;2133943207;OZN2133943207;Ультратонкий Магнитный чехол для iPhone 16 с поддержкой MagSafe, серый тонкий пластик, прозрачный, софт тач покрытие - не скользкий.;'82.5;Нет бренда;Продается;;1;'5.00;Показывается;;14.05.2025 15:04;Чехлы;Чехол для смартфона;'0.08;'0.1;0;0;3;0;0;2000.00;7900.00;;0%
'Magnetic 16 Black;1765380114;2134070410;OZN2134070410;Ультратонкий Магнитный чехол для iPhone 16 с поддержкой MagSafe, черный тонкий пластик, прозрачный, софт тач покрытие - не скользкий.;'82.5;Нет бренда;Продается;;1;'5.00;Показывается;;14.05.2025 16:18;Чехлы;Чехол для смартфона;'0.08;'0.1;1;0;0;0;0;1000.00;1900.00;;0%
'Magnetic 16 Clear;1765425459;2134102808;OZN2134102808;Ультратонкий Магнитный чехол для iPhone 16 с поддержкой MagSafe, прозрачный тонкий пластик, прозрачный, софт тач покрытие - не скользкий.;'82.5;Нет бренда;Готов к продаже;;0;'5.00;Показывается;;14.05.2025 16:35;Чехлы;Чехол для смартфона;'0.08;'0.1;0;0;0;0;0;1000.00;1900.00;;0%
'Magnetic 16 Pro Gray;1770033542;2137633330;OZN2137633330;Ультратонкий Магнитный чехол для iPhone16 Pro с поддержкой MagSafe, серый тонкий пластик, прозрачный, софт тач покрытие - не скользкий.;'82.5;Нет бренда;Продается;;0;'5.00;Показывается;;15.05.2025 10:11;Чехлы;Чехол для смартфона;'0.08;'0.1;0;0;3;0;0;2000.00;7900.00;;0%
'Magnetic 16 Pro Black;1770095952;2137681334;OZN2137681334;Ультратонкий Магнитный чехол для iPhone 16 Pro с поддержкой MagSafe, черный тонкий пластик, прозрачный, софт тач покрытие - не скользкий.;'82.5;Нет бренда;Продается;;0;'5.00;Показывается;;15.05.2025 10:24;Чехлы;Чехол для смартфона;'0.08;'0.1;0;0;2;0;0;2000.00;7900.00;;0%
'Air Skin 16 Pro Max Desert;1839572416;2190091103;OZN2190091103;Ультратонкий чехол на Айфон 16 Про Макс Air Skin с защитой камер, Desert Titanium для iPhone 16 Pro Max;'52.5;KZDOO;Продается;;21;'4.80;Показывается;;26.05.2025 12:19;Чехлы;Чехол для смартфона;'1.32;'0.3;7;1;8;0;0;4980.00;11990.00;;0%
'Noble 15 Pro Red;2326753329;2561621382;OZN2561621382;Кожаный чехол для iPhone 15 Pro KZDOO Noble Collection, красный чехол для Айфон 15 Про;'45;KZDOO;Продается;;0;'0.00;Показывается;;28.07.2025 13:33;Чехлы;Чехол для смартфона;'0.36;'0.1;1;0;0;0;0;6980.00;11990.00;;0%
'Air Skin 16 Pro Desert Titanium;2387629561;2608183985;OZN2608183985;Ультратонкий чехол на Айфон 16 Про Air Skin с защитой камер, Desert Titanium для iPhone 16 Pro;'45;KZDOO;Продается;;12;'4.80;Показывается;;04.08.2025 10:55;Чехлы;Чехол для смартфона;'0.36;'0.1;0;0;8;0;0;3200.00;11990.00;;0%
'iCoat S23 Ultra Green;2473235176;2671976188;OZN2671976188;Чехол для Samsung Galaxy S23 Ultra KZDOO iCoat, зеленый чехол для Самсунг S23 Ультра;'45;KZDOO;Продается;;0;'0.00;Показывается;;13.08.2025 9:30;Чехлы;Чехол для смартфона;'0.36;'0.1;4;0;0;0;0;6980.00;11990.00;;0%
'Non-Yellowing 14 Pro Max NON MS;2473447363;2672150473;OZN2672150473;Чехол для iPhone 14 Pro Max Keephone Non-Yellowing, прозрачный противоударный чехол для Айфон 14 Про Макс;'45;KEEPHONE;Готов к продаже;;1;'4.20;Показывается;;13.08.2025 9:45;Чехлы;Чехол для смартфона;'0.38;'0.1;0;0;0;0;0;2390.00;3990.00;;0%
'Non-Yellowing 14 Pro NON MS;2474854979;2673174945;OZN2673174945;Чехол для iPhone 14 Pro Keephone Non-Yellowing, прозрачный противоударный чехол для Айфон 14 Про;'45;KEEPHONE;Продается;;0;'5.00;Показывается;;13.08.2025 12:33;Чехлы;Чехол для смартфона;'0.38;'0.1;8;0;10;0;0;4980.00;11990.00;;0%
'Air Skin 17 Pro Frosted clear;2759611994;3117858243;OZN3117858243;Ультратонкий чехол на Айфон 17 Про Air Skin с защитой камер, прозрачный чехол для iPhone 17 Pro;'45;KZDOO;Продается;;0;'0.00;Показывается;;22.09.2025 20:30;Чехлы;Чехол для смартфона;'0.36;'0.1;0;0;10;0;0;2490.00;3490.00;;0%
'Air Skin 17 Pro Green;2765694064;2890125762;OZN2890125762;Ультратонкий чехол на Айфон 17 Про Air Skin с защитой камер, зеленый чехол для iPhone 17 Pro;'45;KZDOO;Продается;;0;'0.00;Показывается;;23.09.2025 16:49;Чехлы;Чехол для смартфона;'0.36;'0.1;0;0;10;0;0;3490.00;3490.00;;0%
'Air Skin 17 Pro Orange;2765694066;2890125661;OZN2890125661;Ультратонкий чехол на Айфон 17 Про Air Skin с защитой камер, оранжевый чехол для iPhone 17 Pro;'45;KZDOO;Продается;;0;'0.00;Показывается;;23.09.2025 16:49;Чехлы;Чехол для смартфона;'0.36;'0.1;0;0;10;0;0;3490.00;3490.00;;0%
'Air Skin 17 Pro Pink;2765694069;2890125735;OZN2890125735;Ультратонкий чехол на Айфон 17 Про Air Skin с защитой камер, розовый чехол для iPhone 17 Pro;'45;KZDOO;Продается;;0;'0.00;Показывается;;23.09.2025 16:49;Чехлы;Чехол для смартфона;'0.36;'0.1;0;0;10;0;0;3490.00;3490.00;;0%
'Air Skin 17 Pro Titanium grey;2765694119;2890125983;OZN2890125983;Ультратонкий чехол на Айфон 17 Про Air Skin с защитой камер, titanium gray чехол для iPhone 17 Pro;'45;KZDOO;Продается;;0;'0.00;Показывается;;23.09.2025 16:49;Чехлы;Чехол для смартфона;'0.36;'0.1;0;0;10;0;0;3490.00;3490.00;;0%
'Air Skin 17 Pro Navy blue;2765694120;2890125814;OZN2890125814;Ультратонкий чехол на Айфон 17 Про Air Skin с защитой камер, синий чехол для iPhone 17 Pro;'45;KZDOO;Продается;;0;'0.00;Показывается;;23.09.2025 16:49;Чехлы;Чехол для смартфона;'0.36;'0.1;0;0;10;0;0;3490.00;3490.00;;0%
'Air Skin 17 Pro Grey;2765694130;2890126045;OZN2890126045;Ультратонкий чехол на Айфон 17 Про Air Skin с защитой камер, серый чехол для iPhone 17 Pro;'45;KZDOO;Продается;;0;'0.00;Показывается;;23.09.2025 16:49;Чехлы;Чехол для смартфона;'0.36;'0.1;0;0;10;0;0;3490.00;3490.00;;0%
'Air Skin 17 Pro Deep purple;2765694143;2890125753;OZN2890125753;Ультратонкий чехол на Айфон 17 Про Air Skin с защитой камер, фиолетовый чехол для iPhone 17 Pro;'45;KZDOO;Продается;;0;'0.00;Показывается;;23.09.2025 16:49;Чехлы;Чехол для смартфона;'0.36;'0.1;0;0;10;0;0;3490.00;3490.00;;0%
'Air Skin 17 Pro Black;2765694258;2890125926;OZN2890125926;Ультратонкий чехол на Айфон 17 Про Air Skin с защитой камер, черный чехол для iPhone 17 Pro;'45;KZDOO;Продается;;0;'0.00;Показывается;;23.09.2025 16:49;Чехлы;Чехол для смартфона;'0.36;'0.1;0;0;10;0;0;3490.00;3490.00;;0%
'Air Skin 17 Pro Max Deep purple;2772835242;2895283243;OZN2895283243;Ультратонкий чехол на Айфон 17 Про Макс Air Skin с защитой камер, фиолетовый для iPhone 17 Pro Max;'45;KZDOO;Продается;;0;'0.00;Показывается;;24.09.2025 23:07;Чехлы;Чехол для смартфона;'1.32;'0.3;0;0;10;0;0;3490.00;3490.00;;0%
'Air Skin 17 Pro Max Titanium grey;2772835258;2895283080;OZN2895283080;Ультратонкий чехол на Айфон 17 Про Макс Air Skin с защитой камер, titanium gray для iPhone 17 Pro Max;'45;KZDOO;Продается;;0;'0.00;Показывается;;24.09.2025 23:07;Чехлы;Чехол для смартфона;'1.32;'0.3;0;0;10;0;0;3490.00;3490.00;;0%
'Air Skin 17 Pro Max Pink;2772835335;2895283288;OZN2895283288;Ультратонкий чехол на Айфон 17 Про Макс Air Skin с защитой камер, розовый для iPhone 17 Pro Max;'45;KZDOO;Продается;;0;'0.00;Показывается;;24.09.2025 23:07;Чехлы;Чехол для смартфона;'1.32;'0.3;0;0;10;0;0;3490.00;3490.00;;0%
'Air Skin 17 Pro Max Black;2772835347;2895283481;OZN2895283481;Ультратонкий чехол на Айфон 17 Про Макс Air Skin с защитой камер, черный для iPhone 17 Pro Max;'45;KZDOO;Продается;;0;'0.00;Показывается;;24.09.2025 23:07;Чехлы;Чехол для смартфона;'1.32;'0.3;0;0;10;0;0;3490.00;3490.00;;0%
'Air Skin 17 Pro Max Green;2772835372;2895283081;OZN2895283081;Ультратонкий чехол на Айфон 17 Про Макс Air Skin с защитой камер, зеленый для iPhone 17 Pro Max;'45;KZDOO;Продается;;0;'0.00;Показывается;;24.09.2025 23:07;Чехлы;Чехол для смартфона;'1.32;'0.3;0;0;10;0;0;3490.00;3490.00;;0%
'Air Skin 17 Pro Max Grey;2772835375;3117961952;OZN3117961952;Ультратонкий чехол на Айфон 17 Про Макс Air Skin с защитой камер, серый для iPhone 17 Pro Max;'45;KZDOO;Продается;;0;'0.00;Показывается;;24.09.2025 23:07;Чехлы;Чехол для смартфона;'1.32;'0.3;0;0;10;0;0;3490.00;3490.00;;0%
'Air Skin 17 Pro Max Navy blue;2772835412;2895283347;OZN2895283347;Ультратонкий чехол на Айфон 17 Про Макс Air Skin с защитой камер, синий для iPhone 17 Pro Max;'45;KZDOO;Продается;;0;'0.00;Показывается;;24.09.2025 23:07;Чехлы;Чехол для смартфона;'1.32;'0.3;0;0;10;0;0;3490.00;3490.00;;0%
'Air Skin 17 Pro Max Orange;2772835446;2895283291;OZN2895283291;Ультратонкий чехол на Айфон 17 Про Макс Air Skin с защитой камер, оранжевый для iPhone 17 Pro Max;'45;KZDOO;Продается;;0;'0.00;Показывается;;24.09.2025 23:07;Чехлы;Чехол для смартфона;'1.32;'0.3;0;0;10;0;0;3490.00;3490.00;;0%
'Air Skin 17 Pro Max Frosted clear;2772835506;2895283475;OZN2895283475;Ультратонкий чехол на Айфон 17 Про Макс Air Skin с защитой камер, прозрачный для iPhone 17 Pro Max;'45;KZDOO;Продается;;0;'0.00;Показывается;;24.09.2025 23:08;Чехлы;Чехол для смартфона;'1.32;'0.3;0;0;10;0;1;3490.00;3490.00;;0%
'Air Skin 17 Air Black;2772872013;3117067803;OZN3117067803;Ультратонкий чехол Air Skin на Айфон 17 Air с защитой камер, черный чехол для iPhone 17 Аир;'40;KZDOO;Готов к продаже;;0;'0.00;Показывается;;24.09.2025 23:34;Чехлы;Чехол для смартфона;'0.36;'0.1;0;0;0;0;0;2550.00;2550.00;;0%
'Air Skin 17 Frosted clear;2772872022;2895304232;OZN2895304232;Ультратонкий чехол Air Skin на Айфон 17 с защитой камер, прозрачный чехол для iPhone 17;'45;KZDOO;Продается;;0;'0.00;Показывается;;24.09.2025 23:34;Чехлы;Чехол для смартфона;'0.36;'0.1;0;0;10;0;0;2550.00;2550.00;;0%
'Air Skin 17 Titanium grey;2772872044;2895303944;OZN2895303944;Ультратонкий чехол Air Skin на Айфон 17 с защитой камер, titanium gray чехол для iPhone 17;'40;KZDOO;Готов к продаже;;0;'0.00;Показывается;;24.09.2025 23:34;Чехлы;Чехол для смартфона;'0.36;'0.1;0;0;0;0;0;2550.00;2550.00;;0%
'Air Skin 17 Black;2772872045;2895304182;OZN2895304182;Ультратонкий чехол Air Skin на Айфон 17 с защитой камер, черный чехол для iPhone 17;'45;KZDOO;Продается;;0;'0.00;Показывается;;24.09.2025 23:34;Чехлы;Чехол для смартфона;'0.36;'0.1;0;0;10;0;0;2550.00;2550.00;;0%
'Air Skin 17 Air Frosted clear;2772872068;2895304395;OZN2895304395;Ультратонкий чехол Air Skin на Айфон 17 Air с защитой камер, прозрачный чехол для iPhone 17 Аир;'40;KZDOO;Готов к продаже;;0;'0.00;Показывается;;24.09.2025 23:34;Чехлы;Чехол для смартфона;'0.36;'0.1;0;0;0;0;0;2550.00;2550.00;;0%
'Air Carbon 17 Air Black;2772909056;2895318581;OZN2895318581;Ультратонкий чехол для iPhone 17 Air KZDOO Air Carbon с защитой камер, черный супертонкий чехол для Айфон 17;'40;KZDOO;Готов к продаже;;0;'0.00;Показывается;;24.09.2025 23:57;Чехлы;Чехол для смартфона;'0.36;'0.1;0;0;0;0;0;2490.00;2490.00;;0%
'Air Carbon 17 Pro Max Black;2772909061;3118108219;OZN3118108219;Ультратонкий чехол для iPhone 17 Pro Max KZDOO Air Carbon с защитой камер, черный супертонкий чехол для Айфон 17 Про Макс;'45;KZDOO;Продается;;0;'0.00;Показывается;;24.09.2025 23:57;Чехлы;Чехол для смартфона;'0.36;'0.1;0;0;10;0;0;2490.00;2490.00;;0%
'Air Carbon 17 Black;2772909066;2895318691;OZN2895318691;Ультратонкий чехол для iPhone 17 KZDOO Air Carbon с защитой камер, черный супертонкий чехол для Айфон 17;'45;KZDOO;Продается;;0;'0.00;Показывается;;24.09.2025 23:57;Чехлы;Чехол для смартфона;'0.36;'0.1;0;0;10;0;0;2490.00;2490.00;;0%
'Air Carbon 17 Pro Titanium grey;2772909067;3118124981;OZN3118124981;Ультратонкий чехол для iPhone 17 Pro KZDOO Air Carbon с защитой камер, titanium gray супертонкий чехол для Айфон 17 Про;'45;KZDOO;Продается;;0;'0.00;Показывается;;24.09.2025 23:57;Чехлы;Чехол для смартфона;'0.36;'0.1;0;0;10;0;0;2490.00;2490.00;;0%
'Air Carbon 17 Pro Black;2772909071;3118132496;OZN3118132496;Ультратонкий чехол для iPhone 17 Pro KZDOO Air Carbon с защитой камер, черный супертонкий чехол для Айфон 17 Про;'45;KZDOO;Продается;;0;'0.00;Показывается;;24.09.2025 23:57;Чехлы;Чехол для смартфона;'0.36;'0.1;0;0;10;0;0;2490.00;2490.00;;0%
'Air Carbon 17 Pro Max Titanium grey;2772909072;3118147364;OZN3118147364;Ультратонкий чехол для iPhone 17 Pro Max KZDOO Air Carbon с защитой камер, titanium gray супертонкий чехол для Айфон 17 Про Макс;'45;KZDOO;Продается;;0;'0.00;Показывается;;24.09.2025 23:57;Чехлы;Чехол для смартфона;'0.36;'0.1;0;0;10;0;0;2490.00;2490.00;;0%
'Q Series 17 Pro Frosted clear;2802546952;2916807618;OZN2916807618;Тонкий чехол для iPhone 17 Pro KZDOO Q Series, прозрчный защитный силиконовый чехол на Айфон 17 Pro;'45;KZDOO;Продается;;0;'0.00;Показывается;;29.09.2025 11:29;Чехлы;Чехол для смартфона;'0.36;'0.1;0;0;10;0;0;3490.00;3490.00;;0%
'Q Series 17 Air Black;2802546954;2916807402;OZN2916807402;Тонкий чехол для iPhone 17 Air KZDOO Q Series, черный защитный силиконовый чехол на Айфон 17 Air;'40;KZDOO;Готов к продаже;;0;'0.00;Показывается;;29.09.2025 11:29;Чехлы;Чехол для смартфона;'0.36;'0.1;0;0;0;0;0;3490.00;3490.00;;0%
'Q Series 17 Air Frosted clear;2802546984;2916807427;OZN2916807427;Тонкий чехол для iPhone 17 Air KZDOO Q Series, прозрачый защитный силиконовый чехол на Айфон 17 Air;'40;KZDOO;Готов к продаже;;0;'0.00;Показывается;;29.09.2025 11:29;Чехлы;Чехол для смартфона;'0.36;'0.1;0;0;0;0;0;3490.00;3490.00;;0%
'Q Series 17 Pro Max Frosted clear;2802547006;3118175754;OZN3118175754;Тонкий чехол для iPhone 17 Pro Max KZDOO Q Series, прозрачный защитный силиконовый чехол на Айфон 17 Pro Max;'45;KZDOO;Продается;;0;'0.00;Показывается;;29.09.2025 11:29;Чехлы;Чехол для смартфона;'0.36;'0.1;0;0;10;0;0;3490.00;3490.00;;0%
'Q Series17 Black;2802547025;2916807736;OZN2916807736;Тонкий чехол для iPhone 17 KZDOO Q Series, черный силиконовый чехол на Айфон 17;'45;KZDOO;Продается;;0;'0.00;Показывается;;29.09.2025 11:29;Чехлы;Чехол для смартфона;'0.36;'0.1;0;0;10;0;0;3490.00;3490.00;;0%
'Q Series 17 Pro Black;2802547052;3117062920;OZN3117062920;Тонкий чехол для iPhone 17 Pro KZDOO Q Series, черный защитный силиконовый чехол на Айфон 17 Pro;'45;KZDOO;Продается;;0;'0.00;Показывается;;29.09.2025 11:29;Чехлы;Чехол для смартфона;'0.36;'0.1;0;0;10;0;0;3490.00;3490.00;;0%
'Q Series17 Frosted clear;2802547088;3117060286;OZN3117060286;Тонкий чехол для iPhone 17 KZDOO Q Series, прозрачный защитный силиконовый чехол на Айфон 17;'45;KZDOO;Продается;;0;'0.00;Показывается;;29.09.2025 11:29;Чехлы;Чехол для смартфона;'0.36;'0.1;0;0;10;0;0;3490.00;3490.00;;0%
'Q Series 17 Pro Max Black;2802547217;2916807513;OZN2916807513;Тонкий чехол для iPhone 17 Pro Max KZDOO Q Series, черный защитный силиконовый чехол на Айфон 17 Pro Max;'45;KZDOO;Продается;;0;'0.00;Показывается;;29.09.2025 11:29;Чехлы;Чехол для смартфона;'0.36;'0.1;0;0;10;0;0;3490.00;3490.00;;0%
'Noble Collection 17 Pro Dark blue;2802622081;2916860305;OZN2916860305;Кожаный чехол для iPhone 17 Pro KZDOO Noble Collection, синий чехол из кожи для Айфон 17 Pro;'37.5;KZDOO;Продается;;0;'0.00;Показывается;;29.09.2025 11:52;Чехлы;Чехол для смартфона;'0.36;'0.1;0;0;10;0;0;4990.00;4990.00;;0%
'Noble Collection 17 Pro Orange;2802622096;3051883865;OZN3051883865;Кожаный чехол для iPhone 17 Pro KZDOO Noble Collection, оранжевый чехол из кожи для Айфон 17 Pro;'45;KZDOO;Продается;;0;'0.00;Показывается;;29.09.2025 11:52;Чехлы;Чехол для смартфона;'0.36;'0.1;0;0;10;0;0;4990.00;4990.00;;0%
'Noble Collection 17 Black;2802622108;2916860478;OZN2916860478;Кожаный чехол для iPhone 17 KZDOO Noble Collection, черный чехол из кожи для Айфон 17;'37.5;KZDOO;Продается;;0;'0.00;Показывается;;29.09.2025 11:52;Чехлы;Чехол для смартфона;'0.36;'0.1;0;0;10;0;0;4990.00;4990.00;;0%
'Noble Collection 17 Pro Max Titanium grey;2802622112;3051882792;OZN3051882792;Кожаный чехол для iPhone 17 Pro Max KZDOO Noble Collection, titanium gray чехол из кожи для Айфон 17 Pro Max;'45;KZDOO;Продается;;0;'0.00;Показывается;;29.09.2025 11:52;Чехлы;Чехол для смартфона;'0.36;'0.1;0;0;10;0;0;4990.00;4990.00;;0%
'Noble Collection 17 Pro Max Deep purple;2802622115;3051881944;OZN3051881944;Кожаный чехол для iPhone 17 Pro Max KZDOO Noble Collection, фиолетовый чехол из кожи для Айфон 17 Pro Max;'45;KZDOO;Продается;;0;'0.00;Показывается;;29.09.2025 11:52;Чехлы;Чехол для смартфона;'0.36;'0.1;0;0;10;0;0;4990.00;4990.00;;0%
'Noble Collection 17 Pro Max Brown;2802622116;2916860414;OZN2916860414;Кожаный чехол для iPhone 17 Pro Max KZDOO Noble Collection, коричневый чехол из кожи для Айфон 17 Pro Max;'37.5;KZDOO;Продается;;0;'0.00;Показывается;;29.09.2025 11:52;Чехлы;Чехол для смартфона;'0.36;'0.1;0;0;10;0;0;4990.00;4990.00;;0%
'Noble Collection 17 Pro Black;2802622125;2916860216;OZN2916860216;Кожаный чехол для iPhone 17 Pro KZDOO Noble Collection, черный чехол из кожи для Айфон 17 Pro;'37.5;KZDOO;Продается;;0;'0.00;Показывается;;29.09.2025 11:52;Чехлы;Чехол для смартфона;'0.36;'0.1;0;0;10;0;0;4990.00;4990.00;;0%
'Noble Collection 17 Pro Pink;2802622151;3040233169;OZN3040233169;Кожаный чехол для iPhone 17 Pro KZDOO Noble Collection, розовый чехол из кожи для Айфон 17 Pro;'45;KZDOO;Продается;;0;'0.00;Показывается;;29.09.2025 11:52;Чехлы;Чехол для смартфона;'0.36;'0.1;0;0;10;0;0;4990.00;4990.00;;0%
'Noble Collection 17 Pro Brown;2802622152;2916860465;OZN2916860465;Кожаный чехол для iPhone 17 Pro KZDOO Noble Collection, коричневый чехол из кожи для Айфон 17 Pro;'37.5;KZDOO;Продается;;0;'0.00;Показывается;;29.09.2025 11:52;Чехлы;Чехол для смартфона;'0.36;'0.1;0;0;10;0;0;4990.00;4990.00;;0%
'Noble Collection 17 White;2802622160;2916860427;OZN2916860427;Кожаный чехол для iPhone 17 KZDOO Noble Collection, белый чехол из кожи для Айфон 17;'37.5;KZDOO;Продается;;0;'0.00;Показывается;;29.09.2025 11:52;Чехлы;Чехол для смартфона;'0.36;'0.1;0;0;10;0;0;4990.00;4990.00;;0%
'Noble Collection 17 Pro White;2802622164;2916860407;OZN2916860407;Кожаный чехол для iPhone 17 Pro KZDOO Noble Collection, белый чехол из кожи для Айфон 17 Pro;'37.5;KZDOO;Продается;;0;'0.00;Показывается;;29.09.2025 11:52;Чехлы;Чехол для смартфона;'0.36;'0.1;0;0;10;0;0;4990.00;4990.00;;0%
'Noble Collection 17 Pro Red;2802622165;2916860495;OZN2916860495;Кожаный чехол для iPhone 17 Pro KZDOO Noble Collection, красный чехол из кожи для Айфон 17 Pro;'37.5;KZDOO;Продается;;0;'0.00;Показывается;;29.09.2025 11:52;Чехлы;Чехол для смартфона;'0.36;'0.1;0;0;10;0;0;4990.00;4990.00;;0%
'Noble Collection 17 Pro Max Black;2802622175;2916860417;OZN2916860417;Кожаный чехол для iPhone 17 Pro Max KZDOO Noble Collection, черный чехол из кожи для Айфон 17 Pro Max;'37.5;KZDOO;Продается;;0;'0.00;Показывается;;29.09.2025 11:52;Чехлы;Чехол для смартфона;'0.36;'0.1;0;0;10;0;0;4990.00;4990.00;;0%
'Noble Collection 17 Pro Yellow;2802622178;2916858406;OZN2916858406;Кожаный чехол для iPhone 17 Pro KZDOO Noble Collection, желтый чехол из кожи для Айфон 17 Pro;'37.5;KZDOO;Продается;;0;'0.00;Показывается;;29.09.2025 11:52;Чехлы;Чехол для смартфона;'0.36;'0.1;0;0;10;0;0;4990.00;4990.00;;0%
'Noble Collection 17 Pro Green;2802622184;3040233124;OZN3040233124;Кожаный чехол для iPhone 17 Pro KZDOO Noble Collection, зеленый чехол из кожи для Айфон 17 Pro;'45;KZDOO;Продается;;0;'0.00;Показывается;;29.09.2025 11:52;Чехлы;Чехол для смартфона;'0.36;'0.1;0;0;10;0;0;4990.00;4990.00;;0%
'Noble Collection 17 Pro Max Yellow;2802622189;2916860260;OZN2916860260;Кожаный чехол для iPhone 17 Pro Max KZDOO Noble Collection, желтый чехол из кожи для Айфон 17 Pro Max;'37.5;KZDOO;Продается;;0;'0.00;Показывается;;29.09.2025 11:52;Чехлы;Чехол для смартфона;'0.36;'0.1;0;0;10;0;0;4990.00;4990.00;;0%
'Noble Collection 17 Pro Titanium grey;2802622190;2916860453;OZN2916860453;Кожаный чехол для iPhone 17 Pro KZDOO Noble Collection, titanium gray чехол из кожи для Айфон 17 Pro;'37.5;KZDOO;Продается;;0;'0.00;Показывается;;29.09.2025 11:52;Чехлы;Чехол для смартфона;'0.36;'0.1;0;0;10;0;0;4990.00;4990.00;;0%
'Noble Collection 17 Pro Max White;2802622200;2916858623;OZN2916858623;Кожаный чехол для iPhone 17 Pro Max KZDOO Noble Collection, белый чехол из кожи для Айфон 17 Pro Max;'37.5;KZDOO;Продается;;0;'0.00;Показывается;;29.09.2025 11:52;Чехлы;Чехол для смартфона;'0.36;'0.1;0;0;10;0;0;4990.00;4990.00;;0%
'Noble Collection 17 Pro Max Green;2802622204;3040232696;OZN3040232696;Кожаный чехол для iPhone 17 Pro Max KZDOO Noble Collection, зелый чехол из кожи для Айфон 17 Pro Max;'45;KZDOO;Продается;;0;'0.00;Показывается;;29.09.2025 11:52;Чехлы;Чехол для смартфона;'0.36;'0.1;0;0;10;0;0;4990.00;4990.00;;0%
'Noble Collection 17 Pro Deep purple;2802622208;2916860523;OZN2916860523;Кожаный чехол для iPhone 17 Pro KZDOO Noble Collection, фиолетовый чехол из кожи для Айфон 17 Pro;'37.5;KZDOO;Продается;;0;'0.00;Показывается;;29.09.2025 11:52;Чехлы;Чехол для смартфона;'0.36;'0.1;0;0;10;0;0;4990.00;4990.00;;0%
'Noble Collection 17 Pro Max Red;2802622209;2916858359;OZN2916858359;Кожаный чехол для iPhone 17 Pro Max KZDOO Noble Collection, красный чехол из кожи для Айфон 17 Pro Max;'37.5;KZDOO;Продается;;0;'0.00;Показывается;;29.09.2025 11:52;Чехлы;Чехол для смартфона;'0.36;'0.1;0;0;10;0;0;4990.00;4990.00;;0%
'Noble Collection 17 Pro Max Dark blue;2802622217;3039166168;OZN3039166168;Кожаный чехол для iPhone 17 Pro Max KZDOO Noble Collection, синий чехол из кожи для Айфон 17 Pro Max;'45;KZDOO;Продается;;0;'0.00;Показывается;;29.09.2025 11:52;Чехлы;Чехол для смартфона;'0.36;'0.1;0;0;10;0;0;4990.00;4990.00;;0%
'Noble Collection 17 Pro Max Orange;2802622218;3040232584;OZN3040232584;Кожаный чехол для iPhone 17 Pro Max KZDOO Noble Collection, оранжевый чехол из кожи для Айфон 17 Pro Max;'45;KZDOO;Продается;;0;'0.00;Показывается;;29.09.2025 11:52;Чехлы;Чехол для смартфона;'0.36;'0.1;0;0;8;0;0;4990.00;4990.00;;0%
'Noble Collection 17 Pro Max Pink;2802622237;3039116916;OZN3039116916;Кожаный чехол для iPhone 17 Pro Max KZDOO Noble Collection, розовый чехол из кожи для Айфон 17 Pro Max;'45;KZDOO;Продается;;0;'0.00;Показывается;;29.09.2025 11:52;Чехлы;Чехол для смартфона;'0.36;'0.1;0;0;10;0;0;4990.00;4990.00;;0%
'Keephone Heldro Sky 13 Pro Max гл;2803192790;2917272005;OZN2917272005;Чехол для iPhone 13 Pro Max с держателем Keephone Heldro Sky, хамелеон для Айфон 13 Про Макс;'65;KEEPHONE;Продается;;0;'0.00;Показывается;;29.09.2025 14:49;Чехлы;Чехол для смартфона;'0.27;'0.1;0;0;10;0;0;6980.00;11990.00;;0%
'Guardian 17 Clear;3076864078;3118735604;OZN3118735604;Чехол для iPhone 17 KZDOO Guardian, прозрачный противоударный чехол для Айфон 17;'45;KZDOO;Продается;;0;'0.00;Показывается;;17.11.2025 12:23;Чехлы;Чехол для смартфона;'0.36;'0.1;0;0;10;0;0;5300.00;11990.00;;0%
'Guardian 17 Air Clear;3076892622;3118756338;OZN3118756338;Чехол для iPhone 17 Air KZDOO Guardian, прозрачный противоударный чехол для Айфон 17 Аир;'40;KZDOO;Готов к продаже;;0;'0.00;Показывается;;17.11.2025 12:28;Чехлы;Чехол для смартфона;'0.36;'0.1;0;0;0;0;0;5300.00;11990.00;;0%
'Guardian 17 Pro Max Clear;3076939129;3118793818;OZN3118793818;Чехол для iPhone 17 Pro Max KZDOO Guardian, прозрачный противоударный чехол для Айфон 17 Про Макс;'45;KZDOO;Продается;;0;'0.00;Показывается;;17.11.2025 12:37;Чехлы;Чехол для смартфона;'0.36;'0.1;0;0;10;0;0;5300.00;11990.00;;0%
'Guardian 17 Pro Clear;3076948956;3118797655;OZN3118797655;Чехол для iPhone 17 Pro KZDOO Guardian, прозрачный противоударный чехол для Айфон 17 Про;'45;KZDOO;Продается;;0;'0.00;Показывается;;17.11.2025 12:39;Чехлы;Чехол для смартфона;'0.36;'0.1;0;0;10;0;0;5300.00;11990.00;;0%
'Iceguard 17 Clear;3076974227;3118815691;OZN3118815691;Чехол для iPhone 17 с MagSafe KZDOO Iseguard, прозрачный противоударный чехол для Айфон 17;'45;KZDOO;Продается;;0;'0.00;Показывается;;17.11.2025 12:44;Чехлы;Чехол для смартфона;'0.36;'0.1;0;0;10;0;0;5100.00;11990.00;;0%
'Iceguard 17 Air Clear;3077035149;3118860720;OZN3118860720;Чехол для iPhone 17 Air с MagSafe KZDOO Iseguard, прозрачный противоударный чехол для Айфон 17 air;'40;KZDOO;Готов к продаже;;0;'0.00;Показывается;;17.11.2025 12:58;Чехлы;Чехол для смартфона;'0.36;'0.1;0;0;0;0;0;5100.00;11990.00;;0%
'Iceguard 17 Pro Clear;3077049434;3118869892;OZN3118869892;Чехол для iPhone 17 Pro с MagSafe KZDOO Iseguard, прозрачный противоударный чехол для Айфон 17 Про;'45;KZDOO;Продается;;0;'0.00;Показывается;;17.11.2025 13:02;Чехлы;Чехол для смартфона;'0.36;'0.1;0;0;10;0;0;5100.00;11990.00;;0%
'Iceguard 17 Pro Max Clear;3077055733;3118874858;OZN3118874858;Чехол для iPhone 17 Pro Max с MagSafe KZDOO Iseguard, прозрачный противоударный чехол для Айфон 17 Про Макс;'45;KZDOO;Продается;;0;'0.00;Показывается;;17.11.2025 13:04;Чехлы;Чехол для смартфона;'0.36;'0.1;0;0;10;0;0;5180.00;11990.00;;0%
'Mag Noble Collection 17 Pro Max Red;3077150945;3118945004;OZN3118945004;Кожаный чехол для iPhone 17 Pro Max с MagSafe KZDOO Mag Noble Collection, красный чехол для Айфон 17 Про Макс;'45;KZDOO;Продается;;0;'0.00;Показывается;;17.11.2025 13:28;Чехлы;Чехол для смартфона;'0.36;'0.1;0;0;10;0;0;6000.00;11000.00;;0%
'Mag Noble Collection 17 Pro Max Green;3077150958;3118944953;OZN3118944953;Кожаный чехол для iPhone 17 Pro Max с MagSafe KZDOO Mag Noble Collection, зеленый чехол для Айфон 17 Про Макс;'45;KZDOO;Продается;;0;'0.00;Показывается;;17.11.2025 13:28;Чехлы;Чехол для смартфона;'0.36;'0.1;0;0;10;0;0;6000.00;11000.00;;0%
'Mag Noble Collection 17 Pro Max Orange;3077150980;3118944952;OZN3118944952;Кожаный чехол для iPhone 17 Pro Max с MagSafe KZDOO Mag Noble Collection, оранжевый чехол для Айфон 17 Про Макс;'45;KZDOO;Готов к продаже;;0;'0.00;Показывается;;17.11.2025 13:28;Чехлы;Чехол для смартфона;'0.36;'0.1;0;0;0;0;0;6000.00;11000.00;;0%
'Mag Noble Collection 17 Pro Max Titanium grey;3077150988;3118944999;OZN3118944999;Кожаный чехол для iPhone 17 Pro Max с MagSafe KZDOO Mag Noble Collection, titanium gray чехол для Айфон 17 Про Макс;'45;KZDOO;Продается;;0;'0.00;Показывается;;17.11.2025 13:28;Чехлы;Чехол для смартфона;'0.36;'0.1;0;0;10;0;0;6000.00;11000.00;;0%
'Mag Noble Collection 17 Pro Max White;3077150989;3118944921;OZN3118944921;Кожаный чехол для iPhone 17 Pro Max с MagSafe KZDOO Mag Noble Collection, белый чехол для Айфон 17 Про Макс;'45;KZDOO;Продается;;0;'0.00;Показывается;;17.11.2025 13:28;Чехлы;Чехол для смартфона;'0.36;'0.1;0;0;10;0;0;6000.00;11000.00;;0%
'Mag Noble Collection 17 Pro Max Dark blue;3077151019;3118945087;OZN3118945087;Кожаный чехол для iPhone 17 Pro Max с MagSafe KZDOO Mag Noble Collection, синий чехол для Айфон 17 Про Макс;'45;KZDOO;Продается;;0;'0.00;Показывается;;17.11.2025 13:28;Чехлы;Чехол для смартфона;'0.36;'0.1;0;0;10;0;0;6000.00;11000.00;;0%
'Mag Noble Collection 17 Pro Max Yellow;3077151067;3118945027;OZN3118945027;Кожаный чехол для iPhone 17 Pro Max с MagSafe KZDOO Mag Noble Collection, желтый чехол для Айфон 17 Про Макс;'45;KZDOO;Продается;;0;'0.00;Показывается;;17.11.2025 13:28;Чехлы;Чехол для смартфона;'0.36;'0.1;0;0;10;0;0;6000.00;11000.00;;0%
'Mag Noble Collection 17 Pro Max Pink;3077151106;3118944989;OZN3118944989;Кожаный чехол для iPhone 17 Pro Max с MagSafe KZDOO Mag Noble Collection, розовый чехол для Айфон 17 Про Макс;'45;KZDOO;Продается;;0;'0.00;Показывается;;17.11.2025 13:28;Чехлы;Чехол для смартфона;'0.36;'0.1;0;0;10;0;0;6000.00;11000.00;;0%
'Mag Noble Collection 17 Pro Max Black;3077151110;3118945430;OZN3118945430;Кожаный чехол для iPhone 17 Pro Max с MagSafe KZDOO Mag Noble Collection, черный чехол для Айфон 17 Про Макс;'45;KZDOO;Продается;;0;'0.00;Показывается;;17.11.2025 13:28;Чехлы;Чехол для смартфона;'0.36;'0.1;0;0;10;0;0;6000.00;11000.00;;0%
'Mag Noble Collection 17 Pro Max Brown;3077151120;3118945097;OZN3118945097;Кожаный чехол для iPhone 17 Pro Max с MagSafe KZDOO Mag Noble Collection, коричневый чехол для Айфон 17 Про Макс;'45;KZDOO;Продается;;0;'0.00;Показывается;;17.11.2025 13:28;Чехлы;Чехол для смартфона;'0.36;'0.1;0;0;10;0;0;6000.00;11000.00;;0%
'Mag Noble Collection 17 Pro Max Deep purple;3077151123;3118945093;OZN3118945093;Кожаный чехол для iPhone 17 Pro Max с MagSafe KZDOO Mag Noble Collection, фиолетовый чехол для Айфон 17 Про Макс;'45;KZDOO;Продается;;0;'0.00;Показывается;;17.11.2025 13:28;Чехлы;Чехол для смартфона;'0.36;'0.1;0;0;10;0;0;6000.00;11000.00;;0%
'Mag Noble Collection 17 Pro Black;3077198757;3118980690;OZN3118980690;Кожаный чехол для iPhone 17 Pro с MagSafe KZDOO Mag Noble Collection, черный чехол для Айфон 17 Про;'35;KZDOO;Продается;;0;'0.00;Показывается;;17.11.2025 13:40;Чехлы;Чехол для смартфона;'0.36;'0.1;0;0;10;0;0;5500.00;11000.00;;0%
'Mag Noble Collection 17 Pro Orange;3077198768;3118980340;OZN3118980340;Кожаный чехол для iPhone 17 Pro с MagSafe KZDOO Mag Noble Collection, оранжевый чехол для Айфон 17 Про;'35;KZDOO;Продается;;0;'0.00;Показывается;;17.11.2025 13:40;Чехлы;Чехол для смартфона;'0.36;'0.1;0;0;10;0;0;5500.00;11000.00;;0%
'Mag Noble Collection 17 Pro White;3077198774;3118980568;OZN3118980568;Кожаный чехол для iPhone 17 Pro с MagSafe KZDOO Mag Noble Collection, белый чехол для Айфон 17 Про;'35;KZDOO;Продается;;0;'0.00;Показывается;;17.11.2025 13:40;Чехлы;Чехол для смартфона;'0.36;'0.1;0;0;10;0;0;5500.00;11000.00;;0%
'Mag Noble Collection 17 Pro Deep purple;3077198784;3118980638;OZN3118980638;Кожаный чехол для iPhone 17 Pro с MagSafe KZDOO Mag Noble Collection, фиолетовый чехол для Айфон 17 Про;'35;KZDOO;Продается;;0;'0.00;Показывается;;17.11.2025 13:40;Чехлы;Чехол для смартфона;'0.36;'0.1;0;0;10;0;0;5500.00;11000.00;;0%
'Mag Noble Collection 17 Pro Green;3077198849;3118980669;OZN3118980669;Кожаный чехол для iPhone 17 Pro с MagSafe KZDOO Mag Noble Collection, зеленый чехол для Айфон 17 Про;'35;KZDOO;Продается;;0;'0.00;Показывается;;17.11.2025 13:41;Чехлы;Чехол для смартфона;'0.36;'0.1;0;0;10;0;0;5500.00;11000.00;;0%
'Mag Noble Collection 17 Pro Brown;3077198860;3118980601;OZN3118980601;Кожаный чехол для iPhone 17 Pro с MagSafe KZDOO Mag Noble Collection, коричневый чехол для Айфон 17 Про;'35;KZDOO;Продается;;0;'0.00;Показывается;;17.11.2025 13:41;Чехлы;Чехол для смартфона;'0.36;'0.1;0;0;10;0;0;5500.00;11000.00;;0%
'Mag Noble Collection 17 Pro Red;3077198879;3118980711;OZN3118980711;Кожаный чехол для iPhone 17 Pro с MagSafe KZDOO Mag Noble Collection, красный чехол для Айфон 17 Про;'35;KZDOO;Продается;;0;'0.00;Показывается;;17.11.2025 13:41;Чехлы;Чехол для смартфона;'0.36;'0.1;0;0;10;0;0;5500.00;11000.00;;0%
'Mag Noble Collection 17 Pro Dark blue;3077198908;3118980945;OZN3118980945;Кожаный чехол для iPhone 17 Pro с MagSafe KZDOO Mag Noble Collection, синий чехол для Айфон 17 Про;'35;KZDOO;Продается;;0;'0.00;Показывается;;17.11.2025 13:41;Чехлы;Чехол для смартфона;'0.36;'0.1;0;0;10;0;0;5500.00;11000.00;;0%
'Mag Noble Collection 17 Pro Yellow;3077198916;3118980725;OZN3118980725;Кожаный чехол для iPhone 17 Pro с MagSafe KZDOO Mag Noble Collection, желтый чехол для Айфон 17 Про;'35;KZDOO;Продается;;0;'0.00;Показывается;;17.11.2025 13:41;Чехлы;Чехол для смартфона;'0.36;'0.1;0;0;10;0;0;5500.00;11000.00;;0%
'Mag Noble Collection 17 Pro Pink;3077198939;3118980712;OZN3118980712;Кожаный чехол для iPhone 17 Pro с MagSafe KZDOO Mag Noble Collection, розовый чехол для Айфон 17 Про;'35;KZDOO;Продается;;0;'0.00;Показывается;;17.11.2025 13:41;Чехлы;Чехол для смартфона;'0.36;'0.1;0;0;10;0;0;5500.00;11000.00;;0%
'Mag Noble Collection 17 Pro Titanium grey;3077198950;3118981191;OZN3118981191;Кожаный чехол для iPhone 17 Pro с MagSafe KZDOO Mag Noble Collection, titanium gray чехол для Айфон 17 Про;'35;KZDOO;Продается;;0;'0.00;Показывается;;17.11.2025 13:41;Чехлы;Чехол для смартфона;'0.36;'0.1;0;0;10;0;0;5500.00;11000.00;;0%
'Keivlar 17 Black;3083290040;3123479838;OZN3123479838;Чехол для iPhone 17 KZDOO Keivlar, черный кевларовый чехол для Айфон 17;'40;KZDOO;Продается;;0;'0.00;Показывается;;18.11.2025 11:25;Чехлы;Чехол для смартфона;'0.36;'0.1;0;0;10;0;0;9990.00;14990.00;;0%
'Keivlar 17 Pro Black;3083309976;3123492270;OZN3123492270;Чехол для iPhone 17 Pro KZDOO KEIVLAR, черный кевларовый чехол для Айфон 17 Про;'45;KZDOO;Продается;;0;'0.00;Показывается;;18.11.2025 11:29;Чехлы;Чехол для смартфона;'0.36;'0.1;0;0;10;0;0;9990.00;14990.00;;0%
'Keivlar 17 Pro Max Black;3083331740;3123509263;OZN3123509263;Чехол для iPhone 17 Pro Max KZDOO KEIVLAR, черный кевларовый чехол для Айфон 17 Про Макс;'45;KZDOO;Продается;;0;'0.00;Показывается;;18.11.2025 11:33;Чехлы;Чехол для смартфона;'0.36;'0.1;0;0;10;0;0;9990.00;14990.00;;0%
