Артикул;Ozon Product ID;SKU;Barcode;Название товара;Контент-рейтинг;Бренд;Статус товара;Метки;Отзывы;Рейтинг;Видимость на Ozon;Причины скрытия;Дата создания;Категория;Тип;Объем товара, л;Объемный вес, кг;Доступно к продаже по схеме FBO, шт.;Зарезервировано, шт;Доступно к продаже по схеме FBS, шт.;Доступно к продаже по схеме realFBS, шт.;Зарезервировано на моих складах, шт;Текущая цена с учетом скидки, ₽;Цена до скидки (перечеркнутая цена), ₽;Цена Premium, ₽;Размер НДС, %
Cover_Red_5765;21204336;614496799;RND623434513;Ультратонкий чехол K-Doo Air Carbon для iPhone 12 Pro (Айфон 12 Про) черный;'52.5;K-DOO;Продается;;151;'4.70;Показывается;;24.02.2021 16:01;Чехлы;Чехол для смартфона;'0.40;'0.1;11;0;0;0;0;1800.0;11990.0;;0%
Cable_Green_8054;29518223;455063613;4261995415605;Переходник с mini-Display Port/Thunderbolt на HDMI (25см);'45;Нет бренда;Продается;;653;'4.60;Показывается;;25.07.2021 12:04;Кабели и переходники;Кабель-переходник;'0.45;'0.1;262;1;18;0;0;1400.0;7900.0;;0%
Case_Black_9065;39289092;908823478;RND349414052;Кабель переходник Sata - USB 3.0 HDD / SSD;'25;Нет бренда;Готов к продаже;;0;'0.00;Показывается;;03.08.2021 13:50;Кабели и переходники;Кабель-переходник;'0.32;'0.1;0;0;0;0;0;690.0;0.0;;0%
Battery_Clear_9325;51464480;652367937;RND906309548;Элемент питания (батарейка) Panasonic CR2032;'60;Panasonic;Не продается;;441;'0.00;Скрыт;Отсутствуют документы на бренд;10.08.2021 16:27;Батарейки и аккумуляторы;Батарейка;'0.22;'0.1;0;0;0;0;0;150.0;500.0;;0%
Adapter_Titanium_6240;42988221;686773432;RND466331076;Батарейка Panasonic CR2016;'60;Panasonic;Готов к продаже;;229;'4.80;Показывается;;12.08.2021 14:08;Батарейки и аккумуляторы;Батарейка;'0.22;'0.1;0;0;0;0;0;1800.0;4900.0;;0%
Battery_Green_8393;61050465;303778234;2552415003563;Аккумуляторы 16340 (Li-Ion) 550 мАч Robiton RCR123A защищенный 3,7 В (2 шт);'70;Robiton;Продается;;47;'4.80;Показывается;;05.09.2021 14:00;Батарейки и аккумуляторы;Аккумуляторная батарейка;'0.10;'0.1;38;0;105;0;0;5800.0;11990.0;;0%
Accessory_Purple_7037;30099426;260849393;RND791413863;Чехол на Айфон 13 Про K-DOO Air Carbon с защитой камер;'100;K-DOO;Продается;;285;'4.90;Показывается;;19.10.2021 16:40;Чехлы;Чехол для смартфона;'0.40;'0.1;1;0;8;0;2;1600.0;7900.0;;0%
Accessory_Red_4070;90940163;656773735;6890667559757;Чехол на Айфон 13 Про Макс K-DOO Air Carbon с защитой камер;'100;K-DOO;Продается;;285;'4.80;Показывается;;19.10.2021 16:46;Чехлы;Чехол для смартфона;'0.36;'0.1;1;0;5;0;0;1600.0;11990.0;;0%
Battery_Green_5810;44855541;276437382;6089006641401;Ультратонкий чехол для iPhone 13 Pro K-DOO Air Carbon с защитой камер, синий супертонкий чехол для Айфон 13 Про;'100;K-DOO;Продается;;92;'4.90;Показывается;;04.12.2021 11:43;Чехлы;Чехол для смартфона;'0.36;'0.1;2;0;8;0;0;1600.0;7900.0;;0%
Adapter_White_7320;35107732;361042639;4556850038044;Ультратонкий чехол для iPhone 13 Pro Max K-DOO Air Carbon с защитой камер, синий супертонкий чехол для Айфон 13 Про Макc;'100;K-DOO;Продается;;80;'4.80;Показывается;;03.01.2022 10:19;Чехлы;Чехол для смартфона;'0.36;'0.1;1;0;10;0;0;5200.0;7900.0;;0%
Cover_Titanium_2212;18857690;406503310;RND158674122;Чехол на Айфон 13 K-DOO Air Carbon с защитой камер;'92.5;K-DOO;Продается;;241;'4.70;Показывается;;24.01.2022 15:18;Чехлы;Чехол для смартфона;'0.36;'0.1;1;0;10;0;0;1600.0;11990.0;;0%
Glass_Pink_9806;79163373;629052070;RND627064470;Ультратонкий чехол для iPhone 13 K-DOO Air Carbon с защитой камер, синий супертонкий чехол для Айфон 13;'82.5;K-DOO;Продается;;102;'4.70;Показывается;;24.01.2022 16:20;Чехлы;Чехол для смартфона;'0.36;'0.1;5;0;0;0;0;1800.0;11990.0;;0%
Accessory_Pink_6937;13061075;773392348;RND696184926;Ультратонкий чехол для iPhone 13 Pro Max K-DOO Air Skin, чёрный супертонкий чехол для Айфон 13 Про Макс;'100;K-DOO;Продается;;233;'4.80;Показывается;;29.01.2022 15:28;Чехлы;Чехол для смартфона;'1.22;'0.2;16;0;10;0;0;1800.0;11990.0;;0%
Cover_Blue_9904;10346034;400652839;RND639104640;Ультратонкий чехол для iPhone 13 Pro Max K-DOO Air Skin, белый супертонкий чехол Айфон 13 Про Макс;'100;K-DOO;Продается;;207;'4.80;Показывается;;29.01.2022 15:38;Чехлы;Чехол для смартфона;'0.36;'0.1;41;0;10;0;0;1800.0;11990.0;;0%
Protector_Pink_2743;85669938;784228030;4953026011875;Ультратонкий чехол для iPhone 13 Pro K-DOO Air Skin, чёрный супертонкий чехол для Айфон 13 Про;'75;K-DOO;Продается;;194;'4.70;Показывается;;29.01.2022 16:15;Чехлы;Чехол для смартфона;'0.36;'0.1;6;0;8;0;0;1800.0;11990.0;;0%
Cover_Black_5764;52743075;925409986;2117421859920;Ультратонкий чехол для iPhone 13 Pro K-DOO Air Skin, белый супертонкий чехол для Айфон 13 Про;'100;K-DOO;Готов к продаже;;242;'4.70;Показывается;;29.01.2022 16:22;Чехлы;Чехол для смартфона;'0.36;'0.1;0;0;0;0;0;1800.0;11990.0;;0%
Protector_Titanium_4661;74548800;368066210;RND852941498;Кожаный чехол-накладка K-Doo Noble Collection для iPhone 13 Pro Max (Айфон 13 Про Макс), чёрный;'77.5;K-DOO;Продается;;40;'4.80;Показывается;;30.01.2022 13:23;Чехлы;Чехол для смартфона;'0.36;'0.1;1;0;6;0;0;4200.0;11990.0;;0%
Cover_Red_6911;80378492;676308573;1599679594065;Кожаный чехол-накладка K-Doo Noble Collection для iPhone 13 Pro (Айфон 13 Про), чёрный;'77.5;K-DOO;Продается;;41;'4.90;Показывается;;30.01.2022 13:30;Чехлы;Чехол для смартфона;'0.27;'0.1;5;0;0;0;0;6200.0;11990.0;;0%
Protector_Blue_6669;22263984;672080967;8064199145086;Элемент питания (батарейка) Panasonic CR2032 (2шт);'72.5;Panasonic;Не продается;;1149;'0.00;Скрыт;Отсутствуют документы на бренд;31.01.2022 13:03;Батарейки и аккумуляторы;Батарейка;'0.03;'0.1;0;0;0;0;0;250.0;900.0;;0%
Case_Blue_4390;43482401;818974761;RND569151213;Ультратонкий чехол для iPhone 13 Pro Max K-DOO Air Skin, синий супертонкий чехол для Айфон 13 Про Макс;'77.5;K-DOO;Продается;;55;'4.80;Показывается;;08.02.2022 11:07;Чехлы;Чехол для смартфона;'0.36;'0.1;5;0;8;0;0;1800.0;11990.0;;0%
Case_White_7754;85646194;264474250;RND674543490;Защитное стекло на iPhone 13 Pro Max Medicine с олеофобным покрытием, защитное стекло для Айфон 13 Про Макс / 14 Плюс;'82.5;REMAX;Продается;;177;'4.70;Показывается;;28.03.2022 10:33;Защитные пленки и стекла;Защитное стекло;'0.17;'0.1;0;0;96;0;0;1000.0;4900.0;;0%
Accessory_Titanium_2099;47380038;513376236;6823835095969;Защитное стекло на iPhone 13 / 13 Pro / 14 REMAX Medicine с олеофобным покрытием, защитное стекло для Айфон 13, 13 Про, 14;'82.5;REMAX;Продается;;254;'0.00;Показывается;;28.03.2022 11:18;Защитные пленки и стекла;Защитное стекло;'0.17;'0.1;6;0;12;0;0;2000.0;4900.0;;0%
Accessory_Green_7274;81801011;671549106;RND469589735;Защитное стекло на iPhone 12 Pro Max Remax Medicine с олеофобным покрытием / защита экрана Айфон 12 Про Макс;'82.5;REMAX;Продается;;79;'4.80;Показывается;;28.03.2022 12:19;Защитные пленки и стекла;Защитное стекло;'0.17;'0.1;0;0;8;0;0;2000.0;4900.0;;0%
Glass_Pink_3223;22718224;538010165;RND435720035;Защитное стекло на iPhone 12 / 12 Pro Remax Medicine с олеофобным покрытием, защита экрана Айфон 12, 12 Про;'82.5;REMAX;Продается;;213;'5.00;Показывается;;28.03.2022 12:58;Защитные пленки и стекла;Защитное стекло;'0.32;'0.1;3;0;10;0;0;2000.0;4900.0;;0%
Battery_Titanium_8906;97408996;935711580;RND880515971;Стекло на iPhone 11 Pro Max / Xs Max Remax Medicine с олеофобным покрытием , защита экрана Айфон 11 Про Макс;'75;REMAX;Продается;;103;'5.00;Показывается;;28.03.2022 13:42;Защитные пленки и стекла;Защитное стекло;'0.17;'0.1;0;0;9;0;0;2000.0;4900.0;;0%
Adapter_Black_8062;14247092;587896745;RND478123893;Защитное стекло для iPhone 11 / Xr Remax Medicine с олеофобным покрытием, защита экрана Айфон 11 / Xr;'75;REMAX;Продается;;410;'5.00;Показывается;;28.03.2022 14:00;Защитные пленки и стекла;Защитное стекло;'0.17;'0.1;0;0;8;0;0;1000.0;4900.0;;0%
Cover_Pink_2630;22953570;116262700;9029588508778;Защитное стекло на iPhone 11 Pro / Xs / X Remax Medicine с олеофобным покрытием, защита экрана Айфон 11 Про, Xs, 10;'75;REMAX;Продается;;200;'0.00;Показывается;;28.03.2022 14:36;Защитные пленки и стекла;Защитное стекло;'0.17;'0.1;2;0;0;0;0;1000.0;4900.0;;0%
Cable_Green_9321;42454481;603645909;RND131273772;Ультратонкий чехол для iPhone 13 Pro K-DOO Air Skin, синий супертонкий чехол для Айфон 13 Про;'77.5;K-DOO;Продается;;75;'4.70;Показывается;;11.05.2022 12:29;Чехлы;Чехол для смартфона;'0.36;'0.1;13;0;5;0;0;2700.0;11990.0;;0%
Glass_Clear_8129;49825458;213313914;5416246970831;Cтекло на iPhone SE (2022 / 2020), 8, 7 Remax Medicine с олеофобным покрытием черное, защитное стекло для Айфон;'82.5;REMAX;Готов к продаже;;309;'5.00;Показывается;;27.05.2022 10:46;Защитные пленки и стекла;Защитное стекло;'0.17;'0.1;0;0;0;0;0;490.0;1490.0;;0%
Case_Titanium_9134;76695808;718874802;RND886199937;Чехол для iPhone 13 Pro ультратонкий K-DOO Air Skin, голубой супертонкий чехол для Айфон 13 Про;'77.5;K-DOO;Продается;;105;'4.70;Показывается;;08.06.2022 11:49;Чехлы;Чехол для смартфона;'0.36;'0.1;6;0;8;0;0;2700.0;11990.0;;0%
Cover_Green_8384;23362588;477278303;1101917413696;Чехол для iPhone 13 Pro Max ультратонкий K-DOO Air Skin, голубой супертонкий чехол для Айфон 13 Про Макс;'77.5;K-DOO;Готов к продаже;;99;'4.80;Показывается;;08.06.2022 12:30;Чехлы;Чехол для смартфона;'0.36;'0.1;0;0;0;0;0;2700.0;11990.0;;0%
Case_Green_1181;24884659;593435304;5246946339127;Чехол для iPhone 13 Pro Max с Mag Safe Keephone Magnet Pro, прозрачный противоударный чехол для Айфон 13 Про Макс;'77.5;KEEPHONE;Готов к продаже;;82;'4.90;Показывается;;09.06.2022 16:43;Чехлы;Чехол для смартфона;'0.36;'0.1;0;0;0;0;0;1950.0;2990.0;;0%
Battery_White_7543;31817090;496447615;2350014496008;Чехол для iPhone 13 Pro с Mag Safe Keephone Magnet Pro, прозрачный противоударный чехол для Айфон 13 Про;'77.5;KEEPHONE;Готов к продаже;;21;'5.00;Показывается;;11.06.2022 11:47;Чехлы;Чехол для смартфона;'0.36;'0.1;0;0;0;0;0;1890.0;2990.0;;0%
Glass_Red_8621;28661130;645614311;7586161799545;Чехол для iPhone 13 Pro Max с держателем Keephone Heldro Sky, хамелеон для Айфон 13 Про Макс);'70;KEEPHONE;Готов к продаже;;52;'0.00;Показывается;;12.06.2022 13:46;Чехлы;Чехол для смартфона;'0.27;'0.1;0;0;0;0;0;2490.0;2990.0;;0%
Case_Red_2860;83690062;416225342;4850579103150;Кожаный чехол для iPhone 13 Pro K-Doo Noble Collection, голубой чехол для Айфон 13 Про;'77.5;K-DOO;Продается;;26;'4.90;Показывается;;03.08.2022 15:04;Чехлы;Чехол для смартфона;'0.36;'0.1;6;0;10;0;0;5500.0;11990.0;;0%
Case_Blue_9769;78204386;825732735;7580271451142;Кожаный чехол для iPhone 13 Pro K-Doo Noble Collection, зеленый чехол для Айфон 13 Про;'52.5;K-DOO;Продается;;26;'4.90;Показывается;;03.08.2022 15:21;Чехлы;Чехол для смартфона;'0.36;'0.1;3;0;5;0;0;5500.0;11990.0;;0%
Accessory_Titanium_3675;63776180;913276621;4177784354697;Кожаный чехол для iPhone 13 Pro K-Doo Noble Collection, темно-синий чехол для Айфон 13 Про;'52.5;K-DOO;Продается;;41;'4.90;Показывается;;03.08.2022 16:18;Чехлы;Чехол для смартфона;'0.36;'0.1;12;0;4;0;0;5500.0;11990.0;;0%
Glass_Black_8422;81311748;208269569;RND822432941;Защитное стекло для iPhone 8 / 7 белое Remax Medicine с олеофобным покрытием, защитное стекло Айфон 8 / 7;'57.5;REMAX;Готов к продаже;;32;'5.00;Показывается;;19.08.2022 16:15;Защитные пленки и стекла;Защитное стекло;'0.34;'0.1;0;0;0;0;0;660.0;1490.0;;0%
Battery_Red_5601;52470193;745259913;8374167266920;ЗАЩИТНОЕ СТЕКЛО для iPhone 14 Pro Max REMAX Medicine с олеофобным покрытием / защита экрана Айфон 14 Про Макс;'82.5;REMAX;Продается;;43;'5.00;Показывается;;09.09.2022 11:16;Защитные пленки и стекла;Защитное стекло;'0.17;'0.1;6;0;10;0;0;1240.0;4900.0;;0%
Protector_Clear_8895;31860458;812030739;RND680869278;Защитное стекло на iPhone 14 Pro REMAX Medicine с олеофобным покрытием, защита экрана Айфон 14 Про;'82.5;REMAX;Продается;;46;'5.00;Показывается;;09.09.2022 12:48;Защитные пленки и стекла;Защитное стекло;'0.17;'0.1;0;0;97;0;0;1260.0;4900.0;;0%
Cover_Blue_1011;31677691;286278121;7081626073559;Защитное стекло на iPhone 14 / 13 Pro / 13 REMAX Medicine с олеофобным покрытием, защитное стекло для Айфон 14, 13 Про,13;'82.5;REMAX;Продается;;22;'5.00;Показывается;;10.09.2022 14:46;Защитные пленки и стекла;Защитное стекло;'0.17;'0.1;0;0;105;0;0;1340.0;4900.0;;0%
Accessory_Pink_4437;95498530;758859928;RND329642088;Чехол для iPhone 14 Pro Max ультратонкий KZDOO Air Carbon с защитой камер, чёрный супертонкий чехол для Айфон 14 Про Макс;'100;KZDOO;Продается;;138;'4.60;Показывается;;10.09.2022 16:24;Чехлы;Чехол для смартфона;'0.36;'0.1;7;0;5;0;0;2700.0;11990.0;;0%
Cable_Red_1535;51027141;315618401;RND973737173;Чехол для iPhone 14 Pro Max ультратонкий KZDOO Air Carbon с защитой камер, синий супертонкий чехол для Айфон 14 Про Макс;'77.5;KZDOO;Продается;;27;'4.60;Показывается;;10.09.2022 16:45;Чехлы;Чехол для смартфона;'0.36;'0.1;4;0;0;0;0;2700.0;11990.0;;0%
Accessory_Purple_9930;25431231;752736153;3467177296559;Защитное стекло для iPhone 14 Plus / 13 Pro Max REMAX Medicine с олеофобным покрытием, защитное стекло для Айфон 14 Плюс / 13 Про Макс;'75;REMAX;Продается;;10;'0.00;Показывается;;11.09.2022 9:21;Защитные пленки и стекла;Защитное стекло;'0.23;'0.2;0;0;98;0;0;1040.0;4900.0;;0%
Glass_Green_2362;46891302;523966862;5203799306255;Чехол для iPhone 14 Pro ультратонкий KZDOO Air Carbon с защитой камер, чёрный супертонкий чехол для Айфон 14 Про;'75;KZDOO;Продается;;126;'4.90;Показывается;;11.09.2022 14:29;Чехлы;Чехол для смартфона;'0.41;'0.1;8;0;10;0;0;2580.0;11990.0;;0%
Cable_Pink_1080;40129255;444670978;RND281936272;Чехол для iPhone 14 Pro ультратонкий KZDOO Air Carbon с защитой камер, синий супертонкий чехол для Айфон 14 Про;'77.5;KZDOO;Продается;;25;'4.90;Показывается;;11.09.2022 14:59;Чехлы;Чехол для смартфона;'0.36;'0.1;23;0;0;0;0;2780.0;11990.0;;0%
Glass_Pink_9993;78099578;211883896;RND321947605;СТЕКЛО АНТИШПИОН для iPhone 13 Pro Max / 14 Plus REMAX Privacy (приватное) с олеофобным покрытием, защитное стекло для Айфон 13 Про Макс / 14 Плюс;'70;REMAX;Продается;;90;'4.90;Показывается;;17.09.2022 16:32;Защитные пленки и стекла;Защитное стекло;'0.17;'0.1;0;0;52;0;0;1460.0;4900.0;;0%
Battery_Pink_6856;19610832;349219078;1875569137094;ПРИВАТНОЕ СТЕКЛО для iPhone 13 / 13 Pro / 14 REMAX Privacy с олеофобным покрытием, защитное стекло антишпион для Айфон 13,13 Про, 14;'70;REMAX;Продается;;234;'4.90;Показывается;;17.09.2022 16:49;Защитные пленки и стекла;Защитное стекло;'0.17;'0.1;0;0;44;0;1;1420.0;4900.0;;0%
Adapter_Blue_2069;17065084;388037070;RND945245279;Чехол для iPhone 13 Pro Max K-Doo Noble Collection, синий чехол для Айфон 13 Про Макс;'77.5;K-DOO;Продается;;30;'4.80;Показывается;;19.09.2022 15:49;Чехлы;Чехол для смартфона;'0.36;'0.1;6;0;5;0;0;5500.0;11990.0;;0%
Accessory_Pink_8022;60500548;272819812;RND379669912;Чехол для iPhone 13 Pro Max K-Doo Noble Collection, зеленый для Айфон 13 Про Макс;'77.5;K-DOO;Продается;;28;'4.80;Показывается;;19.09.2022 16:08;Чехлы;Чехол для смартфона;'0.36;'0.1;2;0;4;0;0;5500.0;11990.0;;0%
Accessory_Black_7898;91171581;808943185;7588494254558;Кожаный чехол для iPhone 13 Pro Max K-Doo Noble Collection, голубой чехол Айфон 13 Про Макс;'77.5;K-DOO;Продается;;26;'4.80;Показывается;;02.10.2022 16:13;Чехлы;Чехол для смартфона;'0.36;'0.1;8;0;0;0;0;5500.0;11990.0;;0%
Cover_Black_6140;46071990;454700849;RND751475529;Чехол для iPhone 14 Pro KZDOO (K-DOO) Guardian, прозрачный противоударный чехол для Айфон 14 Про;'52.5;KZDOO;Продается;;21;'5.00;Показывается;;07.10.2022 11:13;Чехлы;Чехол для смартфона;'0.36;'0.1;1;0;10;0;0;4300.0;11990.0;;0%
Battery_Titanium_1038;93181630;619768686;9364630395527;Чехол для iPhone 14 Pro Max KZDOO (K-DOO) Guardian, прозрачный противоударный чехол для Айфон 14 Про Макс;'77.5;KZDOO;Продается;;32;'4.90;Показывается;;07.10.2022 11:42;Чехлы;Чехол для смартфона;'0.36;'0.1;6;0;10;0;0;4380.0;11990.0;;0%
Case_Pink_8508;67251305;506050717;8047044663930;Чехол для iPhone 14 Pro KZDOO Guardian, черный противоударный чехол для Айфон 14 Про;'52.5;KZDOO;Продается;;43;'5.00;Показывается;;15.10.2022 10:18;Чехлы;Чехол для смартфона;'1.40;'0.3;4;0;10;0;0;4300.0;11990.0;;0%
Cover_Black_1486;59760066;667877981;8434953254847;Чехол для iPhone 14 Pro Max KZDOO Guardian, черный противоударный чехол для Айфон 14 Про Макс;'77.5;KZDOO;Продается;;51;'4.90;Показывается;;15.10.2022 10:28;Чехлы;Чехол для смартфона;'0.36;'0.1;6;0;4;0;0;4180.0;11990.0;;0%
Cover_Titanium_2487;74159607;263494550;5746204000690;Кожаный чехол для iPhone 14 Pro KZDOO Noble Collection, чёрный чехол для Айфон 14 Про;'45;KZDOO;Продается;;67;'4.90;Показывается;;26.10.2022 11:43;Чехлы;Чехол для смартфона;'0.36;'0.1;23;0;0;0;0;5866.0;11990.0;;0%
Glass_Titanium_6592;63596914;412666911;7680782230737;Кожаный чехол для iPhone 14 Pro Max KZDOO Noble Collection, чёрный для Айфон 14 Про Макс;'77.5;KZDOO;Готов к продаже;;39;'4.80;Показывается;;26.10.2022 12:11;Чехлы;Чехол для смартфона;'0.36;'0.1;0;0;0;0;0;5580.0;11990.0;;0%
Case_Black_7041;71570797;777953850;RND392968995;Кожаный чехол для iPhone 14 Pro Max KZDOO Noble Collection, зеленый чехол для Айфон 14 Про Макс;'77.5;KZDOO;Продается;;15;'4.80;Показывается;;27.10.2022 10:21;Чехлы;Чехол для смартфона;'0.36;'0.1;6;0;10;0;0;5580.0;11990.0;;0%
Accessory_Purple_5482;16942829;848527397;8170708528010;Кожаный чехол для iPhone 14 Pro KZDOO Noble Collection, зеленый чехол для Айфон 14 Про;'52.5;KZDOO;Продается;;11;'4.90;Показывается;;27.10.2022 11:48;Чехлы;Чехол для смартфона;'0.36;'0.1;11;0;10;0;0;5380.0;11990.0;;0%
Glass_Pink_5517;85064714;503781944;RND433390391;ПРИВАТНОЕ СТЕКЛО для iPhone 14 Pro REMAX Privacy с олеофобным покрытием, защитное стекло для Айфон 14 Про;'70;REMAX;Продается;;146;'5.00;Показывается;;02.11.2022 14:31;Защитные пленки и стекла;Защитное стекло;'0.17;'0.1;0;0;60;0;0;1460.0;4900.0;;0%
Case_White_6975;65925211;244377872;RND413482214;ПРИВАТНОЕ СТЕКЛО на iPhone 14 Pro Max REMAX Privacy с олеофобным покрытием, защитное стекло антишпион для Айфон 14 Про Макс;'70;REMAX;Продается;;206;'4.90;Показывается;;02.11.2022 15:00;Защитные пленки и стекла;Защитное стекло;'0.17;'0.1;0;0;26;0;0;1380.0;4900.0;;0%
Cable_Blue_5671;88383554;756758515;RND867016225;Чехол для iPhone 14 Pro Max ультратонкий KZDOO Air Skin с защитой камер, белый супертонкий чехол для Айфон 14 Про Макс;'77.5;KZDOO;Продается;;65;'4.90;Показывается;;03.12.2022 13:07;Чехлы;Чехол для смартфона;'1.57;'0.3;27;0;1;0;0;2700.0;11990.0;;0%
Battery_Black_1081;12524689;170776940;2570767570916;Чехол для iPhone 14 Pro Max ультратонкий KZDOO Air Skin с защитой камер, синий супертонкий чехол для Айфон 14 Про Макс;'77.5;KZDOO;Продается;;11;'4.90;Показывается;;03.12.2022 13:58;Чехлы;Чехол для смартфона;'0.36;'0.1;3;0;5;0;0;2700.0;11990.0;;0%
Adapter_Blue_2255;74692993;938110933;RND592441104;Чехол для iPhone 14 Pro Max ультратонкий KZDOO Air Skin с защитой камер, черный супертонкий чехол для Айфон 14 Про Макс;'77.5;KZDOO;Продается;;61;'4.90;Показывается;;03.12.2022 14:05;Чехлы;Чехол для смартфона;'0.36;'0.1;13;0;9;0;0;2700.0;11990.0;;0%
Case_Blue_9831;41315220;791051761;6733776263917;Чехол для iPhone 14 Pro ультратонкий KZDOO Air Skin с защитой камер, черный супертонкий чехол для Айфон 14 Про;'77.5;KZDOO;Продается;;93;'4.90;Показывается;;04.12.2022 16:04;Чехлы;Чехол для смартфона;'0.36;'0.1;14;0;8;0;0;2700.0;11990.0;;0%
Cover_Black_9326;78542186;217667245;7579536020841;Чехол для iPhone 14 Pro ультратонкий KZDOO Air Skin с защитой камер, белый супертонкий чехол для Айфон 14 Про;'90;KZDOO;Продается;;90;'4.90;Показывается;;22.12.2022 12:41;Чехлы;Чехол для смартфона;'0.36;'0.1;6;0;7;0;0;2780.0;11990.0;;0%
Accessory_Blue_9221;26921608;580585742;8628479632831;Чехол для iPhone 14 Pro ультратонкий KZDOO Air Skin с защитой камер, синий супертонкий чехол для Айфон 14 Про;'77.5;KZDOO;Продается;;19;'4.90;Показывается;;22.12.2022 13:08;Чехлы;Чехол для смартфона;'0.36;'0.1;1;0;10;0;0;2700.0;11990.0;;0%
Battery_Blue_5293;16140092;536380912;RND346254563;Чехол для iPhone 14 Pro Max с кармашком для карты, прозрачный силиконовый чехол для Айфон 14 Про Макс;'70;Нет бренда;Продается;;30;'4.70;Показывается;;22.12.2022 14:44;Чехлы;Чехол для смартфона;'0.30;'0.1;10;0;0;0;0;652.0;2900.0;;0%
Battery_Clear_6577;49864271;644878593;6283309024684;Чехол для iPhone 14 Pro с кармашком для карты, силиконовый прозрачный чехол для Айфон 14 Про;'80;Нет бренда;Готов к продаже;;12;'5.00;Показывается;;22.12.2022 15:41;Чехлы;Чехол для смартфона;'0.30;'0.1;0;0;0;0;0;380.0;1690.0;;0%
Battery_Red_6257;51229210;830432483;RND992960943;Ультратонкий чехол для iPhone 12 Pro Max K-DOO Air Skin, чёрный супертонкий чехол для Айфон 12 Про Макс;'77.5;K-DOO;Продается;;109;'4.80;Показывается;;23.01.2023 10:39;Чехлы;Чехол для смартфона;'0.36;'0.1;18;0;10;0;0;2380.0;7900.0;;0%
Battery_Purple_4492;80913910;758531652;3636985201745;Ультратонкий чехол для iPhone 12 Pro Max K-DOO Air Carbon, чёрный супертонкий чехол для айфон 12 Про Макс;'82.5;K-DOO;Готов к продаже;;106;'4.40;Показывается;;23.01.2023 12:00;Чехлы;Чехол для смартфона;'0.36;'0.1;0;0;0;0;0;1290.0;2990.0;;0%
Battery_Purple_1012;36899392;224505910;RND898266915;Кожаный чехол для iPhone 14 Pro KZDOO Noble Collection, коричневый чехол для Айфон 14 Про;'77.5;KZDOO;Продается;;28;'4.90;Показывается;;18.02.2023 8:45;Чехлы;Чехол для смартфона;'0.36;'0.1;14;0;5;0;0;5580.0;11990.0;;0%
Glass_Black_5728;37191894;781787926;RND312049697;Кожаный чехол для iPhone 14 Pro KZDOO Noble Collection, белый чехол для Айфон 14 Про;'52.5;KZDOO;Продается;;30;'4.90;Показывается;;18.02.2023 8:51;Чехлы;Чехол для смартфона;'0.36;'0.1;11;0;10;0;0;5580.0;11990.0;;0%
Battery_Black_2381;80966533;478247892;3288099128989;Кожаный чехол для iPhone 14 Pro KZDOO Noble Collection, красный чехол для Айфон 14 Про;'77.5;KZDOO;Продается;;5;'4.90;Показывается;;18.02.2023 8:56;Чехлы;Чехол для смартфона;'0.36;'0.1;1;0;0;0;0;5580.0;11990.0;;0%
Cable_Clear_3867;24759679;527144950;8629491996204;Кожаный чехол для iPhone 14 Pro KZDOO Noble Collection, темно-синий чехол для Айфон 14 Про;'52.5;KZDOO;Продается;;17;'4.90;Показывается;;18.02.2023 9:03;Чехлы;Чехол для смартфона;'0.36;'0.1;13;0;10;0;0;5580.0;11990.0;;0%
Glass_White_6870;34897029;459190783;RND157989794;Кожаный чехол для iPhone 14 Pro KZDOO Noble Collection, фиолетовый чехол для Айфон 14 Про;'77.5;KZDOO;Продается;;43;'4.90;Показывается;;18.02.2023 9:10;Чехлы;Чехол для смартфона;'0.36;'0.1;23;1;10;0;0;5580.0;11990.0;;0%
Glass_Pink_5953;35842842;611755009;8897326405277;Кожаный чехол для iPhone 14 Pro KZDOO Noble Collection, оранжевый чехол для Айфон 14 Про;'52.5;KZDOO;Продается;;18;'4.90;Показывается;;18.02.2023 9:19;Чехлы;Чехол для смартфона;'0.36;'0.1;11;0;10;0;0;5380.0;11990.0;;0%
Cover_Pink_6202;89022031;518802117;RND980028793;Кожаный чехол для iPhone 14 Pro KZDOO Noble Collection, розовый чехол для Айфон 14 Про;'77.5;KZDOO;Продается;;5;'4.90;Показывается;;18.02.2023 9:24;Чехлы;Чехол для смартфона;'0.36;'0.1;11;0;10;0;0;5580.0;11990.0;;0%
Accessory_Blue_8623;11075639;446925110;RND500284878;Кожаный чехол для iPhone 14 Pro KZDOO Noble Collection, желтый чехол для Айфон 14 Про;'52.5;KZDOO;Продается;;19;'4.90;Показывается;;18.02.2023 9:28;Чехлы;Чехол для смартфона;'0.36;'0.1;8;0;10;0;0;5580.0;11990.0;;0%
Accessory_Blue_1734;13864245;501167426;RND981336223;Кожаный чехол для iPhone 14 Pro Max KZDOO Noble Collection, коричневый чехол для Айфон 14 Про Макс;'52.5;KZDOO;Продается;;29;'4.80;Показывается;;18.02.2023 11:30;Чехлы;Чехол для смартфона;'0.36;'0.1;15;0;9;0;0;5580.0;11990.0;;0%
Battery_Red_2348;46580652;665782992;RND165253048;Кожаный чехол для iPhone 14 Pro Max KZDOO Noble Collection, белый чехол для Айфон 14 Про Макс;'77.5;KZDOO;Продается;;40;'4.80;Показывается;;18.02.2023 11:56;Чехлы;Чехол для смартфона;'0.36;'0.1;11;0;9;0;0;5580.0;11990.0;;0%
Cable_White_4722;33602533;892595586;RND622027265;Кожаный чехол для iPhone 14 Pro Max KZDOO Noble Collection, красный чехол для Айфон 14 Про Макс;'77.5;KZDOO;Продается;;8;'4.80;Показывается;;18.02.2023 11:59;Чехлы;Чехол для смартфона;'0.36;'0.1;6;0;0;0;0;5580.0;11990.0;;0%
Adapter_Black_6193;64248191;579752862;RND384305123;Кожаный чехол для iPhone 14 Pro Max KZDOO Noble Collection, темно-синий чехол для Айфон 14 Про Макс;'77.5;KZDOO;Продается;;16;'4.80;Показывается;;18.02.2023 12:06;Чехлы;Чехол для смартфона;'0.36;'0.1;5;0;10;0;0;5580.0;11990.0;;0%
Accessory_White_8486;49452187;773429348;RND349855605;Кожаный чехол для iPhone 14 Pro Max KZDOO Noble Collection, фиотлетовый чехол для Айфон 14 Про Макс;'77.5;KZDOO;Продается;;66;'4.80;Показывается;;18.02.2023 12:10;Чехлы;Чехол для смартфона;'0.36;'0.1;9;0;10;0;0;5380.0;11990.0;;0%
Adapter_Black_6437;89525637;777070561;1093128299524;Кожаный чехол для iPhone 14 Pro Max KZDOO Noble Collection, оранжевый чехол для Айфон 14 Про Макс;'77.5;KZDOO;Продается;;22;'4.80;Показывается;;18.02.2023 12:15;Чехлы;Чехол для смартфона;'0.36;'0.1;7;0;10;0;0;5580.0;11990.0;;0%
Glass_White_7936;34622304;861201281;2327152456661;Кожаный чехол для iPhone 14 Pro Max KZDOO Noble Collection, розовый чехол для Айфон 14 Про Макс;'77.5;KZDOO;Продается;;10;'4.80;Показывается;;18.02.2023 12:23;Чехлы;Чехол для смартфона;'0.36;'0.1;5;1;0;0;0;5580.0;11990.0;;0%
Battery_Clear_5097;18331388;703207334;8568159099725;Кожаный чехол для iPhone 14 Pro Max KZDOO Noble Collection, желтый чехол для Айфон 14 Про Макс;'52.5;KZDOO;Продается;;17;'4.80;Показывается;;18.02.2023 12:32;Чехлы;Чехол для смартфона;'0.36;'0.1;6;0;10;0;0;5580.0;11990.0;;0%
Battery_Pink_4453;15106674;798699531;5894308380716;Ультратонкий чехол для iPhone 14 Pro KZDOO Air Carbon с защитой камер, зеленый супертонкий чехол для Айфон 14 Про;'70;KZDOO;Продается;;9;'4.90;Показывается;;18.02.2023 14:13;Чехлы;Чехол для смартфона;'0.41;'0.1;1;0;0;0;0;2780.0;11990.0;;0%
Accessory_Clear_1859;77333596;562684749;RND302549089;Ультратонкий чехол для iPhone 14 Pro KZDOO Air Carbon с защитой камер, фиолетовый супертонкий чехол для Айфон 14 Про;'52.5;KZDOO;Продается;;39;'4.90;Показывается;;18.02.2023 14:36;Чехлы;Чехол для смартфона;'0.41;'0.1;18;0;7;0;0;2580.0;11990.0;;0%
Glass_Blue_4517;60000139;374674566;4342402522138;Ультратонкий чехол для iPhone 14 Pro Max KZDOO Air Carbon с защитой камер, зеленый супертонкий чехол для Айфон 14 Про Макс;'70;KZDOO;Продается;;10;'4.60;Показывается;;18.02.2023 15:28;Чехлы;Чехол для смартфона;'0.36;'0.1;9;0;0;0;0;3300.0;11990.0;;0%
Cable_Titanium_7485;18778604;651404910;RND321651337;Ультратонкий чехол для iPhone 14 Pro Max KZDOO Air Carbon с защитой камер, фиолетовый супертонкий чехол для Айфон 14 Про Макс;'77.5;KZDOO;Продается;;71;'4.60;Показывается;;18.02.2023 15:39;Чехлы;Чехол для смартфона;'0.36;'0.1;12;1;0;0;0;2580.0;11990.0;;0%
Cover_Red_2462;49248792;513402028;9903068688074;Чехол для iPhone 14 Pro KZDOO Seashell, розовый чехол Айфон 14 Про;'77.5;KZDOO;Продается;;2;'5.00;Показывается;;19.02.2023 12:12;Чехлы;Чехол для смартфона;'0.36;'0.1;24;0;0;0;0;5380.0;11990.0;;0%
Battery_Black_8615;84709378;817958670;RND361096773;Чехол для iPhone 14 Pro KZDOO Seashell, фиолетовый чехол для Айфон 14 Про;'77.5;KZDOO;Готов к продаже;;20;'5.00;Показывается;;19.02.2023 13:08;Чехлы;Чехол для смартфона;'0.36;'0.1;0;0;0;0;0;2650.0;3790.0;;0%
Accessory_Purple_9080;78705030;749022015;RND129356316;Чехол для iPhone 14 Pro KZDOO Seashell, жемчужно-белый чехол для Айфон 14 Про;'52.5;KZDOO;Готов к продаже;;15;'5.00;Показывается;;19.02.2023 13:18;Чехлы;Чехол для смартфона;'0.36;'0.1;0;0;0;0;0;2590.0;3790.0;;0%
Cover_Blue_4091;89122223;211394768;RND684541770;Чехол для iPhone 14 Pro KZDOO Seashell, голубой чехол для Айфон 14 Про;'77.5;KZDOO;Готов к продаже;;7;'5.00;Показывается;;19.02.2023 13:22;Чехлы;Чехол для смартфона;'0.36;'0.1;0;0;0;0;0;2590.0;3790.0;;0%
Battery_Blue_2026;79116655;295420701;RND196927689;Чехол для iPhone 14 Pro Max KZDOO Seashell, розовый чехол для Айфон 14 Про Макс;'77.5;KZDOO;Продается;;6;'4.90;Показывается;;19.02.2023 13:39;Чехлы;Чехол для смартфона;'0.36;'0.1;6;0;5;0;0;5380.0;11990.0;;0%
Glass_Black_3711;72554796;242518193;5305888169380;Чехол для iPhone 14 Pro Max KZDOO Seashell, фиолетовый чехол для Айфон 14 Про Макс;'77.5;KZDOO;Готов к продаже;;30;'4.90;Показывается;;19.02.2023 15:01;Чехлы;Чехол для смартфона;'0.36;'0.1;0;0;0;0;0;2650.0;3790.0;;0%
Adapter_Red_6927;95041696;716727302;RND572103735;Чехол для iPhone 14 Pro Max KZDOO Seashell, жемчужно-белый чехол для Айфон 14 Про Макс;'77.5;KZDOO;Продается;;22;'4.90;Показывается;;19.02.2023 15:05;Чехлы;Чехол для смартфона;'2.10;'0.4;12;1;10;0;0;5300.0;11990.0;;0%
Cable_Titanium_8550;55373077;918401337;9678087209607;Чехол для iPhone 14 Pro Max KZDOO Seashell, голубой чехол для Айфон 14 Про Макс;'77.5;KZDOO;Продается;;9;'4.90;Показывается;;19.02.2023 15:12;Чехлы;Чехол для смартфона;'0.36;'0.1;1;0;5;0;0;5180.0;11990.0;;0%
Case_Pink_7946;28528092;200644221;RND667891165;Чехол для iPhone 14 Pro с MagSafe KZDOO KEVLAR, черно-фиолетовый кевларовый чехол для Айфон 14 Про;'52.5;KZDOO;Готов к продаже;;4;'5.00;Показывается;;20.02.2023 13:02;Чехлы;Чехол для смартфона;'0.36;'0.1;0;0;0;0;0;10980.0;11990.0;;0%
Cover_White_7971;74266734;893898456;2780390728212;Чехол для iPhone 14 Pro KZDOO KEVLAR, черно-фиолетовый кевларовый чехол на Айфон 14 Про;'77.5;Нет бренда;Продается;;38;'4.70;Показывается;;20.02.2023 13:38;Чехлы;;'0.36;'0.1;1;0;5;0;0;9700.0;11990.0;;0%
Adapter_Clear_2841;61189008;147695513;9402900845058;Чехол для iPhone 14 Pro KZDOO KEVLAR, черно-серый кевларовый чехол на Айфон 14 Про;'77.5;Нет бренда;Продается;;20;'4.70;Показывается;;20.02.2023 13:54;Чехлы;;'0.36;'0.1;1;0;0;0;0;9100.0;11990.0;;0%
Battery_Green_8572;93428478;177902184;RND598410873;Чехол для iPhone 14 Pro KZDOO KEVLAR, черно-красный кевларовый чехол для Айфон 14 Про;'52.5;KZDOO;Продается;;0;'4.70;Показывается;;20.02.2023 14:10;Чехлы;Чехол для смартфона;'0.36;'0.1;0;0;10;0;0;8500.0;11990.0;;0%
Cable_White_4306;99864083;776478069;RND405170030;Чехол для iPhone 14 Pro KZDOO KEVLAR, черно-зеленый кевларовый чехол для Айфон 14 Про;'77.5;KZDOO;Продается;;4;'4.80;Показывается;;20.02.2023 14:57;Чехлы;Чехол для смартфона;'0.36;'0.1;2;0;0;0;0;9980.0;11990.0;;0%
Battery_Purple_7737;74657810;598733749;4179649339112;Чехол для iPhone 14 Pro KZDOO KEVLAR, черно-синий кевларовый чехол для Айфон 14 Про;'77.5;;Продается;;2;'4.70;Показывается;;20.02.2023 15:01;Чехлы;;'0.36;'0.1;7;0;0;0;0;9100.0;11990.0;;0%
Protector_Pink_1353;33577561;463759463;3157368066296;Чехол для iPhone 14 Pro KZDOO KEVLAR, черно-коричневый кевларовый чехол для Айфон 14 Про;'77.5;KZDOO;Продается;;3;'4.80;Показывается;;20.02.2023 15:04;Чехлы;Чехол для смартфона;'0.36;'0.1;5;0;5;0;0;9380.0;11990.0;;0%
Glass_Red_4347;68519738;347617339;RND213668304;Чехол для iPhone 14 Pro Max KZDOO KEVLAR, черно-серый кевларовый чехол для Айфон 14 Про Макс;'77.5;KZDOO;Продается;;67;'4.80;Показывается;;23.02.2023 10:13;Чехлы;Чехол для смартфона;'1.30;'0.3;19;0;0;0;0;9100.0;11990.0;;0%
Glass_Green_6462;93780573;886226396;RND500936185;Чехол для iPhone 14 Pro Max KZDOO KEVLAR, черно-фиолетовый кевларовый чехол для Айфон 14 Про Макс;'77.5;KZDOO;Продается;;66;'4.80;Показывается;;23.02.2023 10:19;Чехлы;Чехол для смартфона;'0.36;'0.1;10;0;3;0;0;10780.0;11990.0;;0%
Adapter_Blue_2281;44824266;448033963;RND442827320;Чехол для iPhone 14 Pro Max KZDOO KEVLAR, черно-красный кевларовый чехол для Айфон 14 Про Макс;'77.5;;Продается;;4;'4.80;Показывается;;23.02.2023 10:27;Чехлы;;'0.36;'0.1;9;0;10;0;0;9180.0;11990.0;;0%
Accessory_Red_1825;30912657;610059742;RND755540026;Чехол для iPhone 14 Pro Max KZDOO KEVLAR, черно-зеленый кевларовый чехол для Айфон 14 Про Макс;'77.5;KZDOO;Продается;;15;'4.80;Показывается;;23.02.2023 10:32;Чехлы;Чехол для смартфона;'0.36;'0.1;3;0;10;0;0;9180.0;11990.0;;0%
Cover_Purple_7497;63685137;430814681;RND722782470;Чехол для iPhone 14 Pro Max KZDOO KEVLAR, черно-синий кевларовый чехол для Айфон 14 Про Макс;'70;;Продается;;7;'4.80;Показывается;;23.02.2023 11:49;Чехлы;;'0.36;'0.1;1;0;9;0;0;10200.0;11990.0;;0%
Battery_Green_4946;92151306;662046727;7698152973580;Чехол для iPhone 14 Pro Max, KZDOO KEVLAR черно-коричневый кевларовый чехол для Айфон 14 Про Макс;'77.5;;Не продается;;7;'4.80;Показывается;;23.02.2023 11:53;Чехлы;;'0.36;'0.1;0;0;0;0;0;9100.0;11990.0;;0%
Adapter_White_9490;81086550;377374517;3432197274446;Чехол для iPhone 14 Pro Keephone Grifit, фиолетовый чехол для Айфон 14 Про;'72.5;KEEPHONE;Готов к продаже;;20;'5.00;Показывается;;27.02.2023 12:42;Чехлы;Чехол для смартфона;'0.40;'0.1;0;0;0;0;0;2050.0;2990.0;;0%
Battery_White_9290;39412066;759010438;RND330085155;Чехол для iPhone 14 Pro c MagSafe Keephone Grifit Pro, фиолетовый чехол для Айфон 14 Про;'77.5;KEEPHONE;Продается;;24;'3.20;Показывается;;27.02.2023 13:26;Чехлы;Чехол для смартфона;'0.40;'0.1;1;0;0;0;0;4700.0;11990.0;;0%
Cover_Clear_2637;31827471;256834908;7802366883768;Чехол для iPhone 14 Pro Max Keephone Grifit, фиолетовый чехол для Айфон 14 Про Макс;'72.5;KEEPHONE;Готов к продаже;;11;'5.00;Показывается;;27.02.2023 15:45;Чехлы;Чехол для смартфона;'0.40;'0.1;0;0;0;0;0;1950.0;2990.0;;0%
Case_Clear_9386;32052807;913970701;RND757044299;Чехол для iPhone 14 Pro Max c MagSafe Keephone Grifit Pro, фиолетовый чехол для Айфон 14 Про Макс;'77.5;KEEPHONE;Продается;;23;'2.00;Показывается;;28.02.2023 10:53;Чехлы;Чехол для смартфона;'0.40;'0.1;2;0;0;0;0;4906.0;11990.0;;0%
Adapter_Red_8856;86291460;341824056;2571287600874;Чехол для iPhone 14 Pro Max с Mag Safe Keephone Non-Yellowing, прозрачный чехол с маг сейф для Айфон 14 Про Макс;'77.5;KEEPHONE;Продается;;63;'4.20;Показывается;;02.03.2023 15:11;Чехлы;Чехол для смартфона;'0.41;'0.1;2;1;0;0;0;4600.0;11990.0;;0%
Cable_Black_8979;91076386;489069216;RND986945553;Чехол для iPhone 14 Pro с Mag Safe Keephone Non-Yellowing, прозрачный чехол с маг сейф для Айфон 14 Про;'77.5;KEEPHONE;Готов к продаже;;13;'5.00;Показывается;;03.03.2023 10:30;Чехлы;Чехол для смартфона;'0.41;'0.1;0;0;0;0;0;2290.0;3990.0;;0%
Accessory_Clear_8223;93062700;664604470;RND209142302;Чехол для iPhone 14 Pro KZDOO (K-DOO) Guardian, фиолетовый противоударный чехол для Айфон 14 Про;'52.5;KZDOO;Продается;;60;'5.00;Показывается;;03.03.2023 10:41;Чехлы;Чехол для смартфона;'0.65;'0.1;6;0;10;0;1;4700.0;11990.0;;0%
Accessory_Pink_8362;47494292;651591698;RND915319375;Чехол для iPhone 14 Pro Max KZDOO (K-DOO) Guardian, фиолетовый противоударный чехол Айфон 14 Про Макс;'52.5;KZDOO;Продается;;75;'4.90;Показывается;;03.03.2023 10:50;Чехлы;Чехол для смартфона;'0.36;'0.1;10;0;5;0;0;4100.0;11990.0;;0%
Cable_Red_3122;65549209;402431088;8930336352025;Чехол для iPhone 14 Pro с держателем Keephone Heldro Sky, разноцветный противоударный чехол для Айфон 14 Про;'70;KEEPHONE;Готов к продаже;;63;'4.80;Показывается;;03.03.2023 11:52;Чехлы;Чехол для смартфона;'0.28;'0.1;0;0;0;0;0;2890.0;11990.0;;0%
Case_Clear_2897;98844522;640252965;3515425294939;Чехол для iPhone 14 Pro Max с держателем Keephone Heldro Sky, разноцветный противоударный чехол для Айфон 14 Про Макс;'77.5;KEEPHONE;Готов к продаже;;76;'5.00;Показывается;;03.03.2023 12:07;Чехлы;Чехол для смартфона;'0.38;'0.1;0;0;0;0;0;3090.0;4000.0;;0%
Battery_Red_7236;49812711;474023445;8532634839905;Чехол для iPhone 14 Pro с держателем Keephone Heldro Plus, фиолетовый противоударный чехол для Айфон 14 Про;'77.5;KEEPHONE;Готов к продаже;;19;'5.00;Показывается;;03.03.2023 13:12;Чехлы;Чехол для смартфона;'0.38;'0.1;0;0;0;0;0;2750.0;3990.0;;0%
Cable_Clear_1803;96327196;990516724;RND359991285;Чехол для iPhone 14 Pro с MagSafe KZDOO (K-DOO) Mag Guardian, прозрачный противоударный чехол для Айфон 14 Про;'77.5;KZDOO;Продается;;9;'5.00;Показывается;;03.03.2023 15:39;Чехлы;Чехол для смартфона;'0.36;'0.1;1;0;0;0;0;2890.0;3990.0;;0%
Glass_Red_7049;70367969;551170596;2874512367812;Чехол для iPhone 14 Pro с MagSafe KZDOO (K-DOO) Mag Guardian, фиолетовый противоударный чехол для Айфон 14 Про;'77.5;KZDOO;Готов к продаже;;17;'5.00;Показывается;;03.03.2023 15:50;Чехлы;Чехол для смартфона;'0.36;'0.1;0;0;0;0;0;2890.0;3990.0;;0%
Adapter_Green_8616;24335157;299147841;RND401994590;Чехол для iPhone 14 Pro Max с MagSafe KZDOO (K-DOO) Mag Guardian, прозрачный противоударный чехол для Айфон 14 Про Макс;'77.5;KZDOO;Продается;;15;'4.30;Показывается;;05.03.2023 15:12;Чехлы;Чехол для смартфона;'0.36;'0.1;1;0;0;0;0;5580.0;11990.0;;0%
Glass_Blue_3622;54508078;889707204;2885563126088;Чехол для iPhone 14 Pro Max с MagSafe KZDOO (K-DOO) Mag Guardian, фиолетовый противоударный чехол для Айфон 14 Про Макс;'77.5;KZDOO;Готов к продаже;;32;'4.30;Показывается;;05.03.2023 15:31;Чехлы;Чехол для смартфона;'0.36;'0.1;0;0;0;0;0;2790.0;3490.0;;0%
Cable_Green_2906;26246547;436710237;3840205669166;Кожаный чехол для AirPods 3 K-DOO LuxCraft, черный;'65;K-DOO;Продается;;37;'4.90;Показывается;;19.03.2023 15:47;Чехлы;Чехол для наушников;'0.27;'0.1;4;0;0;0;0;4980.0;11990.0;;0%
Adapter_Green_3857;18094882;484491019;RND556074779;Кожаный чехол для AirPods 3 K-DOO LuxCraft, зеленый;'65;K-DOO;Продается;;10;'4.90;Показывается;;22.03.2023 12:15;Чехлы;Чехол для наушников;'0.27;'0.1;11;0;0;0;0;4980.0;11990.0;;0%
Case_Green_6279;91103622;257159376;8243430158241;Кожаный чехол для AirPods 3 K-DOO LuxCraft, фиолетовый;'72.5;K-DOO;Продается;;7;'4.90;Показывается;;22.03.2023 12:23;Чехлы;Чехол для наушников;'0.27;'0.1;2;0;0;0;0;4980.0;11990.0;;0%
Protector_Clear_8708;38095421;972711884;8050557023254;Кожаный чехол для AirPods 3 K-DOO LuxCraft, синий;'65;K-DOO;Продается;;11;'4.90;Показывается;;22.03.2023 12:34;Чехлы;Чехол для наушников;'0.27;'0.1;1;0;0;0;0;4980.0;11990.0;;0%
Accessory_Purple_5722;93318755;957651665;RND277730598;Кожаный чехол для AirPods 3 K-DOO LuxCraft, коричневый;'65;K-DOO;Продается;;24;'4.90;Показывается;;22.03.2023 12:39;Чехлы;Чехол для наушников;'0.27;'0.1;9;0;0;0;0;4980.0;11990.0;;0%
Cable_Red_1910;28389700;360295064;RND718476442;Кожаный чехол для iPhone 13 Pro Max K-Doo Noble Collection, белый чехол для Айфон 13 Про Макс;'45;K-DOO;Продается;;5;'4.80;Показывается;;26.03.2023 11:28;Чехлы;Чехол для смартфона;'0.36;'0.1;17;0;10;0;0;5500.0;11990.0;;0%
Cover_Purple_7352;38836979;518835798;RND791591562;Ультратонкий чехол для iPhone 14 KZDOO (K-DOO) Air Carbon с защитой камер, чёрный супертонкий чехол для Айфон 14;'57.5;KZDOO;Продается;;37;'5.00;Показывается;;28.03.2023 12:39;Чехлы;Чехол для смартфона;'0.36;'0.1;12;0;10;0;0;2500.0;11990.0;;0%
Adapter_Green_9788;65965063;780841929;3553081908056;Ультратонкий чехол для iPhone 14 KZDOO (K-DOO) Air Carbon с защитой камер, синий супертонкий чехол для Айфон 14;'45;KZDOO;Продается;;14;'5.00;Показывается;;28.03.2023 13:00;Чехлы;Чехол для смартфона;'0.36;'0.1;0;0;48;0;0;2500.0;11990.0;;0%
Cable_Purple_1195;29446076;410492685;RND245032064;Элемент питания CR2032 Renata, батарейка Рената CR2032;'72.5;Renata;Продается;;23;'4.90;Показывается;;06.04.2023 15:29;Батарейки и аккумуляторы;Батарейка;'0.19;'0.1;0;0;85;0;0;720.0;2900.0;;0%
Accessory_Blue_8683;11388408;131728874;RND637835595;Элемент питания CR2032 Renata 2шт, батарейка Рената CR2032 2шт;'72.5;Renata;Продается;;31;'4.90;Показывается;;06.04.2023 15:46;Батарейки и аккумуляторы;Батарейка;'0.04;'0.1;0;0;25;0;1;1080.0;4900.0;;0%
Adapter_Green_2774;58330780;891200093;RND599586272;Элемент питания CR2032 Varta, батарейка Варта CR2032;'72.5;Varta;Продается;;35;'4.80;Показывается;;07.04.2023 16:06;Батарейки и аккумуляторы;Батарейка;'0.04;'0.1;0;0;61;0;1;700.0;2900.0;;0%
Protector_Green_4078;84895764;155449556;RND194055653;Элемент питания CR2032 Varta, батарейка Варта CR2032 2шт;'72.5;Varta;Продается;;34;'4.80;Показывается;;07.04.2023 16:20;Батарейки и аккумуляторы;Батарейка;'0.04;'0.1;0;0;53;0;0;640.0;900.0;;0%
Glass_Blue_6203;76758127;501666095;7802957453963;Элемент питания CR2025 Varta, батарейка Варта CR2025 2шт;'65;Varta;Продается;;9;'4.80;Показывается;;08.04.2023 15:14;Батарейки и аккумуляторы;Батарейка;'0.04;'0.1;0;0;98;0;0;1200.0;4900.0;;0%
Protector_Clear_4605;81702231;489053260;5007162511353;Кожаный чехол для iPhone 14 Pro Max с MagSafe KZDOO Mag Noble Collection, фиотлетовый чехол для Айфон 14 Про Макс;'77.5;KZDOO;Продается;;31;'4.90;Показывается;;11.04.2023 10:35;Чехлы;Чехол для смартфона;'0.36;'0.1;2;0;15;0;0;7380.0;11990.0;;0%
Case_Pink_2968;34957796;635752512;RND589439831;Кожаный чехол для iPhone 14 Pro Max с MagSafe KZDOO Mag Noble Collection, темно-синий чехол для Айфон 14 Про Макс;'77.5;KZDOO;Продается;;8;'4.90;Показывается;;11.04.2023 11:11;Чехлы;Чехол для смартфона;'0.36;'0.1;5;0;14;0;0;7380.0;11990.0;;0%
Protector_Purple_7935;54334894;505675567;8255080847901;Кожаный чехол для iPhone 14 Pro Max с MagSafe KZDOO Mag Noble Collection, черный чехол для Айфон 14 Про Макс;'77.5;KZDOO;Продается;;32;'4.90;Показывается;;11.04.2023 12:41;Чехлы;Чехол для смартфона;'0.36;'0.1;6;0;10;0;0;7500.0;11990.0;;0%
Adapter_White_5353;21642306;985841367;RND544842655;Кожаный чехол для iPhone 14 Pro с MagSafe KZDOO Mag Noble Collection, темно-синий чехол для Айфон 14 Про;'77.5;KZDOO;Продается;;3;'5.00;Показывается;;11.04.2023 13:38;Чехлы;Чехол для смартфона;'0.36;'0.1;2;0;0;0;0;7300.0;11990.0;;0%
Cable_White_3455;76742136;873422003;RND133864340;Кожаный чехол для iPhone 14 Pro с MagSafe KZDOO Mag Noble Collection, черный чехол для Айфон 14 Про;'77.5;KZDOO;Готов к продаже;;23;'5.00;Показывается;;11.04.2023 13:38;Чехлы;Чехол для смартфона;'0.36;'0.1;0;0;0;0;0;7300.0;11990.0;;0%
Case_White_8716;86287542;688175163;5141299719889;Кожаный чехол для iPhone 14 Pro с MagSafe KZDOO Mag Noble Collection, фиолетовый чехол для Айфон 14 Про;'77.5;KZDOO;Продается;;21;'5.00;Показывается;;11.04.2023 13:38;Чехлы;Чехол для смартфона;'0.36;'0.1;6;0;10;0;0;7300.0;11990.0;;0%
Accessory_Green_3810;68104351;944648468;RND141529584;Кожаный чехол для iPhone 14 Pro Max с MagSafe KZDOO Mag Noble Collection, зеленый чехол для Айфон 14 Про Макс;'77.5;KZDOO;Продается;;9;'4.90;Показывается;;14.04.2023 12:10;Чехлы;Чехол для смартфона;'0.36;'0.1;7;0;0;0;0;7380.0;11990.0;;0%
Accessory_Purple_4591;28002807;387605466;8058254707101;Кожаный чехол для iPhone 14 Pro Max с MagSafe KZDOO Mag Noble Collection, красный чехол для Айфон 14 Про Макс;'77.5;KZDOO;Продается;;7;'4.90;Показывается;;14.04.2023 12:49;Чехлы;Чехол для смартфона;'0.36;'0.1;1;0;3;0;0;7380.0;11990.0;;0%
Battery_White_6462;86961519;739935138;RND421588635;Кожаный чехол для iPhone 14 Pro Max с MagSafe KZDOO Mag Noble Collection, коричневый чехол для Айфон 14 Про Макс;'77.5;KZDOO;Продается;;11;'4.90;Показывается;;14.04.2023 16:03;Чехлы;Чехол для смартфона;'0.36;'0.1;5;0;5;0;0;7380.0;11990.0;;0%
Battery_Red_8974;34049820;466364621;RND959390477;Кожаный чехол для iPhone 14 Pro Max с MagSafe KZDOO Mag Noble Collection, белый чехол для Айфон 14 Про Макс;'77.5;KZDOO;Продается;;21;'4.90;Показывается;;14.04.2023 16:16;Чехлы;Чехол для смартфона;'0.36;'0.1;7;0;15;0;0;7380.0;11990.0;;0%
Accessory_Red_6911;92427659;349594545;RND736581052;Кожаный чехол для iPhone 14 Pro с MagSafe KZDOO Mag Noble Collection, красный чехол для Айфон 14 Про;'77.5;KZDOO;Продается;;9;'5.00;Показывается;;14.04.2023 16:49;Чехлы;Чехол для смартфона;'0.36;'0.1;12;0;10;0;0;7300.0;11990.0;;0%
Cable_Black_6882;23718170;315117001;RND133105608;Кожаный чехол для iPhone 14 Pro с MagSafe KZDOO Mag Noble Collection, коричневый чехол для Айфон 14 Про;'77.5;KZDOO;Продается;;9;'5.00;Показывается;;15.04.2023 11:11;Чехлы;Чехол для смартфона;'0.36;'0.1;3;0;0;0;0;7300.0;11990.0;;0%
Battery_Purple_9196;95356330;310582281;7326346296883;Кожаный чехол для iPhone 14 Pro с MagSafe KZDOO Mag Noble Collection, зеленый чехол для Айфон 14 Про;'77.5;KZDOO;Продается;;6;'5.00;Показывается;;15.04.2023 11:30;Чехлы;Чехол для смартфона;'0.36;'0.1;2;0;0;0;0;7300.0;11990.0;;0%
Adapter_Blue_6045;25574157;683646806;3961042092952;Кожаный чехол для iPhone 14 Pro с MagSafe KZDOO Mag Noble Collection, белый чехол для Айфон 14 Про;'77.5;KZDOO;Продается;;7;'5.00;Показывается;;15.04.2023 11:48;Чехлы;Чехол для смартфона;'0.36;'0.1;6;0;10;0;0;7300.0;11990.0;;0%
Accessory_Red_8590;12912332;883915019;RND503260636;Кожаный чехол для iPhone 13 Pro Max с MagSafe K-DOO Mag Noble Collection, черный чехол для Айфон 13 Про Макс;'52.5;K-DOO;Продается;;6;'4.50;Показывается;;15.04.2023 16:10;Чехлы;Чехол для смартфона;'0.36;'0.1;5;0;0;0;0;7380.0;11990.0;;0%
Cable_Black_5442;33647175;890942576;8770888781844;Кожаный чехол для iPhone 13 Pro Max с MagSafe K-DOO Mag Noble Collection, зеленый чехол для Айфон 13 Про Макс;'77.5;K-DOO;Продается;;2;'4.50;Показывается;;16.04.2023 9:59;Чехлы;Чехол для смартфона;'0.36;'0.1;2;0;0;0;0;7380.0;11990.0;;0%
Cover_Red_1643;99501687;186430039;9820120915488;Кожаный чехол для iPhone 13 Pro Max с MagSafe K-DOO Mag Noble Collection, красный чехол для Айфон 13 Про Макс;'77.5;K-DOO;Продается;;2;'4.50;Показывается;;16.04.2023 9:59;Чехлы;Чехол для смартфона;'0.36;'0.1;3;0;0;0;0;7380.0;11990.0;;0%
Cover_Blue_3075;99860936;786765272;RND806035508;Кожаный чехол для iPhone 13 Pro Max с MagSafe K-DOO Mag Noble Collection, голубой чехол для Айфон 13 Про Макс;'77.5;K-DOO;Продается;;2;'4.50;Показывается;;16.04.2023 9:59;Чехлы;Чехол для смартфона;'0.36;'0.1;8;0;0;0;0;7380.0;11990.0;;0%
Cable_Clear_2443;30612106;476677211;4203020217077;Кожаный чехол для iPhone 13 Pro Max с MagSafe K-DOO Mag Noble Collection, темно-синий чехол для Айфон 13 Про Макс;'52.5;K-DOO;Продается;;4;'4.50;Показывается;;16.04.2023 9:59;Чехлы;Чехол для смартфона;'0.36;'0.1;4;0;0;0;0;7980.0;11990.0;;0%
Battery_Pink_8963;51662870;219906049;9667155710296;Кожаный чехол для iPhone 13 Pro с MagSafe K-DOO Mag Noble Collection, темно-синий чехол для Айфон 13 Про;'77.5;K-DOO;Продается;;16;'4.70;Показывается;;16.04.2023 11:00;Чехлы;Чехол для смартфона;'0.36;'0.1;5;0;0;0;0;7180.0;11990.0;;0%
Glass_Clear_7723;45031869;400081344;3636257418340;Кожаный чехол для iPhone 13 Pro с MagSafe K-DOO Mag Noble Collection, зеленый чехол для Айфон 13 Про;'77.5;K-DOO;Продается;;14;'4.70;Показывается;;16.04.2023 11:00;Чехлы;Чехол для смартфона;'0.36;'0.1;11;0;5;0;0;7828.0;11990.0;;0%
Case_Pink_2386;51713526;739743288;3280216492874;Кожаный чехол для iPhone 13 Pro с MagSafe K-DOO Mag Noble Collection, голубой чехол для Айфон 13 Про;'77.5;K-DOO;Продается;;12;'4.70;Показывается;;16.04.2023 11:00;Чехлы;Чехол для смартфона;'0.36;'0.1;8;0;0;0;0;7828.0;11990.0;;0%
Case_Black_1457;51937789;604199815;RND731493179;Кожаный чехол для iPhone 13 Pro с MagSafe K-DOO Mag Noble Collection, черный чехол для Айфон 13 Про;'77.5;K-DOO;Продается;;26;'4.70;Показывается;;16.04.2023 11:00;Чехлы;Чехол для смартфона;'0.36;'0.1;8;0;3;0;0;7300.0;11990.0;;0%
Glass_Titanium_9224;66708303;136277090;6625850231573;Кожаный чехол для iPhone 13 Pro с MagSafe K-DOO Mag Noble Collection, красный чехол для Айфон 13 Про;'77.5;K-DOO;Продается;;0;'4.70;Показывается;;16.04.2023 11:00;Чехлы;Чехол для смартфона;'0.36;'0.1;10;0;0;0;0;7180.0;11990.0;;0%
Cable_Green_6071;40605442;520163438;7180336578402;Аккумуляторы Robiton 16340 (RCR123) Li-Ion 550 мАч 3.0В с защитой (2 шт);'62.5;Robiton;Продается;;57;'4.90;Показывается;;24.04.2023 8:34;Батарейки и аккумуляторы;Аккумуляторная батарейка;'0.02;'0.1;48;0;100;0;0;4200.0;11990.0;;0%
Cable_Pink_7310;76563157;489656389;9554290582857;Элемент питания (батарейка) Panasonic CR1616 2шт;'65;Panasonic;Не продается;;102;'0.00;Скрыт;Отсутствуют документы на бренд;02.05.2023 14:44;Батарейки и аккумуляторы;Батарейка;'0.01;'0.1;0;0;0;0;0;420.0;990.0;;0%
Glass_Blue_7490;55027377;261700580;3477349956028;Чехол для iPhone 13 Pro с Mag Safe Keephone Alloy, черный противоударный чехол для Айфон 13 Про;'77.5;KEEPHONE;Готов к продаже;;49;'3.50;Показывается;;13.05.2023 13:25;Чехлы;Чехол для смартфона;'0.39;'0.1;0;0;0;0;0;2850.0;3990.0;;0%
Cover_Red_2809;23693135;527355545;5041561117537;Чехол для iPhone 13 Pro с Mag Safe Keephone Mago Pro, синий противоударный чехол для Айфон 13 Про;'52.5;KEEPHONE;Готов к продаже;;1;'0.00;Показывается;;13.05.2023 13:56;Чехлы;Чехол для смартфона;'0.28;'0.1;0;0;0;0;0;5180.0;11990.0;;0%
Cover_White_3896;98710647;263434520;RND990860035;Чехол для iPhone 13 Pro с Mag Safe Keephone Mago Pro, фиолетовый противоударный чехол для Айфон 13 Про;'77.5;KEEPHONE;Готов к продаже;;2;'0.00;Показывается;;13.05.2023 13:56;Чехлы;Чехол для смартфона;'0.28;'0.1;0;0;0;0;0;2590.0;3390.0;;0%
Glass_Blue_9485;31422908;893201345;1330085227129;Чехол для iPhone 14 Pro с подставкой и Mag Safe Keephone Magico , черный противоударный чехол для Айфон 14 Про;'70;KEEPHONE;Готов к продаже;;20;'4.90;Показывается;;13.05.2023 15:37;Чехлы;Чехол для смартфона;'0.28;'0.1;0;0;0;0;0;3100.0;3990.0;;0%
Glass_Purple_5130;26537631;766139350;3027828928248;Чехол для iPhone 14 Pro с подставкой и MagSafe Keephone Magico, прозрачный противоударный чехол для Айфон 14 Про;'77.5;KEEPHONE;Продается;;4;'4.90;Показывается;;13.05.2023 15:37;Чехлы;Чехол для смартфона;'0.28;'0.1;1;0;0;0;0;5980.0;11990.0;;0%
Glass_Black_8606;18580217;645663558;RND984238648;Чехол для iPhone 14 Pro с подставкой и MagSafe Keephone Magico, фиолетовый противоударный чехол для Айфон 14 Про;'77.5;KEEPHONE;Готов к продаже;;16;'4.90;Показывается;;13.05.2023 15:37;Чехлы;Чехол для смартфона;'0.36;'0.1;0;0;0;0;0;3100.0;3990.0;;0%
Cable_Purple_3701;52885886;397970201;RND304573979;Чехол для iPhone 14 Pro с Mag Safe Keephone Mago Pro, фиолетовый противоударный чехол для Айфон 14 Про;'77.5;KEEPHONE;Продается;;22;'4.90;Показывается;;13.05.2023 16:08;Чехлы;Чехол для смартфона;'0.36;'0.1;1;0;0;0;0;2990.0;3990.0;;0%
Protector_Red_4563;76083288;523495751;1445006146085;Чехол для iPhone 14 Pro с Mag Safe Keephone Mago Pro, черный противоударный чехол для Айфон 14 Про;'77.5;KEEPHONE;Готов к продаже;;52;'4.90;Показывается;;13.05.2023 16:08;Чехлы;Чехол для смартфона;'0.36;'0.1;0;0;0;0;0;2990.0;3990.0;;0%
Cover_Blue_1986;83172553;789931329;2423795490411;Чехол для iPhone 14 Pro с Mag Safe Keephone Mago Pro, синий противоударный чехол для Айфон 14 Про;'77.5;KEEPHONE;Продается;;1;'4.90;Показывается;;13.05.2023 16:08;Чехлы;Чехол для смартфона;'0.28;'0.1;1;0;0;0;0;5980.0;11990.0;;0%
Glass_Blue_9750;68590162;706067245;RND773969208;Чехол для iPhone 14 с Mag Safe Keephone Non-Yellowing, прозрачный противоударный чехол для Айфон 14;'70;KEEPHONE;Готов к продаже;;13;'5.00;Показывается;;14.05.2023 14:02;Чехлы;Чехол для смартфона;'0.38;'0.1;0;0;0;0;0;2050.0;3990.0;;0%
Adapter_Blue_3427;10585213;992914684;RND656343202;Чехол для iPhone 14 KZDOO (K-DOO) Guardian, противоударный чехол для Айфон 14;'45;KZDOO;Продается;;2;'4.20;Показывается;;14.05.2023 14:44;Чехлы;Чехол для смартфона;'0.36;'0.1;1;0;10;0;0;3500.0;11990.0;;0%
Cable_Blue_6923;59698845;681067740;RND618514602;Чехол для iPhone 14 KZDOO (K-DOO) Guardian, прозрачный противоударный чехол для Айфон 14;'70;KZDOO;Продается;;4;'4.20;Показывается;;14.05.2023 14:44;Чехлы;Чехол для смартфона;'0.36;'0.1;4;0;0;0;0;3500.0;11990.0;;0%
Battery_Purple_2153;38636747;882715508;8564921557265;Чехол для iPhone 14 KZDOO (K-DOO) Guardian, фиолетовый противоударный чехол для Айфон 14;'70;KZDOO;Продается;;5;'4.20;Показывается;;14.05.2023 14:44;Чехлы;Чехол для смартфона;'0.36;'0.1;3;0;0;0;0;3500.0;11990.0;;0%
Protector_Green_5405;61778545;325570386;RND864676172;Чехол для iPhone 14 с Mag Safe Keephone Alloy, фиолетовый противоударный чехол для Айфон 14;'70;KEEPHONE;Готов к продаже;;11;'4.90;Показывается;;14.05.2023 16:03;Чехлы;Чехол для смартфона;'0.28;'0.1;0;0;0;0;0;2600.0;3990.0;;0%
Protector_Green_9855;42328552;608565055;4287776104942;Чехол для iPhone 14 с Mag Safe Keephone Alloy, синий противоударный чехол для Айфон 14;'70;KEEPHONE;Продается;;9;'4.90;Показывается;;14.05.2023 16:03;Чехлы;Чехол для смартфона;'0.28;'0.1;1;0;0;0;0;5200.0;11990.0;;0%
Battery_Red_3165;93582678;486833727;RND710654521;Чехол для iPhone 14 с MagSafe Keephone Alloy, зеленый противоударный чехол для Айфон 14;'70;KEEPHONE;Продается;;4;'4.90;Показывается;;14.05.2023 16:03;Чехлы;Чехол для смартфона;'0.28;'0.1;4;0;0;0;0;5200.0;11990.0;;0%
Protector_Pink_9734;21339297;978624143;RND441177987;Чехол для iPhone 14 с Mag Safe Keephone Alloy, черный противоударный чехол для Айфон 14;'70;KEEPHONE;Готов к продаже;;22;'4.90;Показывается;;14.05.2023 16:03;Чехлы;Чехол для смартфона;'0.28;'0.1;0;0;0;0;0;2600.0;3990.0;;0%
Cover_Red_9926;44979719;910911871;RND335375652;Кожаный чехол для iPhone 14 KZDOO Noble Collection, синий чехол для Айфон 14;'70;KZDOO;Продается;;8;'4.90;Показывается;;15.05.2023 11:58;Чехлы;Чехол для смартфона;'0.36;'0.1;5;0;5;0;0;5580.0;11990.0;;0%
Cover_Black_1874;76992081;986836228;5721765241403;Кожаный чехол для iPhone 14 KZDOO Noble Collection, зеленый чехол для Айфон 14;'70;KZDOO;Продается;;3;'4.90;Показывается;;15.05.2023 11:58;Чехлы;Чехол для смартфона;'0.36;'0.1;3;0;0;0;0;5580.0;11990.0;;0%
Cable_Blue_1952;73831705;767131388;RND182322657;Кожаный чехол для iPhone 14 KZDOO Noble Collection, белый чехол для Айфон 14;'70;KZDOO;Продается;;2;'4.90;Показывается;;15.05.2023 11:58;Чехлы;Чехол для смартфона;'0.36;'0.1;8;0;0;0;0;5580.0;11990.0;;0%
Case_Titanium_8132;15872684;930484007;4893707691656;Кожаный чехол для iPhone 14 KZDOO Noble Collection, желтый чехол для Айфон 14;'70;KZDOO;Продается;;3;'4.90;Показывается;;15.05.2023 11:58;Чехлы;Чехол для смартфона;'0.36;'0.1;3;0;0;0;0;5580.0;11990.0;;0%
Accessory_Clear_3049;10184329;637305355;3795468875191;Кожаный чехол для iPhone 14 KZDOO Noble Collection, коричневый чехол для Айфон 14;'70;KZDOO;Готов к продаже;;6;'4.90;Показывается;;15.05.2023 11:58;Чехлы;Чехол для смартфона;'0.36;'0.1;0;0;0;0;0;2790.0;3990.0;;0%
Cover_White_3360;91672485;115441931;RND973697445;Кожаный чехол для iPhone 14 KZDOO Noble Collection, оранжевый чехол для Айфон 14;'70;KZDOO;Готов к продаже;;4;'4.90;Показывается;;15.05.2023 11:58;Чехлы;Чехол для смартфона;'0.36;'0.1;0;0;0;0;0;2790.0;3990.0;;0%
Battery_Red_6207;65859857;588233683;5579071909377;Кожаный чехол для iPhone 14 KZDOO Noble Collection, розовый чехол для Айфон 14;'45;KZDOO;Продается;;2;'4.90;Показывается;;15.05.2023 11:58;Чехлы;Чехол для смартфона;'0.36;'0.1;8;0;0;0;0;5580.0;11990.0;;0%
Cable_Red_2943;22845713;162262521;RND977555992;Кожаный чехол для iPhone 14 KZDOO Noble Collection, черный чехол для Айфон 14;'70;KZDOO;Продается;;27;'4.90;Показывается;;15.05.2023 11:58;Чехлы;Чехол для смартфона;'0.36;'0.1;11;0;5;0;0;5580.0;11990.0;;0%
Adapter_Blue_5992;42231522;714475558;RND991801801;Чехол для iPhone 14 KZDOO KEVLAR, коричневый кевларовый чехол для Айфон 14;'40;KZDOO;Готов к продаже;;0;'4.80;Показывается;;16.05.2023 10:23;Чехлы;Чехол для смартфона;'0.36;'0.1;0;0;0;0;0;4990.0;8000.0;;0%
Case_Blue_6505;41433365;109773129;1308081972814;Чехол для iPhone 14 KZDOO KEVLAR, фиолетовый кевларовый чехол для Айфон 14;'40;KZDOO;Продается;;0;'4.80;Показывается;;16.05.2023 10:23;Чехлы;Чехол для смартфона;'0.36;'0.1;5;0;0;0;0;9980.0;11990.0;;0%
Accessory_Blue_6571;29765750;976480582;1821245317924;Чехол для iPhone 14 KZDOO KEVLAR, черный кевларовый чехол для Айфон 14;'65;KZDOO;Продается;;8;'4.80;Показывается;;16.05.2023 10:23;Чехлы;Чехол для смартфона;'0.36;'0.1;5;0;0;0;0;10880.0;11990.0;;0%
Protector_White_9818;51868600;687765164;5800498867019;Чехол для iPhone 14 KZDOO KEVLAR, красный кевларовый чехол для Айфон 14;'40;KZDOO;Продается;;0;'4.80;Показывается;;16.05.2023 10:23;Чехлы;Чехол для смартфона;'0.36;'0.1;9;0;0;0;0;9980.0;11990.0;;0%
Glass_Red_3255;93665319;462678365;RND126841888;Ультратонкий чехол для iPhone 14 KZDOO Air Skin с защитой камер, зеленый супертонкий чехол для Айфон 14;'70;KZDOO;Продается;;27;'4.70;Показывается;;17.05.2023 13:01;Чехлы;Чехол для смартфона;'0.36;'0.1;13;0;10;0;0;2500.0;11990.0;;0%
Cover_White_6938;79544557;222472500;5126281703253;Ультратонкий чехол для iPhone 14 KZDOO Air Skin с защитой камер, розовый супертонкий чехол для Айфон 14;'70;KZDOO;Продается;;6;'4.70;Показывается;;17.05.2023 13:01;Чехлы;Чехол для смартфона;'0.36;'0.1;4;0;10;0;0;2500.0;11990.0;;0%
Accessory_Black_7840;32547367;764857343;6860224238692;Ультратонкий чехол для iPhone 14 KZDOO Air Skin с защитой камер, черный супертонкий чехол для Айфон 14;'70;KZDOO;Продается;;79;'4.70;Показывается;;17.05.2023 13:01;Чехлы;Чехол для смартфона;'0.36;'0.1;6;0;9;0;0;2580.0;11990.0;;0%
Cover_Black_3616;10862697;476898818;5979324594555;Ультратонкий чехол для iPhone 14 KZDOO Air Skin с защитой камер, красный супертонкий чехол для Айфон 14;'45;KZDOO;Готов к продаже;;3;'4.70;Показывается;;17.05.2023 13:01;Чехлы;Чехол для смартфона;'0.36;'0.1;0;0;0;0;0;1290.0;2990.0;;0%
Cable_Green_9267;86361625;492819647;RND322097031;Ультратонкий чехол для iPhone 14 KZDOO Air Skin с защитой камер, белый супертонкий чехол для Айфон 14;'70;KZDOO;Продается;;44;'4.70;Показывается;;17.05.2023 13:01;Чехлы;Чехол для смартфона;'0.36;'0.1;2;0;8;0;0;2580.0;11990.0;;0%
Glass_White_2875;83004570;977698023;5790543763088;Ультратонкий чехол для iPhone 14 KZDOO (K-DOO) Air Carbon с защитой камер, зеленый супертонкий чехол для Айфон 14;'45;KZDOO;Продается;;2;'5.00;Показывается;;17.05.2023 13:49;Чехлы;Чехол для смартфона;'0.36;'0.1;2;0;0;0;0;2596.0;11990.0;;0%
Case_Titanium_2602;57276749;782390281;RND816732556;Ультратонкий чехол KZDOO Air Skin для iPhone 14 Pro с защитой камер, фиолетовый супертонкий чехол для Айфон 14 Про;'77.5;KZDOO;Продается;;51;'4.90;Показывается;;17.05.2023 13:57;Чехлы;Чехол для смартфона;'0.36;'0.1;1;0;7;0;0;2700.0;11990.0;;0%
Accessory_Green_2816;28584672;338355043;8713446853214;Ультратонкий чехол для iPhone 14 Pro Max KZDOO Air Skin с защитой камер, фиолетовый супертонкий чехол для Айфон 14 Про Макс;'77.5;KZDOO;Продается;;47;'4.30;Показывается;;17.05.2023 14:10;Чехлы;Чехол для смартфона;'1.58;'0.3;4;0;9;0;0;2700.0;11990.0;;0%
Case_Black_5122;69319104;789758632;2861386788412;Чехол для iPhone 14 KZDOO Seashell, жемчужно-белый чехол для Айфон 14;'45;KZDOO;Готов к продаже;;4;'5.00;Показывается;;17.05.2023 15:27;Чехлы;Чехол для смартфона;'0.36;'0.1;0;0;0;0;0;2490.0;3790.0;;0%
Adapter_Green_3422;66812041;189063789;7592440328095;Чехол для iPhone 14 KZDOO Seashell, голубой чехол для Айфон 14;'70;KZDOO;Продается;;3;'5.00;Показывается;;17.05.2023 15:27;Чехлы;Чехол для смартфона;'0.36;'0.1;1;0;0;0;0;4000.0;11990.0;;0%
Glass_Titanium_7918;32104438;626158857;3727193964518;Чехол для Samsung Galaxy S23 ультратонкий KZDOO Air Carbon, черный супертонкий чехол для Самсунг Галакси S23;'75;KZDOO;Готов к продаже;;137;'4.90;Показывается;;22.05.2023 10:51;Чехлы;Чехол для смартфона;'0.36;'0.1;0;0;0;0;0;1450.0;2990.0;;0%
Cable_White_8592;71711794;862050053;9244861958326;Ультратонкий чехол для Samsung Galaxy S23 KZDOO Air Carbon, фиолетовый супертонкий чехол для Самсунг Галакси S23;'52.5;KZDOO;Продается;;24;'4.90;Показывается;;22.05.2023 10:51;Чехлы;Чехол для смартфона;'0.36;'0.1;4;0;0;0;0;2780.0;11990.0;;0%
Case_Titanium_5942;21211393;820199284;RND944028059;Ультратонкий чехол для Samsung Galaxy S23 KZDOO Air Carbon, синий супертонкий чехол для Самсунг Галакси S23;'77.5;KZDOO;Продается;;18;'4.90;Показывается;;22.05.2023 10:51;Чехлы;Чехол для смартфона;'0.36;'0.1;5;0;0;0;0;2780.0;11990.0;;0%
Protector_White_9833;49132311;120292591;RND947671739;Ультратонкий чехол для Samsung Galaxy S23 KZDOO Air Carbon, зеленый супертонкий чехол для Самсунг Галакси S23;'52.5;KZDOO;Готов к продаже;;70;'4.90;Показывается;;22.05.2023 10:51;Чехлы;Чехол для смартфона;'0.36;'0.1;0;0;0;0;0;2780.0;11990.0;;0%
Adapter_Clear_1693;48061680;135601389;7459577586021;Кожаный чехол для Samsung Galaxy S23 KZDOO Noble Collection, синий чехол для Самсунг Галкси S23;'77.5;KZDOO;Продается;;8;'5.00;Показывается;;22.05.2023 11:54;Чехлы;Чехол для смартфона;'0.36;'0.1;7;0;8;0;0;5500.0;11990.0;;0%
Case_Clear_2413;43309278;853376976;6422398553622;Кожаный чехол для Samsung Galaxy S23 KZDOO Noble Collection, фиолетовый чехол для Самсунг Галкси S23;'77.5;KZDOO;Продается;;9;'5.00;Показывается;;22.05.2023 11:54;Чехлы;Чехол для смартфона;'0.36;'0.1;3;0;0;0;0;5500.0;11990.0;;0%
Cable_Green_4325;19845946;469415184;RND484555881;Кожаный чехол для Samsung Galaxy S23 KZDOO Noble Collection, черный чехол для Самсунг Галкси S23;'65;KZDOO;Готов к продаже;;4;'5.00;Показывается;;22.05.2023 11:54;Чехлы;Чехол для смартфона;'0.36;'0.1;0;0;0;0;0;5500.0;11990.0;;0%
Adapter_Black_4513;86130223;265651270;8368857189692;Чехол для Samsung Galaxy S23 KZDOO KEVLAR, фиолетовый кевларовый чехол для Самсунг Галакси S23;'52.5;KZDOO;Готов к продаже;;0;'4.70;Показывается;;22.05.2023 12:36;Чехлы;Чехол для смартфона;'0.36;'0.1;0;0;0;0;0;5396.0;5990.0;;0%
Adapter_Clear_8284;58802258;693128561;2792947951996;Чехол для Samsung Galaxy S23 KZDOO KEVLAR, черный кевларовый чехол для Самсунг Галакси S23;'77.5;KZDOO;Продается;;17;'4.70;Показывается;;22.05.2023 12:36;Чехлы;Чехол для смартфона;'0.40;'0.1;2;0;10;0;0;9980.0;11990.0;;0%
Accessory_White_5238;83145157;890957083;6480886844132;Чехол для Samsung Galaxy S23 с Mag Safe Keephone Alloy, черный противоударный чехол для Самсунг Галакси S23;'87.5;KEEPHONE;Готов к продаже;;134;'4.80;Показывается;;22.05.2023 13:13;Чехлы;Чехол для смартфона;'0.39;'0.1;0;0;0;0;0;3090.0;3990.0;;0%
Battery_Red_4251;66866067;653515930;1494884023989;Чехол для iPhone 13 Pro Max с Mag Safe Keephone Mago Pro, синий противоударный чехол для Айфон 13 Про Макс;'52.5;KEEPHONE;Продается;;2;'5.00;Показывается;;26.05.2023 10:01;Чехлы;Чехол для смартфона;'0.39;'0.1;3;0;0;0;0;4780.0;11990.0;;0%
Cable_White_8542;46247752;528506445;5893229391689;Чехол для iPhone 13 Pro Max с Mag Safe Keephone Mago Pro, фиолетовый противоударный чехол для Айфон 13 Про Макс;'77.5;KEEPHONE;Готов к продаже;;9;'5.00;Показывается;;26.05.2023 10:01;Чехлы;Чехол для смартфона;'0.39;'0.1;0;0;0;0;0;3400.0;3990.0;;0%
Adapter_Green_1792;80515783;405199985;RND709814926;Чехол для iPhone 14 Pro Max с подставкой и Mag Safe Keephone Magico, фиолетовый противоударный чехол для Айфон 14 Про Макс;'52.5;KEEPHONE;Продается;;17;'4.40;Показывается;;26.05.2023 13:36;Чехлы;Чехол для смартфона;'0.28;'0.1;4;0;0;0;0;6200.0;11990.0;;0%
Battery_Black_4824;62788016;419967848;RND911017642;Чехол для iPhone 14 Pro Max с подставкой и Mag Safe Keephone Magico, прозрачный противоударный чехол для Айфон 14 Про Макс;'77.5;KEEPHONE;Готов к продаже;;8;'4.40;Показывается;;26.05.2023 13:36;Чехлы;Чехол для смартфона;'0.28;'0.1;0;0;0;0;0;3100.0;3990.0;;0%
Cover_Black_9949;93115104;632525864;9038349929865;Чехол для iPhone 14 Pro Max с подставкой и Mag Safe Keephone Magico, черный противоударный чехол для Айфон 14 Про Макс;'77.5;KEEPHONE;Готов к продаже;;36;'4.40;Показывается;;26.05.2023 13:36;Чехлы;Чехол для смартфона;'0.28;'0.1;0;0;0;0;0;3100.0;3990.0;;0%
Protector_Red_5637;96064436;172252606;4608899341385;Чехол для iPhone 14 Pro Max Keephone Mago Pro с Mag Safe, фиолетовый противоударный чехол для Айфон 14 Про Макс;'77.5;KEEPHONE;Готов к продаже;;7;'5.00;Показывается;;26.05.2023 15:15;Чехлы;Чехол для смартфона;'0.28;'0.1;0;0;0;0;0;2890.0;3490.0;;0%
Cable_Titanium_4201;42675212;780141670;RND932553268;Чехол для iPhone 14 Pro Max Keephone Mago Pro с Mag Safe, синий противоударный чехол для Айфон 14 Про Макс;'77.5;KEEPHONE;Готов к продаже;;2;'5.00;Показывается;;26.05.2023 15:15;Чехлы;Чехол для смартфона;'0.28;'0.1;0;0;0;0;0;2890.0;3490.0;;0%
Accessory_Titanium_3279;34266602;216372068;RND172147928;Чехол для iPhone 14 Pro Max Keephone Mago Pro с Mag Safe , черный противоударный чехол для Айфон 14 Про Макс;'52.5;KEEPHONE;Готов к продаже;;22;'5.00;Показывается;;26.05.2023 15:15;Чехлы;Чехол для смартфона;'0.28;'0.1;0;0;0;0;0;2990.0;3490.0;;0%
Battery_Titanium_5887;93269823;152129418;4088663996768;Ультратонкий чехол для iPhone 13 K-DOO Air Skin , красный супертонкий чехол для Айфон 13;'70;K-DOO;Продается;;14;'4.80;Показывается;;29.05.2023 10:26;Чехлы;Чехол для смартфона;'0.36;'0.1;2;0;4;0;0;2580.0;11990.0;;0%
Protector_Pink_7453;25295170;137837366;RND449926312;Ультратонкий чехол для iPhone 13 K-DOO Air Skin , зеленый супертонкий чехол для Айфон 13;'70;K-DOO;Продается;;28;'4.80;Показывается;;29.05.2023 10:26;Чехлы;Чехол для смартфона;'0.36;'0.1;4;0;10;0;0;2580.0;11990.0;;0%
Cable_Red_5407;36537893;626231760;RND663802524;Ультратонкий чехол для iPhone 13 K-DOO Air Skin , розовый супертонкий чехол для Айфон 13;'70;K-DOO;Готов к продаже;;18;'4.80;Показывается;;29.05.2023 10:26;Чехлы;Чехол для смартфона;'0.36;'0.1;0;0;0;0;0;1290.0;1690.0;;0%
Cover_Blue_1821;31279436;954804161;9198852691439;Ультратонкий чехол для iPhone 13 K-DOO Air Skin , белый супертонкий чехол для Айфон 13;'82.5;K-DOO;Продается;;78;'4.80;Показывается;;29.05.2023 10:26;Чехлы;Чехол для смартфона;'0.36;'0.1;15;0;10;0;0;2700.0;11990.0;;0%
Case_Pink_8803;64196957;698424704;9341393787584;Ультратонкий чехол для iPhone 13 K-DOO Air Skin , черный супертонкий чехол для Айфон 13;'70;K-DOO;Продается;;70;'4.80;Показывается;;29.05.2023 10:26;Чехлы;Чехол для смартфона;'0.36;'0.1;13;0;10;0;0;2580.0;11990.0;;0%
Glass_White_9109;71943453;163076097;RND870529009;Чехол для iPhone 14 Pro Raigor Inverse с Mag Safe, фиолетовый противоударный чехол для Айфон 14 Про;'77.5;Raigor;Продается;;2;'0.00;Показывается;;10.06.2023 8:41;Чехлы;Чехол для смартфона;'0.36;'0.1;1;0;0;0;0;5180.0;11990.0;;0%
Protector_Purple_5805;58083290;848696793;RND291383638;Ультратонкий чехол для Samsung Galaxy S23 Plus (S23+) KZDOO Air Carbon, фиолетовый супертонкий чехол для Самсунг Галакси S23 Плюс;'77.5;KZDOO;Продается;;15;'4.40;Показывается;;11.06.2023 10:03;Чехлы;Чехол для смартфона;'0.36;'0.1;17;0;0;0;0;2900.0;11990.0;;0%
Glass_Pink_6558;31894597;482201515;4287844936840;Ультратонкий чехол для Samsung Galaxy S23 Plus (S23+) KZDOO Air Carbon, синий супертонкий чехол для Самсунг Галакси S23 Плюс;'77.5;KZDOO;Продается;;5;'4.40;Показывается;;11.06.2023 10:03;Чехлы;Чехол для смартфона;'0.36;'0.1;12;0;0;0;0;2900.0;11990.0;;0%
Cable_Red_4992;78731365;485353013;5890424047826;Ультратонкий чехол для Samsung Galaxy S23 Plus (S23+) KZDOO Air Carbon, черный супертонкий чехол для Самсунг Галакси S23 Плюс;'100;KZDOO;Продается;;85;'4.40;Показывается;;11.06.2023 10:03;Чехлы;Чехол для смартфона;'0.36;'0.1;10;0;8;0;0;2900.0;11990.0;;0%
Protector_Black_7306;96039252;338805008;9194107475215;Ультратонкий чехол для Samsung Galaxy S23 Plus (S23+) KZDOO Air Carbon, зеленый супертонкий чехол для Самсунг Галакси S23 Плюс;'77.5;KZDOO;Продается;;34;'4.40;Показывается;;11.06.2023 10:03;Чехлы;Чехол для смартфона;'0.36;'0.1;6;0;10;0;0;2780.0;11990.0;;0%
Adapter_Black_7041;42063660;271027510;3684004145505;Кожаный чехол для Samsung Galaxy S23 Plus (S23+) KZDOO Noble Collection, синий чехол для Самсунг Галкси S23 Плюс;'52.5;KZDOO;Готов к продаже;;6;'5.00;Показывается;;11.06.2023 10:43;Чехлы;Чехол для смартфона;'0.36;'0.1;0;0;0;0;0;2690.0;4590.0;;0%
Accessory_Pink_9737;37432296;448892004;RND699784997;Кожаный чехол для Samsung Galaxy S23 Plus (S23+) KZDOO Noble Collection, фиолетовый чехол для Самсунг Галкси S23 Плюс;'52.5;KZDOO;Продается;;9;'5.00;Показывается;;11.06.2023 10:43;Чехлы;Чехол для смартфона;'0.36;'0.1;0;0;10;0;0;5500.0;11990.0;;0%
Case_Titanium_1435;64484513;624759075;2548272341474;Кожаный чехол для Samsung Galaxy S23 Plus (S23+) KZDOO Noble Collection, черный чехол для Самсунг Галкси S23 Плюс;'40;KZDOO;Продается;;11;'5.00;Показывается;;11.06.2023 10:43;Чехлы;Чехол для смартфона;'0.36;'0.1;1;0;0;0;0;5500.0;11990.0;;0%
Glass_Pink_6184;82840986;251512383;RND748843561;Кожаный чехол для iPhone 14 Pro Max с MagSafe KZDOO Mag Noble Collection, желтый чехол для Айфон 14 Про Макс;'52.5;KZDOO;Продается;;6;'4.90;Показывается;;11.06.2023 11:48;Чехлы;Чехол для смартфона;'0.36;'0.1;4;0;0;0;0;7500.0;11990.0;;0%
Cable_Green_5161;65137921;163636428;RND273381014;Кожаный чехол для iPhone 14 Pro Max с MagSafe KZDOO Mag Noble Collection, оранжевый чехол для Айфон 14 Про Макс;'52.5;KZDOO;Продается;;4;'4.90;Показывается;;11.06.2023 11:48;Чехлы;Чехол для смартфона;'0.36;'0.1;2;0;1;0;0;7300.0;11990.0;;0%
Glass_Blue_1968;52497074;545915888;1281159593849;Кожаный чехол для iPhone 14 Pro Max с MagSafe KZDOO Mag Noble Collection, розовый чехол для Айфон 14 Про Макс;'77.5;KZDOO;Продается;;4;'4.90;Показывается;;11.06.2023 11:48;Чехлы;Чехол для смартфона;'0.36;'0.1;4;0;0;0;0;8200.0;11990.0;;0%
Accessory_Green_9223;89679032;926431203;5459916500939;Кожаный чехол для iPhone 14 Pro с MagSafe KZDOO Mag Noble Collection, оранжевый чехол для Айфон 14 Про;'52.5;KZDOO;Продается;;8;'5.00;Показывается;;11.06.2023 13:24;Чехлы;Чехол для смартфона;'0.36;'0.1;3;0;6;0;0;7500.0;11990.0;;0%
Accessory_Clear_5908;89683009;306366962;5648475120642;Кожаный чехол для iPhone 14 Pro с MagSafe KZDOO Mag Noble Collection, желтый чехол для Айфон 14 Про;'77.5;KZDOO;Продается;;5;'5.00;Показывается;;11.06.2023 13:24;Чехлы;Чехол для смартфона;'0.36;'0.1;2;0;5;0;0;7500.0;11990.0;;0%
Cable_Green_4548;81179951;706958760;RND906388457;Кожаный чехол для iPhone 14 Pro с MagSafe KZDOO Mag Noble Collection, розовый чехол для Айфон 14 Про;'77.5;KZDOO;Продается;;3;'5.00;Показывается;;11.06.2023 13:24;Чехлы;Чехол для смартфона;'0.36;'0.1;4;0;0;0;0;7500.0;11990.0;;0%
Cable_Red_9619;26948092;176718875;RND748728493;Чехол для Samsung Galaxy S23 Plus (S23+) KZDOO KEVLAR, черный кевларовый чехол для Самсунг Галакси S23 Плюс;'77.5;KZDOO;Готов к продаже;;4;'5.00;Показывается;;17.06.2023 12:18;Чехлы;Чехол для смартфона;'0.36;'0.1;0;0;0;0;0;4990.0;9000.0;;0%
Cable_Green_2989;79503568;286950629;RND594273297;Чехол для Samsung Galaxy S23 Plus (S23+) KZDOO KEVLAR, фиолетовый кевларовый чехол для Самсунг Галакси S23 Плюс;'52.5;KZDOO;Продается;;1;'5.00;Показывается;;17.06.2023 12:18;Чехлы;Чехол для смартфона;'0.36;'0.1;1;0;0;0;0;9980.0;11990.0;;0%
Adapter_Purple_9758;72564592;435879030;RND341494321;Чехол для Samsung Galaxy S23 Plus (S23+) с Mag Safe Keephone Alloy, черный противоударный чехол для Самсунг Галакси S23 Плюс;'77.5;KEEPHONE;Продается;;92;'5.00;Показывается;;17.06.2023 12:45;Чехлы;Чехол для смартфона;'0.36;'0.1;1;0;0;0;0;6380.0;11990.0;;0%
Accessory_White_7688;71533207;167262897;RND951522883;Чехол для Samsung Galaxy S23 Ultra с Mag Safe Keephone Alloy ударопрочный, черный противоударный чехол для Самсунг Галакси S23 Ультра;'100;KEEPHONE;Готов к продаже;;529;'4.90;Показывается;;19.06.2023 15:12;Чехлы;Чехол для смартфона;'0.39;'0.1;0;0;0;0;0;3368.0;4990.0;;0%
Glass_Clear_3326;89572020;943073609;1481075798158;Чехол для Samsung Galaxy S23 Ultra KZDOO Q Series с защитой камер, тонкий силиконовый черный чехол для Самсунг Галакси S23 Ультра;'90;KZDOO;Продается;;54;'4.90;Показывается;;26.06.2023 10:42;Чехлы;Чехол для смартфона;'0.36;'0.1;22;0;10;0;0;2200.0;7900.0;;0%
Battery_Black_1471;85617827;189831832;RND563206578;Чехол для Samsung Galaxy S23 Ultra K-DOO Air Skin, прозрачный супертонкий чехол для Самсунг Галакси S23 Ультра;'87.5;KZDOO;Готов к продаже;;112;'4.70;Показывается;;26.06.2023 11:06;Чехлы;Чехол для смартфона;'0.36;'0.1;0;0;0;0;0;1490.0;2090.0;;0%
Case_Black_7324;59733223;142334146;5120529257100;Чехол для Samsung Galaxy S23 Ultra K-DOO Air Skin с защитой камер, черный супертонкий чехол для Самсунг Галакси S23 Ультра;'90;KZDOO;Продается;;149;'4.70;Показывается;;26.06.2023 11:06;Чехлы;Чехол для смартфона;'0.36;'0.1;30;0;9;0;0;2980.0;11990.0;;0%
Protector_Green_7113;17798306;774280593;9438175501880;Чехол для iPhone 14 Pro с MagSafe Keephone KEVILAR, черный кевларовый чехол для Айфон 14 Про;'77.5;KEEPHONE;Продается;;6;'4.80;Показывается;;29.06.2023 11:55;Чехлы;Чехол для смартфона;'0.41;'0.1;3;0;8;0;1;5990.0;11990.0;;0%
Glass_Pink_6483;73569773;563991148;RND853586236;Чехол для iPhone 14 Pro с MagSafe Keephone KEVILAR, синий кевларовый чехол для Айфон 14 Про;'77.5;KEEPHONE;Продается;;1;'4.80;Показывается;;29.06.2023 12:44;Чехлы;Чехол для смартфона;'0.41;'0.1;1;0;0;0;0;6100.0;11990.0;;0%
Battery_Red_1287;99101626;917554362;RND385983132;Чехол для iPhone 14 Pro с MagSafe Keephone KEVILAR, фиолетовый кевларовый чехол для Айфон 14 Про;'70;KEEPHONE;Продается;;19;'4.80;Показывается;;29.06.2023 12:44;Чехлы;Чехол для смартфона;'0.41;'0.1;3;0;4;0;0;5990.0;11990.0;;0%
Adapter_Blue_7417;45169871;215998796;9557686368057;Чехол для iPhone 14 Pro Max с MagSafe Keephone KEVILAR, синий кевларовый чехол для Айфон 14 Про Макс;'77.5;KEEPHONE;Готов к продаже;;10;'4.90;Показывается;;29.06.2023 14:31;Чехлы;Чехол для смартфона;'0.41;'0.1;0;0;0;0;0;5990.0;7490.0;;0%
Protector_Green_5934;17533917;440612108;RND306332248;Чехол для iPhone 14 Pro Max с MagSafe Keephone KEVILAR, фиолетовый кевларовый чехол для Айфон 14 Про Макс;'90;KEEPHONE;Продается;;25;'4.90;Показывается;;29.06.2023 14:31;Чехлы;Чехол для смартфона;'0.41;'0.1;0;0;9;0;0;5990.0;11990.0;;0%
Glass_Clear_3827;91973681;647752223;1713403672336;Чехол для iPhone 14 Pro Max с MagSafe Keephone KEVILAR, черный кевларовый чехол для Айфон 14 Про Макс;'70;KEEPHONE;Готов к продаже;;34;'4.90;Показывается;;29.06.2023 14:37;Чехлы;Чехол для смартфона;'0.41;'0.1;0;0;0;0;0;5990.0;7490.0;;0%
Glass_Titanium_8231;45539634;771649792;1428474741081;Чехол для Samsung Galaxy S23 Ultra KZDOO KEIVLAR, зеленый кевларовый чехол для Самсунг Галакси S23 Ультра;'70;KZDOO;Готов к продаже;;1;'5.00;Показывается;;29.06.2023 16:01;Чехлы;Чехол для смартфона;'0.36;'0.1;0;0;0;0;0;9980.0;11990.0;;0%
Case_Blue_9191;70958282;167999146;1923710361355;Чехол для Samsung Galaxy S23 Ultra KZDOO KEIVLAR, фиолетовы кевларовый чехол для Самсунг Галакси S23 Ультра;'70;KZDOO;Продается;;2;'5.00;Показывается;;29.06.2023 16:01;Чехлы;Чехол для смартфона;'0.36;'0.1;1;0;0;0;0;9980.0;11990.0;;0%
Accessory_Blue_2778;68067440;278411260;RND158523856;Чехол для Samsung Galaxy S23 Ultra KZDOO KEIVLAR, черный кевларовый чехол для Самсунг Галакси S23 Ультра;'70;KZDOO;Продается;;2;'5.00;Показывается;;29.06.2023 16:01;Чехлы;Чехол для смартфона;'0.36;'0.1;0;0;1;0;0;9980.0;11990.0;;0%
Cover_White_5920;52292281;744832899;RND108845967;ПРИВАТНОЕ СТЕКЛО для iPhone 12 / 12 Pro REMAX Privacy с олеофобным покрытием, защитное стекло антишпион для Айфон 12,12 Про;'75;REMAX;Продается;;10;'0.00;Показывается;;24.08.2023 14:16;Защитные пленки и стекла;Защитное стекло;'0.17;'0.1;7;0;0;0;0;1200.0;4900.0;;0%
Cover_White_1307;54716892;557886574;4059250749655;ПРИВАТНОЕ СТЕКЛО для iPhone 11 / XR REMAX Privacy с олеофобным покрытием, защитное стекло антишпион для Айфон 11 / XR;'82.5;REMAX;Продается;;149;'5.00;Показывается;;24.08.2023 14:22;Защитные пленки и стекла;Защитное стекло;'0.17;'0.1;0;0;95;0;2;1380.0;4900.0;;0%
Case_Purple_8538;83435745;165233306;RND845409156;Чехол для iPhone 13 Pro Max с Mag Safe Keephone Alloy, черный противоударный чехол для Айфон 13 Про Макс;'70;KEEPHONE;Готов к продаже;;37;'5.00;Показывается;;06.09.2023 9:19;Чехлы;Чехол для смартфона;'0.39;'0.1;0;0;0;0;0;2950.0;3990.0;;0%
Glass_Purple_7587;57400398;727434178;RND765035148;Кожаный чехол для iPhone 13 Pro с MagSafe K-DOO Mag Noble Collection, желтый чехол для Айфон 13 Про;'70;K-DOO;Продается;;3;'4.70;Показывается;;06.09.2023 13:31;Чехлы;Чехол для смартфона;'0.36;'0.1;13;0;0;0;0;7180.0;11990.0;;0%
Accessory_Titanium_9236;72745971;457322039;RND195824081;Кожаный чехол для iPhone 13 Pro с MagSafe K-DOO Mag Noble Collection, розовый чехол для Айфон 13 Про;'70;K-DOO;Продается;;1;'4.70;Показывается;;06.09.2023 13:31;Чехлы;Чехол для смартфона;'0.36;'0.1;2;0;0;0;0;7180.0;11990.0;;0%
Protector_Black_6416;65823989;956316778;9840819617526;Кожаный чехол для iPhone 13 Pro с MagSafe K-DOO Mag Noble Collection, белый чехол для Айфон 13 Про;'45;K-DOO;Продается;;7;'4.70;Показывается;;06.09.2023 13:31;Чехлы;Чехол для смартфона;'0.36;'0.1;6;0;10;0;0;7300.0;11990.0;;0%
Battery_Green_4936;61106775;576838648;2641217825167;Кожаный чехол для iPhone 13 Pro с MagSafe K-DOO Mag Noble Collection, коричневый чехол для Айфон 13 Про;'45;K-DOO;Продается;;0;'4.70;Показывается;;06.09.2023 13:31;Чехлы;Чехол для смартфона;'0.36;'0.1;9;0;0;0;0;7180.0;11990.0;;0%
Glass_Blue_1566;61902041;365444983;6440177903411;Кожаный чехол для iPhone 13 Pro с MagSafe K-DOO Mag Noble Collection, оранжевый чехол для Айфон 13 Про;'70;K-DOO;Готов к продаже;;2;'4.70;Показывается;;06.09.2023 13:31;Чехлы;Чехол для смартфона;'0.36;'0.1;0;0;0;0;0;3590.0;4990.0;;0%
Cover_Green_1968;68790439;106508375;1408585090272;Элемент питания CR1616 Varta 2шт., батарейка Варта CR1616;'65;Varta;Продается;;17;'5.00;Показывается;;07.09.2023 10:16;Батарейки и аккумуляторы;Батарейка;'0.04;'0.1;0;0;464;0;2;1540.0;4900.0;;0%
Protector_Black_5014;80385121;614512904;RND875882869;Элемент питания CR1620 Varta 2шт., батарейка Варта CR1620;'65;Varta;Продается;;6;'5.00;Показывается;;07.09.2023 12:55;Батарейки и аккумуляторы;Батарейка;'0.04;'0.1;0;0;80;0;0;2000.0;7900.0;;0%
Case_Pink_7872;13529811;498799698;RND623248871;Элемент питания CR1632 Varta, батарейка Варта CR1632;'65;Varta;Продается;;21;'4.90;Показывается;;07.09.2023 14:14;Батарейки и аккумуляторы;Батарейка;'0.04;'0.1;0;0;465;0;0;1360.0;4900.0;;0%
Glass_Green_6817;46278017;773127680;1340934206680;Элемент питания CR1632 Varta 2шт., батарейка Варта CR1632;'82.5;Varta;Продается;;70;'4.90;Показывается;;07.09.2023 14:14;Батарейки и аккумуляторы;Батарейка;'0.04;'0.1;0;0;390;0;0;2300.0;7900.0;;0%
Accessory_Titanium_5229;68214008;627859747;1703232995945;Элемент питания CR2430 Varta, батарейка Варта CR2430;'65;Varta;Продается;;0;'5.00;Показывается;;08.09.2023 10:23;Батарейки и аккумуляторы;Батарейка;'0.04;'0.1;1;0;24;0;0;980.0;4900.0;;0%
Case_Titanium_7236;72104782;249281209;2084731060574;Элемент питания CR2430 Varta 2шт., батарейка Варта CR2430;'65;Varta;Продается;;4;'5.00;Показывается;;08.09.2023 10:24;Батарейки и аккумуляторы;Батарейка;'0.04;'0.1;0;0;102;0;0;1900.0;7900.0;;0%
Adapter_Purple_1028;38925345;314693516;5841119978448;ПРИВАТНОЕ СТЕКЛО для iPhone 11 Pro / Xs / X REMAX Privacy с олеофобным покрытием, защитное стекло антишпион для Айфон 11 Про;'75;REMAX;Продается;;24;'4.40;Показывается;;08.09.2023 14:23;Защитные пленки и стекла;Защитное стекло;'0.17;'0.1;4;0;10;0;0;1580.0;7900.0;;0%
Cover_Purple_9240;41905552;399347391;RND125873951;Элемент питания CR1616 Renata 2шт., батарейка Рената CR1616;'65;Renata;Продается;;11;'5.00;Показывается;;11.09.2023 10:28;Батарейки и аккумуляторы;Батарейка;'0.04;'0.1;0;0;7;0;0;1140.0;4900.0;;0%
Case_Purple_3943;31602790;196259173;RND666892617;Элемент питания CR1620 Renata 2шт., батарейка Рената CR1620;'65;Renata;Продается;;10;'5.00;Показывается;;11.09.2023 12:29;Батарейки и аккумуляторы;Батарейка;'0.04;'0.1;0;0;501;0;0;1900.0;7900.0;;0%
Cover_Red_5152;97714179;662581382;5371692478442;Элемент питания CR1632 Renata, батарейка Рената CR1632;'65;Renata;Продается;;20;'4.90;Показывается;;11.09.2023 13:53;Батарейки и аккумуляторы;Батарейка;'0.04;'0.1;0;0;478;0;0;1980.0;7900.0;;0%
Glass_Purple_4780;11099372;595911125;RND554892711;Элемент питания CR2430 Renata 2шт., батарейка Рената CR2430;'65;Renata;Продается;;1;'5.00;Показывается;;12.09.2023 9:38;Батарейки и аккумуляторы;Батарейка;'0.04;'0.1;0;0;489;0;0;2300.0;7900.0;;0%
Accessory_Clear_5745;20722820;249043554;3006652361553;Элемент питания CR2477 Renata 2шт., батарейка Рената CR2477;'65;Renata;Готов к продаже;;3;'5.00;Показывается;;13.09.2023 13:36;Батарейки и аккумуляторы;Батарейка;'0.04;'0.1;0;0;0;0;0;1890.0;2990.0;;0%
Cover_Blue_3605;19779015;371463401;RND208773328;Элемент питания CR2477 Renata, батарейка Рената CR2477;'65;Renata;Готов к продаже;;5;'5.00;Показывается;;13.09.2023 13:36;Батарейки и аккумуляторы;Батарейка;'0.04;'0.1;0;0;0;0;0;1000.0;1500.0;;0%
Glass_Blue_8191;52688458;695980564;7892136812091;Чехол для iPhone 15 Pro Max с Mag Safe Keephone Mago Pro ударопрочный, черный противоударный чехол для Айфон 15 Про Макс;'87.5;KEEPHONE;Готов к продаже;;46;'5.00;Показывается;;15.09.2023 10:50;Чехлы;Чехол для смартфона;'0.28;'0.1;0;0;0;0;0;2990.0;4750.0;;0%
Cable_Green_8182;64012855;891858501;5383993609651;Чехол для iPhone 15 Pro Keephone Mago Pro с Mag Safe , черный противоударный чехол для Айфон 15 Про;'87.5;KEEPHONE;Продается;;62;'4.90;Показывается;;15.09.2023 12:16;Чехлы;Чехол для смартфона;'0.28;'0.1;1;0;6;0;0;5980.0;11990.0;;0%
Case_Purple_3636;38249358;388499586;RND385100734;Чехол для iPhone 15 Pro Max KZDOO (K-DOO) Guardian, черный противоударный чехол для Айфон 15 Про Макс;'70;KZDOO;Продается;;5;'4.00;Показывается;;15.09.2023 12:45;Чехлы;Чехол для смартфона;'0.36;'0.1;17;0;0;0;0;5124.0;11990.0;;0%
Glass_White_4253;96935330;528159558;3399496060473;Чехол для iPhone 15 Pro Max KZDOO (K-DOO) Guardian, прозрачный противоударный чехол для Айфон 15 Про Макс;'45;KZDOO;Продается;;37;'4.00;Показывается;;15.09.2023 12:46;Чехлы;Чехол для смартфона;'0.36;'0.1;71;0;10;0;0;4700.0;11990.0;;0%
Protector_White_8658;65833694;190054046;1204646460559;Кожаный чехол для iPhone 15 Pro Max KZDOO Noble Collection, коричневый чехол для Айфон 15 Про Макс;'70;KZDOO;Продается;;47;'4.70;Показывается;;15.09.2023 14:00;Чехлы;Чехол для смартфона;'1.47;'0.3;9;0;9;0;0;6180.0;11990.0;;0%
Protector_Black_4691;82610362;477459291;4055424820911;Кожаный чехол для iPhone 15 Pro Max KZDOO Noble Collection, фиолетовый чехол для Айфон 15 Про Макс;'70;KZDOO;Продается;;15;'4.70;Показывается;;15.09.2023 14:00;Чехлы;Чехол для смартфона;'1.55;'0.3;1;0;9;0;0;6180.0;11990.0;;0%
Glass_Green_1950;93049885;379193661;3413405971377;Кожаный чехол для iPhone 15 Pro Max KZDOO Noble Collection, синий чехол для Айфон 15 Про Макс;'70;KZDOO;Продается;;39;'4.70;Показывается;;15.09.2023 14:00;Чехлы;Чехол для смартфона;'0.36;'0.1;4;0;10;0;1;6180.0;11990.0;;0%
Accessory_Titanium_6912;82484252;419307996;RND768671590;Кожаный чехол для iPhone 15 Pro Max KZDOO Noble Collection, белый чехол для Айфон 15 Про Макс;'70;KZDOO;Продается;;45;'4.70;Показывается;;15.09.2023 14:00;Чехлы;Чехол для смартфона;'0.36;'0.1;7;0;10;0;0;6180.0;11990.0;;0%
Battery_Clear_9255;99567740;802189371;RND158613283;Кожаный чехол для iPhone 15 Pro Max KZDOO Noble Collection, черный чехол для Айфон 15 Про Макс;'70;KZDOO;Продается;;98;'4.70;Показывается;;15.09.2023 14:00;Чехлы;Чехол для смартфона;'0.36;'0.1;6;0;10;0;0;6736.0;11990.0;;0%
Battery_White_8322;14125615;507872227;7882685509942;Чехол для iPhone 15 Pro KZDOO (K-DOO) Guardian, прозрачный противоударный чехол для Айфон 15 Про;'45;KZDOO;Продается;;48;'4.80;Показывается;;16.09.2023 10:18;Чехлы;Чехол для смартфона;'0.36;'0.1;12;0;10;0;0;5124.0;11990.0;;0%
Accessory_Blue_1189;48439887;337439915;5148632765353;Чехол для iPhone 15 Pro KZDOO (K-DOO) Guardian, черный противоударный чехол для Айфон 15 Про;'70;KZDOO;Продается;;4;'4.80;Показывается;;16.09.2023 10:18;Чехлы;Чехол для смартфона;'0.36;'0.1;10;0;0;0;0;4700.0;11990.0;;0%
Protector_Purple_3951;24018411;523152835;1387869121683;Кожаный чехол для iPhone 15 Pro KZDOO Noble Collection, белый для Айфон 15 Про;'82.5;KZDOO;Продается;;39;'4.90;Показывается;;16.09.2023 10:32;Чехлы;Чехол для смартфона;'0.36;'0.1;31;0;4;0;0;6180.0;11990.0;;0%
Cable_Purple_8574;87354303;256831253;RND147602366;Кожаный чехол для iPhone 15 Pro KZDOO Noble Collection, черный для Айфон 15 Про;'77.5;KZDOO;Продается;;107;'4.90;Показывается;;16.09.2023 10:32;Чехлы;Чехол для смартфона;'0.36;'0.1;78;0;9;0;0;6180.0;11990.0;;0%
Cable_Black_4384;37854411;154027288;RND981493955;Кожаный чехол для iPhone 15 Pro KZDOO Noble Collection, фиолетовый для Айфон 15 Про;'70;KZDOO;Продается;;3;'4.90;Показывается;;16.09.2023 10:32;Чехлы;Чехол для смартфона;'0.36;'0.1;4;0;5;0;0;6180.0;11990.0;;0%
Glass_Black_4156;25262913;210504306;1115679236557;Кожаный чехол для iPhone 15 Pro KZDOO Noble Collection, коричневый для Айфон 15 Про;'70;KZDOO;Продается;;37;'4.90;Показывается;;16.09.2023 10:32;Чехлы;Чехол для смартфона;'0.36;'0.1;3;0;5;0;1;6180.0;11990.0;;0%
Adapter_White_8801;43771531;225663675;RND874247954;Кожаный чехол для iPhone 15 Pro KZDOO Noble Collection, синий чехол для Айфон 15 Про;'70;KZDOO;Продается;;46;'4.90;Показывается;;16.09.2023 10:32;Чехлы;Чехол для смартфона;'0.36;'0.1;24;0;10;0;0;6180.0;11990.0;;0%
Protector_Purple_4888;69499187;545916897;6752029287955;Защитное стекло для Айфон 15 Про Remax;'77.5;REMAX;Продается;;29;'5.00;Показывается;;23.09.2023 12:46;Защитные пленки и стекла;Защитное стекло;'0.17;'0.1;0;0;96;0;0;1220.0;4900.0;;0%
Case_White_1422;41464501;787948671;RND984010058;Защитное стекло REMAX для iPhone 15ProMax (Айфон 15ПроМакс);'75;REMAX;Продается;;12;'5.00;Показывается;;23.09.2023 12:55;Защитные пленки и стекла;Защитное стекло;'0.17;'0.1;7;0;96;0;0;1180.0;4900.0;;0%
Cable_Clear_4838;66632690;396573283;RND432185916;Защитное стекло для iPhone 15 REMAX Medicine с олеофобным покрытием, защитное стекло для Айфон 15;'82.5;REMAX;Продается;;0;'0.00;Показывается;;23.09.2023 13:13;Защитные пленки и стекла;Защитное стекло;'0.17;'0.1;14;0;20;0;0;1320.0;4900.0;;0%
Adapter_Pink_5977;45654595;332016097;RND732508044;Чехол для Samsung Galaxy S23 Ultra ультратонкий KZDOO Air Carbon с защитой камер, черный супертонкий чехол для Самсунг Галакси S23 Ультра;'75;KZDOO;Готов к продаже;;300;'4.70;Показывается;;30.09.2023 11:50;Чехлы;Чехол для смартфона;'0.36;'0.1;0;0;0;0;0;2900.0;11990.0;;0%
Battery_White_2170;62447476;115499889;9547037597702;Ультратонкий чехол на Айфон 15 Про Макс Air Skin с защитой камер, прозрачный чехол для iPhone 15 Pro Max;'87.5;KZDOO;Продается;;358;'4.70;Показывается;;07.10.2023 15:06;Чехлы;Чехол для смартфона;'0.36;'0.1;567;2;10;0;0;4400.0;11990.0;;0%
Protector_Green_7043;73093472;518273727;RND528071677;Ультратонкий чехол на Айфон 15 Про Макс Air Skin с защитой камер, черный чехол для iPhone 15 Pro Max;'70;KZDOO;Продается;;88;'4.70;Показывается;;07.10.2023 15:06;Чехлы;Чехол для смартфона;'0.36;'0.1;22;0;10;0;0;2980.0;11990.0;;0%
Protector_Black_5657;89458377;461719063;1550703870077;Ультратонкий чехол на Айфон 15 Про Макс Air Skin с защитой камер, синий чехол для iPhone 15 Pro Max;'70;KZDOO;Продается;;32;'4.70;Показывается;;07.10.2023 15:06;Чехлы;Чехол для смартфона;'0.36;'0.1;4;0;10;0;0;2980.0;11990.0;;0%
Protector_Black_3166;98714929;593468664;4216681470489;Ультратонкий чехол на Айфон 15 Про Air Skin с защитой камер, черный чехол для iPhone 15 Pro;'80;KZDOO;Готов к продаже;;108;'4.70;Показывается;;08.10.2023 14:20;Чехлы;Чехол для смартфона;'0.36;'0.1;0;0;0;0;0;1450.0;2090.0;;0%
Adapter_Red_1904;68098095;437497648;3888709691573;Ультратонкий чехол на Айфон 15 Про Air Skin с защитой камер, прозрачный чехол для iPhone 15 Pro;'87.5;KZDOO;Продается;;275;'4.70;Показывается;;08.10.2023 14:20;Чехлы;Чехол для смартфона;'0.36;'0.1;456;1;10;0;0;4980.0;11990.0;;0%
Protector_Purple_1976;91345098;836284570;5758002716517;Ультратонкий чехол на Айфон 15 Про Air Skin с защитой камер, синий чехол для iPhone 15 Pro;'70;KZDOO;Продается;;44;'4.70;Показывается;;08.10.2023 14:20;Чехлы;Чехол для смартфона;'1.52;'0.3;8;2;10;0;0;2900.0;11990.0;;0%
Case_Purple_7085;61956137;125630299;RND710185709;Защитное стекло на iPhone 13 Mini REMAX стекло для Айфон 13 Мини;'70;REMAX;Готов к продаже;;0;'0.00;Показывается;;11.10.2023 15:14;Защитные пленки и стекла;Защитное стекло;'0.17;'0.1;0;0;0;0;0;1120.0;4900.0;;0%
Cover_Red_7569;15695788;477573945;RND900155598;Защитное стекло на iPhone 12 Mini REMAX стекло для Айфон 12 Мини;'77.5;REMAX;Продается;;0;'0.00;Показывается;;14.10.2023 8:14;Защитные пленки и стекла;Защитное стекло;'0.17;'0.1;9;0;0;0;0;1120.0;4900.0;;0%
Battery_Purple_7848;88889731;991088772;RND430623775;Приватное стекло для iPhone 15 Pro REMAX, защитное антишпион стекло на Айфон 15 Про;'77.5;REMAX;Продается;;10;'5.00;Показывается;;23.10.2023 14:02;Защитные пленки и стекла;Защитное стекло;'0.17;'0.1;0;0;101;0;0;1580.0;7900.0;;0%
Protector_Green_5038;34026350;767275104;RND635509688;Приватное стекло для iPhone 15 Pro Max REMAX, стекло антишпион для Айфон 15 Про Макс;'77.5;REMAX;Продается;;8;'5.00;Показывается;;23.10.2023 14:24;Защитные пленки и стекла;Защитное стекло;'0.17;'0.1;0;0;10;0;0;1580.0;7900.0;;0%
Protector_Blue_6653;43270096;691316387;3955631638382;Чехол для iPhone 15 Pro Max с MagSafe Keephone KEVILAR, кевларовый черный чехол на Айфон 15 Про Макс;'70;KEEPHONE;Готов к продаже;;50;'4.80;Показывается;;24.10.2023 10:41;Чехлы;Чехол для смартфона;'0.41;'0.1;0;0;0;0;0;8990.0;8990.0;;0%
Case_Titanium_6094;79383223;580596457;4238133969278;Чехол для iPhone 15 Pro с MagSafe Keephone KEVILAR, кевларовый черный чехол на Айфон 15 Про;'70;KEEPHONE;Продается;;8;'4.90;Показывается;;24.10.2023 10:48;Чехлы;Чехол для смартфона;'0.41;'0.1;5;0;4;0;0;5990.0;11990.0;;0%
Cable_White_2647;63771605;675740615;8409586503400;Чехол для iPhone 15 Pro Max с Mag Safe Keephone Non-Yellowing, прозрачный чехол с маг сейф для Айфон 15 Про Макс;'45;KEEPHONE;Готов к продаже;;3;'5.00;Показывается;;25.10.2023 9:32;Чехлы;Чехол для смартфона;'0.41;'0.1;0;0;0;0;0;4780.0;11990.0;;0%
Case_White_4049;14177545;545058148;5999370005140;Чехол для iPhone 15 Pro с Mag Safe, противоударный прозрачный чехол с маг сейф на Айфон 15 Про;'45;KEEPHONE;Продается;;2;'5.00;Показывается;;25.10.2023 9:48;Чехлы;Чехол для смартфона;'0.41;'0.1;1;0;2;0;0;4780.0;11990.0;;0%
Protector_Clear_5900;51476784;696727014;6109727279248;Чехол для iPhone 15 Pro Max с MagSafe KEVILAR, кевларовый чехол на Айфон 15 Про Макс / BMW M series;'77.5;KEEPHONE;Готов к продаже;;71;'4.80;Показывается;;09.11.2023 13:26;Чехлы;Чехол для смартфона;'0.41;'0.1;0;0;0;0;0;8990.0;8990.0;;0%
Accessory_Pink_1972;22327421;965448761;1100029457865;Чехол для iPhone 15 Pro с MagSafe KEVILAR, кевларовый чехол на Айфон 15 Про / BMW M series;'77.5;KEEPHONE;Готов к продаже;;63;'4.90;Показывается;;09.11.2023 13:56;Чехлы;Чехол для смартфона;'0.41;'0.1;0;0;0;0;0;11990.0;11990.0;;0%
Protector_Pink_5232;88160424;981581020;RND166026728;Чехол для iPhone 15 Pro c MagSafe Aurora Pro, синий чехол для Айфон 15 Про;'52.5;KEEPHONE;Готов к продаже;;1;'0.00;Показывается;;10.11.2023 7:50;Чехлы;Чехол для смартфона;'0.38;'0.1;0;0;0;0;0;2150.0;3490.0;;0%
Battery_Black_4936;89970881;953087782;RND222211608;Чехол для iPhone 15 Pro с MagSafe KEVILAR, кевларовый синий чехол на Айфон 15 Про;'70;KEEPHONE;Продается;;6;'4.90;Показывается;;10.11.2023 10:08;Чехлы;Чехол для смартфона;'0.41;'0.1;2;0;0;0;0;5990.0;11990.0;;0%
Cable_Red_2048;26757133;183715633;2906610715610;Чехол для iPhone 15 Pro Max с MagSafe KEVILAR, кевларовый синий чехол на Айфон 15 Про Макс;'70;KEEPHONE;Готов к продаже;;17;'4.80;Показывается;;10.11.2023 10:41;Чехлы;Чехол для смартфона;'0.41;'0.1;0;0;0;0;0;5990.0;8990.0;;0%
Protector_Blue_9285;67212446;115543532;RND211204106;Чехол для iPhone 15 Pro с держателем Keephone Heldro Pro, синий противоударный чехол для Айфон 15 Про;'70;KEEPHONE;Готов к продаже;;6;'5.00;Показывается;;10.11.2023 11:52;Чехлы;Чехол для смартфона;'0.38;'0.1;0;0;0;0;0;3450.0;5090.0;;0%
Glass_Titanium_5133;26902020;766103958;RND993500115;Чехол для iPhone 15 Pro Max с подставкой и Mag Safe Keephone Magico, прозрачный противоударный чехол для Айфон 15 Про Макс;'77.5;KEEPHONE;Продается;;48;'4.90;Показывается;;11.11.2023 8:50;Чехлы;Чехол для смартфона;'0.38;'0.1;7;0;0;0;0;7000.0;11990.0;;0%
Adapter_Titanium_8827;81891933;134622334;3654224744350;Чехол для iPhone 15 Pro Max с подставкой и Mag Safe Keephone Magico, синий противоударный чехол для Айфон 15 Про Макс;'70;KEEPHONE;Продается;;15;'4.90;Показывается;;11.11.2023 8:50;Чехлы;Чехол для смартфона;'0.38;'0.1;2;0;0;0;0;7980.0;11990.0;;0%
Battery_Pink_1346;47598311;441697627;2748793358013;Чехол для iPhone 15 Pro Max с подставкой и Mag Safe Keephone Magico, черный противоударный чехол для Айфон 15 Про Макс;'77.5;KEEPHONE;Продается;;10;'4.90;Показывается;;11.11.2023 8:50;Чехлы;Чехол для смартфона;'0.38;'0.1;7;0;5;0;0;6780.0;11990.0;;0%
Cable_Black_4177;50467587;393302614;2388046280068;Чехол для iPhone 15 Pro с подставкой и Mag Safe Keephone Magico, черный противоударный чехол для Айфон 15 Про;'77.5;KEEPHONE;Продается;;5;'0.00;Показывается;;11.11.2023 10:16;Чехлы;Чехол для смартфона;'0.38;'0.1;9;0;0;0;0;7000.0;11990.0;;0%
Protector_Clear_9760;90957491;764380521;2062663833699;Чехол для iPhone 15 Pro с подставкой и Mag Safe Keephone Magico, синий противоударный чехол для Айфон 15 Про;'52.5;KEEPHONE;Продается;;3;'0.00;Показывается;;11.11.2023 10:22;Чехлы;Чехол для смартфона;'0.38;'0.1;11;0;0;0;0;6954.0;11990.0;;0%
Cable_Titanium_6386;82450408;353210856;RND741767775;Чехол для iPhone 15 Pro с подставкой и Mag Safe Keephone Magico, прозрачный противоударный чехол для Айфон 15 Про;'77.5;KEEPHONE;Продается;;9;'0.00;Показывается;;11.11.2023 10:27;Чехлы;Чехол для смартфона;'0.38;'0.1;5;0;0;0;0;7000.0;11990.0;;0%
Accessory_Clear_2431;30753378;961409370;2851170923656;Чехол для iPhone 15 Pro Keephone Mago Pro с Mag Safe , синий противоударный чехол для Айфон 15 Про;'77.5;KEEPHONE;Продается;;19;'4.90;Показывается;;11.11.2023 11:58;Чехлы;Чехол для смартфона;'0.28;'0.1;10;0;5;0;0;5780.0;11990.0;;0%
Accessory_Black_7207;54385755;133754351;RND827317460;Чехол для iPhone 15 Pro Max Keephone Mago Pro с Mag Safe , синий противоударный чехол для Айфон 15 Про Макс;'77.5;KEEPHONE;Продается;;14;'5.00;Показывается;;11.11.2023 12:11;Чехлы;Чехол для смартфона;'0.28;'0.1;6;0;0;0;0;5980.0;11990.0;;0%
Battery_Titanium_8130;10154313;412763434;RND727149416;Чехол для iPhone 15 Pro Max с Mag Safe Keephone Rosana / синий силиконовый чехол на Айфон 15 Про Макс;'45;KEEPHONE;Продается;;0;'0.00;Показывается;;11.11.2023 15:08;Чехлы;Чехол для смартфона;'0.28;'0.1;1;0;0;0;0;6980.0;11990.0;;0%
Accessory_Blue_7921;11998366;806502195;4405330995068;Чехол для iPhone 15 Pro Max с Mag Safe Keephone Rosana / розовый силиконовый чехол на Айфон 15 Про Макс;'45;KEEPHONE;Продается;;0;'0.00;Показывается;;11.11.2023 15:09;Чехлы;Чехол для смартфона;'0.28;'0.1;1;0;0;0;0;6980.0;11990.0;;0%
Glass_White_5429;18191356;162793850;RND739619978;Чехол для iPhone 15 Pro с Mag Safe Keephone Rosana / розовый силиконовый чехол на Айфон 15 Про;'70;KEEPHONE;Готов к продаже;;0;'0.00;Показывается;;12.11.2023 12:24;Чехлы;Чехол для смартфона;'0.28;'0.1;0;0;0;0;0;3490.0;5990.0;;0%
Battery_Clear_8809;61450231;925801904;6390296291318;Кожаный чехол для iPhone 15 Pro Max с MagSafe KZDOO Mag Noble Collection, белый чехол для Айфон 15 Про Макс;'70;KZDOO;Продается;;20;'4.80;Показывается;;14.11.2023 14:22;Чехлы;Чехол для смартфона;'0.36;'0.1;12;0;10;0;0;10006.0;11990.0;;0%
Adapter_Blue_4634;12005754;897233187;9743857251769;Кожаный чехол для iPhone 15 Pro Max с MagSafe KZDOO Mag Noble Collection, черный чехол для Айфон 15 Про Макс;'77.5;KZDOO;Продается;;23;'4.80;Показывается;;14.11.2023 14:22;Чехлы;Чехол для смартфона;'0.36;'0.1;2;0;0;0;0;9180.0;11990.0;;0%
Glass_Pink_8578;96229770;908873907;8892512313341;Кожаный чехол для iPhone 15 Pro Max с MagSafe KZDOO Mag Noble Collection, зеленый чехол для Айфон 15 Про Макс;'70;KZDOO;Продается;;1;'4.80;Показывается;;14.11.2023 14:22;Чехлы;Чехол для смартфона;'0.36;'0.1;7;0;10;0;0;9180.0;11990.0;;0%
Accessory_Clear_2954;32178093;198175792;RND671727858;Кожаный чехол для iPhone 15 Pro Max с MagSafe KZDOO Mag Noble Collection, синий чехол для Айфон 15 Про Макс;'70;KZDOO;Продается;;15;'4.80;Показывается;;14.11.2023 14:22;Чехлы;Чехол для смартфона;'0.36;'0.1;12;0;0;0;0;9180.0;11990.0;;0%
Accessory_Blue_1956;68111847;389489384;3767842395447;Кожаный чехол для iPhone 15 Pro Max с MagSafe KZDOO Mag Noble Collection, коричневый чехол для Айфон 15 Про Макс;'70;KZDOO;Продается;;8;'4.80;Показывается;;14.11.2023 14:22;Чехлы;Чехол для смартфона;'0.36;'0.1;2;0;5;0;0;9180.0;11990.0;;0%
Accessory_Pink_9020;17374845;734165460;RND105435638;Кожаный чехол для iPhone 15 Pro Max с MagSafe KZDOO Mag Noble Collection, желтый чехол для Айфон 15 Про Макс;'70;KZDOO;Продается;;3;'4.80;Показывается;;14.11.2023 14:22;Чехлы;Чехол для смартфона;'0.36;'0.1;5;0;10;0;0;9180.0;11990.0;;0%
Accessory_Green_2572;68799849;556017974;2901543523074;Кожаный чехол для iPhone 15 Pro Max с MagSafe KZDOO Mag Noble Collection, оранжевый чехол для Айфон 15 Про Макс;'70;KZDOO;Продается;;10;'4.80;Показывается;;14.11.2023 14:22;Чехлы;Чехол для смартфона;'0.36;'0.1;11;0;10;0;0;9180.0;11990.0;;0%
Cover_White_7754;93755725;450707122;RND465016542;Кожаный чехол для iPhone 15 Pro с MagSafe KZDOO Mag Noble Collection, белый чехол для Айфон 15 Про;'70;KZDOO;Продается;;12;'4.50;Показывается;;14.11.2023 14:27;Чехлы;Чехол для смартфона;'0.36;'0.1;2;0;0;0;0;9180.0;11990.0;;0%
Cable_Blue_1681;39260123;137732704;5179058241826;Кожаный чехол для iPhone 15 Pro с MagSafe KZDOO Mag Noble Collection, черный чехол для Айфон 15 Про;'70;KZDOO;Продается;;40;'4.50;Показывается;;14.11.2023 14:28;Чехлы;Чехол для смартфона;'0.36;'0.1;2;0;8;0;0;9180.0;11990.0;;0%
Cover_Purple_4945;43074696;626218836;RND211327706;Кожаный чехол для iPhone 15 Pro с MagSafe KZDOO Mag Noble Collection, зеленый чехол для Айфон 15 Про;'70;KZDOO;Готов к продаже;;3;'4.50;Показывается;;14.11.2023 14:31;Чехлы;Чехол для смартфона;'0.36;'0.1;0;0;0;0;0;9180.0;11990.0;;0%
Protector_Red_5226;85572073;551328565;RND285037673;Кожаный чехол для iPhone 15 Pro с MagSafe KZDOO Mag Noble Collection, синий чехол для Айфон 15 Про;'77.5;KZDOO;Продается;;26;'4.50;Показывается;;14.11.2023 14:33;Чехлы;Чехол для смартфона;'0.36;'0.1;3;0;0;0;0;9180.0;11990.0;;0%
Battery_Black_4588;28026439;107474491;RND946843788;Кожаный чехол для iPhone 15 Pro с MagSafe KZDOO Mag Noble Collection, коричневый чехол для Айфон 15 Про;'70;KZDOO;Продается;;9;'4.50;Показывается;;14.11.2023 14:35;Чехлы;Чехол для смартфона;'0.36;'0.1;1;0;0;0;0;9180.0;11990.0;;0%
Protector_Clear_4537;39179319;744715923;RND401732223;Кожаный чехол для iPhone 15 Pro с MagSafe KZDOO Mag Noble Collection, желтый чехол для Айфон 15 Про;'70;KZDOO;Продается;;3;'4.50;Показывается;;14.11.2023 14:37;Чехлы;Чехол для смартфона;'0.36;'0.1;2;0;0;0;0;9180.0;11990.0;;0%
Glass_Red_8844;70428950;867395459;2724346971306;Кожаный чехол для iPhone 15 Pro с MagSafe KZDOO Mag Noble Collection, оранжевый чехол для Айфон 15 Про;'70;KZDOO;Продается;;7;'4.50;Показывается;;14.11.2023 14:38;Чехлы;Чехол для смартфона;'0.36;'0.1;1;0;0;0;0;9180.0;11990.0;;0%
Battery_Clear_1788;19351651;616491230;RND760772765;Чехол для iPhone 15 Pro с держателем Keephone Heldro Pro, серый противоударный чехол для Айфон 15 Про;'70;KEEPHONE;Готов к продаже;;5;'5.00;Показывается;;15.11.2023 7:59;Чехлы;Чехол для смартфона;'0.38;'0.1;0;0;0;0;0;3450.0;5090.0;;0%
Adapter_Black_7901;57832530;762198078;RND397147151;Чехол для iPhone 15 Pro Max с Mag Safe Keephone Dazzle Pro, матовый противоударный чехол для Айфон 15 Про Макс;'40;KEEPHONE;Готов к продаже;;1;'0.00;Показывается;;15.11.2023 9:56;Чехлы;Чехол для смартфона;'0.38;'0.1;0;0;0;0;0;2850.0;4790.0;;0%
Cover_Black_5342;43651773;386942892;8032423818832;Чехол для iPhone 15 Pro с Mag Safe Keephone Dazzle Pro, матовый противоударный чехол для Айфон 15 Про;'45;KEEPHONE;Продается;;1;'0.00;Показывается;;15.11.2023 10:04;Чехлы;Чехол для смартфона;'0.38;'0.1;2;0;0;0;0;5700.0;11990.0;;0%
Accessory_Clear_4954;57786976;725385889;5084230294706;Чехол для iPhone 15 Pro Max c MagSafe X-Crystal, синий чехол для Айфон 15 Про Макс;'45;KEEPHONE;Продается;;0;'0.00;Показывается;;15.11.2023 13:21;Чехлы;Чехол для смартфона;'0.38;'0.1;1;0;0;0;0;4300.0;11990.0;;0%
Case_Pink_3078;15175817;416233654;RND824152174;Чехол для iPhone 15 Pro KZDOO (K-DOO) Guardian, синий противоударный чехол для Айфон 15 Про;'70;KZDOO;Продается;;3;'4.80;Показывается;;17.11.2023 13:52;Чехлы;Чехол для смартфона;'0.36;'0.1;6;0;10;0;0;4700.0;11990.0;;0%
Cover_Purple_6197;59175384;722633299;RND860106053;Чехол для iPhone 15 Pro Max KZDOO (K-DOO) Guardian, синий противоударный чехол для Айфон 15 Про Макс;'70;KZDOO;Продается;;1;'4.00;Показывается;;17.11.2023 13:55;Чехлы;Чехол для смартфона;'0.36;'0.1;3;0;0;0;0;4700.0;11990.0;;0%
Adapter_Titanium_9675;92133720;452845870;9577982413262;Ультратонкий чехол на Айфон 15 Про Air Skin с защитой камер, розовый чехол для iPhone 15 Pro;'77.5;KZDOO;Продается;;21;'4.70;Показывается;;17.11.2023 14:01;Чехлы;Чехол для смартфона;'0.36;'0.1;4;0;10;0;0;2900.0;11990.0;;0%
Accessory_Blue_6308;61812893;564226011;RND564351510;Ультратонкий чехол на Айфон 15 Про Air Skin с защитой камер, серый чехол для iPhone 15 Pro;'77.5;KZDOO;Готов к продаже;;25;'4.70;Показывается;;17.11.2023 14:03;Чехлы;Чехол для смартфона;'0.36;'0.1;0;0;0;0;0;2490.0;2990.0;;0%
Battery_Red_7558;92931260;952912466;9332503703326;Ультратонкий чехол на Айфон 15 Про Air Skin с защитой камер, зеленый чехол для iPhone 15 Pro;'77.5;KZDOO;Продается;;18;'4.70;Показывается;;17.11.2023 14:04;Чехлы;Чехол для смартфона;'0.36;'0.1;5;0;0;0;0;2900.0;11990.0;;0%
Adapter_Black_1300;34341398;572620284;9619919803775;Ультратонкий чехол на Айфон 15 Про Air Skin с защитой камер, чехол цвета титан для iPhone 15 Pro;'77.5;KZDOO;Продается;;75;'4.70;Показывается;;17.11.2023 14:09;Чехлы;Чехол для смартфона;'0.36;'0.1;30;0;9;0;0;3162.0;11990.0;;0%
Case_Purple_9779;40990654;865686701;RND812669078;Ультратонкий чехол на Айфон 15 Про Макс Air Skin с защитой камер, розовый чехол для iPhone 15 Pro Max;'77.5;KZDOO;Продается;;36;'4.70;Показывается;;17.11.2023 14:12;Чехлы;Чехол для смартфона;'0.36;'0.1;9;0;10;0;0;2980.0;11990.0;;0%
Cover_Titanium_1929;35620975;389760591;RND647346272;Ультратонкий чехол на Айфон 15 Про Макс Air Skin с защитой камер, серый чехол для iPhone 15 Pro Max;'77.5;KZDOO;Продается;;39;'4.70;Показывается;;17.11.2023 14:15;Чехлы;Чехол для смартфона;'0.36;'0.1;7;0;10;0;0;2980.0;11990.0;;0%
Accessory_Titanium_8144;10369907;719275549;8707235209427;Ультратонкий чехол на Айфон 15 Про Макс Air Skin с защитой камер, зеленый чехол для iPhone 15 Pro Max;'77.5;KZDOO;Продается;;10;'4.70;Показывается;;17.11.2023 14:17;Чехлы;Чехол для смартфона;'0.36;'0.1;7;0;10;0;0;2980.0;11990.0;;0%
Accessory_Red_8822;32453889;764241976;RND225594680;Ультратонкий чехол на Айфон 15 Про Макс Air Skin с защитой камер, чехол цвета титан для iPhone 15 Pro Max;'87.5;KZDOO;Продается;;105;'4.70;Показывается;;17.11.2023 14:18;Чехлы;Чехол для смартфона;'0.36;'0.1;15;0;10;0;0;3162.0;11990.0;;0%
Protector_White_1622;49743323;572032530;1236975842095;Ультратонкий чехол на Айфон 15 Про Air Skin с защитой камер, фиолетовый чехол для iPhone 15 Pro;'77.5;KZDOO;Продается;;8;'4.70;Показывается;;17.11.2023 14:22;Чехлы;Чехол для смартфона;'0.36;'0.1;6;0;10;0;0;2900.0;11990.0;;0%
Accessory_White_8467;64393149;149008505;RND252681574;Ультратонкий чехол на Айфон 15 Про Макс Air Skin с защитой камер, фиолетовый чехол для iPhone 15 Pro Max;'77.5;KZDOO;Продается;;19;'4.70;Показывается;;17.11.2023 14:24;Чехлы;Чехол для смартфона;'0.36;'0.1;7;0;10;0;0;2980.0;11990.0;;0%
Accessory_White_8530;91753236;922177323;5016525642830;Ультратонкий чехол для iPhone 15 Pro KZDOO Air Carbon с защитой камер, синий супертонкий чехол для Айфон 15 Про;'77.5;KZDOO;Продается;;18;'4.60;Показывается;;17.11.2023 14:38;Чехлы;Чехол для смартфона;'0.36;'0.1;1;0;10;0;0;2780.0;11990.0;;0%
Protector_White_4705;42119806;129525971;RND874773178;Ультратонкий чехол для iPhone 15 Pro KZDOO Air Carbon с защитой камер, фиолетовый супертонкий чехол для Айфон 15 Про;'77.5;KZDOO;Продается;;5;'4.60;Показывается;;17.11.2023 14:38;Чехлы;Чехол для смартфона;'0.36;'0.1;7;0;0;0;0;2980.0;11990.0;;0%
Glass_Purple_6336;43511657;492277867;4790783493187;Ультратонкий чехол для iPhone 15 Pro KZDOO Air Carbon с защитой камер, цвета титан супертонкий чехол для Айфон 15 Про;'77.5;KZDOO;Продается;;16;'4.60;Показывается;;17.11.2023 14:38;Чехлы;Чехол для смартфона;'0.36;'0.1;3;0;0;0;0;2780.0;11990.0;;0%
Protector_Green_3009;69752754;481129246;4162200391072;Ультратонкий чехол для iPhone 15 Pro KZDOO Air Carbon с защитой камер, черный супертонкий чехол для Айфон 15 Про;'77.5;KZDOO;Продается;;46;'4.60;Показывается;;17.11.2023 14:38;Чехлы;Чехол для смартфона;'0.36;'0.1;1;0;10;0;0;2780.0;11990.0;;0%
Glass_Blue_8577;36683504;393015288;8848821208532;Ультратонкий чехол для iPhone 15 Pro KZDOO Air Carbon с защитой камер, зеленый супертонкий чехол для Айфон 15 Про;'70;KZDOO;Готов к продаже;;9;'4.60;Показывается;;17.11.2023 14:38;Чехлы;Чехол для смартфона;'0.36;'0.1;0;0;0;0;0;2780.0;11990.0;;0%
Cable_Blue_7399;50723762;423973216;RND509980081;Ультратонкий чехол для iPhone 15 Pro Max KZDOO Air Carbon с защитой камер, синий супертонкий чехол для Айфон 15 Про Макс;'77.5;KZDOO;Продается;;15;'4.70;Показывается;;17.11.2023 15:49;Чехлы;Чехол для смартфона;'0.36;'0.1;12;0;0;0;0;2780.0;11990.0;;0%
Battery_Red_6576;71989663;419642459;RND405336840;Ультратонкий чехол для iPhone 15 Pro Max KZDOO Air Carbon с защитой камер, цвета титан супертонкий чехол для Айфон 15 Про Макс;'77.5;KZDOO;Продается;;19;'4.70;Показывается;;17.11.2023 15:49;Чехлы;Чехол для смартфона;'0.36;'0.1;1;0;9;0;0;2780.0;11990.0;;0%
Adapter_Clear_6673;12011853;796027956;1321049883287;Ультратонкий чехол для iPhone 15 Pro Max KZDOO Air Carbon с защитой камер, черный супертонкий чехол для Айфон 15 Про Макс;'77.5;KZDOO;Продается;;64;'4.70;Показывается;;17.11.2023 15:49;Чехлы;Чехол для смартфона;'0.36;'0.1;4;0;10;0;0;2780.0;11990.0;;0%
Cable_Clear_8521;72029542;294997293;5778323687682;Ультратонкий чехол для iPhone 15 Pro Max KZDOO Air Carbon с защитой камер, зеленый супертонкий чехол для Айфон 15 Про Макс;'70;KZDOO;Готов к продаже;;2;'4.70;Показывается;;17.11.2023 15:49;Чехлы;Чехол для смартфона;'0.36;'0.1;0;0;0;0;0;1390.0;1990.0;;0%
Adapter_Clear_9609;65401489;871327325;8981069055431;Ультратонкий чехол для iPhone 15 Pro Max KZDOO Air Carbon с защитой камер, фиолетовый супертонкий чехол для Айфон 15 Про Макс;'77.5;KZDOO;Продается;;5;'4.70;Показывается;;17.11.2023 15:49;Чехлы;Чехол для смартфона;'0.36;'0.1;2;0;0;0;0;2780.0;11990.0;;0%
Case_Clear_6104;67200563;486958604;RND515538518;Тонкий чехол для iPhone 15 Pro KZDOO Q Series, синий силиконовый чехол на Айфон 15 Про;'52.5;KZDOO;Продается;;33;'4.90;Показывается;;22.11.2023 10:55;Чехлы;Чехол для смартфона;'0.36;'0.1;2;0;0;0;0;2100.0;7900.0;;0%
Protector_White_1000;64833925;779282441;4417215439260;Тонкий чехол для iPhone 15 Pro KZDOO Q Series, черный силиконовый чехол на Айфон 15 Про;'52.5;KZDOO;Продается;;189;'4.90;Показывается;;22.11.2023 10:55;Чехлы;Чехол для смартфона;'0.36;'0.1;2;0;0;0;0;2580.0;11990.0;;0%
Accessory_Titanium_6944;42427922;312866758;RND497788693;Тонкий чехол для iPhone 15 Pro Max KZDOO Q Series, синий силиконовый чехол на Айфон 15 Про Макс;'52.5;KZDOO;Готов к продаже;;23;'4.90;Показывается;;22.11.2023 10:59;Чехлы;Чехол для смартфона;'0.36;'0.1;0;0;0;0;0;1100.0;1990.0;;0%
Cable_Green_1548;15165732;491289060;RND906588620;Тонкий чехол для iPhone 15 Pro Max KZDOO Q Series, черный силиконовый чехол на Айфон 15 Про Макс;'52.5;KZDOO;Готов к продаже;;109;'4.90;Показывается;;22.11.2023 11:02;Чехлы;Чехол для смартфона;'0.36;'0.1;0;0;0;0;0;2380.0;7900.0;;0%
Battery_Clear_5725;18380111;406121001;RND774341030;Батарейка CR2032 ROBITON Lithium, 3V;'65;Robiton;Продается;;20;'4.90;Показывается;;07.12.2023 11:48;Батарейки и аккумуляторы;Батарейка;'0.01;'0.1;48;0;0;0;0;600.0;2900.0;;0%
Battery_Blue_4621;11552470;600312073;RND330503801;Батарейка CR3032 ROBITON Lithium, 3V;'77.5;Robiton;Готов к продаже;;24;'0.00;Показывается;;07.12.2023 14:39;Батарейки и аккумуляторы;Батарейка;'0.01;'0.1;0;0;0;0;0;490.0;1100.0;;0%
Cable_Blue_6654;12108068;594053604;3915336471064;Батарейки CR2032 2шт. ROBITON Lithium, 3V;'70;Robiton;Продается;;58;'4.90;Показывается;;08.12.2023 8:12;Батарейки и аккумуляторы;Батарейка;'0.01;'0.1;161;0;152;0;0;700.0;2900.0;;0%
Protector_Clear_7394;83328473;345776364;3415427915942;Батарейки CR2032 5шт ROBITON Lithium, 3V;'70;Robiton;Продается;;48;'4.90;Показывается;;08.12.2023 9:31;Батарейки и аккумуляторы;Батарейка;'0.01;'0.1;4;0;56;0;0;1020.0;4900.0;;0%
Accessory_Pink_9650;81001154;800920295;RND563979130;Батарейка CR2025 ROBITON Lithium, 3V;'70;Robiton;Продается;;25;'4.90;Показывается;;08.12.2023 10:07;Батарейки и аккумуляторы;Батарейка;'0.01;'0.1;2;0;0;0;0;520.0;2490.0;;0%
Glass_Red_9687;10559726;909845970;RND514801247;Батарейки CR2025 2шт ROBITON Lithium, 3V;'70;Robiton;Продается;;32;'4.90;Показывается;;08.12.2023 10:53;Батарейки и аккумуляторы;Батарейка;'0.01;'0.1;2;0;0;0;0;580.0;2900.0;;0%
Protector_Black_2022;87835196;817202831;7241936073627;Батарейка CR2025 5шт ROBITON Lithium, 3V;'70;Robiton;Продается;;17;'4.90;Показывается;;08.12.2023 10:55;Батарейки и аккумуляторы;Батарейка;'0.01;'0.1;1;0;38;0;0;980.0;4900.0;;0%
Cover_Blue_8956;66423558;996564679;RND608832421;Батарейка CR2450 ROBITON Lithium, 3V;'70;Robiton;Продается;;92;'4.90;Показывается;;08.12.2023 11:50;Батарейки и аккумуляторы;Батарейка;'0.02;'0.1;96;0;40;0;0;980.0;4900.0;;0%
Battery_Red_8810;35789633;479039781;1986121713330;Батарейка CR2450 2шт ROBITON Lithium, 3V;'70;Robiton;Продается;;92;'4.90;Показывается;;08.12.2023 12:00;Батарейки и аккумуляторы;Батарейка;'0.05;'0.1;31;0;101;0;0;1440.0;4900.0;;0%
Cable_Purple_9333;72839830;525176516;6679262600956;Батарейка CR2016 ROBITON Lithium, 3V;'70;Robiton;Продается;;21;'5.00;Показывается;;08.12.2023 13:22;Батарейки и аккумуляторы;Батарейка;'0.01;'0.1;58;0;150;0;0;560.0;2490.0;;0%
Protector_Blue_5660;55342362;694610070;RND627680658;Батарейка CR2016 2шт ROBITON Lithium, 3V;'70;Robiton;Продается;;51;'5.00;Показывается;;08.12.2023 13:26;Батарейки и аккумуляторы;Батарейка;'0.01;'0.1;49;0;71;0;0;680.0;2900.0;;0%
Case_Titanium_6965;76268505;292478072;RND930034940;Батарейки CR2016 5шт ROBITON Lithium, 3V;'70;Robiton;Продается;;14;'5.00;Показывается;;08.12.2023 13:29;Батарейки и аккумуляторы;Батарейка;'0.02;'0.1;0;0;44;0;0;1020.0;4900.0;;0%
Case_Black_2186;50926921;659717441;3523008438704;Батарейка CR1632 ROBITON Lithium, 3V;'70;Robiton;Продается;;91;'4.80;Показывается;;08.12.2023 13:49;Батарейки и аккумуляторы;Батарейка;'0.01;'0.1;62;0;0;0;0;640.0;2900.0;;0%
Accessory_Clear_5480;48918966;433620665;RND979173135;Батарейки CR1632 2шт ROBITON Lithium, 3V;'77.5;Robiton;Продается;;282;'4.80;Показывается;;08.12.2023 13:57;Батарейки и аккумуляторы;Батарейка;'0.01;'0.1;171;0;74;0;0;900.0;2900.0;;0%
Adapter_Pink_5005;40012953;402826189;9979452847917;Батарейки CR1632 5шт ROBITON Lithium, 3V;'70;Robiton;Продается;;184;'4.80;Показывается;;08.12.2023 13:59;Батарейки и аккумуляторы;Батарейка;'0.02;'0.1;29;0;44;0;0;1080.0;4900.0;;0%
Glass_Purple_7976;78883189;705560991;1046143207025;Батарейка CR2412 ROBITON Lithium, 3V;'82.5;Robiton;Продается;;15;'4.60;Показывается;;08.12.2023 15:19;Батарейки и аккумуляторы;Батарейка;'0.03;'0.1;1;0;6;0;0;2860.0;11990.0;;0%
Cable_White_5370;70343221;441702291;3912909468064;Батарейки CR2412 2шт ROBITON Lithium, 3V;'70;Robiton;Продается;;3;'4.60;Показывается;;11.12.2023 8:36;Батарейки и аккумуляторы;Батарейка;'0.07;'0.1;0;0;499;0;0;4900.0;11990.0;;0%
Protector_Red_5805;42296424;269321328;RND205659917;Батарейки CR3032 2шт ROBITON Lithium, 3V;'70;Robiton;Готов к продаже;;93;'0.00;Показывается;;11.12.2023 11:00;Батарейки и аккумуляторы;Батарейка;'0.03;'0.1;0;0;0;0;0;850.0;1490.0;;0%
Protector_Clear_4258;56197485;283399443;RND916548239;Батарейки LR44 / AG13 / 357 1,5V Robiton алкалиновые 5шт;'82.5;Robiton;Продается;;432;'4.90;Показывается;;11.12.2023 11:53;Батарейки и аккумуляторы;Батарейка;'0.04;'0.1;55;0;35;0;0;680.0;2900.0;;0%
Accessory_Clear_5542;74843336;703802160;9466073923011;Батарейки LR44 / AG13 / 357 1,5V Robiton алкалиновые 10шт;'82.5;Robiton;Продается;;314;'4.90;Показывается;;11.12.2023 14:21;Батарейки и аккумуляторы;Батарейка;'0.06;'0.1;95;0;15;0;0;1060.0;4900.0;;0%
Battery_Purple_7749;41462570;565299342;RND489116577;Батарейка CR123 Robiton Profi Литиевая CR123A 3V;'70;Robiton;Продается;;14;'4.90;Показывается;;12.12.2023 9:42;Батарейки и аккумуляторы;Батарейка;'0.16;'0.1;1;0;9;0;0;1160.0;4900.0;;0%
Glass_Black_3464;32058605;900985060;6905065976674;Батарейки CR123 Robiton Profi Литиевая CR123A 3V 2шт;'70;Robiton;Продается;;146;'4.90;Показывается;;12.12.2023 10:03;Батарейки и аккумуляторы;Батарейка;'0.24;'0.1;95;0;104;0;0;1860.0;7900.0;;0%
Glass_Pink_7538;95062442;110971231;4677263793038;Батарейка Robiton Lithium CR2 3V литиевая CR17355;'70;Robiton;Продается;;63;'4.90;Показывается;;12.12.2023 11:13;Батарейки и аккумуляторы;Батарейка;'0.16;'0.1;0;0;80;0;0;1340.0;4900.0;;0%
Adapter_Titanium_7157;36756657;258667662;1668043007523;Батарейки Robiton Lithium CR2 3V 2шт литиевая CR17355;'70;Robiton;Продается;;141;'4.90;Показывается;;12.12.2023 11:32;Батарейки и аккумуляторы;Батарейка;'0.24;'0.1;28;0;98;0;0;2320.0;7900.0;;0%
Glass_White_8476;90826386;346610334;1739087333286;Батарейка CR1/3N ROBITON 3В литиевая для Вебасто (Webasto) CR11108 / 2L76 / K58L;'82.5;Robiton;Продается;;263;'4.80;Показывается;;12.12.2023 12:19;Батарейки и аккумуляторы;Батарейка;'0.05;'0.1;56;0;79;0;0;1560.0;4900.0;;0%
Adapter_Titanium_1491;65902263;754768880;9190561396379;Батарейки CR1/3N ROBITON 3В 2шт литиевая для Вебасто (Webasto) CR11108 / 2L76 / K58L;'70;Robiton;Продается;;109;'4.80;Показывается;;12.12.2023 12:30;Батарейки и аккумуляторы;Батарейка;'0.11;'0.1;52;0;100;0;0;2460.0;11990.0;;0%
Protector_White_6151;63334176;397470964;RND606618602;Батарейка 23A / V23GA / MN21 / LR23 Robiton 12V для сигнализаций ворот и шлагбаумов / Алкалиновая Высоковольтная;'70;Robiton;Продается;;178;'4.90;Показывается;;12.12.2023 13:00;Батарейки и аккумуляторы;Батарейка;'0.01;'0.1;51;0;110;0;0;660.0;2900.0;;0%
Glass_Titanium_2136;73528798;361381005;RND720820721;Батарейки 23A / V23GA / MN21 / LR23 Robiton 12V 2шт для сигнализаций ворот и шлагбаумов / Алкалиновая Высоковольтная;'70;Robiton;Продается;;193;'4.90;Показывается;;12.12.2023 13:27;Батарейки и аккумуляторы;Батарейка;'0.02;'0.1;7;0;476;0;0;880.0;2900.0;;0%
Cover_Clear_9997;21240891;976710004;2064170449305;Батарейки 23A / V23GA / MN21 / LR23 Robiton 12V 5шт для сигнализаций ворот и шлагбаумов / Алкалиновая Высоковольтная;'70;Robiton;Продается;;78;'4.90;Показывается;;12.12.2023 13:30;Батарейки и аккумуляторы;Батарейка;'0.03;'0.1;0;0;86;0;0;1420.0;4900.0;;0%
Protector_White_8326;98014058;259976935;1238054007268;Батарейка 27A / V27A / MN27 / Robiton 12V для сигнализаций ворот и шлагбаумов / Алкалиновая Высоковольтная;'70;Robiton;Продается;;53;'5.00;Показывается;;15.12.2023 10:48;Батарейки и аккумуляторы;Батарейка;'0.01;'0.1;0;0;88;0;0;720.0;2900.0;;0%
Cover_Purple_1664;33925975;597897194;RND269099953;Батарейки 27A / V27A / MN27 / Robiton 12V 2шт для сигнализаций ворот и шлагбаумов / Алкалиновая Высоковольтная;'70;Robiton;Продается;;190;'5.00;Показывается;;15.12.2023 10:59;Батарейки и аккумуляторы;Батарейка;'0.03;'0.1;3;0;468;0;0;940.0;2900.0;;0%
Cable_Blue_7348;98006585;249079564;RND765629212;Батарейки 27A / V27A / MN27 / Robiton 12V 5шт для сигнализаций ворот и шлагбаумов / Алкалиновая Высоковольтная;'77.5;Robiton;Продается;;79;'5.00;Показывается;;15.12.2023 11:05;Батарейки и аккумуляторы;Батарейка;'0.07;'0.1;1;0;72;0;0;1460.0;4900.0;;0%
Accessory_Green_1772;21858609;587730831;4534073627936;Чехол для iPhone 14 Pro с MagSafe KEVILAR, кевларовый чехол на Айфон 14 Про / BMW M series;'70;KEEPHONE;Продается;;5;'4.80;Показывается;;20.12.2023 15:26;Чехлы;Чехол для смартфона;'0.41;'0.1;3;0;2;0;0;11990.0;11990.0;;0%
Cover_White_9270;80635874;453868847;RND507018902;Чехол для iPhone 14 Pro Max с MagSafe KEVILAR, кевларовый чехол на Айфон 14 Про Макс / BMW M series;'70;KEEPHONE;Продается;;22;'4.90;Показывается;;20.12.2023 15:36;Чехлы;Чехол для смартфона;'0.41;'0.1;5;1;10;0;0;5990.0;11990.0;;0%
Adapter_Titanium_2853;93753570;917918603;RND160924729;Чехол для Samsung Galaxy S24 Ultra с Mag Safe Keephone ударопрочный, черный противоударный чехол для Самсунг Галакси S24 Ультра;'90;KEEPHONE;Продается;;301;'4.80;Показывается;;27.01.2024 11:03;Чехлы;Чехол для смартфона;'0.39;'0.1;83;1;10;0;0;5980.0;11990.0;;0%
Glass_Titanium_7917;60570404;800428532;RND446376628;Чехол для Samsung Galaxy S24 Ultra Keephone MagSafe Case, прозрачный противоударный чехол для Самсунг Галакси S24 Ультра;'70;KEEPHONE;Готов к продаже;;112;'4.90;Показывается;;27.01.2024 11:07;Чехлы;Чехол для смартфона;'0.48;'0.1;0;0;0;0;0;2650.0;3490.0;;0%
Protector_Black_9571;86958801;139476992;RND862039744;Батарейки AA / LR6 Robiton 4шт алкалиновая пальчиковые;'70;Robiton;Продается;;27;'4.80;Показывается;;29.01.2024 12:36;Батарейки и аккумуляторы;Батарейка;'0.02;'0.1;2;0;5;0;0;860.0;2900.0;;0%
Case_Pink_4214;67363532;481402651;6166491711910;Батарейки AA / LR6 Robiton 8шт алкалиновые пальчиковые;'70;Robiton;Готов к продаже;;10;'4.80;Показывается;;29.01.2024 12:36;Батарейки и аккумуляторы;Батарейка;'0.03;'0.2;0;0;0;0;0;690.0;1090.0;;0%
Adapter_Blue_6286;24223917;581246305;RND817384419;Батарейки AA / LR6 Robiton 20шт алкалиновые пальчиковые;'70;Robiton;Продается;;41;'4.80;Показывается;;29.01.2024 12:36;Батарейки и аккумуляторы;Батарейка;'0.21;'0.5;1;0;32;0;0;2900.0;11990.0;;0%
Adapter_Clear_3748;60612224;861640743;9828665740797;Батарейки AAA / LR03 Robiton 4шт алкалиновые мизинчиковые;'70;Robiton;Продается;;41;'4.70;Показывается;;29.01.2024 14:06;Батарейки и аккумуляторы;Батарейка;'0.01;'0.1;12;0;1;0;0;900.0;2900.0;;0%
Cover_Black_3337;28232886;577797690;RND618376165;Батарейки AAA / LR03 Robiton 20шт алкалиновые мизинчиковые;'70;Robiton;Готов к продаже;;36;'4.70;Показывается;;29.01.2024 14:44;Батарейки и аккумуляторы;Батарейка;'0.14;'0.2;0;0;0;0;0;1250.0;1990.0;;0%
Cable_Red_4533;10925748;148960397;1830686346241;Аккумуляторы AA (Ni-MH) 2850мАч 2шт 1.2 В Robiton / Пальчиковые аккумуляторы НR6;'70;Robiton;Продается;;42;'4.80;Показывается;;30.01.2024 10:06;Батарейки и аккумуляторы;Аккумуляторная батарейка;'0.02;'0.1;10;0;0;0;0;3380.0;11990.0;;0%
Protector_Red_1083;21046794;217152618;9706586412672;Аккумуляторы AA (Ni-MH) 2850мАч 4шт 1.2 В Robiton / Пальчиковые аккумуляторы НR6;'70;Robiton;Продается;;26;'4.80;Показывается;;30.01.2024 10:06;Батарейки и аккумуляторы;Аккумуляторная батарейка;'0.04;'0.1;3;0;7;0;0;5800.0;11990.0;;0%
Case_Green_6513;90633648;674289248;8669235942391;Аккумуляторы AA (Ni-MH) 2850мАч 8шт 1.2 В Robiton / Пальчиковые аккумуляторы НR6;'70;Robiton;Продается;;30;'4.80;Показывается;;30.01.2024 10:06;Батарейки и аккумуляторы;Аккумуляторная батарейка;'0.09;'0.2;3;0;0;0;0;10400.0;11990.0;;0%
Cover_Titanium_6932;66669632;259626923;RND544841478;Аккумуляторы AAA (Ni-MH) 1100мАч 2шт 1.2 В Robiton / Мизинчиковые аккумуляторы НR03;'70;Robiton;Продается;;126;'4.70;Показывается;;30.01.2024 11:33;Батарейки и аккумуляторы;Аккумуляторная батарейка;'0.01;'0.1;26;0;495;0;0;1980.0;7900.0;;0%
Accessory_White_9232;52146357;494030091;5159353335353;Аккумуляторы AAA (Ni-MH) 1100мАч 4шт 1.2 В Robiton / Мизинчиковые аккумуляторы НR03;'70;Robiton;Продается;;165;'4.70;Показывается;;30.01.2024 11:40;Батарейки и аккумуляторы;Аккумуляторная батарейка;'0.03;'0.1;10;0;480;0;0;3600.0;11990.0;;0%
Protector_Titanium_2838;36190320;235972672;RND767837484;Аккумуляторы AAA (Ni-MH) 1100мАч 8шт 1.2 В Robiton / Мизинчиковые аккумуляторы НR03;'70;Robiton;Продается;;93;'4.70;Показывается;;30.01.2024 11:52;Батарейки и аккумуляторы;Аккумуляторная батарейка;'0.06;'0.1;5;0;487;0;0;6200.0;11990.0;;0%
Accessory_Purple_9153;61218529;300220218;RND427663496;Аккумулятор 18650 (Li-ion) 3400mAh 3.7V Robiton с защитой;'70;Robiton;Готов к продаже;;6;'5.00;Показывается;;31.01.2024 9:59;Батарейки и аккумуляторы;Аккумуляторная батарейка;'0.11;'0.1;0;0;0;0;0;4600.0;11990.0;;0%
Cover_Red_2057;15052206;677378565;RND540153372;Аккумуляторы 18650 (Li-ion) 3400mAh 3.7V 2шт Robiton с защитой;'70;Robiton;Готов к продаже;;11;'5.00;Показывается;;31.01.2024 9:59;Батарейки и аккумуляторы;Аккумуляторная батарейка;'0.22;'0.1;0;0;0;0;0;8200.0;11990.0;;0%
Cover_Green_1919;64279554;110228237;5932793301713;Аккумулятор 18650 (Li-ion) 3400mAh 3.7V 4шт Robiton с защитой;'70;Robiton;Готов к продаже;;5;'5.00;Показывается;;31.01.2024 10:04;Батарейки и аккумуляторы;Аккумуляторная батарейка;'0.43;'0.2;0;0;0;0;0;11990.0;11990.0;;0%
Cable_Clear_5891;83332635;453574255;4380938003381;Аккумулятор 18650 (Li-ion) 2000mAh 3.7V Robiton;'70;Robiton;Продается;;15;'4.80;Показывается;;31.01.2024 12:26;Батарейки и аккумуляторы;Аккумуляторная батарейка;'0.03;'0.1;5;0;0;0;0;2100.0;7900.0;;0%
Cover_White_8673;57113866;380517150;2238690383067;Аккумуляторы 18650 (Li-ion) 2000mAh 3.7V 2шт Robiton;'70;Robiton;Продается;;41;'4.80;Показывается;;31.01.2024 12:42;Батарейки и аккумуляторы;Аккумуляторная батарейка;'0.06;'0.1;6;0;20;0;0;3400.0;11990.0;;0%
Glass_Black_2734;28189767;166907385;3789782319650;Аккумуляторы 18650 (Li-ion) 2000mAh 3.7V 4шт Robiton;'70;Robiton;Готов к продаже;;28;'4.80;Показывается;;31.01.2024 12:52;Батарейки и аккумуляторы;Аккумуляторная батарейка;'0.11;'0.2;0;0;0;0;0;2500.0;3290.0;;0%
Case_Pink_6755;39436238;749732841;8759937997632;Чехол для iPhone 15 Pro X-Crystal c MagSafe, титан для Айфон 15 Про;'45;KEEPHONE;Готов к продаже;;0;'0.00;Показывается;;31.01.2024 13:43;Чехлы;Чехол для смартфона;'0.38;'0.1;0;0;0;0;0;2150.0;2990.0;;0%
Accessory_Blue_2428;71045389;796524309;2387471660763;Чехол для iPhone 15 Pro Max с держателем Keephone Heldro Sky, разноцветный противоударный чехол для Айфон 15 Про Макс;'70;KEEPHONE;Готов к продаже;;12;'4.80;Показывается;;31.01.2024 14:26;Чехлы;Чехол для смартфона;'0.38;'0.1;0;0;0;0;0;3500.0;5290.0;;0%
Adapter_Black_2403;80007750;976292151;2947471506488;Чехол для iPhone 15 Pro Max KZDOO KEIVLAR, черно-серый кевларовый чехол для Айфон 15 Про Макс;'70;;Не продается;;11;'5.00;Показывается;;31.01.2024 14:32;Чехлы;;'0.36;'0.1;0;0;0;0;0;10380.0;11990.0;;0%
Adapter_White_8904;24621336;408885015;RND334388159;Чехол для Samsung Galaxy S24 Keephone MagSafe Case, прозрачный противоударный чехол для Самсунг Галакси S24;'77.5;KEEPHONE;Продается;;2;'0.00;Показывается;;04.02.2024 12:02;Чехлы;Чехол для смартфона;'0.48;'0.1;7;0;0;0;0;5100.0;11990.0;;0%
Protector_Blue_1986;11462720;751629379;RND852440789;Чехол для Samsung Galaxy S24 с Mag Safe Keephone, черный противоударный чехол для Самсунг Галакси S24;'70;KEEPHONE;Готов к продаже;;73;'4.80;Показывается;;04.02.2024 12:14;Чехлы;Чехол для смартфона;'0.48;'0.1;0;0;0;0;0;3477.0;4250.0;;0%
Adapter_Titanium_9976;14087158;784117760;RND141894551;Чехол для Samsung Galaxy S24 Plus (S24+) с Mag Safe Keephone, черный противоударный чехол для Самсунг Галакси S24 Плюс;'70;KEEPHONE;Готов к продаже;;51;'5.00;Показывается;;04.02.2024 12:20;Чехлы;Чехол для смартфона;'0.48;'0.1;0;0;0;0;0;3190.0;4250.0;;0%
Adapter_Red_5793;55836279;115776388;7015544312791;Аккумуляторы AA (Ni-Zn) 1500мАч 2шт 1.6 В Robiton / Высокотоковые пальчиковые аккумуляторы НR6;'65;Robiton;Продается;;9;'3.70;Показывается;;10.02.2024 9:52;Батарейки и аккумуляторы;Аккумуляторная батарейка;'0.20;'0.1;3;0;0;0;0;3800.0;11990.0;;0%
Protector_Black_3083;18204041;841146130;RND435053919;Аккумуляторы AA (Ni-Zn) 1500мАч 4шт 1.6 В Robiton / Высокотоковые пальчиковые аккумуляторы НR6;'65;Robiton;Продается;;3;'3.70;Показывается;;10.02.2024 10:37;Батарейки и аккумуляторы;Аккумуляторная батарейка;'0.41;'0.1;0;0;2;0;0;6200.0;11990.0;;0%
Cover_Clear_2396;95074697;721962931;2433353759868;Аккумуляторы AAA (Ni-Zn) 550мАч 2шт 1.6 В Robiton / Высокотоковые мизинчиковые аккумуляторы НR03;'65;Robiton;Продается;;5;'4.20;Показывается;;10.02.2024 10:48;Батарейки и аккумуляторы;Аккумуляторная батарейка;'0.15;'0.1;3;0;4;0;0;2600.0;11990.0;;0%
Battery_Titanium_5310;90694602;844219962;5696052296488;Аккумуляторы AAA (Ni-Zn) 550мАч 4шт 1.6 В Robiton / Высокотоковые мизинчиковые аккумуляторы НR03;'65;Robiton;Продается;;3;'4.20;Показывается;;10.02.2024 11:19;Батарейки и аккумуляторы;Аккумуляторная батарейка;'0.31;'0.1;1;0;0;0;0;3780.0;11990.0;;0%
Case_Purple_6586;18397543;630420673;RND397122219;Чехол для Samsung Galaxy S24 Ultra ультратонкий KZDOO Air Carbon с защитой камер, черный супертонкий чехол для Самсунг Галакси S24 Ультра;'62.5;KZDOO;Готов к продаже;;238;'4.70;Показывается;;24.02.2024 11:37;Чехлы;Чехол для смартфона;'0.36;'0.1;0;0;0;0;0;3180.0;11990.0;;0%
Accessory_White_2160;88724124;945237332;RND249845097;Чехол для Samsung Galaxy S24 Ultra KZDOO (K-DOO) Air Skin с защитой камер, черный супертонкий чехол для Самсунг Галакси S24 Ультра;'52.5;KZDOO;Продается;;173;'4.60;Показывается;;24.02.2024 11:41;Чехлы;Чехол для смартфона;'0.36;'0.1;1;0;0;0;0;3100.0;11990.0;;0%
Case_Green_9027;47082554;612902851;RND370295081;Чехол для Samsung Galaxy S24 Ultra KZDOO (K-DOO) Air Skin с защитой камер, прозрачный супертонкий чехол для Самсунг Галакси S24 Ультра;'45;KZDOO;Продается;;161;'4.60;Показывается;;24.02.2024 11:53;Чехлы;Чехол для смартфона;'0.36;'0.1;17;0;0;0;0;3180.0;11990.0;;0%
Protector_Purple_5920;65536324;380554560;RND904692294;Кожаный чехол для iPhone 15 Pro Max с MagSafe KZDOO Mag Noble Collection, титаниум чехол для Айфон 15 Про Макс;'70;KZDOO;Продается;;26;'4.80;Показывается;;25.02.2024 13:42;Чехлы;Чехол для смартфона;'0.36;'0.1;9;0;5;0;0;9180.0;11990.0;;0%
Case_Clear_5340;31994073;680811179;2413577425189;Кожаный чехол для iPhone 15 Pro Max KZDOO Noble Collection, титаниум чехол для Айфон 15 Про Макс;'77.5;KZDOO;Продается;;70;'4.70;Показывается;;25.02.2024 13:44;Чехлы;Чехол для смартфона;'0.36;'0.1;15;0;8;0;0;6738.0;11990.0;;0%
Case_Clear_8720;90484954;298223465;5495904502461;Кожаный чехол для iPhone 15 Pro с MagSafe KZDOO Mag Noble Collection, титаниум чехол для Айфон 15 Про;'70;KZDOO;Продается;;16;'4.50;Показывается;;25.02.2024 13:46;Чехлы;Чехол для смартфона;'0.36;'0.1;3;0;1;0;0;9180.0;11990.0;;0%
Glass_Clear_5643;56010752;839121141;RND752122594;Кожаный чехол для iPhone 15 Pro KZDOO Noble Collection, титаниум для Айфон 15 Про;'70;KZDOO;Продается;;77;'4.90;Показывается;;25.02.2024 13:49;Чехлы;Чехол для смартфона;'0.36;'0.1;2;0;9;0;0;6738.0;11990.0;;0%
Battery_Blue_7398;77753661;293810319;4081326848050;Чехол для iPhone 15 Pro с держателем Keephone Heldro Sky, разноцветный противоударный чехол для Айфон 15 Про;'70;KEEPHONE;Готов к продаже;;4;'4.60;Показывается;;06.03.2024 8:37;Чехлы;Чехол для смартфона;'0.38;'0.1;0;0;0;0;0;3350.0;5290.0;;0%
Adapter_Green_1131;70939631;388224475;RND542130907;Кожаный чехол для iPhone 13 K-DOO Noble Collection, черный чехол для Айфон 13;'70;K-DOO;Готов к продаже;;4;'4.60;Показывается;;13.03.2024 8:30;Чехлы;Чехол для смартфона;'0.36;'0.1;0;0;0;0;0;5380.0;11990.0;;0%
Protector_Pink_7313;46873707;471870049;RND195938924;Кожаный чехол для Samsung Galaxy S23 Ultra KZDOO Noble Collection, синий чехол для Самсунг Галкси S23 Ультра;'45;KZDOO;Продается;;0;'0.00;Показывается;;13.03.2024 8:52;Чехлы;Чехол для смартфона;'0.36;'0.1;1;0;1;0;0;5500.0;11990.0;;0%
Protector_Blue_5510;53608790;543791571;7286858179231;Чехол для Samsung Galaxy S24 Ultra KZDOO KEIVLAR, синий кевларовый чехол для Самсунг Галакси S24 Ультра;'45;KZDOO;Готов к продаже;;0;'5.00;Показывается;;19.03.2024 15:53;Чехлы;Чехол для смартфона;'0.36;'0.1;0;0;0;0;0;6090.0;9000.0;;0%
Battery_Black_4085;23615196;230249543;RND779194576;Чехол для Samsung Galaxy S24 Ultra KZDOO KEIVLAR, зеленый кевларовый чехол для Самсунг Галакси S24 Ультра;'45;KZDOO;Продается;;0;'5.00;Показывается;;19.03.2024 15:55;Чехлы;Чехол для смартфона;'0.36;'0.1;2;0;0;0;0;11990.0;11990.0;;0%
Protector_White_8429;49976536;219652637;8181723027460;Чехол для Samsung Galaxy S24 Ultra KZDOO KEIVLAR, кевларовый чехол для Самсунг Галакси S24 Ультра;'77.5;KZDOO;Продается;;4;'5.00;Показывается;;19.03.2024 15:58;Чехлы;Чехол для смартфона;'0.36;'0.1;1;0;10;0;0;11990.0;11990.0;;0%
Cable_Clear_2498;29201219;806426700;1226150572878;Чехол для Samsung Galaxy S24 KZDOO (K-DOO) Air Skin с защитой камер, прозрачный супертонкий чехол для Самсунг Галакси S24;'55;KZDOO;Готов к продаже;;141;'4.80;Показывается;;28.03.2024 8:56;Чехлы;Чехол для смартфона;'0.36;'0.1;0;0;0;0;0;1624.0;2350.0;;0%
Cable_Red_3407;41003762;732962570;RND841744335;Чехол для Samsung Galaxy S24 KZDOO (K-DOO) Air Skin с защитой камер, черный супертонкий чехол для Самсунг Галакси S24;'80;KZDOO;Продается;;117;'4.80;Показывается;;28.03.2024 9:00;Чехлы;Чехол для смартфона;'0.36;'0.1;34;0;19;0;0;2980.0;11990.0;;0%
Case_White_8178;57690921;466732968;6010909322408;Чехол для Samsung Galaxy S24 Ultra KZDOO (K-DOO) Guardian, прозрачный противоударный чехол для Самсунг Галакси S24 Ультра;'70;KZDOO;Продается;;18;'5.00;Показывается;;04.04.2024 8:35;Чехлы;Чехол для смартфона;'0.36;'0.1;7;0;10;0;0;3980.0;11990.0;;0%
Glass_Green_2062;56999717;781874082;RND395316545;Чехол для Samsung Galaxy S24 Ultra KZDOO Q Series с защитой камер, черный тонкий силиконовый чехол для Самсунг Галакси S24 Ультра;'52.5;KZDOO;Продается;;56;'4.90;Показывается;;04.04.2024 9:16;Чехлы;Чехол для смартфона;'0.36;'0.1;3;0;0;0;0;2200.0;7900.0;;0%
Glass_Blue_5899;78199050;827627433;5214284920980;Чехол для iPhone 15 Pro Max Keephone Hybrid Case, прозрачный противоударный чехол для Айфон 15 Про Макс;'70;KEEPHONE;Готов к продаже;;13;'4.90;Показывается;;19.04.2024 12:37;Чехлы;Чехол для смартфона;'0.38;'0.1;0;0;0;0;0;3700.0;11990.0;;0%
Protector_Titanium_7425;47642477;464181248;RND415417678;Чехол для iPhone 15 Pro Keephone Hybrid Case, прозрачный противоударный чехол для Айфон 15 Про;'70;KEEPHONE;Продается;;3;'4.60;Показывается;;19.04.2024 12:40;Чехлы;Чехол для смартфона;'0.38;'0.1;1;0;0;0;0;3700.0;11990.0;;0%
Protector_Clear_3588;20049676;720058978;7831489795447;Чехол на Айфон 15 KZDOO Air Carbon черный с защитой камер;'70;KZDOO;Продается;;12;'4.80;Показывается;;23.04.2024 13:53;Чехлы;Чехол для смартфона;'2.20;'0.4;2;0;10;0;0;3500.0;11990.0;;0%
Battery_Pink_3232;17058451;752178959;4287154825327;Чехол на Айфон 15 KZDOO Air Carbon синий с защитой камер;'70;KZDOO;Продается;;2;'4.80;Показывается;;23.04.2024 14:04;Чехлы;Чехол для смартфона;'2.20;'0.4;4;0;0;0;0;3500.0;11990.0;;0%
Protector_Titanium_3549;49289317;138351097;RND687211172;Ультратонкий чехол для iPhone 15 KZDOO Air Skin с защитой камер, черный супертонкий чехол для Айфон 15;'70;KZDOO;Продается;;62;'4.70;Показывается;;23.04.2024 14:08;Чехлы;Чехол для смартфона;'0.36;'0.1;10;0;9;0;0;3816.0;11990.0;;0%
Cable_Titanium_7188;84652347;142841588;1657506551492;Кожаный чехол для iPhone 15 KZDOO Noble Collection, черный чехол для Айфон 15;'77.5;KZDOO;Продается;;78;'4.80;Показывается;;23.04.2024 14:49;Чехлы;Чехол для смартфона;'0.36;'0.1;1;0;0;0;0;7522.0;11990.0;;0%
Protector_Green_9985;81691633;717468756;RND540821228;Кожаный чехол для iPhone 15 KZDOO Noble Collection, белый чехол для Айфон 15;'70;KZDOO;Продается;;14;'4.80;Показывается;;24.04.2024 10:56;Чехлы;Чехол для смартфона;'0.36;'0.1;14;0;10;0;0;6900.0;11990.0;;0%
Glass_Red_6792;39846191;747588717;3798883028172;Кожаный чехол для iPhone 15 KZDOO Noble Collection, коричневый чехол для Айфон 15;'70;KZDOO;Продается;;16;'4.80;Показывается;;24.04.2024 10:58;Чехлы;Чехол для смартфона;'0.36;'0.1;1;0;0;0;0;7522.0;11990.0;;0%
Cover_Purple_5628;63992418;252445119;6489655629555;Чехол для Samsung Galaxy S24 Ultra KZDOO KEIVLAR, кевларовый чехол титанового цвета для Самсунг Галакси S24 Ультра;'70;KZDOO;Продается;;1;'5.00;Показывается;;06.05.2024 10:36;Чехлы;Чехол для смартфона;'0.36;'0.1;1;0;0;0;0;6638.0;11990.0;;0%
Glass_White_4303;94558676;381697568;6071716610926;Чехол для Samsung Galaxy S23 Plus KZDOO Q Series с защитой камер, черный тонкий силиконовый чехол для Самсунг Галакси S23 Плюс;'45;KZDOO;Продается;;5;'5.00;Показывается;;06.05.2024 10:58;Чехлы;Чехол для смартфона;'0.36;'0.1;20;1;10;0;0;2200.0;7900.0;;0%
Accessory_Green_2554;80808514;866093881;RND324422852;Кожаный чехол для Samsung Galaxy S24 Ultra KZDOO Noble Collection, белый чехол для Самсунг Галкси S24 Ультра;'45;KZDOO;Продается;;10;'4.70;Показывается;;06.05.2024 13:20;Чехлы;Чехол для смартфона;'0.36;'0.1;4;0;10;0;0;5980.0;11990.0;;0%
Accessory_Blue_7161;77591176;790815831;RND650242369;Кожаный чехол для Samsung Galaxy S24 Ultra KZDOO Noble Collection, синий чехол для Самсунг Галкси S24 Ультра;'45;KZDOO;Продается;;14;'4.70;Показывается;;06.05.2024 13:26;Чехлы;Чехол для смартфона;'0.36;'0.1;1;0;10;0;0;5980.0;11990.0;;0%
Glass_Black_7834;50656105;146250267;6145934840025;Кожаный чехол для Samsung Galaxy S24 Ultra KZDOO Noble Collection, зеленый чехол для Самсунг Галкси S24 Ультра;'45;KZDOO;Продается;;12;'4.70;Показывается;;06.05.2024 13:31;Чехлы;Чехол для смартфона;'0.36;'0.1;4;0;9;0;0;5980.0;11990.0;;0%
Case_Clear_3738;79494696;710565210;RND756818066;Чехол для Samsung Galaxy S23 Ultra KZDOO (K-DOO) Guardian, прозрачный противоударный чехол для Самсунг Галакси S23 Ультра;'45;KZDOO;Продается;;49;'4.70;Показывается;;06.05.2024 13:51;Чехлы;Чехол для смартфона;'0.36;'0.1;11;0;0;0;0;3980.0;11990.0;;0%
Accessory_Green_1411;56539164;492959227;6392768574439;Чехол для Samsung Galaxy S24 KZDOO (K-DOO) Guardian, прозрачный противоударный чехол для Самсунг Галакси S24;'70;KZDOO;Продается;;31;'4.90;Показывается;;06.05.2024 14:12;Чехлы;Чехол для смартфона;'0.36;'0.1;11;0;0;0;0;4100.0;11990.0;;0%
Glass_Blue_1573;66520145;730671649;RND472269797;Чехол для Samsung Galaxy S24 Plus KZDOO (K-DOO) Guardian, прозрачный противоударный чехол для Самсунг Галакси S24 Плюс;'70;KZDOO;Готов к продаже;;17;'5.00;Показывается;;06.05.2024 14:21;Чехлы;Чехол для смартфона;'0.36;'0.1;0;0;0;0;0;2100.0;3850.0;;0%
Glass_Pink_1993;66489097;984227581;RND165108779;Чехол для Samsung Galaxy S24 Plus KZDOO Air Skin с защитой камер, прозрачный супертонкий чехол для Самсунг Галакси S24 Плюс;'70;KZDOO;Продается;;77;'4.70;Показывается;;09.05.2024 14:57;Чехлы;Чехол для смартфона;'0.36;'0.1;85;0;0;0;0;2980.0;11990.0;;0%
Accessory_Black_6699;73162911;605316352;RND381584341;Чехол для Samsung Galaxy S23 KZDOO Q Series с защитой камер, черный тонкий силиконовый чехол для Самсунг Галакси S23;'45;KZDOO;Продается;;12;'4.40;Показывается;;09.05.2024 15:49;Чехлы;Чехол для смартфона;'0.36;'0.1;19;0;0;0;0;2100.0;7900.0;;0%
Case_Titanium_3870;73858567;457843929;RND167808374;Чехол для Samsung Galaxy S24 Ultra KZDOO (K-DOO) Air Skin с защитой камер, супертонкий чехол титанового цвета для Самсунг Галакси S24 Ультра;'45;KZDOO;Продается;;29;'4.60;Показывается;;09.05.2024 15:55;Чехлы;Чехол для смартфона;'0.36;'0.1;3;1;0;0;0;3100.0;11990.0;;0%
Protector_Blue_3293;88903605;687094522;7850547962931;Чехол для Samsung Galaxy S24 Plus KZDOO (K-DOO) Air Skin с защитой камер, черный супертонкий чехол для Самсунг Галакси S24 Плюс;'70;KZDOO;Продается;;37;'4.70;Показывается;;12.05.2024 16:06;Чехлы;Чехол для смартфона;'0.40;'0.1;9;0;10;0;0;2980.0;11990.0;;0%
Protector_Titanium_9985;89356497;110978215;RND954370215;Кожаный чехол для AirPods Pro 2 K-DOO LuxCraft, коричневый;'70;KZDOO;Продается;;14;'4.90;Показывается;;20.05.2024 14:49;Чехлы;Чехол для наушников;'0.30;'0.1;14;0;10;0;0;5100.0;11990.0;;0%
Accessory_Red_3765;17486042;675820327;RND771819067;Кожаный чехол для AirPods Pro 2 K-DOO LuxCraft, фиолетовый;'70;KZDOO;Продается;;2;'4.90;Показывается;;20.05.2024 14:49;Чехлы;Чехол для наушников;'0.30;'0.1;2;0;10;0;0;5100.0;11990.0;;0%
Protector_Pink_6282;22858856;479102581;RND480612680;Кожаный чехол для AirPods Pro 2 K-DOO LuxCraft, зеленый;'70;KZDOO;Продается;;7;'4.90;Показывается;;20.05.2024 14:50;Чехлы;Чехол для наушников;'0.30;'0.1;9;0;10;0;0;5100.0;11990.0;;0%
Case_Red_2757;83621701;101644485;7114734641349;Кожаный чехол для AirPods Pro 2 K-DOO LuxCraft, черный;'70;KZDOO;Продается;;62;'4.90;Показывается;;20.05.2024 14:50;Чехлы;Чехол для наушников;'0.30;'0.1;8;0;5;0;0;5430.0;11990.0;;0%
Cable_Green_2727;88741381;485929219;RND670399961;Кожаный чехол для AirPods Pro 2 K-DOO LuxCraft, синий;'70;KZDOO;Продается;;19;'4.90;Показывается;;20.05.2024 14:50;Чехлы;Чехол для наушников;'0.30;'0.1;4;0;10;0;0;5100.0;11990.0;;0%
Adapter_Purple_5538;48533424;754733693;7643586957193;Кожаный чехол для AirPods Pro 2 K-DOO LuxCraft, Титаниум;'70;KZDOO;Продается;;9;'4.90;Показывается;;20.05.2024 14:50;Чехлы;Чехол для наушников;'0.30;'0.1;13;0;0;0;0;5100.0;11990.0;;0%
Adapter_Purple_4180;53997881;748521613;RND723904428;Кожаный чехол для AirPods Pro 2 K-DOO LuxCraft, желтый;'70;KZDOO;Продается;;4;'4.90;Показывается;;20.05.2024 14:50;Чехлы;Чехол для наушников;'0.30;'0.1;10;0;0;0;0;5100.0;11990.0;;0%
Protector_Blue_1279;91400823;629992581;RND385692500;Кожаный чехол для AirPods Pro 2 K-DOO LuxCraft, красный;'70;KZDOO;Готов к продаже;;5;'4.90;Показывается;;20.05.2024 14:50;Чехлы;Чехол для наушников;'0.30;'0.1;0;0;0;0;0;5100.0;11990.0;;0%
Battery_Red_1202;51566426;154545647;RND362603136;Кожаный чехол для Samsung Galaxy S24 Ultra KZDOO Noble Collection, черный чехол для Самсунг Галкси S24 Ультра;'45;KZDOO;Продается;;38;'4.70;Показывается;;21.05.2024 12:45;Чехлы;Чехол для смартфона;'0.36;'0.1;1;0;8;0;0;5980.0;11990.0;;0%
Case_Clear_9923;54705012;731663486;RND826190114;Чехол для iPhone 15 Pro KZDOO KEIVLAR, черно-серый кевларовый чехол для Айфон 15 Про;'70;;Продается;;0;'0.00;Показывается;;27.05.2024 9:02;Чехлы;;'0.36;'0.1;0;0;1;0;0;10380.0;11990.0;;0%
Battery_Blue_3381;98497608;334266873;3319907006256;Чехол для iPhone 15 Pro Max KZDOO KEIVLAR, цвета титаниум кевларовый чехол для Айфон 15 Про Макс;'45;KZDOO;Продается;;0;'4.80;Показывается;;27.05.2024 9:04;Чехлы;Чехол для смартфона;'0.36;'0.1;2;0;0;0;0;11316.0;11990.0;;0%
Glass_Clear_7179;30435833;199184780;RND474856851;Чехол для iPhone 15 Pro KZDOO KEIVLAR, цвета титаниум кевларовый чехол для Айфон 15 Про;'45;KZDOO;Продается;;0;'4.80;Показывается;;27.05.2024 9:06;Чехлы;Чехол для смартфона;'0.36;'0.1;9;0;0;0;0;10780.0;11990.0;;0%
Accessory_White_5853;43315274;606109280;4517519209771;Чехол для iPhone 15 Pro Max Keephone Kevilar Molla, черный противоударный кевларовый чехол для Айфон 15 Про Макс;'70;KEEPHONE;Продается;;0;'0.00;Показывается;;27.05.2024 9:53;Чехлы;Чехол для смартфона;'0.41;'0.1;5;0;0;0;0;6990.0;11990.0;;0%
Protector_Black_9893;39809805;157822424;5083575209221;Чехол для iPhone 15 Pro Keephone Kevilar Molla, черный противоударный кевларовый чехол для Айфон 15 Про;'70;KEEPHONE;Продается;;2;'5.00;Показывается;;27.05.2024 9:56;Чехлы;Чехол для смартфона;'0.41;'0.1;1;0;0;0;0;5990.0;11990.0;;0%
Glass_Blue_8128;29532381;529790662;RND956548263;Чехол для iPhone 15 Pro Max с Mag Safe Keephone MagViar ударопрочный, прозрачный противоударный чехол для Айфон 15 Про Макс;'45;KEEPHONE;Готов к продаже;;0;'0.00;Показывается;;27.05.2024 10:10;Чехлы;Чехол для смартфона;'0.28;'0.1;0;0;0;0;0;2690.0;4750.0;;0%
Case_Black_7680;64368999;849031570;2606075189044;Чехол для iPhone 15 Pro с Mag Safe Keephone MagViar ударопрочный, прозрачный противоударный чехол для Айфон 15 Про;'70;KEEPHONE;Готов к продаже;;1;'5.00;Показывается;;27.05.2024 10:13;Чехлы;Чехол для смартфона;'0.28;'0.1;0;0;0;0;0;2933.0;4750.0;;0%
Cable_Pink_8300;99886428;302821610;RND106891890;Чехол для iPhone 15 Pro Max с Mag Safe Keephone MagViar ударопрочный, синий противоударный чехол для Айфон 15 Про Макс;'45;KEEPHONE;Готов к продаже;;0;'0.00;Показывается;;27.05.2024 10:19;Чехлы;Чехол для смартфона;'0.28;'0.1;0;0;0;0;0;2690.0;4750.0;;0%
Cable_Blue_2850;96361197;975186563;3601395653883;Чехол для iPhone 15 Pro с Mag Safe Keephone MagViar ударопрочный, синий противоударный чехол для Айфон 15 Про;'70;KEEPHONE;Готов к продаже;;1;'5.00;Показывается;;27.05.2024 10:21;Чехлы;Чехол для смартфона;'0.28;'0.1;0;0;0;0;0;2933.0;4750.0;;0%
Case_Pink_8407;39526931;992068857;RND684683150;Чехол для iPhone 15 Pro Max Keephone Mago Pro с Mag Safe , титанового цвета противоударный чехол для Айфон 15 Про Макс;'70;KEEPHONE;Продается;;37;'5.00;Показывается;;27.05.2024 10:24;Чехлы;Чехол для смартфона;'0.28;'0.1;2;0;9;0;0;5980.0;11990.0;;0%
Battery_Red_7265;33601288;227622020;9206164731085;Чехол для iPhone 15 Pro Keephone Mago Pro с Mag Safe , титанового цвета противоударный чехол для Айфон 15 Про;'70;KEEPHONE;Продается;;37;'4.90;Показывается;;27.05.2024 10:26;Чехлы;Чехол для смартфона;'0.28;'0.1;1;0;10;0;1;5980.0;11990.0;;0%
Battery_Red_7322;28464997;404088148;6030591591673;Чехол для Samsung Galaxy S24 Ultra Keephone Kevilar Marcus, черный противоударный кевларовый чехол для Самсунг Галакси S24 Ультра;'70;KEEPHONE;Готов к продаже;;11;'5.00;Показывается;;27.05.2024 11:31;Чехлы;Чехол для смартфона;'0.41;'0.1;0;0;0;0;0;6990.0;9490.0;;0%
Cover_Blue_9595;10088809;794238666;8678947099960;Чехол для Samsung Galaxy S24 Ultra с Mag Safe Keephone ударопрочный, титанового цвета противоударный чехол для Самсунг Галакси S24 Ультра;'70;KEEPHONE;Продается;;19;'4.80;Показывается;;27.05.2024 11:44;Чехлы;Чехол для смартфона;'0.39;'0.1;1;0;0;0;0;6380.0;11990.0;;0%
Case_Clear_3297;17075622;268869149;7998823479733;Чехол для Samsung Galaxy S24 Ultra Keephone KEVILAR, кевларовый чехол для Самсунг Галакси S24 Ультра;'70;KEEPHONE;Продается;;14;'4.40;Показывается;;27.05.2024 12:43;Чехлы;Чехол для смартфона;'0.39;'0.1;15;0;0;0;0;6990.0;11990.0;;0%
Protector_White_4749;90312914;701137259;RND841214684;Чехол для Samsung Galaxy S24 ультратонкий KZDOO Air Carbon с защитой камер, черный супертонкий чехол для Самсунг Галакси S24;'80;KZDOO;Продается;;249;'4.80;Показывается;;27.05.2024 15:41;Чехлы;Чехол для смартфона;'0.36;'0.1;13;0;0;0;0;3180.0;11990.0;;0%
Battery_Clear_9204;32981503;575961066;RND672431619;Чехол для Samsung Galaxy S24+ ультратонкий KZDOO Air Carbon с защитой камер, черный супертонкий чехол для Самсунг Галакси S24 Плюс (S24 Plus);'80;KZDOO;Продается;;158;'4.70;Показывается;;27.05.2024 15:44;Чехлы;Чехол для смартфона;'0.36;'0.1;2;0;0;0;0;3180.0;11990.0;;0%
Accessory_Titanium_5500;20698194;858317751;RND487553094;Чехол для Samsung Galaxy S24 KZDOO Q Series с защитой камер, черный тонкий силиконовый чехол для Самсунг Галакси S24;'45;KZDOO;Продается;;18;'4.90;Показывается;;28.05.2024 9:19;Чехлы;Чехол для смартфона;'0.36;'0.1;4;0;10;0;0;2180.0;7900.0;;0%
Adapter_Black_6645;47137726;364715212;4396414918744;Чехол для Samsung Galaxy S24+ KZDOO Q Series с защитой камер, черный тонкий силиконовый чехол для Самсунг Галакси S24 Плюс;'45;KZDOO;Продается;;22;'5.00;Показывается;;28.05.2024 9:22;Чехлы;Чехол для смартфона;'0.36;'0.1;12;0;10;0;0;2200.0;7900.0;;0%
Case_Red_6916;55096462;636350905;RND100622630;Чехол для iPhone 15 Pro Max с MagSafe KEVILAR, кевларовый черный чехол с узором на Айфон 15 Про Макс;'70;KEEPHONE;Готов к продаже;;4;'4.80;Показывается;;18.06.2024 8:35;Чехлы;Чехол для смартфона;'0.41;'0.1;0;0;0;0;0;6190.0;8990.0;;0%
Battery_Titanium_8921;20052966;709574997;7400526144287;Чехол для iPhone 15 Pro Max с MagSafe KEVILAR, кевларовый синий чехол с узором на Айфон 15 Про Макс;'45;KEEPHONE;Готов к продаже;;7;'4.80;Показывается;;18.06.2024 8:44;Чехлы;Чехол для смартфона;'0.41;'0.1;0;0;0;0;0;6990.0;8990.0;;0%
Battery_Green_5726;37459304;315862984;RND806742299;Чехол для iPhone 15 Pro Max с MagSafe KEVILAR, кевларовый сине-коричневый чехол с узором на Айфон 15 Про Макс;'70;KEEPHONE;Готов к продаже;;3;'4.80;Показывается;;18.06.2024 8:48;Чехлы;Чехол для смартфона;'0.41;'0.1;0;0;0;0;0;6990.0;8990.0;;0%
Cover_White_6505;96892386;597627825;5871721166013;Чехол для iPhone 15 Pro Max с MagSafe KEVILAR, кевларовый коричневый клетчатый чехол на Айфон 15 Про Макс;'70;KEEPHONE;Продается;;9;'4.80;Показывается;;18.06.2024 9:04;Чехлы;Чехол для смартфона;'0.41;'0.1;14;0;10;0;0;6490.0;11990.0;;0%
Cable_Black_7599;62690706;977711964;9108533673175;Чехол для Samsung Galaxy S24 Ultra ультратонкий KZDOO Air Carbon с защитой камер, титанового цвета супертонкий чехол для Самсунг Галакси S24 Ультра;'70;KZDOO;Продается;;59;'4.70;Показывается;;18.06.2024 10:44;Чехлы;Чехол для смартфона;'0.36;'0.1;1;0;10;0;0;3380.0;11990.0;;0%
Cable_Blue_7690;61281005;189863131;RND160160157;Чехол для Samsung Galaxy S24 Ultra ультратонкий KZDOO Air Carbon с защитой камер, синий супертонкий чехол для Самсунг Галакси S24 Ультра;'70;KZDOO;Продается;;15;'4.70;Показывается;;18.06.2024 10:57;Чехлы;Чехол для смартфона;'0.36;'0.1;5;0;5;0;0;3180.0;11990.0;;0%
Case_White_9720;99067649;215461418;2651097550728;Чехол для iPhone 15 Pro Max с вышевкой Keephone Mascot, серый кожаный чехол на Айфон 15 Про Макс;'70;KEEPHONE;Готов к продаже;;8;'5.00;Показывается;;21.06.2024 8:01;Чехлы;Чехол для смартфона;'0.60;'0.1;0;0;0;0;0;3690.0;6250.0;;0%
Cover_Pink_7852;17635290;694184164;1393812445356;Чехол для iPhone 15 Pro Max с вышевкой Keephone Mascot, черный кожаный чехол на Айфон 15 Про Макс;'70;KEEPHONE;Продается;;17;'5.00;Показывается;;21.06.2024 8:01;Чехлы;Чехол для смартфона;'0.60;'0.1;5;0;10;0;0;7380.0;11990.0;;0%
Case_Pink_4837;33651420;108632155;1648318757460;Чехол для iPhone 15 Pro с вышевкой Keephone Mascot, серый кожаный чехол на Айфон 15 Про;'70;KEEPHONE;Продается;;8;'5.00;Показывается;;21.06.2024 9:18;Чехлы;Чехол для смартфона;'0.60;'0.1;10;0;0;0;0;7580.0;11990.0;;0%
Cable_Purple_9905;46377890;495016267;7975145865460;Чехол для iPhone 15 Pro с вышевкой Keephone Mascot, черный кожаный чехол на Айфон 15 Про;'70;KEEPHONE;Продается;;6;'5.00;Показывается;;21.06.2024 9:20;Чехлы;Чехол для смартфона;'0.60;'0.1;1;0;0;0;0;7580.0;11990.0;;0%
Cover_Black_9792;42988671;742380854;1366473587512;Чехол для iPhone 15 Pro с MagSafe KEVILAR, кевларовый черный чехол с узором на Айфон 15 Про;'70;KEEPHONE;Готов к продаже;;8;'4.90;Показывается;;21.06.2024 9:26;Чехлы;Чехол для смартфона;'0.41;'0.1;0;0;0;0;0;6990.0;8990.0;;0%
Battery_Clear_2054;52856081;236263444;9879354838481;Чехол для iPhone 15 Pro с MagSafe KEVILAR, кевларовый синий чехол с узором на Айфон 15 Про;'70;KEEPHONE;Готов к продаже;;4;'4.90;Показывается;;21.06.2024 9:29;Чехлы;Чехол для смартфона;'0.41;'0.1;0;0;0;0;0;6990.0;8990.0;;0%
Case_Red_1728;79853286;402371516;RND142111182;Чехол для iPhone 15 Pro с MagSafe KEVILAR, кевларовый сине-коричневый чехол с узором на Айфон 15 Про;'70;KEEPHONE;Готов к продаже;;2;'4.90;Показывается;;21.06.2024 9:31;Чехлы;Чехол для смартфона;'0.41;'0.1;0;0;0;0;0;6990.0;8990.0;;0%
Adapter_Purple_2691;34828956;920804219;RND588222468;Чехол для iPhone 15 Pro с MagSafe KEVILAR, кевларовый коричневый клетчатый чехол на Айфон 15 Про;'70;KEEPHONE;Продается;;16;'4.90;Показывается;;21.06.2024 9:34;Чехлы;Чехол для смартфона;'0.41;'0.1;3;0;2;0;1;6490.0;11990.0;;0%
Cable_Pink_2821;31895263;512324113;9651842918070;Кожаный чехол для Samsung Galaxy S24 Ultra KZDOO Noble Collection, чехол титанового цвета для Самсунг Галкси S24 Ультра;'45;KZDOO;Продается;;16;'4.70;Показывается;;04.07.2024 7:53;Чехлы;Чехол для смартфона;'0.36;'0.1;1;0;9;0;0;5980.0;11990.0;;0%
Glass_Pink_1078;14627849;441322561;8950152912780;Чехол для Samsung Galaxy S24 Ultra ультратонкий KZDOO Air Carbon с защитой камер, зеленый супертонкий чехол для Самсунг Галакси S24 Ультра;'70;KZDOO;Продается;;21;'4.70;Показывается;;05.07.2024 7:39;Чехлы;Чехол для смартфона;'0.36;'0.1;0;0;14;0;0;3180.0;11990.0;;0%
Battery_Blue_1517;33531233;489983520;1060766095335;Чехол для Samsung Galaxy S24 Ultra ультратонкий KZDOO Air Carbon с защитой камер, фиолетовый супертонкий чехол для Самсунг Галакси S24 Ультра;'45;KZDOO;Продается;;42;'4.70;Показывается;;05.07.2024 7:42;Чехлы;Чехол для смартфона;'0.36;'0.1;10;0;10;0;0;3180.0;11990.0;;0%
Accessory_White_4958;93502166;568780185;RND302435116;Чехол для Samsung Galaxy S24 Ultra KZDOO (K-DOO) Air Skin с защитой камер, синий супертонкий чехол для Самсунг Галакси S24 Ультра;'70;KZDOO;Готов к продаже;;15;'4.60;Показывается;;05.07.2024 7:46;Чехлы;Чехол для смартфона;'0.36;'0.1;0;0;0;0;0;1550.0;2350.0;;0%
Accessory_Black_1036;71236717;605225434;RND288671897;Чехол для Samsung Galaxy S24 Ultra KZDOO (K-DOO) Air Skin с защитой камер, зеленый супертонкий чехол для Самсунг Галакси S24 Ультра;'70;KZDOO;Готов к продаже;;14;'4.60;Показывается;;05.07.2024 8:07;Чехлы;Чехол для смартфона;'0.36;'0.1;0;0;0;0;0;1550.0;3000.0;;0%
Accessory_Titanium_4247;18528649;774538850;RND243269499;Чехол для Samsung Galaxy S24 Ultra KZDOO (K-DOO) Air Skin с защитой камер, фиолетовый супертонкий чехол для Самсунг Галакси S24 Ультра;'45;KZDOO;Продается;;42;'4.60;Показывается;;05.07.2024 8:09;Чехлы;Чехол для смартфона;'0.36;'0.1;80;1;0;0;0;3100.0;11990.0;;0%
Protector_Clear_3222;39526691;289610411;RND958759476;Кожаный чехол для Samsung Galaxy S24 Ultra KZDOO Noble Collection, красный чехол для Самсунг Галкси S24 Ультра;'45;KZDOO;Продается;;4;'4.70;Показывается;;05.07.2024 8:13;Чехлы;Чехол для смартфона;'0.36;'0.1;3;0;10;0;0;5980.0;11990.0;;0%
Glass_White_3966;76690148;750438080;5141885567193;Кожаный чехол для Samsung Galaxy S24 Ultra KZDOO Noble Collection, розовый чехол для Самсунг Галкси S24 Ультра;'45;KZDOO;Продается;;3;'4.70;Показывается;;05.07.2024 8:15;Чехлы;Чехол для смартфона;'0.36;'0.1;3;0;0;0;0;5980.0;11990.0;;0%
Cover_Red_1216;27386342;285313305;RND839937917;Чехол для Samsung Galaxy S24 ультратонкий KZDOO Air Carbon с защитой камер, синий супертонкий чехол для Самсунг Галакси S24;'70;KZDOO;Продается;;31;'4.80;Показывается;;05.07.2024 8:49;Чехлы;Чехол для смартфона;'0.36;'0.1;1;0;0;0;0;2980.0;11990.0;;0%
Cover_Green_1665;48738858;163657002;9687673282770;Чехол для Samsung Galaxy S24 ультратонкий KZDOO Air Carbon с защитой камер, титанового цвета супертонкий чехол для Самсунг Галакси S24;'70;KZDOO;Готов к продаже;;21;'4.80;Показывается;;05.07.2024 8:52;Чехлы;Чехол для смартфона;'0.36;'0.1;0;0;0;0;0;1490.0;2990.0;;0%
Adapter_Blue_3836;65881852;911879840;7585181819617;Чехол для Samsung Galaxy S24 ультратонкий KZDOO Air Carbon с защитой камер, зеленый супертонкий чехол для Самсунг Галакси S24;'70;KZDOO;Продается;;34;'4.80;Показывается;;05.07.2024 8:54;Чехлы;Чехол для смартфона;'0.36;'0.1;4;0;10;0;0;3100.0;11990.0;;0%
Case_Pink_9414;70052491;567176117;RND196586661;Чехол для Samsung Galaxy S24 ультратонкий KZDOO Air Carbon с защитой камер, фиолетовый супертонкий чехол для Самсунг Галакси S24;'70;KZDOO;Продается;;45;'4.80;Показывается;;05.07.2024 8:56;Чехлы;Чехол для смартфона;'0.36;'0.1;9;0;10;0;0;3100.0;11990.0;;0%
Cable_White_7157;45924993;841862476;RND506196290;Чехол для Samsung Galaxy S24 KZDOO (K-DOO) Air Skin с защитой камер, синий супертонкий чехол для Самсунг Галакси S24;'70;KZDOO;Продается;;16;'4.80;Показывается;;05.07.2024 8:59;Чехлы;Чехол для смартфона;'0.36;'0.1;17;0;10;0;0;2880.0;11990.0;;0%
Battery_Clear_2232;81200964;330941717;RND869458810;Чехол для Samsung Galaxy S24 KZDOO (K-DOO) Air Skin с защитой камер, титанового цвета супертонкий чехол для Самсунг Галакси S24;'70;KZDOO;Продается;;32;'4.80;Показывается;;05.07.2024 9:08;Чехлы;Чехол для смартфона;'0.36;'0.1;2;0;0;0;0;2880.0;11990.0;;0%
Cable_Green_9570;89792015;404193174;RND714391872;Чехол для Samsung Galaxy S24 KZDOO (K-DOO) Air Skin с защитой камер, зеленый супертонкий чехол для Самсунг Галакси S24;'70;KZDOO;Продается;;17;'4.80;Показывается;;05.07.2024 9:10;Чехлы;Чехол для смартфона;'0.36;'0.1;1;0;0;0;0;2880.0;11990.0;;0%
Accessory_Pink_5806;37133754;582262969;8119485325142;Чехол для Samsung Galaxy S24 KZDOO (K-DOO) Air Skin с защитой камер, фиолетовый супертонкий чехол для Самсунг Галакси S24;'70;KZDOO;Готов к продаже;;25;'4.80;Показывается;;05.07.2024 9:12;Чехлы;Чехол для смартфона;'0.36;'0.1;0;0;0;0;0;1490.0;2350.0;;0%
Case_Black_4728;32117708;845166833;RND710833599;Чехол для Samsung Galaxy S24 Ultra KZDOO iCoat, розовый чехол для Самсунг S24 Ультра;'45;KZDOO;Продается;;0;'5.00;Показывается;;05.07.2024 10:41;Чехлы;Чехол для смартфона;'0.36;'0.1;9;0;0;0;0;5648.0;11990.0;;0%
Protector_Black_3010;20079776;250403273;2204679996258;Чехол для Samsung Galaxy S24 Ultra KZDOO iCoat, черный чехол для Самсунг S24 Ультра;'45;KZDOO;Продается;;2;'5.00;Показывается;;05.07.2024 10:41;Чехлы;Чехол для смартфона;'0.36;'0.1;6;0;0;0;0;5180.0;11990.0;;0%
Accessory_Black_7413;47329287;642554098;RND547378137;Чехол для Samsung Galaxy S24 Ultra KZDOO iCoat, фиолетовый чехол для Самсунг S24 Ультра;'45;KZDOO;Продается;;0;'5.00;Показывается;;05.07.2024 10:41;Чехлы;Чехол для смартфона;'0.36;'0.1;3;0;0;0;0;5180.0;11990.0;;0%
Accessory_Titanium_9254;45659002;567529402;7216892810181;Чехол для Samsung Galaxy S24 Ultra KZDOO iCoat, синий чехол для Самсунг S24 Ультра;'45;KZDOO;Готов к продаже;;0;'5.00;Показывается;;05.07.2024 10:41;Чехлы;Чехол для смартфона;'0.36;'0.1;0;0;0;0;0;5648.0;11990.0;;0%
Adapter_Titanium_8960;77221484;325644570;1336007527367;Чехол для Samsung Galaxy S24 Ultra KZDOO iCoat, зеленый чехол для Самсунг S24 Ультра;'45;KZDOO;Продается;;0;'5.00;Показывается;;05.07.2024 10:41;Чехлы;Чехол для смартфона;'0.36;'0.1;4;0;0;0;0;5648.0;11990.0;;0%
Cover_Clear_1651;15927945;345261175;9979625162386;Кожаный чехол для Samsung Galaxy S24 KZDOO Noble Collection, черный чехол для Самсунг Галкси S24;'70;KZDOO;Продается;;22;'4.70;Показывается;;05.07.2024 12:54;Чехлы;Чехол для смартфона;'1.47;'0.3;10;0;10;0;0;5980.0;11990.0;;0%
Protector_Black_3047;15425404;111532841;1215038791038;Кожаный чехол для Samsung Galaxy S24 KZDOO Noble Collection, титанового цвета чехол для Самсунг Галкси S24;'70;KZDOO;Продается;;13;'4.70;Показывается;;05.07.2024 12:54;Чехлы;Чехол для смартфона;'0.36;'0.1;5;0;10;0;0;5980.0;11990.0;;0%
Case_Green_8844;22525559;883260664;2030698131569;Кожаный чехол для Samsung Galaxy S24 KZDOO Noble Collection, розовый чехол для Самсунг Галкси S24;'70;KZDOO;Продается;;0;'4.70;Показывается;;05.07.2024 12:54;Чехлы;Чехол для смартфона;'0.36;'0.1;0;0;10;0;0;5980.0;11990.0;;0%
Glass_Titanium_4151;43471454;201386322;RND674758450;Кожаный чехол для Samsung Galaxy S24 KZDOO Noble Collection, синий чехол для Самсунг Галкси S24;'70;KZDOO;Продается;;6;'4.70;Показывается;;05.07.2024 12:54;Чехлы;Чехол для смартфона;'0.36;'0.1;1;0;10;0;0;5980.0;11990.0;;0%
Adapter_Green_3215;69938385;832878387;RND854003193;Кожаный чехол для Samsung Galaxy S24 KZDOO Noble Collection, красный чехол для Самсунг Галкси S24;'70;KZDOO;Продается;;5;'4.70;Показывается;;05.07.2024 12:54;Чехлы;Чехол для смартфона;'0.36;'0.1;18;0;10;0;0;5980.0;11990.0;;0%
Accessory_Purple_5547;90126474;551901563;7132670840956;Кожаный чехол для Samsung Galaxy S24 KZDOO Noble Collection, белый чехол для Самсунг Галкси S24;'70;KZDOO;Продается;;7;'4.70;Показывается;;05.07.2024 12:54;Чехлы;Чехол для смартфона;'0.36;'0.1;3;0;0;0;0;5980.0;11990.0;;0%
Case_Green_5235;85083690;345761978;3604656497189;Кожаный чехол для Samsung Galaxy S24 KZDOO Noble Collection, зеленый чехол для Самсунг Галкси S24;'70;KZDOO;Продается;;7;'4.70;Показывается;;05.07.2024 12:54;Чехлы;Чехол для смартфона;'0.36;'0.1;13;0;0;0;0;5980.0;11990.0;;0%
Protector_Purple_1386;18407892;293153709;6601447172111;Чехол для Samsung Galaxy S24 KZDOO KEIVLAR, кевларовый чехол титанового цвета для Самсунг Галакси S24;'45;KZDOO;Продается;;0;'0.00;Показывается;;05.07.2024 13:07;Чехлы;Чехол для смартфона;'0.36;'0.1;5;0;0;0;0;6638.0;11990.0;;0%
Case_Purple_4314;46333255;985678029;3519129507559;Чехол для Samsung Galaxy S24 KZDOO KEIVLAR, черный кевларовый чехол для Самсунг Галакси S24;'45;KZDOO;Продается;;0;'0.00;Показывается;;05.07.2024 13:33;Чехлы;Чехол для смартфона;'0.36;'0.1;5;0;0;0;0;6090.0;11990.0;;0%
Case_Purple_9663;22804505;119778610;RND374000219;Чехол для Samsung Galaxy S24 KZDOO iCoat, черный чехол для Самсунг S24;'70;KZDOO;Продается;;0;'5.00;Показывается;;05.07.2024 13:44;Чехлы;Чехол для смартфона;'0.36;'0.1;10;0;0;0;0;5648.0;11990.0;;0%
Adapter_Titanium_4719;82912035;187132289;8728161847330;Чехол для Samsung Galaxy S24 KZDOO iCoat, темно-синий чехол для Самсунг S24;'70;KZDOO;Продается;;1;'5.00;Показывается;;05.07.2024 13:44;Чехлы;Чехол для смартфона;'0.36;'0.1;2;0;0;0;0;5180.0;11990.0;;0%
Glass_White_5842;56086239;633650560;RND177144317;Чехол для Samsung Galaxy S24 KZDOO iCoat, фиолетовый чехол для Самсунг S24;'70;KZDOO;Продается;;2;'5.00;Показывается;;05.07.2024 13:44;Чехлы;Чехол для смартфона;'0.36;'0.1;2;0;0;0;0;5648.0;11990.0;;0%
Adapter_Black_6675;20065997;175296930;RND287859545;Чехол для Samsung Galaxy S24 KZDOO iCoat, розовый чехол для Самсунг S24;'45;KZDOO;Продается;;3;'5.00;Показывается;;05.07.2024 13:44;Чехлы;Чехол для смартфона;'0.36;'0.1;4;0;0;0;0;5648.0;11990.0;;0%
Accessory_Titanium_4442;39229731;526961683;RND398957109;Чехол для Samsung Galaxy S24 KZDOO iCoat, зеленый чехол для Самсунг S24;'70;KZDOO;Продается;;3;'5.00;Показывается;;05.07.2024 13:44;Чехлы;Чехол для смартфона;'0.36;'0.1;4;1;0;0;0;5180.0;11990.0;;0%
Case_Titanium_1136;88475420;531485366;RND191791886;Чехол для Samsung Galaxy S24+ ультратонкий KZDOO Air Carbon с защитой камер, синий супертонкий чехол для Самсунг Галакси S24 Плюс (S24 Plus);'70;KZDOO;Продается;;11;'4.70;Показывается;;05.07.2024 13:52;Чехлы;Чехол для смартфона;'0.36;'0.1;3;0;0;0;0;3180.0;11990.0;;0%
Case_White_2690;67871873;820352939;2385998479655;Чехол для Samsung Galaxy S24+ ультратонкий KZDOO Air Carbon с защитой камер, титанового цвета супертонкий чехол для Самсунг Галакси S24 Плюс (S24 Plus);'70;KZDOO;Продается;;10;'4.70;Показывается;;05.07.2024 13:55;Чехлы;Чехол для смартфона;'0.36;'0.1;4;0;0;0;0;3180.0;11990.0;;0%
Accessory_Pink_7556;37685101;861957797;6530995375047;Чехол для Samsung Galaxy S24+ ультратонкий KZDOO Air Carbon с защитой камер, зеленый супертонкий чехол для Самсунг Галакси S24 Плюс (S24 Plus);'70;KZDOO;Продается;;16;'4.70;Показывается;;05.07.2024 13:56;Чехлы;Чехол для смартфона;'0.36;'0.1;3;0;10;0;0;3100.0;11990.0;;0%
Cable_Black_1133;91351857;541755638;5412256016114;Чехол для Samsung Galaxy S24+ ультратонкий KZDOO Air Carbon с защитой камер, фиолетовый супертонкий чехол для Самсунг Галакси S24 Плюс (S24 Plus);'70;KZDOO;Продается;;28;'4.70;Показывается;;05.07.2024 14:00;Чехлы;Чехол для смартфона;'0.36;'0.1;4;0;10;0;0;3100.0;11990.0;;0%
Adapter_Black_5617;83880564;760558669;RND475758403;Чехол для Samsung Galaxy S24 Plus KZDOO (K-DOO) Air Skin с защитой камер, синий супертонкий чехол для Самсунг Галакси S24 Плюс;'70;KZDOO;Продается;;2;'4.70;Показывается;;05.07.2024 14:37;Чехлы;Чехол для смартфона;'0.36;'0.1;2;0;0;0;0;2980.0;11990.0;;0%
Protector_Titanium_7721;79784616;558103665;RND307614372;Чехол для Samsung Galaxy S24 Plus KZDOO (K-DOO) Air Skin с защитой камер, титанового цвета супертонкий чехол для Самсунг Галакси S24 Плюс;'70;KZDOO;Продается;;8;'4.70;Показывается;;05.07.2024 14:39;Чехлы;Чехол для смартфона;'0.36;'0.1;6;0;10;0;0;2980.0;11990.0;;0%
Accessory_Purple_3751;18284486;765506536;RND143476690;Чехол для Samsung Galaxy S24 Plus KZDOO (K-DOO) Air Skin с защитой камер, зеленый супертонкий чехол для Самсунг Галакси S24 Плюс;'70;KZDOO;Продается;;7;'4.70;Показывается;;05.07.2024 14:43;Чехлы;Чехол для смартфона;'0.36;'0.1;4;0;0;0;0;2980.0;11990.0;;0%
Case_Blue_9294;52213154;344560627;RND503852881;Чехол для Samsung Galaxy S24 Plus KZDOO (K-DOO) Air Skin с защитой камер, фиолетовый супертонкий чехол для Самсунг Галакси S24 Плюс;'70;KZDOO;Продается;;13;'4.70;Показывается;;05.07.2024 14:50;Чехлы;Чехол для смартфона;'0.36;'0.1;2;0;0;0;0;2980.0;11990.0;;0%
Adapter_White_4942;76325217;524363028;4159472471422;Кожаный чехол для Samsung Galaxy S24+ KZDOO Noble Collection, титанового цвета чехол для Самсунг Галкси S24 Плюс (S24 Plus);'45;KZDOO;Продается;;2;'5.00;Показывается;;06.07.2024 8:50;Чехлы;Чехол для смартфона;'0.36;'0.1;2;0;0;0;0;5980.0;11990.0;;0%
Cover_Green_1687;45372531;332284168;3153233151968;Кожаный чехол для Samsung Galaxy S24+ KZDOO Noble Collection, розовый чехол для Самсунг Галкси S24 Плюс (S24 Plus);'45;KZDOO;Продается;;2;'5.00;Показывается;;06.07.2024 8:50;Чехлы;Чехол для смартфона;'0.36;'0.1;1;0;0;0;0;5980.0;11990.0;;0%
Cover_Blue_3779;75952933;678190320;9965324669489;Кожаный чехол для Samsung Galaxy S24+ KZDOO Noble Collection, белый чехол для Самсунг Галкси S24 Плюс (S24 Plus);'45;KZDOO;Готов к продаже;;1;'5.00;Показывается;;06.07.2024 8:50;Чехлы;Чехол для смартфона;'0.36;'0.1;0;0;0;0;0;5980.0;11990.0;;0%
Glass_Titanium_6307;91454257;851042211;RND589064348;Кожаный чехол для Samsung Galaxy S24+ KZDOO Noble Collection, красный чехол для Самсунг Галкси S24 Плюс (S24 Plus);'45;KZDOO;Продается;;0;'5.00;Показывается;;06.07.2024 8:50;Чехлы;Чехол для смартфона;'0.36;'0.1;3;0;5;0;0;5980.0;11990.0;;0%
Accessory_White_3773;29045334;804625586;9662195963342;Кожаный чехол для Samsung Galaxy S24+ KZDOO Noble Collection, синий чехол для Самсунг Галкси S24 Плюс (S24 Plus);'45;KZDOO;Продается;;1;'5.00;Показывается;;06.07.2024 8:50;Чехлы;Чехол для смартфона;'0.36;'0.1;2;0;0;0;0;5980.0;11990.0;;0%
Case_Blue_6632;36498753;968451006;RND404537393;Кожаный чехол для Samsung Galaxy S24+ KZDOO Noble Collection, черный чехол для Самсунг Галкси S24 Плюс (S24 Plus);'45;KZDOO;Продается;;7;'5.00;Показывается;;06.07.2024 8:50;Чехлы;Чехол для смартфона;'0.36;'0.1;0;0;10;0;0;5980.0;11990.0;;0%
Case_Black_2404;33859911;958984306;RND689701323;Кожаный чехол для Samsung Galaxy S24+ KZDOO Noble Collection, зеленый чехол для Самсунг Галкси S24 Плюс (S24 Plus);'45;KZDOO;Продается;;0;'5.00;Показывается;;06.07.2024 8:50;Чехлы;Чехол для смартфона;'0.36;'0.1;2;0;0;0;0;6520.0;11990.0;;0%
Cable_Purple_4330;99649061;955920137;2419600411454;Чехол для Samsung Galaxy S24+ KZDOO KEIVLAR, черный кевларовый чехол для Самсунг Галакси S24 Плюс (S24 Plus);'70;KZDOO;Готов к продаже;;3;'5.00;Показывается;;06.07.2024 9:02;Чехлы;Чехол для смартфона;'0.36;'0.1;0;0;0;0;0;6090.0;11990.0;;0%
Accessory_Green_2321;56427222;581885885;RND258808023;Чехол для Samsung Galaxy S24+ KZDOO KEIVLAR, кевларовый чехол титанового цвета для Самсунг Галакси S24 Плюс (S24 Plus);'70;KZDOO;Продается;;1;'5.00;Показывается;;06.07.2024 9:06;Чехлы;Чехол для смартфона;'0.36;'0.1;4;0;0;0;0;6090.0;11990.0;;0%
Adapter_Titanium_9931;57067829;248520835;RND827667182;Чехол для Samsung Galaxy S24+ KZDOO iCoat, зеленый чехол для Самсунг S24 Плюс (S24 Plus);'70;KZDOO;Продается;;1;'4.30;Показывается;;06.07.2024 9:15;Чехлы;Чехол для смартфона;'0.36;'0.1;4;0;0;0;0;5180.0;11990.0;;0%
Battery_Pink_8806;38338175;203032751;8622236136495;Чeхол для Samsung Galaxy S24+ KZDOO iCoat, черный чехол для Самсунг S24 Плюс (S24 Plus);'70;KZDOO;Продается;;1;'4.30;Показывается;;06.07.2024 9:15;Чехлы;Чехол для смартфона;'0.36;'0.1;2;0;0;0;0;5648.0;11990.0;;0%
Cable_Red_7671;94541587;873645558;RND273483432;Чехол для Samsung Galaxy S24+ KZDOO iCoat, розовый чехол для Самсунг S24 Плюс (S24 Plus);'70;KZDOO;Продается;;1;'4.30;Показывается;;06.07.2024 9:15;Чехлы;Чехол для смартфона;'0.36;'0.1;3;0;0;0;0;5180.0;11990.0;;0%
Glass_Pink_4670;84564142;935154089;9085280705160;Чехол для Samsung Galaxy S24+ KZDOO iCoat, фиолетовый чехол для Самсунг S24 Плюс (S24 Plus);'70;KZDOO;Продается;;0;'4.30;Показывается;;06.07.2024 9:15;Чехлы;Чехол для смартфона;'0.36;'0.1;4;0;0;0;0;5180.0;11990.0;;0%
Cover_Red_7826;68694298;683956245;5832255008442;Чехол для Samsung Galaxy S24+ KZDOO iCoat, синий чехол для Самсунг S24 Плюс (S24 Plus);'70;KZDOO;Продается;;1;'4.30;Показывается;;06.07.2024 9:15;Чехлы;Чехол для смартфона;'0.36;'0.1;2;0;0;0;0;5648.0;11990.0;;0%
Accessory_Green_6356;51576702;718837264;5809963812207;Чехол для iPhone 15 Pro Max с держателем Keephone Heldro Sky, разноцветный противоударный чехол для Айфон 15 Про Макс;'70;KEEPHONE;Готов к продаже;;8;'4.80;Показывается;;27.07.2024 11:49;Чехлы;Чехол для смартфона;'0.38;'0.1;0;0;0;0;0;3500.0;5290.0;;0%
Cover_Titanium_5408;69603096;804286087;RND331943154;Чехол для Samsung Galaxy S23 Ultra ультратонкий KZDOO Air Carbon с защитой камер, фиолетовый супертонкий чехол для Самсунг Галакси S23 Ультра;'70;KZDOO;Продается;;5;'4.70;Показывается;;19.08.2024 11:19;Чехлы;Чехол для смартфона;'0.36;'0.1;4;0;0;0;0;3980.0;11990.0;;0%
Battery_Blue_9393;46198191;923991646;RND823416829;Чехол для Samsung Galaxy S23 Ultra ультратонкий KZDOO Air Carbon с защитой камер, зеленый супертонкий чехол для Самсунг Галакси S23 Ультра;'70;KZDOO;Продается;;17;'4.70;Показывается;;19.08.2024 11:22;Чехлы;Чехол для смартфона;'0.36;'0.1;5;0;10;0;0;3980.0;11990.0;;0%
Adapter_Titanium_4017;27593627;436449965;6669617187527;Ультратонкий чехол на Айфон 16 Про Air Skin с защитой камер, черный чехол для iPhone 16 Pro;'77.5;KZDOO;Продается;;75;'4.80;Показывается;;16.09.2024 8:53;Чехлы;Чехол для смартфона;'0.36;'0.1;1;0;7;0;0;3100.0;11990.0;;0%
Accessory_Red_5621;25803789;782187014;9354338822307;Ультратонкий чехол на Айфон 16 Про Air Skin с защитой камер, прозрачный чехол для iPhone 16 Pro;'77.5;KZDOO;Продается;;190;'4.80;Показывается;;16.09.2024 8:56;Чехлы;Чехол для смартфона;'0.36;'0.1;169;2;10;0;0;4980.0;11990.0;;0%
Case_Red_5097;51916754;896572738;5382253016533;Ультратонкий чехол на Айфон 16 Про Air Skin с защитой камер, серый чехол для iPhone 16 Pro;'77.5;KZDOO;Продается;;12;'4.80;Показывается;;16.09.2024 9:00;Чехлы;Чехол для смартфона;'0.36;'0.1;9;0;8;0;0;3100.0;11990.0;;0%
Battery_White_5078;20117877;463009122;RND217487312;Ультратонкий чехол на Айфон 16 Про Air Skin с защитой камер, зеленый чехол для iPhone 16 Pro;'77.5;KZDOO;Продается;;17;'4.80;Показывается;;16.09.2024 9:02;Чехлы;Чехол для смартфона;'1.65;'0.3;13;0;10;0;0;3100.0;11990.0;;0%
Battery_Red_1250;57603921;924962704;RND477753063;Ультратонкий чехол на Айфон 16 Про Air Skin с защитой камер, розовый чехол для iPhone 16 Pro;'77.5;KZDOO;Готов к продаже;;24;'4.80;Показывается;;16.09.2024 9:05;Чехлы;Чехол для смартфона;'0.36;'0.1;0;0;0;0;0;1550.0;11990.0;;0%
Cover_Pink_9351;96649912;326900214;7977937018999;Ультратонкий чехол на Айфон 16 Про Air Skin с защитой камер, фиолетовый чехол для iPhone 16 Pro;'77.5;KZDOO;Готов к продаже;;0;'4.80;Показывается;;16.09.2024 9:07;Чехлы;Чехол для смартфона;'0.36;'0.1;0;0;0;0;0;1550.0;2090.0;;0%
Case_Green_7941;45662787;871146634;RND948098321;Ультратонкий чехол на Айфон 16 Про Air Skin с защитой камер, чехол цвета титан для iPhone 16 Pro;'77.5;KZDOO;Продается;;13;'4.80;Показывается;;16.09.2024 9:10;Чехлы;Чехол для смартфона;'0.36;'0.1;18;0;10;0;0;3100.0;11990.0;;0%
Battery_Titanium_3292;90203006;636142425;2073053305383;Ультратонкий чехол на Айфон 16 Про Макс Air Skin с защитой камер, черный чехол для iPhone 16 Pro Max;'77.5;KZDOO;Продается;;44;'4.80;Показывается;;16.09.2024 9:27;Чехлы;Чехол для смартфона;'0.36;'0.1;30;0;9;0;1;4980.0;11990.0;;0%
Cover_White_2425;73013585;813151584;RND663651851;Ультратонкий чехол на Айфон 16 Про Макс Air Skin с защитой камер, прозрачный чехол для iPhone 16 Pro Max;'77.5;KZDOO;Продается;;173;'4.80;Показывается;;16.09.2024 9:40;Чехлы;Чехол для смартфона;'0.36;'0.1;111;1;7;0;0;4980.0;11990.0;;0%
Protector_Pink_6137;61136536;956606367;RND621240503;Ультратонкий чехол на Айфон 16 Про Макс Air Skin с защитой камер, серый чехол для iPhone 16 Pro Max;'77.5;KZDOO;Продается;;17;'4.80;Показывается;;16.09.2024 9:43;Чехлы;Чехол для смартфона;'0.36;'0.1;12;0;10;0;0;4980.0;11990.0;;0%
Battery_Green_9361;56431213;619571827;RND408125248;Ультратонкий чехол на Айфон 16 Про Макс Air Skin с защитой камер, зеленый чехол для iPhone 16 Pro Max;'77.5;KZDOO;Продается;;10;'4.80;Показывается;;16.09.2024 9:46;Чехлы;Чехол для смартфона;'0.36;'0.1;9;0;4;0;0;4980.0;11990.0;;0%
Adapter_Blue_3177;82982230;516181085;4932748490221;Ультратонкий чехол на Айфон 16 Про Макс Air Skin с защитой камер, розовый чехол для iPhone 16 Pro Max;'77.5;KZDOO;Продается;;29;'4.80;Показывается;;16.09.2024 9:48;Чехлы;Чехол для смартфона;'0.36;'0.1;12;0;10;0;0;4980.0;11990.0;;0%
Adapter_Black_8728;43739237;817953725;RND851252587;Ультратонкий чехол на Айфон 16 Про Макс Air Skin с защитой камер, фиолетовый чехол для iPhone 16 Pro Max;'77.5;KZDOO;Продается;;3;'4.80;Показывается;;16.09.2024 9:50;Чехлы;Чехол для смартфона;'0.36;'0.1;4;0;10;0;0;4980.0;11990.0;;0%
Glass_Purple_4374;93900770;799415753;3678190746977;Ультратонкий чехол на Айфон 16 Про Макс Air Skin с защитой камер, чехол цвета титан для iPhone 16 Pro Max;'77.5;KZDOO;Продается;;5;'4.80;Показывается;;16.09.2024 9:56;Чехлы;Чехол для смартфона;'0.36;'0.1;17;0;9;0;1;4980.0;11990.0;;0%
Cable_Clear_3340;38909706;186057153;3786136145016;Ультратонкий чехол для iPhone 16 Pro KZDOO Air Carbon с защитой камер, синий супертонкий чехол для Айфон 16 Про;'82.5;KZDOO;Продается;;4;'4.50;Показывается;;16.09.2024 10:06;Чехлы;Чехол для смартфона;'0.36;'0.1;13;0;10;0;0;2980.0;11990.0;;0%
Battery_Pink_1869;84222117;497004689;5487658717238;Ультратонкий чехол для iPhone 16 Pro Max KZDOO Air Carbon с защитой камер, синий супертонкий чехол для Айфон 16 Про Макс;'82.5;KZDOO;Продается;;4;'4.50;Показывается;;16.09.2024 10:08;Чехлы;Чехол для смартфона;'0.36;'0.1;4;0;10;0;0;2980.0;11990.0;;0%
Battery_Clear_8593;95855229;732277264;RND663293262;Тонкий чехол для iPhone 16 Pro KZDOO Q Series, черный силиконовый чехол на Айфон 16 Про;'77.5;KZDOO;Готов к продаже;;59;'4.80;Показывается;;16.09.2024 10:13;Чехлы;Чехол для смартфона;'0.36;'0.1;0;0;0;0;0;1390.0;2290.0;;0%
Glass_Red_7478;49790387;411462442;RND621851116;Тонкий чехол для iPhone 16 Pro Max KZDOO Q Series, черный силиконовый чехол на Айфон 16 Про Макс;'77.5;KZDOO;Готов к продаже;;33;'4.90;Показывается;;16.09.2024 10:56;Чехлы;Чехол для смартфона;'1.50;'0.3;0;0;0;0;0;1390.0;2290.0;;0%
Protector_Blue_1803;87007443;485733184;RND103482920;Чехол для iPhone 16 Pro KZDOO Guardian, прозрачный противоударный чехол для Айфон 16 Про;'45;KZDOO;Продается;;24;'4.90;Показывается;;16.09.2024 11:00;Чехлы;Чехол для смартфона;'0.36;'0.1;10;0;9;0;0;5300.0;11990.0;;0%
Adapter_Red_9951;31963671;393706192;7737428620695;Чехол для iPhone 16 Pro KZDOO Guardian, черно-прозрачный противоударный чехол для Айфон 16 Про;'70;KZDOO;Продается;;5;'4.90;Показывается;;16.09.2024 11:02;Чехлы;Чехол для смартфона;'0.36;'0.1;11;0;0;0;0;5300.0;11990.0;;0%
Protector_White_2451;53662519;741100686;RND571883537;Чехол для iPhone 16 Pro Max KZDOO Guardian, прозрачный противоударный чехол для Айфон 16 Про Макс;'45;KZDOO;Продается;;16;'4.90;Показывается;;16.09.2024 14:13;Чехлы;Чехол для смартфона;'0.36;'0.1;1;0;10;0;0;5300.0;11990.0;;0%
Adapter_Black_5734;84726744;597622044;1388476746088;Чехол для iPhone 16 Pro Max KZDOO Guardian, прозрачно-черный противоударный чехол для Айфон 16 Про Макс;'70;KZDOO;Продается;;4;'4.90;Показывается;;16.09.2024 14:18;Чехлы;Чехол для смартфона;'0.36;'0.1;7;0;0;0;0;5300.0;11990.0;;0%
Protector_Black_8399;71200812;401943601;7505063434353;Кожаный чехол для iPhone 16 Pro KZDOO Noble Collection, черный для Айфон 16 Про;'77.5;KZDOO;Продается;;26;'4.80;Показывается;;16.09.2024 14:31;Чехлы;Чехол для смартфона;'0.36;'0.1;5;0;10;0;0;7828.0;11990.0;;0%
Case_Titanium_9042;48511546;789852192;7689656801676;Кожаный чехол для iPhone 16 Pro KZDOO Noble Collection, белый для Айфон 16 Про;'77.5;KZDOO;Продается;;11;'4.80;Показывается;;16.09.2024 14:34;Чехлы;Чехол для смартфона;'0.36;'0.1;7;0;10;0;0;7180.0;11990.0;;0%
Cover_Clear_1107;67891891;540336241;8579023344841;Кожаный чехол для iPhone 16 Pro KZDOO Noble Collection, синий чехол для Айфон 16 Про;'77.5;KZDOO;Продается;;5;'4.80;Показывается;;16.09.2024 14:37;Чехлы;Чехол для смартфона;'0.36;'0.1;6;0;10;0;0;7180.0;11990.0;;0%
Protector_Blue_8780;91669859;514223469;RND725824503;Кожаный чехол для iPhone 16 Pro KZDOO Noble Collection, коричневый для Айфон 16 Про;'77.5;KZDOO;Продается;;14;'4.80;Показывается;;16.09.2024 14:40;Чехлы;Чехол для смартфона;'0.36;'0.1;12;0;5;0;0;7180.0;11990.0;;0%
Protector_Pink_1089;42713805;644783600;RND584073252;Кожаный чехол для iPhone 16 Pro KZDOO Noble Collection, фиолетовый для Айфон 16 Про;'77.5;KZDOO;Продается;;9;'4.80;Показывается;;16.09.2024 14:45;Чехлы;Чехол для смартфона;'0.36;'0.1;2;0;10;0;0;7180.0;11990.0;;0%
Glass_Blue_7941;35278788;854487194;1081905100769;Кожаный чехол для iPhone 16 Pro KZDOO Noble Collection, титаниум для Айфон 16 Про;'77.5;KZDOO;Продается;;24;'4.80;Показывается;;16.09.2024 14:47;Чехлы;Чехол для смартфона;'0.36;'0.1;3;0;4;0;0;7180.0;11990.0;;0%
Protector_Pink_5757;97223348;100478846;RND798795516;Кожаный чехол для iPhone 16 Pro Max KZDOO Noble Collection, черный чехол для Айфон 16 Про Макс;'77.5;KZDOO;Продается;;36;'4.60;Показывается;;16.09.2024 14:51;Чехлы;Чехол для смартфона;'0.36;'0.1;6;0;9;0;0;7828.0;11990.0;;0%
Protector_Green_9265;82656391;833918733;RND553996285;Кожаный чехол для iPhone 16 Pro Max KZDOO Noble Collection, белый чехол для Айфон 16 Про Макс;'77.5;KZDOO;Продается;;15;'4.60;Показывается;;16.09.2024 14:54;Чехлы;Чехол для смартфона;'0.36;'0.1;2;0;9;0;0;7180.0;11990.0;;0%
Glass_White_2493;31993301;340087371;RND404550945;Кожаный чехол для iPhone 16 Pro Max KZDOO Noble Collection, синий чехол для Айфон 16 Про Макс;'77.5;KZDOO;Продается;;5;'4.60;Показывается;;16.09.2024 14:56;Чехлы;Чехол для смартфона;'0.36;'0.1;2;0;10;0;0;7180.0;11990.0;;0%
Cable_White_9238;32648496;468544918;5898879657761;Чехол для iPhone 14 Pro Max Keephone Kevilar Combat, черный противоударный кевларовый чехол для Айфон 14 Про Макс;'45;KEEPHONE;Продается;;0;'0.00;Показывается;;18.09.2024 12:23;Чехлы;Чехол для смартфона;'0.41;'0.1;2;0;10;0;0;6190.0;11990.0;;0%
Cable_Pink_6306;50083787;206546234;7088709151442;Кожаный чехол для iPhone 16 Pro Max KZDOO Noble Collection, коричневый чехол для Айфон 16 Про Макс;'77.5;KZDOO;Продается;;6;'4.60;Показывается;;19.09.2024 7:36;Чехлы;Чехол для смартфона;'0.36;'0.1;1;0;0;0;0;7180.0;11990.0;;0%
Cover_Pink_9327;56572173;367626519;9180167953163;Кожаный чехол для iPhone 16 Pro Max KZDOO Noble Collection, фиолетовый чехол для Айфон 16 Про Макс;'77.5;KZDOO;Продается;;2;'4.60;Показывается;;19.09.2024 7:44;Чехлы;Чехол для смартфона;'0.36;'0.1;5;0;4;0;0;7180.0;11990.0;;0%
Cable_Red_2613;48804389;117590467;RND251174129;Кожаный чехол для iPhone 16 Pro Max KZDOO Noble Collection, титаниум чехол для Айфон 16 Про Макс;'77.5;KZDOO;Готов к продаже;;21;'4.60;Показывается;;19.09.2024 7:52;Чехлы;Чехол для смартфона;'0.36;'0.1;0;0;0;0;0;7180.0;11990.0;;0%
Case_Purple_8161;45726745;555158786;9875625429172;Кожаный чехол для iPhone 16 Pro с MagSafe KZDOO Mag Noble Collection, черный чехол для Айфон 16 Про;'70;KZDOO;Продается;;5;'5.00;Показывается;;19.09.2024 8:15;Чехлы;Чехол для смартфона;'0.36;'0.1;8;0;5;0;0;11100.0;11990.0;;0%
Battery_Blue_5018;18157199;328535215;8990542511526;Кожаный чехол для iPhone 16 Pro с MagSafe KZDOO Mag Noble Collection, белый чехол для Айфон 16 Про;'70;KZDOO;Продается;;1;'5.00;Показывается;;19.09.2024 10:01;Чехлы;Чехол для смартфона;'0.36;'0.1;1;0;0;0;0;11100.0;11990.0;;0%
Battery_Black_8982;38735953;614146975;7621510366822;Кожаный чехол для iPhone 16 Pro с MagSafe KZDOO Mag Noble Collection, зеленый чехол для Айфон 16 Про;'70;KZDOO;Продается;;0;'5.00;Показывается;;19.09.2024 10:11;Чехлы;Чехол для смартфона;'0.36;'0.1;4;0;0;0;0;6050.0;11990.0;;0%
Accessory_Black_6796;11526278;974828941;RND735546346;Кожаный чехол для iPhone 16 Pro с MagSafe KZDOO Mag Noble Collection, синий чехол для Айфон 16 Про;'70;KZDOO;Продается;;1;'5.00;Показывается;;19.09.2024 10:30;Чехлы;Чехол для смартфона;'0.36;'0.1;2;0;0;0;0;11100.0;11990.0;;0%
Protector_Blue_4040;80560774;336715432;RND687782759;Кожаный чехол для iPhone 16 Pro с MagSafe KZDOO Mag Noble Collection, желтый чехол для Айфон 16 Про;'70;KZDOO;Продается;;2;'5.00;Показывается;;19.09.2024 10:52;Чехлы;Чехол для смартфона;'0.36;'0.1;2;0;0;0;0;6050.0;11990.0;;0%
Accessory_Purple_7148;84547804;269524641;3651256541021;Кожаный чехол для iPhone 16 Pro с MagSafe KZDOO Mag Noble Collection, оранжевый чехол для Айфон 16 Про;'45;KZDOO;Продается;;0;'5.00;Показывается;;19.09.2024 11:09;Чехлы;Чехол для смартфона;'0.36;'0.1;4;0;0;0;0;6050.0;11990.0;;0%
Cable_White_7198;64717600;514421827;RND228295982;Кожаный чехол для iPhone 16 Pro Max с MagSafe KZDOO Mag Noble Collection, черный чехол для Айфон 16 Про Макс;'70;KZDOO;Продается;;6;'4.80;Показывается;;19.09.2024 11:23;Чехлы;Чехол для смартфона;'0.36;'0.1;15;0;10;0;0;11100.0;11990.0;;0%
Adapter_Purple_1580;54973087;152500972;RND100817422;Кожаный чехол для iPhone 16 Pro Max с MagSafe KZDOO Mag Noble Collection, белый чехол для Айфон 16 Про Макс;'70;KZDOO;Продается;;6;'4.80;Показывается;;19.09.2024 11:25;Чехлы;Чехол для смартфона;'0.36;'0.1;10;0;5;0;0;11100.0;11990.0;;0%
Accessory_White_6586;78049075;911864412;3019204686442;Кожаный чехол для iPhone 16 Pro Max с MagSafe KZDOO Mag Noble Collection, коричневый чехол для Айфон 16 Про Макс;'70;KZDOO;Продается;;1;'4.80;Показывается;;19.09.2024 11:28;Чехлы;Чехол для смартфона;'0.36;'0.1;3;0;0;0;0;11100.0;11990.0;;0%
Glass_Clear_9885;18381604;673224225;5245895837188;Кожаный чехол для iPhone 16 Pro Max с MagSafe KZDOO Mag Noble Collection, синий чехол для Айфон 16 Про Макс;'70;KZDOO;Продается;;2;'4.80;Показывается;;19.09.2024 11:29;Чехлы;Чехол для смартфона;'0.36;'0.1;4;0;10;0;0;11100.0;11990.0;;0%
Cable_Pink_9801;13318047;128971555;RND185549580;Кожаный чехол для iPhone 16 Pro Max с MagSafe KZDOO Mag Noble Collection, желтый чехол для Айфон 16 Про Макс;'70;KZDOO;Продается;;1;'4.80;Показывается;;19.09.2024 11:31;Чехлы;Чехол для смартфона;'0.36;'0.1;4;0;0;0;0;11100.0;11990.0;;0%
Protector_Red_5088;94095042;398737403;RND484815077;Чехол для iPhone 16 Pro KZDOO KEIVLAR, черно-серый кевларовый чехол для Айфон 16 Про;'52.5;KZDOO;Продается;;27;'4.90;Показывается;;19.09.2024 12:10;Чехлы;Чехол для смартфона;'0.36;'0.1;4;0;3;0;2;5990.0;11990.0;;0%
Protector_Purple_4041;90434104;567972671;RND862985712;Чехол для iPhone 16 Pro KZDOO KEIVLAR, цвета титаниум кевларовый чехол для Айфон 16 Про;'77.5;KZDOO;Продается;;4;'4.90;Показывается;;19.09.2024 12:20;Чехлы;Чехол для смартфона;'0.36;'0.1;4;0;0;0;0;5990.0;11990.0;;0%
Battery_Pink_4662;78205535;713510806;RND160794792;Чехол для iPhone 16 Pro Max KZDOO KEIVLAR, черно-серый кевларовый чехол для Айфон 16 Про Макс;'77.5;KZDOO;Продается;;30;'4.70;Показывается;;19.09.2024 12:23;Чехлы;Чехол для смартфона;'0.36;'0.1;38;0;10;0;0;6420.0;11990.0;;0%
Battery_Clear_6964;33637365;381585547;RND978517161;Чехол для iPhone 16 Pro Max KZDOO KEIVLAR, цвета титаниум кевларовый чехол для Айфон 16 Про Макс;'77.5;KZDOO;Продается;;5;'4.70;Показывается;;19.09.2024 12:27;Чехлы;Чехол для смартфона;'0.36;'0.1;3;0;0;0;0;5990.0;11990.0;;0%
Glass_Blue_7898;69618923;279438065;RND639897981;Чехол для iPhone 16 Pro Keephone Hybrid Case, прозрачный противоударный чехол для Айфон 16 Про;'70;KEEPHONE;Готов к продаже;;3;'5.00;Показывается;;20.09.2024 8:34;Чехлы;Чехол для смартфона;'0.38;'0.1;0;0;0;0;0;2450.0;3990.0;;0%
Cover_Pink_3796;32325728;237740308;RND310391360;Чехол для iPhone 16 Pro Max Keephone Hybrid Case, прозрачный противоударный чехол для Айфон 16 Про Макс;'70;KEEPHONE;Продается;;0;'0.00;Показывается;;20.09.2024 8:38;Чехлы;Чехол для смартфона;'0.38;'0.1;10;0;0;0;0;4900.0;11990.0;;0%
Adapter_Green_4390;69331020;403874979;RND246097661;Ультратонкий чехол на Айфон 16 Про Макс Air Skin с защитой камер, синий чехол для iPhone 16 Pro Max;'77.5;KZDOO;Продается;;9;'4.80;Показывается;;27.09.2024 9:24;Чехлы;Чехол для смартфона;'0.36;'0.1;2;0;9;0;0;4980.0;11990.0;;0%
Glass_Clear_5170;77091389;307156546;4139284980823;Ультратонкий чехол на Айфон 16 Про Air Skin с защитой камер, синий чехол для iPhone 16 Pro;'77.5;KZDOO;Продается;;10;'4.80;Показывается;;27.09.2024 9:42;Чехлы;Чехол для смартфона;'0.36;'0.1;4;0;10;0;1;3100.0;11990.0;;0%
Case_Green_1486;24232137;928003971;9230755927383;Чехол для iPhone 16 KZDOO Guardian, прозрачный противоударный чехол для Айфон 16;'70;KZDOO;Продается;;3;'4.90;Показывается;;27.09.2024 9:53;Чехлы;Чехол для смартфона;'0.36;'0.1;4;0;0;0;0;5300.0;11990.0;;0%
Adapter_Purple_8900;38628354;782145469;7396663563691;Чехол для iPhone 16 Pro KZDOO Guardian, золотой противоударный чехол для Айфон 16 Про;'70;KZDOO;Продается;;8;'4.90;Показывается;;27.09.2024 9:57;Чехлы;Чехол для смартфона;'0.36;'0.1;9;0;0;0;0;5778.0;11990.0;;0%
Accessory_Pink_8478;16895715;888248544;9369172934080;Чехол для iPhone 16 Pro Max KZDOO Guardian, золотой противоударный чехол для Айфон 16 Про Макс;'70;KZDOO;Продается;;12;'4.90;Показывается;;27.09.2024 9:58;Чехлы;Чехол для смартфона;'0.36;'0.1;20;0;10;0;0;5866.0;11990.0;;0%
Case_Green_7122;28407401;803664725;1355800082005;Кожаный чехол для iPhone 16 Pro KZDOO Noble Collection, оранжевый для Айфон 16 Про;'77.5;KZDOO;Продается;;5;'4.80;Показывается;;27.09.2024 10:03;Чехлы;Чехол для смартфона;'0.36;'0.1;1;0;0;0;0;7180.0;11990.0;;0%
Accessory_Purple_9479;72795892;207647602;8765821786749;Кожаный чехол для iPhone 16 Pro KZDOO Noble Collection, розовый для Айфон 16 Про;'77.5;KZDOO;Продается;;2;'4.80;Показывается;;27.09.2024 11:22;Чехлы;Чехол для смартфона;'0.36;'0.1;6;0;3;0;0;7180.0;11990.0;;0%
Cover_Blue_6421;92255706;404557063;RND893815007;Кожаный чехол для iPhone 16 Pro Max KZDOO Noble Collection, розовый чехол для Айфон 16 Про Макс;'77.5;KZDOO;Продается;;2;'4.60;Показывается;;28.09.2024 11:15;Чехлы;Чехол для смартфона;'0.36;'0.1;3;0;0;0;0;7180.0;11990.0;;0%
Accessory_Red_8592;27915652;977994201;8967712935248;Кожаный чехол для iPhone 16 Pro Max KZDOO Noble Collection, оранжевый чехол для Айфон 16 Про Макс;'77.5;KZDOO;Продается;;2;'4.60;Показывается;;28.09.2024 11:19;Чехлы;Чехол для смартфона;'0.36;'0.1;4;0;0;0;0;7180.0;11990.0;;0%
Battery_Pink_5675;18579175;973483433;RND892937091;Кожаный чехол для iPhone 16 Pro с MagSafe KZDOO Mag Noble Collection, розовый чехол для Айфон 16 Про;'70;KZDOO;Продается;;3;'5.00;Показывается;;28.09.2024 11:22;Чехлы;Чехол для смартфона;'0.36;'0.1;6;0;0;0;0;11100.0;11990.0;;0%
Cover_Red_2873;14808465;263672684;RND969668222;Кожаный чехол для iPhone 16 Pro Max с MagSafe KZDOO Mag Noble Collection, розовый чехол для Айфон 16 Про Макс;'70;KZDOO;Продается;;1;'4.80;Показывается;;28.09.2024 11:25;Чехлы;Чехол для смартфона;'0.36;'0.1;6;0;0;0;0;11100.0;11990.0;;0%
Adapter_Purple_1587;13836371;446277309;RND986184340;Ультратонкий чехол на Айфон 16 Air Skin с защитой камер, красный чехол для iPhone 16;'70;KZDOO;Продается;;2;'4.90;Показывается;;30.09.2024 12:28;Чехлы;Чехол для смартфона;'0.36;'0.1;2;0;5;0;0;3100.0;11990.0;;0%
Accessory_Blue_2852;97749778;322791488;9054829598243;Ультратонкий чехол на Айфон 16 Air Skin с защитой камер, синий чехол для iPhone 16;'70;KZDOO;Продается;;2;'4.90;Показывается;;30.09.2024 12:28;Чехлы;Чехол для смартфона;'0.36;'0.1;4;0;0;0;0;3100.0;11990.0;;0%
Battery_Red_3713;92659425;162712923;RND147432043;Ультратонкий чехол на Айфон 16 Air Skin с защитой камер, зеленый чехол для iPhone 16;'70;KZDOO;Продается;;1;'4.90;Показывается;;30.09.2024 12:28;Чехлы;Чехол для смартфона;'0.36;'0.1;0;0;5;0;0;3380.0;11990.0;;0%
Adapter_Clear_7062;74826443;982073718;2101728011237;Ультратонкий чехол на Айфон 16 Air Skin с защитой камер, прозрачный чехол для iPhone 16;'70;KZDOO;Продается;;19;'4.90;Показывается;;30.09.2024 12:28;Чехлы;Чехол для смартфона;'0.36;'0.1;1;0;0;0;0;3100.0;11990.0;;0%
Glass_White_2524;68496658;591579783;RND521512571;Ультратонкий чехол на Айфон 16 Air Skin с защитой камер, розовый чехол для iPhone 16;'77.5;KZDOO;Продается;;0;'4.90;Показывается;;30.09.2024 12:28;Чехлы;Чехол для смартфона;'0.36;'0.1;0;0;5;0;0;3380.0;11990.0;;0%
Case_Green_1165;92480039;869467802;6182417974847;Ультратонкий чехол на Айфон 16 Air Skin с защитой камер, серый чехол для iPhone 16;'77.5;KZDOO;Готов к продаже;;2;'4.90;Показывается;;30.09.2024 12:28;Чехлы;Чехол для смартфона;'0.36;'0.1;0;0;0;0;0;1550.0;2490.0;;0%
Cover_White_9539;22745725;694383397;4868228550817;Ультратонкий чехол на Айфон 16 Air Skin с защитой камер, черный чехол для iPhone 16;'77.5;KZDOO;Продается;;16;'4.90;Показывается;;30.09.2024 12:28;Чехлы;Чехол для смартфона;'0.36;'0.1;8;0;10;0;0;3100.0;11990.0;;0%
Cable_Black_1663;19560863;361008004;4898822898186;Ультратонкий чехол на Айфон 16 Про Air Skin с защитой камер, красный чехол для iPhone 16 Pro;'77.5;KZDOO;Продается;;11;'4.80;Показывается;;30.09.2024 12:31;Чехлы;Чехол для смартфона;'0.36;'0.1;12;0;15;0;0;3100.0;11990.0;;0%
Protector_Blue_9168;26073366;556684355;3773429319900;Ультратонкий чехол на Айфон 16 Про Макс Air Skin с защитой камер, красный чехол для iPhone 16 Pro Max;'77.5;KZDOO;Продается;;13;'4.80;Показывается;;30.09.2024 12:35;Чехлы;Чехол для смартфона;'0.36;'0.1;5;0;10;0;0;4980.0;11990.0;;0%
Glass_White_6360;55756438;662734805;RND556343002;Ультратонкий чехол для iPhone 16 KZDOO Air Carbon с защитой камер, синий супертонкий чехол для Айфон 16;'82.5;KZDOO;Продается;;4;'4.50;Показывается;;30.09.2024 12:38;Чехлы;Чехол для смартфона;'0.36;'0.1;4;0;0;0;0;2980.0;11990.0;;0%
Battery_Green_9405;98165942;788461358;1046273630344;Тонкий чехол для iPhone 16 KZDOO Q Series, черный силиконовый чехол на Айфон 16;'70;KZDOO;Продается;;9;'4.70;Показывается;;30.09.2024 12:49;Чехлы;Чехол для смартфона;'0.36;'0.1;3;0;9;0;0;2780.0;11990.0;;0%
Cable_Blue_3376;97080308;538475428;RND560201756;Тонкий чехол для iPhone 16 KZDOO Q Series, прозрачный силиконовый чехол на Айфон 16;'70;KZDOO;Продается;;8;'4.70;Показывается;;30.09.2024 12:56;Чехлы;Чехол для смартфона;'0.36;'0.1;6;0;0;0;0;2780.0;11990.0;;0%
Glass_Purple_6757;99786277;372047530;RND715961298;Тонкий чехол для iPhone 16 Pro Max KZDOO Q Series, прозрачный силиконовый чехол на Айфон 16 Про Макс;'70;KZDOO;Продается;;36;'4.90;Показывается;;30.09.2024 13:01;Чехлы;Чехол для смартфона;'0.43;'0.1;10;0;10;0;1;2780.0;11990.0;;0%
Case_Black_7378;46483258;569996503;RND107432948;Тонкий чехол для iPhone 16 Pro KZDOO Q Series, прозрачный силиконовый чехол на Айфон 16 Pro;'70;KZDOO;Продается;;28;'4.80;Показывается;;30.09.2024 13:13;Чехлы;Чехол для смартфона;'0.36;'0.1;7;0;0;0;0;3980.0;11990.0;;0%
Protector_Blue_6617;56701280;441049056;RND215128111;Чехол для iPhone 16 KZDOO Guardian, черный противоударный чехол для Айфон 16;'45;KZDOO;Продается;;2;'4.90;Показывается;;30.09.2024 13:16;Чехлы;Чехол для смартфона;'0.36;'0.1;2;0;0;0;0;5778.0;11990.0;;0%
Cable_Red_9487;22524703;333668691;RND754937969;Чехол для iPhone 16 Pro Max с MagSafe KZDOO Iseguard, прозрачный противоударный чехол для Айфон 16 Про Макс;'45;KZDOO;Продается;;6;'4.20;Показывается;;30.09.2024 13:44;Чехлы;Чехол для смартфона;'0.36;'0.1;24;0;10;0;0;5180.0;11990.0;;0%
Glass_Titanium_7545;67025901;799442673;1359805755202;Чехол для iPhone 16 с MagSafe KZDOO Iseguard, черный противоударный чехол для Айфон 16;'45;KZDOO;Продается;;0;'0.00;Показывается;;30.09.2024 14:39;Чехлы;Чехол для смартфона;'0.36;'0.1;10;0;0;0;0;5100.0;11990.0;;0%
Accessory_White_6502;29643437;851423130;4988902130052;Кожаный чехол для iPhone 16 Pro Max KZDOO Noble Collection, красный чехол для Айфон 16 Про Макс;'77.5;KZDOO;Не продается;;5;'4.60;Показывается;;30.09.2024 14:42;Чехлы;Чехол для смартфона;'0.36;'0.1;0;0;0;0;0;3590.0;5990.0;;0%
Cover_Purple_2558;70947993;910597284;6240378311864;Кожаный чехол для iPhone 16 Pro Max KZDOO Noble Collection, зеленый чехол для Айфон 16 Про Макс;'77.5;KZDOO;Продается;;3;'4.60;Показывается;;30.09.2024 15:06;Чехлы;Чехол для смартфона;'0.36;'0.1;3;0;0;0;0;7180.0;11990.0;;0%
Cable_Red_5320;98011987;378881175;5135854013533;Кожаный чехол для iPhone 16 KZDOO Noble Collection, зеленый чехол для Айфон 16;'45;KZDOO;Готов к продаже;;3;'4.60;Показывается;;30.09.2024 15:18;Чехлы;Чехол для смартфона;'0.36;'0.1;0;0;0;0;0;3590.0;4990.0;;0%
Accessory_Purple_1687;84421480;622758538;5209257686077;Кожаный чехол для iPhone 16 KZDOO Noble Collection, черный чехол для Айфон 16;'45;KZDOO;Продается;;4;'4.60;Показывается;;30.09.2024 15:18;Чехлы;Чехол для смартфона;'0.36;'0.1;9;0;0;0;0;7180.0;11990.0;;0%
Cover_Purple_3728;26001371;603346633;4780231548094;Кожаный чехол для iPhone 16 KZDOO Noble Collection, красный чехол для Айфон 16;'45;KZDOO;Продается;;1;'4.60;Показывается;;30.09.2024 15:18;Чехлы;Чехол для смартфона;'0.36;'0.1;4;0;5;0;0;7828.0;11990.0;;0%
Cover_Pink_4913;96447527;833886237;7297579550659;Кожаный чехол для iPhone 16 KZDOO Noble Collection, синий чехол для Айфон 16;'45;KZDOO;Продается;;1;'4.60;Показывается;;30.09.2024 15:18;Чехлы;Чехол для смартфона;'0.36;'0.1;3;0;5;0;0;7180.0;11990.0;;0%
Cable_Pink_6352;77025996;332257936;RND309930308;Кожаный чехол для iPhone 16 KZDOO Noble Collection, белый чехол для Айфон 16;'45;KZDOO;Продается;;5;'4.60;Показывается;;30.09.2024 15:18;Чехлы;Чехол для смартфона;'0.36;'0.1;23;0;10;0;0;7180.0;11990.0;;0%
Glass_Blue_5195;58149174;169589454;RND802696741;Кожаный чехол для iPhone 16 KZDOO Noble Collection, оранжевый чехол для Айфон 16;'45;KZDOO;Продается;;2;'4.60;Показывается;;30.09.2024 15:18;Чехлы;Чехол для смартфона;'0.36;'0.1;5;0;0;0;0;7828.0;11990.0;;0%
Cover_Green_9877;70592457;405242259;1642828454420;Кожаный чехол для iPhone 16 KZDOO Noble Collection, коричневый чехол для Айфон 16;'45;KZDOO;Продается;;3;'4.60;Показывается;;30.09.2024 15:18;Чехлы;Чехол для смартфона;'0.36;'0.1;1;0;0;0;0;7828.0;11990.0;;0%
Protector_Purple_3929;34009458;201548035;3297516326613;Кожаный чехол для iPhone 16 KZDOO Noble Collection, титанового цвета чехол для Айфон 16;'45;KZDOO;Продается;;2;'4.60;Показывается;;30.09.2024 15:18;Чехлы;Чехол для смартфона;'0.36;'0.1;5;0;0;0;0;7180.0;11990.0;;0%
Protector_White_1159;50674872;571727238;5555409140202;Кожаный чехол для iPhone 16 KZDOO Noble Collection, фиолетовый чехол для Айфон 16;'45;KZDOO;Продается;;4;'4.60;Показывается;;30.09.2024 15:18;Чехлы;Чехол для смартфона;'0.36;'0.1;6;0;0;0;0;7180.0;11990.0;;0%
Cover_Titanium_3405;82372259;539328337;RND752755718;Кожаный чехол для iPhone 16 KZDOO Noble Collection, желтый чехол для Айфон 16;'45;KZDOO;Продается;;2;'4.60;Показывается;;30.09.2024 15:18;Чехлы;Чехол для смартфона;'0.36;'0.1;1;0;5;0;0;7180.0;11990.0;;0%
Case_White_3857;62442773;571183441;9141419151221;Кожаный чехол для iPhone 16 KZDOO Noble Collection, розовый чехол для Айфон 16;'45;KZDOO;Продается;;0;'4.60;Показывается;;30.09.2024 15:18;Чехлы;Чехол для смартфона;'0.36;'0.1;3;0;0;0;0;7828.0;11990.0;;0%
Cover_Clear_6599;37667048;862679809;RND457267383;Чехол для iPhone 16 с MagSafe KZDOO Iseguard, прозрачный противоударный чехол для Айфон 16;'45;KZDOO;Продается;;0;'0.00;Показывается;;02.10.2024 9:31;Чехлы;Чехол для смартфона;'0.36;'0.1;10;0;0;0;0;5100.0;11990.0;;0%
Cable_Black_1648;73354455;661358013;RND567381104;Кожаный чехол для iPhone 16 Pro KZDOO Noble Collection, красный для Айфон 16 Про;'77.5;KZDOO;Продается;;0;'4.80;Показывается;;02.10.2024 9:36;Чехлы;Чехол для смартфона;'0.36;'0.1;7;0;0;0;0;7180.0;11990.0;;0%
Battery_Purple_9191;83601260;779523663;6731369539093;Кожаный чехол для iPhone 16 Pro KZDOO Noble Collection, зеленый для Айфон 16 Про;'77.5;KZDOO;Продается;;3;'4.80;Показывается;;02.10.2024 9:37;Чехлы;Чехол для смартфона;'0.36;'0.1;3;0;0;0;0;7180.0;11990.0;;0%
Glass_Clear_2909;24803793;310810849;RND139646405;Кожаный чехол для iPhone 16 Pro Max KZDOO Noble Collection, желтый чехол для Айфон 16 Про Макс;'77.5;KZDOO;Продается;;2;'4.60;Показывается;;02.10.2024 9:43;Чехлы;Чехол для смартфона;'0.36;'0.1;6;0;0;0;0;7180.0;11990.0;;0%
Case_White_1636;37115741;116481230;RND374786527;Кожаный чехол для iPhone 16 Plus с MagSafe KZDOO Mag Noble Collection, розовый чехол для Айфон 16 Плюс;'45;KZDOO;Продается;;0;'5.00;Показывается;;02.10.2024 9:54;Чехлы;Чехол для смартфона;'0.36;'0.1;8;0;0;0;0;11100.0;11990.0;;0%
Adapter_Green_4236;57934260;178897370;RND569157241;Кожаный чехол для iPhone 16 Plus с MagSafe KZDOO Mag Noble Collection, белый чехол для Айфон 16 Плюс;'45;KZDOO;Продается;;1;'5.00;Показывается;;02.10.2024 9:54;Чехлы;Чехол для смартфона;'0.36;'0.1;2;0;10;0;0;11100.0;11990.0;;0%
Adapter_Blue_4850;48601378;202267122;7149966139393;Кожаный чехол для iPhone 16 Plus с MagSafe KZDOO Mag Noble Collection, оранжевый чехол для Айфон 16 Плюс;'70;KZDOO;Продается;;0;'5.00;Показывается;;02.10.2024 9:54;Чехлы;Чехол для смартфона;'0.36;'0.1;3;0;0;0;0;11100.0;11990.0;;0%
Battery_Clear_8317;15829852;252351395;9006300422638;Кожаный чехол для iPhone 16 Plus с MagSafe KZDOO Mag Noble Collection, желтый чехол для Айфон 16 Плюс;'45;KZDOO;Продается;;0;'5.00;Показывается;;02.10.2024 9:54;Чехлы;Чехол для смартфона;'0.36;'0.1;3;0;0;0;0;11100.0;11990.0;;0%
Case_Titanium_6849;95900263;755764206;RND264028522;Кожаный чехол для iPhone 16 Plus с MagSafe KZDOO Mag Noble Collection, коричневый чехол для Айфон 16 Плюс;'70;KZDOO;Продается;;1;'5.00;Показывается;;02.10.2024 9:54;Чехлы;Чехол для смартфона;'0.36;'0.1;1;0;0;0;0;11100.0;11990.0;;0%
Glass_Green_6903;47404147;328067382;RND942910560;Кожаный чехол для iPhone 16 Plus с MagSafe KZDOO, черный чехол для Айфон 16 Плюс;'70;KZDOO;Продается;;4;'5.00;Показывается;;02.10.2024 9:54;Чехлы;Чехол для смартфона;'0.36;'0.1;0;0;20;0;0;11100.0;11990.0;;0%
Glass_Pink_9054;51209565;497103482;4322706167406;Кожаный чехол для iPhone 16 Pro с MagSafe KZDOO Mag Noble Collection, филетовый чехол для Айфон 16 Про;'70;KZDOO;Продается;;1;'5.00;Показывается;;02.10.2024 10:00;Чехлы;Чехол для смартфона;'0.36;'0.1;1;0;0;0;0;6050.0;11990.0;;0%
Case_Clear_2838;26967003;337897979;RND532383819;Кожаный чехол для iPhone 16 Pro с MagSafe KZDOO Mag Noble Collection, красный чехол для Айфон 16 Про;'45;KZDOO;Продается;;1;'5.00;Показывается;;02.10.2024 10:02;Чехлы;Чехол для смартфона;'0.36;'0.1;1;0;10;0;0;11100.0;11990.0;;0%
Adapter_Blue_9703;52625715;297577789;RND206190906;Кожаный чехол для iPhone 16 Pro Max с MagSafe KZDOO Mag Noble Collection, красный чехол для Айфон 16 Про Макс;'70;KZDOO;Продается;;0;'4.80;Показывается;;02.10.2024 10:03;Чехлы;Чехол для смартфона;'0.36;'0.1;1;0;0;0;0;11100.0;11990.0;;0%
Accessory_White_4465;77263100;512751835;RND247364222;Кожаный чехол для iPhone 16 Pro Max с MagSafe KZDOO Mag Noble Collection, фиолетовый чехол для Айфон 16 Про Макс;'70;KZDOO;Продается;;0;'4.80;Показывается;;02.10.2024 12:52;Чехлы;Чехол для смартфона;'0.36;'0.1;1;0;0;0;0;11100.0;11990.0;;0%
Cable_Red_7483;49098255;811626821;4350071624283;Чехол для iPhone 16 KZDOO KEIVLAR, черно-серый кевларовый чехол для Айфон 16;'65;Нет бренда;Продается;;2;'5.00;Показывается;;02.10.2024 12:54;Чехлы;;'0.36;'0.1;2;0;5;0;0;5990.0;11990.0;;0%
Battery_Red_7761;59881276;549739739;2820805351004;Чехол для iPhone 16 KZDOO KEIVLAR, синий кевларовый чехол для Айфон 16;'65;Нет бренда;Продается;;0;'5.00;Показывается;;02.10.2024 12:55;Чехлы;;'0.36;'0.1;5;0;0;0;0;5990.0;11990.0;;0%
Adapter_Purple_9349;83214140;642874958;RND328461412;Чехол для iPhone 16 Pro KZDOO KEIVLAR, синий кевларовый чехол для Айфон 16 Про;'77.5;KZDOO;Готов к продаже;;1;'4.90;Показывается;;02.10.2024 12:57;Чехлы;Чехол для смартфона;'0.36;'0.1;0;0;0;0;0;5990.0;11990.0;;0%
Cable_Red_2279;32211569;328088910;RND661109693;Чехол для iPhone 16 Pro Max KZDOO KEIVLAR, синий кевларовый чехол для Айфон 16 Про Макс;'77.5;KZDOO;Продается;;3;'4.80;Показывается;;02.10.2024 13:00;Чехлы;Чехол для смартфона;'0.36;'0.1;2;0;5;0;0;5990.0;11990.0;;0%
Accessory_Green_3842;35659332;699157036;RND719820009;Ультратонкий чехол для iPhone 16 KZDOO Air Carbon с защитой камер, черный супертонкий чехол для Айфон 16;'82.5;KZDOO;Продается;;16;'4.50;Показывается;;03.10.2024 7:51;Чехлы;Чехол для смартфона;'0.36;'0.1;2;0;9;0;0;2980.0;11990.0;;0%
Case_Titanium_4386;64056382;705366674;2919885107658;Ультратонкий чехол для iPhone 16 KZDOO Air Carbon с защитой камер, зеленый супертонкий чехол для Айфон 16;'77.5;KZDOO;Продается;;0;'4.50;Показывается;;03.10.2024 7:52;Чехлы;Чехол для смартфона;'0.36;'0.1;1;0;0;0;0;2980.0;11990.0;;0%
Cable_White_6463;20976353;496748916;6022576299378;Ультратонкий чехол для iPhone 16 KZDOO Air Carbon с защитой камер, фиолетовый супертонкий чехол для Айфон 16;'57.5;KZDOO;Продается;;1;'4.50;Показывается;;03.10.2024 7:54;Чехлы;Чехол для смартфона;'0.36;'0.1;1;0;10;0;0;2980.0;11990.0;;0%
Battery_Titanium_9038;71406456;895933315;2857722873907;Ультратонкий чехол для iPhone 16 KZDOO Air Carbon с защитой камер, титанового цвета супертонкий чехол для Айфон 16;'82.5;KZDOO;Готов к продаже;;0;'4.50;Показывается;;03.10.2024 7:56;Чехлы;Чехол для смартфона;'0.36;'0.1;0;0;0;0;0;3250.0;11990.0;;0%
Case_White_5331;83575836;800901114;3185486988293;Ультратонкий чехол для iPhone 16 Pro KZDOO Air Carbon с защитой камер, черный супертонкий чехол для Айфон 16 Про;'82.5;KZDOO;Продается;;39;'4.50;Показывается;;03.10.2024 7:58;Чехлы;Чехол для смартфона;'0.36;'0.1;19;1;10;0;0;2980.0;11990.0;;0%
Glass_White_7786;52069423;742175667;RND485728169;Ультратонкий чехол для iPhone 16 Pro KZDOO Air Carbon с защитой камер, зеленый супертонкий чехол для Айфон 16 Про;'82.5;KZDOO;Готов к продаже;;4;'4.50;Показывается;;03.10.2024 8:01;Чехлы;Чехол для смартфона;'0.36;'0.1;0;0;0;0;0;2980.0;11990.0;;0%
Adapter_Green_7675;51052567;753482381;RND374552294;Ультратонкий чехол для iPhone 16 Pro KZDOO Air Carbon с защитой камер, фиолетовый супертонкий чехол для Айфон 16 Про;'82.5;KZDOO;Продается;;2;'4.50;Показывается;;03.10.2024 8:02;Чехлы;Чехол для смартфона;'0.36;'0.1;7;0;5;0;0;2980.0;11990.0;;0%
Accessory_White_7131;34134452;439230652;RND848767622;Ультратонкий чехол для iPhone 16 Pro KZDOO Air Carbon с защитой камер, титанового цвета супертонкий чехол для Айфон 16 Про;'57.5;KZDOO;Продается;;0;'4.50;Показывается;;03.10.2024 8:06;Чехлы;Чехол для смартфона;'0.36;'0.1;9;0;10;0;0;2980.0;11990.0;;0%
Accessory_Titanium_7518;18643980;145932443;RND320197675;Ультратонкий чехол для iPhone 16 Pro Max KZDOO Air Carbon с защитой камер, черный супертонкий чехол для Айфон 16 Про Макс;'82.5;KZDOO;Продается;;4;'4.50;Показывается;;03.10.2024 8:09;Чехлы;Чехол для смартфона;'0.36;'0.1;64;0;10;0;0;2980.0;11990.0;;0%
Cover_Black_6826;74544823;477638235;8962123382343;Ультратонкий чехол для iPhone 16 Pro Max KZDOO Air Carbon с защитой камер, зеленый супертонкий чехол для Айфон 16 Про Макс;'45;KZDOO;Продается;;0;'4.50;Показывается;;03.10.2024 8:20;Чехлы;Чехол для смартфона;'0.36;'0.1;4;0;10;0;0;2980.0;11990.0;;0%
Case_Purple_8388;57795970;673684801;RND804106321;Ультратонкий чехол для iPhone 16 Pro Max KZDOO Air Carbon с защитой камер, фиолетовый супертонкий чехол для Айфон 16 Про Макс;'45;KZDOO;Продается;;0;'4.50;Показывается;;03.10.2024 8:30;Чехлы;Чехол для смартфона;'0.36;'0.1;4;0;10;0;0;2980.0;11990.0;;0%
Protector_Red_4301;15875582;834446821;RND478504070;Ультратонкий чехол для iPhone 16 Pro Max KZDOO Air Carbon с защитой камер, титанового цвета супертонкий чехол для Айфон 16 Про Макс;'82.5;KZDOO;Продается;;0;'4.50;Показывается;;03.10.2024 8:34;Чехлы;Чехол для смартфона;'0.36;'0.1;11;0;0;0;0;2980.0;11990.0;;0%
Case_Green_8387;10881445;375174048;RND998357731;Чехол для iPhone 16 Pro с MagSafe KZDOO Iseguard, черный противоударный чехол для Айфон 16 Про;'45;KZDOO;Продается;;0;'1.00;Показывается;;03.10.2024 8:37;Чехлы;Чехол для смартфона;'0.36;'0.1;4;0;0;0;0;5100.0;11990.0;;0%
Protector_Clear_6038;14509260;112934792;RND399973010;Чехол для iPhone 16 Pro с MagSafe KZDOO Iseguard, прозрачный противоударный чехол для Айфон 16 Про;'45;KZDOO;Продается;;0;'1.00;Показывается;;03.10.2024 8:44;Чехлы;Чехол для смартфона;'0.36;'0.1;1;0;10;0;0;5100.0;11990.0;;0%
Adapter_Black_4399;37785312;959237966;RND358002796;Чехол для iPhone 16 Pro с MagSafe KZDOO Iseguard, золотой противоударный чехол для Айфон 16 Про;'45;KZDOO;Продается;;1;'1.00;Показывается;;03.10.2024 8:49;Чехлы;Чехол для смартфона;'0.36;'0.1;10;0;0;0;0;5560.0;11990.0;;0%
Battery_Pink_1157;20423024;823091649;7559290773295;Чехол для iPhone 16 Pro Max с MagSafe KZDOO Iseguard, черный противоударный чехол для Айфон 16 Про Макс;'45;KZDOO;Продается;;0;'4.20;Показывается;;03.10.2024 8:52;Чехлы;Чехол для смартфона;'0.36;'0.1;3;0;0;0;0;5560.0;11990.0;;0%
Cover_Blue_2706;37328810;267640846;RND167042222;Чехол для iPhone 16 Pro Max с MagSafe KZDOO Iseguard, золотой противоударный чехол для Айфон 16 Про Макс;'45;KZDOO;Продается;;3;'4.20;Показывается;;03.10.2024 8:53;Чехлы;Чехол для смартфона;'0.36;'0.1;14;0;10;0;0;5100.0;11990.0;;0%
Accessory_Purple_5860;53463288;667726844;8490501891519;Кожаный чехол для iPhone 16 Pro KZDOO Noble Collection, желтый для Айфон 16 Про;'70;KZDOO;Продается;;4;'4.80;Показывается;;03.10.2024 9:43;Чехлы;Чехол для смартфона;'0.36;'0.1;7;0;10;0;0;7180.0;11990.0;;0%
Case_Purple_7461;16260508;973147892;6498716719993;Кожаный чехол для iPhone 16 Pro KZDOO Noble Collection, Rose Gold для Айфон 16 Про;'70;KZDOO;Продается;;3;'4.80;Показывается;;03.10.2024 9:50;Чехлы;Чехол для смартфона;'0.36;'0.1;12;0;0;0;0;7180.0;11990.0;;0%
Case_White_2676;20358411;931835404;9219801057720;Кожаный чехол для iPhone 16 Pro Max KZDOO Noble Collection, Rose Gold чехол для Айфон 16 Про Макс;'70;KZDOO;Продается;;1;'4.60;Показывается;;03.10.2024 14:00;Чехлы;Чехол для смартфона;'0.36;'0.1;3;0;10;0;0;7180.0;11990.0;;0%
Accessory_Titanium_8609;66747774;300083963;6339482296886;Кожаный чехол для iPhone 16 Plus с MagSafe KZDOO Mag Noble Collection, красный для Айфон 16 Плюс;'45;KZDOO;Продается;;0;'5.00;Показывается;;03.10.2024 14:01;Чехлы;Чехол для смартфона;'0.36;'0.1;5;0;0;0;0;11100.0;11990.0;;0%
Accessory_Black_1715;14506295;160175665;5855857702236;Кожаный чехол для iPhone 16 Plus с MagSafe KZDOO Mag Noble Collection, зеленый чехол для Айфон 16 Плюс;'45;KZDOO;Продается;;0;'5.00;Показывается;;03.10.2024 14:03;Чехлы;Чехол для смартфона;'0.36;'0.1;9;0;0;0;0;11100.0;11990.0;;0%
Protector_Pink_8476;84772882;420377720;4705999084661;Кожаный чехол для iPhone 16 Plus с MagSafe KZDOO Mag Noble Collection, синий чехол для Айфон 16 Плюс;'45;KZDOO;Продается;;0;'5.00;Показывается;;03.10.2024 14:04;Чехлы;Чехол для смартфона;'0.36;'0.1;8;0;0;0;0;11100.0;11990.0;;0%
Cable_White_5222;15656817;951720880;RND323823448;Кожаный чехол для iPhone 16 Pro с MagSafe KZDOO Mag Noble Collection, коричневый чехол для Айфон 16 Про;'70;KZDOO;Готов к продаже;;0;'5.00;Показывается;;03.10.2024 14:06;Чехлы;Чехол для смартфона;'0.36;'0.1;0;0;0;0;0;11100.0;11990.0;;0%
Cover_Blue_7129;52723213;920190836;5538374521655;Кожаный чехол для iPhone 16 Pro с MagSafe KZDOO Mag Noble Collection, титанового цвета чехол для Айфон 16 Про;'70;KZDOO;Продается;;2;'5.00;Показывается;;03.10.2024 14:51;Чехлы;Чехол для смартфона;'0.36;'0.1;10;0;5;0;0;11100.0;11990.0;;0%
Accessory_Clear_5748;45851730;452059799;RND465251819;Кожаный чехол для iPhone 16 Pro с MagSafe KZDOO Mag Noble Collection, Rose Gold чехол для Айфон 16 Про;'70;KZDOO;Продается;;0;'5.00;Показывается;;04.10.2024 8:38;Чехлы;Чехол для смартфона;'0.36;'0.1;1;0;0;0;0;11100.0;11990.0;;0%
Cover_Clear_6509;72309978;889839804;RND612363394;Кожаный чехол для iPhone 16 Pro Max с MagSafe KZDOO Mag Noble Collection, зеленый чехол для Айфон 16 Про Макс;'70;KZDOO;Продается;;3;'4.80;Показывается;;04.10.2024 8:40;Чехлы;Чехол для смартфона;'0.36;'0.1;12;0;10;0;0;11100.0;11990.0;;0%
Glass_Purple_6206;95997441;554124356;1534459893161;Кожаный чехол для iPhone 16 Pro Max с MagSafe KZDOO Mag Noble Collection, оранжевый чехол для Айфон 16 Про Макс;'70;KZDOO;Продается;;0;'4.80;Показывается;;04.10.2024 8:45;Чехлы;Чехол для смартфона;'0.36;'0.1;2;0;11;0;0;11100.0;11990.0;;0%
Battery_White_5611;20805252;442347447;2762964423472;Кожаный чехол для iPhone 16 Pro Max с MagSafe KZDOO Mag Noble Collection, титанового цвета чехол для Айфон 16 Про Макс;'70;KZDOO;Продается;;7;'4.80;Показывается;;04.10.2024 8:48;Чехлы;Чехол для смартфона;'0.36;'0.1;4;0;3;0;0;11100.0;11990.0;;0%
Cable_Titanium_3783;83553937;239388476;RND705308968;Кожаный чехол для iPhone 16 Pro Max с MagSafe KZDOO Mag Noble Collection, Rose Gold чехол для Айфон 16 Про Макс;'70;KZDOO;Продается;;0;'4.80;Показывается;;04.10.2024 8:50;Чехлы;Чехол для смартфона;'0.36;'0.1;1;0;0;0;0;11100.0;11990.0;;0%
Protector_Blue_4359;67834091;395949740;RND990173986;Чехол для iPhone 16 Pro KZDOO KEIVLAR, фиолетовый кевларовый чехол для Айфон 16 Про;'40;KZDOO;Продается;;0;'4.80;Показывается;;04.10.2024 8:52;Чехлы;Чехол для смартфона;'0.36;'0.1;4;0;0;0;0;5990.0;11990.0;;0%
Cover_Red_6391;33246874;442563116;RND541560679;Чехол для iPhone 16 Pro Max с Mag Safe Keephone Mago Pro, титанового цвета противоударный чехол для Айфон 16 Про Макс;'77.5;KEEPHONE;Готов к продаже;;5;'4.90;Показывается;;09.10.2024 9:36;Чехлы;Чехол для смартфона;'0.28;'0.1;0;0;0;0;0;7580.0;11990.0;;0%
Battery_Blue_8571;58456609;260764155;5220231068814;Чехол для iPhone 16 Pro с Mag Safe Keephone Mago Pro, титанового цвета противоударный чехол для Айфон 16 Про;'77.5;KEEPHONE;Продается;;2;'5.00;Показывается;;09.10.2024 9:39;Чехлы;Чехол для смартфона;'0.28;'0.1;2;0;0;0;0;7580.0;11990.0;;0%
Cable_Purple_4699;54239486;931315621;6344102127872;Чехол для iPhone 16 Pro Max с Mag Safe Keephone Mago Pro ударопрочный, черный противоударный чехол для Айфон 16 Про Макс;'70;KEEPHONE;Продается;;14;'4.90;Показывается;;09.10.2024 9:50;Чехлы;Чехол для смартфона;'0.28;'0.1;6;0;5;0;0;7580.0;11990.0;;0%
Battery_Red_1861;49141909;112262489;6505556317819;Чехол для iPhone 16 Pro с Mag Safe Keephone Mago Pro, черный противоударный чехол для Айфон 16 Про;'70;KEEPHONE;Продается;;0;'5.00;Показывается;;09.10.2024 9:53;Чехлы;Чехол для смартфона;'0.28;'0.1;3;0;0;0;0;7580.0;11990.0;;0%
Battery_Pink_5583;94338600;922246345;4180231912450;Чехол для iPhone 16 Pro Max с MagSafe Keephone KEVILAR, кевларовый черный чехол на Айфон 16 Про Макс;'52.5;KEEPHONE;Готов к продаже;;2;'5.00;Показывается;;09.10.2024 10:28;Чехлы;Чехол для смартфона;'0.41;'0.1;0;0;0;0;0;7990.0;11990.0;;0%
Battery_Black_1056;13343846;887313922;6216979530667;Чехол для iPhone 16 Pro с MagSafe Keephone KEVILAR, кевларовый черный чехол на Айфон 16 Про;'77.5;KEEPHONE;Продается;;5;'4.90;Показывается;;09.10.2024 10:40;Чехлы;Чехол для смартфона;'0.41;'0.1;1;0;10;0;0;7990.0;11990.0;;0%
Case_Pink_5069;93093305;951547151;RND481975850;Чехол для iPhone 16 Pro Max с MagSafe KEVILAR, кевларовый чехол на Айфон 16 Про Макс / BMW M series;'70;KEEPHONE;Готов к продаже;;10;'5.00;Показывается;;14.10.2024 7:06;Чехлы;Чехол для смартфона;'0.41;'0.1;0;0;0;0;0;6590.0;9990.0;;0%
Cable_Clear_2817;32919116;942158141;1430614945398;Кожаный чехол для iPhone 16 KZDOO Noble Collection, Rose Gold чехол для Айфон 16;'45;KZDOO;Готов к продаже;;1;'4.60;Показывается;;14.10.2024 7:44;Чехлы;Чехол для смартфона;'0.36;'0.1;0;0;0;0;0;3914.0;4990.0;;0%
Case_Green_2038;97566258;517691677;6249831007180;Кожаный чехол для iPhone 16 Plus с MagSafe KZDOO Mag Noble Collection, черный карбоновый чехол для Айфон 16 Плюс;'45;KZDOO;Продается;;0;'5.00;Показывается;;14.10.2024 7:47;Чехлы;Чехол для смартфона;'0.36;'0.1;4;0;0;0;0;11100.0;11990.0;;0%
Cable_Pink_3571;36919171;291466530;7091734032010;Кожаный чехол для iPhone 16 Plus с MagSafe KZDOO Mag Noble Collection, серебристый тисненый чехол для Айфон 16 Плюс;'70;;Продается;;1;'5.00;Показывается;;14.10.2024 7:51;Чехлы;;'0.36;'0.1;2;0;0;0;0;11100.0;11990.0;;0%
Accessory_Green_4467;28199184;761641223;6022576277140;Кожаный чехол для iPhone 16 Plus с MagSafe KZDOO Mag Noble Collection, золотой карбоновый чехол для Айфон 16 Плюс;'45;KZDOO;Продается;;0;'5.00;Показывается;;14.10.2024 7:59;Чехлы;Чехол для смартфона;'0.36;'0.1;7;0;0;0;0;11100.0;11990.0;;0%
Cover_Blue_3322;71421643;507736954;RND748452476;Кожаный чехол для iPhone 16 Plus с MagSafe KZDOO Mag Noble Collection, синий карбоновый чехол для Айфон 16 Плюс;'45;KZDOO;Продается;;0;'5.00;Показывается;;14.10.2024 8:19;Чехлы;Чехол для смартфона;'0.36;'0.1;8;0;0;0;0;11100.0;11990.0;;0%
Accessory_Titanium_9600;77821850;570005023;6604160076816;Кожаный чехол для iPhone 16 Plus с MagSafe KZDOO Mag Noble Collection, фиолетовый карбоновый чехол для Айфон 16 Плюс;'45;KZDOO;Продается;;0;'5.00;Показывается;;14.10.2024 8:20;Чехлы;Чехол для смартфона;'0.36;'0.1;8;0;0;0;0;11100.0;11990.0;;0%
Accessory_Black_9036;60104680;833498243;4770831082731;Кожаный чехол для iPhone 16 Pro с MagSafe KZDOO Mag Noble Collection, черный карбоновый чехол для Айфон 16 Про;'40;KZDOO;Продается;;0;'5.00;Показывается;;14.10.2024 8:25;Чехлы;Чехол для смартфона;'0.36;'0.1;1;0;0;0;0;11100.0;11990.0;;0%
Accessory_Clear_3031;36606696;192712942;3573116709011;Кожаный чехол для iPhone 16 Pro с MagSafe KZDOO Mag Noble Collection, серебристый карбоновый чехол для Айфон 16 Про;'70;KZDOO;Продается;;1;'5.00;Показывается;;14.10.2024 8:31;Чехлы;Чехол для смартфона;'0.36;'0.1;4;0;0;0;0;11100.0;11990.0;;0%
Cable_Pink_5458;74424666;930479567;2181426397465;Кожаный чехол для iPhone 16 Pro с MagSafe KZDOO Mag Noble Collection, золотой тисненый чехол для Айфон 16 Про;'70;KZDOO;Не продается;;1;'5.00;Показывается;;14.10.2024 8:32;Чехлы;Чехол для смартфона;'0.36;'0.1;0;0;0;0;0;6050.0;11990.0;;0%
Cable_Blue_9320;42321527;116137453;3137591569145;Кожаный чехол для iPhone 16 Pro с MagSafe KZDOO Mag Noble Collection, синий карбоновый чехол для Айфон 16 Про;'45;KZDOO;Продается;;0;'5.00;Показывается;;14.10.2024 8:34;Чехлы;Чехол для смартфона;'0.36;'0.1;5;0;0;0;0;11100.0;11990.0;;0%
Adapter_Black_1858;21257525;775417189;7557709010575;Кожаный чехол для iPhone 16 Pro с MagSafe KZDOO Mag Noble Collection, фиолетовый карбоновый чехол для Айфон 16 Про;'45;KZDOO;Продается;;0;'5.00;Показывается;;14.10.2024 8:36;Чехлы;Чехол для смартфона;'0.36;'0.1;8;0;0;0;0;11100.0;11990.0;;0%
Glass_Green_7806;80671295;545824922;RND419669733;Кожаный чехол для iPhone 16 Pro Max с MagSafe KZDOO Mag Noble Collection, черный карбоновый чехол для Айфон 16 Про Макс;'65;KZDOO;Продается;;0;'4.80;Показывается;;14.10.2024 8:38;Чехлы;Чехол для смартфона;'0.36;'0.1;4;0;0;0;0;11100.0;11990.0;;0%
Adapter_Titanium_9518;94764998;259034740;6904446735323;Кожаный чехол для iPhone 16 Pro Max с MagSafe KZDOO Mag Noble Collection, серебристый карбоновый чехол для Айфон 16 Про Макс;'45;KZDOO;Продается;;0;'4.80;Показывается;;14.10.2024 8:40;Чехлы;Чехол для смартфона;'0.36;'0.1;6;0;0;0;0;11100.0;11990.0;;0%
Case_Pink_4549;92018390;307706881;3873342370848;Кожаный чехол для iPhone 16 Pro Max с MagSafe KZDOO Mag Noble Collection, золотой тисненый чехол для Айфон 16 Про Макс;'70;KZDOO;Продается;;3;'4.80;Показывается;;14.10.2024 8:41;Чехлы;Чехол для смартфона;'0.36;'0.1;6;0;5;0;0;11100.0;11990.0;;0%
Accessory_Green_5060;20061677;442725427;9425622603655;Кожаный чехол для iPhone 16 Pro Max с MagSafe KZDOO Mag Noble Collection, синий карбоновый чехол для Айфон 16 Про Макс;'45;KZDOO;Продается;;0;'4.80;Показывается;;14.10.2024 8:42;Чехлы;Чехол для смартфона;'0.36;'0.1;7;0;0;0;0;11100.0;11990.0;;0%
Case_White_8263;50903465;541648834;RND371127670;Кожаный чехол для iPhone 16 Pro Max с MagSafe KZDOO Mag Noble Collection, фиолетовый карбоновый чехол для Айфон 16 Про Макс;'45;KZDOO;Продается;;0;'4.80;Показывается;;14.10.2024 8:43;Чехлы;Чехол для смартфона;'0.36;'0.1;5;0;0;0;0;11100.0;11990.0;;0%
Adapter_Blue_5837;33870776;578593750;RND741623707;Чехол для iPhone 16 Pro Max KZDOO KEIVLAR, фиолетовый кевларовый чехол для Айфон 16 Про Макс;'65;KZDOO;Продается;;2;'4.80;Показывается;;14.10.2024 8:47;Чехлы;Чехол для смартфона;'0.36;'0.1;6;0;10;0;0;5990.0;11990.0;;0%
Case_Pink_2300;17363186;984216734;RND520611872;Чехол для iPhone 16 Pro Max с Mag Safe KZDOO KEIVLAR, черно-серый кевларовый чехол для Айфон 16 Про Макс;'70;KZDOO;Продается;;3;'5.00;Показывается;;14.10.2024 8:58;Чехлы;Чехол для смартфона;'0.36;'0.1;0;0;10;0;0;6490.0;11990.0;;0%
Accessory_Green_9280;28998179;217120391;6100957861317;Чехол для iPhone 16 Pro с Mag Safe KZDOO KEIVLAR, черно-серый кевларовый чехол для Айфон 16 Про;'45;KZDOO;Продается;;1;'4.80;Показывается;;14.10.2024 9:07;Чехлы;Чехол для смартфона;'0.36;'0.1;8;0;10;0;0;6490.0;11990.0;;0%
Battery_Pink_6523;36653405;260099190;5096060869501;Чехол для iPhone 16 с MagSafe KEVILAR, кевларовый черный чехол на Айфон 16;'45;KEEPHONE;Готов к продаже;;0;'0.00;Показывается;;15.10.2024 9:52;Чехлы;Чехол для смартфона;'0.41;'0.1;0;0;0;0;0;6490.0;9990.0;;0%
Battery_Red_6342;64257705;975492773;RND954037348;Чехол для iPhone 16 Pro с MagSafe KEVILAR, кевларовый чехол на Айфон 16 Про / BMW M series;'70;KEEPHONE;Продается;;9;'4.90;Показывается;;21.10.2024 11:55;Чехлы;Чехол для смартфона;'0.41;'0.1;12;0;10;0;0;6590.0;11990.0;;0%
Battery_Blue_3155;61476062;542948188;RND424822291;Чехол для iPhone 15 Pro с подставкой и Mag Safe Keephone Magico, титанового цвета противоударный чехол для Айфон 15 Про;'45;KEEPHONE;Продается;;0;'0.00;Показывается;;25.10.2024 9:46;Чехлы;Чехол для смартфона;'0.38;'0.1;2;0;0;0;0;6580.0;11990.0;;0%
Adapter_Titanium_9817;63711346;496535730;RND275668481;Чехол для iPhone 15 Pro Max с подставкой и Mag Safe Keephone Magico, титанового цвета противоударный чехол для Айфон 15 Про Макс;'70;KEEPHONE;Продается;;2;'4.90;Показывается;;25.10.2024 9:48;Чехлы;Чехол для смартфона;'0.38;'0.1;4;0;10;0;0;6780.0;11990.0;;0%
Battery_Pink_6680;10212903;213384077;8057556693116;Чехол для iPhone 16 Pro с Mag Safe Keephone Mago Pro, песочного цвета противоударный чехол для Айфон 16 Про;'70;KEEPHONE;Готов к продаже;;0;'5.00;Показывается;;25.10.2024 10:03;Чехлы;Чехол для смартфона;'0.28;'0.1;0;0;0;0;0;3790.0;5990.0;;0%
Cable_Black_9829;67523163;226813061;RND298852037;Чехол для iPhone 16 Pro Max с Mag Safe Keephone Mago Pro ударопрочный, песочного цвета противоударный чехол для Айфон 16 Про Макс;'70;KEEPHONE;Продается;;4;'4.90;Показывается;;25.10.2024 10:06;Чехлы;Чехол для смартфона;'0.28;'0.1;2;0;0;0;0;7580.0;11990.0;;0%
Accessory_Blue_7395;39271764;953107952;2081792349977;Чехол для iPhone 16 Pro с подставкой и Mag Safe Keephone Magico, прозрачный противоударный чехол для Айфон 16 Про;'70;KEEPHONE;Продается;;3;'5.00;Показывается;;26.10.2024 12:59;Чехлы;Чехол для смартфона;'0.38;'0.1;2;0;10;0;0;6580.0;11990.0;;0%
Cable_Green_5007;97916940;403629742;RND117322431;Чехол для iPhone 16 Pro Max с подставкой и Mag Safe Keephone Magico, прозрачный противоударный чехол для Айфон 16 Про Макс;'82.5;KEEPHONE;Продается;;2;'5.00;Показывается;;26.10.2024 13:01;Чехлы;Чехол для смартфона;'0.38;'0.1;1;0;0;0;0;6580.0;11990.0;;0%
Accessory_Titanium_9001;14937725;563692646;RND308031308;Чехол для iPhone 16 Pro с подставкой и Mag Safe Keephone Magico, черный противоударный чехол для Айфон 16 Про;'70;KEEPHONE;Продается;;2;'5.00;Показывается;;26.10.2024 13:03;Чехлы;Чехол для смартфона;'0.38;'0.1;4;0;0;0;0;6580.0;11990.0;;0%
Accessory_Black_2224;51957316;411590427;5786491118988;Чехол для iPhone 16 Pro Max с подставкой и Mag Safe Keephone Magico, черный противоударный чехол для Айфон 16 Про Макс;'82.5;KEEPHONE;Продается;;4;'5.00;Показывается;;26.10.2024 13:05;Чехлы;Чехол для смартфона;'0.38;'0.1;5;0;0;0;0;6580.0;11990.0;;0%
Cover_Purple_5044;92228126;112335591;RND972579767;Чехол для iPhone 16 Pro с MagSafe KEVILAR, кевларовый коричневый клетчатый чехол на Айфон 16 Про;'70;KEEPHONE;Продается;;1;'4.90;Показывается;;26.10.2024 13:08;Чехлы;Чехол для смартфона;'0.41;'0.1;4;0;0;0;0;6590.0;11990.0;;0%
Case_Clear_9947;67456092;526798986;RND803272895;Чехол для iPhone 16 Pro Max с MagSafe KEVILAR, кевларовый коричневый клетчатый чехол на Айфон 16 Про Макс;'70;KEEPHONE;Продается;;0;'5.00;Показывается;;26.10.2024 13:10;Чехлы;Чехол для смартфона;'0.41;'0.1;2;0;0;0;0;7074.0;11990.0;;0%
Case_Purple_1991;76682178;265048613;RND729085885;Кожаный чехол для iPhone 15 Pro Max KZDOO Noble Collection, зеленый чехол для Айфон 15 Про Макс;'70;KZDOO;Продается;;2;'4.70;Показывается;;25.01.2025 9:13;Чехлы;Чехол для смартфона;'0.36;'0.1;5;0;10;0;0;6180.0;11990.0;;0%
Cover_Purple_3843;73597678;578447217;8604443124469;Элемент питания CR2450 Varta, батарейка Варта CR2450;'65;Varta;Продается;;3;'5.00;Показывается;;30.01.2025 11:21;Батарейки и аккумуляторы;Батарейка;'0.04;'0.1;0;0;99;0;0;1340.0;4900.0;;0%
Cable_Black_1792;10342321;251289133;4729295448897;Чехол для iPhone 14 Pro Max KZDOO Seashell, синий чехол для Айфон 14 Про Макс;'70;KZDOO;Продается;;0;'4.90;Показывается;;30.01.2025 13:45;Чехлы;Чехол для смартфона;'0.36;'0.1;8;0;6;0;0;5580.0;11990.0;;0%
Accessory_White_2615;75747511;476599068;RND466205550;Чехол для Samsung Galaxy S25 Ultra с Mag Safe Keephone ударопрочный, черный противоударный чехол для Самсунг Галакси S25 Ультра;'70;KEEPHONE;Продается;;5;'5.00;Показывается;;31.01.2025 10:23;Чехлы;Чехол для смартфона;'0.39;'0.1;1;0;0;0;0;6980.0;11990.0;;0%
Accessory_Red_2530;20534015;717957995;9800663612622;Чехол для Samsung Galaxy S25 с Mag Safe Keephone, черный противоударный чехол для Самсунг Галакси S25;'45;KEEPHONE;Продается;;0;'0.00;Показывается;;31.01.2025 10:35;Чехлы;Чехол для смартфона;'0.48;'0.1;4;0;0;0;0;6980.0;11990.0;;0%
Case_White_7115;88512801;317893054;3313484213764;Чехол для Samsung Galaxy S25 Plus (S25+) с Mag Safe Keephone, черный противоударный чехол для Самсунг Галакси S25 Плюс;'45;KEEPHONE;Готов к продаже;;0;'0.00;Показывается;;31.01.2025 10:38;Чехлы;Чехол для смартфона;'0.48;'0.1;0;0;0;0;0;6980.0;11990.0;;0%
Cover_Purple_2609;71531392;221469360;RND209837200;Чехол для Samsung Galaxy S25 Ultra Keephone Hybrid Pro, прозрачный противоударный чехол для Самсунг Галакси S25 Ультра;'70;KEEPHONE;Продается;;2;'4.60;Показывается;;31.01.2025 11:30;Чехлы;Чехол для смартфона;'0.48;'0.1;6;0;0;0;0;6980.0;11990.0;;0%
Accessory_Red_4071;21924136;340053465;RND593261944;Чехол для Samsung Galaxy S25 Plus (S25+) Keephone Hybrid Pro, прозрачный противоударный чехол для Самсунг Галакси S25 Плюс;'45;KEEPHONE;Продается;;0;'0.00;Показывается;;31.01.2025 11:32;Чехлы;Чехол для смартфона;'0.48;'0.1;0;0;10;0;0;6980.0;11990.0;;0%
Protector_White_1950;91012780;396167868;3217029222728;Чехол для Samsung Galaxy S25 Keephone Hybrid Pro, прозрачный противоударный чехол для Самсунг Галакси S25;'45;KEEPHONE;Продается;;0;'0.00;Показывается;;31.01.2025 11:35;Чехлы;Чехол для смартфона;'0.48;'0.1;3;0;0;0;0;6980.0;11990.0;;0%
Cable_Red_7467;67829533;884368374;9696912236409;Чехол для Samsung Galaxy S24 Ultra Keephone Hybrid Case, прозрачный противоударный чехол для Самсунг Галакси S24 Ультра;'45;KEEPHONE;Продается;;2;'3.10;Показывается;;25.02.2025 10:54;Чехлы;Чехол для смартфона;'0.38;'0.1;3;0;10;0;0;6100.0;11990.0;;0%
Adapter_Green_4431;11835447;251382630;RND948110822;Чехол для Samsung Galaxy S24 Plus (S24+) Keephone Hybrid Case, прозрачный противоударный чехол для Самсунг Галакси S24 Плюс;'45;KEEPHONE;Продается;;0;'0.00;Показывается;;25.02.2025 11:00;Чехлы;Чехол для смартфона;'0.38;'0.1;10;0;0;0;0;6100.0;11990.0;;0%
Accessory_Black_7823;96304237;603030879;RND125541305;Чехол для Samsung Galaxy S25 KZDOO Air Skin с защитой камер, черный супертонкий чехол для Самсунг Галакси S25;'70;KZDOO;Продается;;11;'4.70;Показывается;;21.03.2025 10:40;Чехлы;Чехол для смартфона;'0.36;'0.1;1;0;0;0;0;4980.0;11990.0;;0%
Cable_White_7442;17751518;115335078;5676277482784;Чехол для Samsung Galaxy S25 KZDOO Air Skin с защитой камер, прозрачный супертонкий чехол для Самсунг Галакси S25;'52.5;KZDOO;Готов к продаже;;37;'4.70;Показывается;;21.03.2025 10:44;Чехлы;Чехол для смартфона;'0.36;'0.1;0;0;0;0;0;4980.0;11990.0;;0%
Adapter_Blue_2174;41729170;975307236;RND245196462;Чехол для Samsung Galaxy S25 KZDOO Air Skin с защитой камер, синий супертонкий чехол для Самсунг Галакси S25;'45;KZDOO;Продается;;27;'4.70;Показывается;;21.03.2025 10:47;Чехлы;Чехол для смартфона;'0.36;'0.1;1;0;0;0;0;4980.0;11990.0;;0%
Accessory_Blue_2451;14654357;830863661;1927995129886;Чехол для Samsung Galaxy S25 KZDOO Air Skin с защитой камер, фиолетовый супертонкий чехол для Самсунг Галакси S25;'45;KZDOO;Продается;;2;'4.70;Показывается;;21.03.2025 10:50;Чехлы;Чехол для смартфона;'0.36;'0.1;4;0;10;0;0;4980.0;11990.0;;0%
Battery_Pink_1977;65263379;382292353;RND781842118;Чехол для Samsung Galaxy S25 KZDOO Air Skin с защитой камер, зеленый супертонкий чехол для Самсунг Галакси S25;'45;KZDOO;Готов к продаже;;6;'4.70;Показывается;;21.03.2025 10:53;Чехлы;Чехол для смартфона;'0.36;'0.1;0;0;0;0;0;3600.0;11990.0;;0%
Cover_Pink_9897;85743031;964459154;RND253226193;Чехол для Samsung Galaxy S25 KZDOO Air Skin с защитой камер, Desert Titanium супертонкий чехол для Самсунг Галакси S25;'65;KZDOO;Продается;;0;'4.70;Показывается;;21.03.2025 11:00;Чехлы;Чехол для смартфона;'0.36;'0.1;10;0;0;0;0;4980.0;11990.0;;0%
Cable_Pink_2144;85962285;632651363;RND893112878;Чехол для Samsung Galaxy S25 KZDOO Air Skin с защитой камер, титанового цвета супертонкий чехол для Самсунг Галакси S25;'70;KZDOO;Продается;;8;'4.70;Показывается;;21.03.2025 11:04;Чехлы;Чехол для смартфона;'0.36;'0.1;1;0;0;0;0;4980.0;11990.0;;0%
Cover_Pink_4958;93948675;272527545;RND630197224;Чехол для Samsung Galaxy S25+ KZDOO Air Skin с защитой камер, черный супертонкий чехол для Самсунг Галакси S25 Плюс;'45;KZDOO;Продается;;4;'4.20;Показывается;;21.03.2025 11:07;Чехлы;Чехол для смартфона;'0.36;'0.1;29;0;0;0;0;4980.0;11990.0;;0%
Cable_Pink_6203;40893712;786545508;RND240507604;Чехол для Samsung Galaxy S25+ KZDOO Air Skin с защитой камер, прозрачный супертонкий чехол для Самсунг Галакси S25 Плюс;'52.5;KZDOO;Продается;;7;'4.20;Показывается;;21.03.2025 12:28;Чехлы;Чехол для смартфона;'0.36;'0.1;70;0;0;0;0;4980.0;11990.0;;0%
Cover_Black_8095;75287503;428982978;RND337833565;Чехол для Samsung Galaxy S25+ KZDOO Air Skin с защитой камер, синий супертонкий чехол для Самсунг Галакси S25 Плюс;'45;KZDOO;Продается;;6;'4.20;Показывается;;21.03.2025 12:58;Чехлы;Чехол для смартфона;'0.36;'0.1;8;0;10;0;0;4980.0;11990.0;;0%
Protector_Titanium_2814;53288967;880135285;RND760045317;Чехол для Samsung Galaxy S25+ KZDOO Air Skin с защитой камер, фиолетовый супертонкий чехол для Самсунг Галакси S25 Плюс;'70;KZDOO;Продается;;2;'4.20;Показывается;;21.03.2025 13:00;Чехлы;Чехол для смартфона;'0.36;'0.1;14;0;0;0;0;4980.0;11990.0;;0%
Battery_Blue_8617;24826475;467164893;1182667524856;Чехол для Samsung Galaxy S25+ KZDOO Air Skin с защитой камер, зеленый супертонкий чехол для Самсунг Галакси S25 Плюс;'70;KZDOO;Продается;;1;'4.20;Показывается;;21.03.2025 13:08;Чехлы;Чехол для смартфона;'0.36;'0.1;3;0;0;0;0;4980.0;11990.0;;0%
Glass_Black_3571;38778517;255910352;RND203877301;Чехол для Samsung Galaxy S25+ KZDOO Air Skin с защитой камер, Desert Titanium супертонкий чехол для Самсунг Галакси S25 Плюс;'65;KZDOO;Продается;;1;'4.20;Показывается;;21.03.2025 13:11;Чехлы;Чехол для смартфона;'0.36;'0.1;23;0;10;0;0;4980.0;11990.0;;0%
Adapter_White_6302;28127900;171125364;9584349996889;Чехол для Samsung Galaxy S25+ KZDOO Air Skin с защитой камер, титанового цвета супертонкий чехол для Самсунг Галакси S25 Плюс;'45;KZDOO;Продается;;2;'4.20;Показывается;;21.03.2025 13:13;Чехлы;Чехол для смартфона;'0.36;'0.1;6;0;11;0;0;4980.0;11990.0;;0%
Case_Blue_2252;30931662;119937296;RND573616602;Чехол для Samsung Galaxy S25 Ultra KZDOO Air Skin с защитой камер, черный супертонкий чехол для Самсунг Галакси S25 Ультра;'52.5;KZDOO;Продается;;15;'4.40;Показывается;;21.03.2025 13:20;Чехлы;Чехол для смартфона;'0.36;'0.1;6;0;0;0;0;4980.0;11990.0;;0%
Case_Black_8463;52140319;999613229;RND326666089;Чехол для Samsung Galaxy S25 Ultra KZDOO Air Skin с защитой камер, прозрачный супертонкий чехол для Самсунг Галакси S25 Ультра;'45;KZDOO;Продается;;10;'4.40;Показывается;;21.03.2025 14:18;Чехлы;Чехол для смартфона;'0.36;'0.1;23;0;0;0;0;4980.0;11990.0;;0%
Case_Blue_6578;17879943;767369870;RND627278400;Чехол для Samsung Galaxy S25 Ultra KZDOO Air Skin с защитой камер, синий супертонкий чехол для Самсунг Галакси S25 Ультра;'70;KZDOO;Продается;;4;'4.40;Показывается;;21.03.2025 14:21;Чехлы;Чехол для смартфона;'0.36;'0.1;35;0;0;0;0;4980.0;11990.0;;0%
Protector_Clear_3737;72851656;216739451;9849935210145;Чехол для Samsung Galaxy S25 Ultra KZDOO Air Skin с защитой камер, фиолетовый супертонкий чехол для Самсунг Галакси S25 Ультра;'70;KZDOO;Продается;;1;'4.40;Показывается;;21.03.2025 14:24;Чехлы;Чехол для смартфона;'0.36;'0.1;1;0;10;0;0;4980.0;11990.0;;0%
Adapter_Clear_7127;79353276;551532897;8457049538870;Чехол для Samsung Galaxy S25 Ultra KZDOO Air Skin с защитой камер, зеленый супертонкий чехол для Самсунг Галакси S25 Ультра;'70;KZDOO;Продается;;2;'4.40;Показывается;;21.03.2025 14:36;Чехлы;Чехол для смартфона;'0.36;'0.1;3;0;10;0;0;4980.0;11990.0;;0%
Battery_Black_7796;62012574;650519623;RND418181148;Чехол для Samsung Galaxy S25 Ultra KZDOO Air Skin с защитой камер, Desert Titanium супертонкий чехол для Самсунг Галакси S25 Ультра;'65;KZDOO;Продается;;3;'4.40;Показывается;;21.03.2025 14:39;Чехлы;Чехол для смартфона;'0.36;'0.1;11;0;10;0;0;4980.0;11990.0;;0%
Battery_Pink_1691;15207018;317071149;6497051191273;Чехол для Samsung Galaxy S25 Ultra KZDOO Air Skin с защитой камер, Titanium Gray супертонкий чехол для Самсунг Галакси S25 Ультра;'70;KZDOO;Продается;;1;'4.40;Показывается;;21.03.2025 14:45;Чехлы;Чехол для смартфона;'0.36;'0.1;5;0;10;0;0;4980.0;11990.0;;0%
Accessory_Pink_2568;13880019;819040074;7782124064627;Чехол для Samsung Galaxy S25 ультратонкий KZDOO Air Carbon с защитой камер, черный супертонкий чехол для Самсунг Галакси S25;'70;KZDOO;Продается;;4;'4.70;Показывается;;22.03.2025 13:11;Чехлы;Чехол для смартфона;'0.36;'0.1;2;0;10;0;1;3380.0;11990.0;;0%
Cable_White_8728;87719217;922400271;8046908671939;Чехол для Samsung Galaxy S25 ультратонкий KZDOO Air Carbon с защитой камер, зеленый супертонкий чехол для Самсунг Галакси S25;'70;KZDOO;Продается;;0;'4.70;Показывается;;22.03.2025 13:16;Чехлы;Чехол для смартфона;'0.36;'0.1;3;0;0;0;0;3380.0;11990.0;;0%
Battery_Pink_2136;82790969;496422401;RND554026808;Чехол для Samsung Galaxy S25 ультратонкий KZDOO Air Carbon с защитой камер, фиолетовый супертонкий чехол для Самсунг Галакси S25;'70;KZDOO;Продается;;0;'4.70;Показывается;;23.03.2025 10:34;Чехлы;Чехол для смартфона;'0.36;'0.1;3;0;0;0;0;3380.0;11990.0;;0%
Protector_Clear_1988;67529938;839221637;9010812837394;Чехол для Samsung Galaxy S25 ультратонкий KZDOO Air Carbon с защитой камер, синий супертонкий чехол для Самсунг Галакси S25;'70;KZDOO;Продается;;2;'4.70;Показывается;;23.03.2025 10:37;Чехлы;Чехол для смартфона;'0.36;'0.1;3;0;10;0;0;3380.0;11990.0;;0%
Case_Red_4725;46892155;898332042;3326081951692;Чехол для Samsung Galaxy S25 ультратонкий KZDOO Air Carbon с защитой камер, Desert Titanium супертонкий чехол для Самсунг Галакси S25;'65;KZDOO;Продается;;0;'4.70;Показывается;;23.03.2025 10:44;Чехлы;Чехол для смартфона;'0.36;'0.1;5;0;10;0;0;3380.0;11990.0;;0%
Cover_Titanium_6594;85662727;950830064;8972099352482;Чехол для Samsung Galaxy S25 ультратонкий KZDOO Air Carbon с защитой камер, титанового цвета супертонкий чехол для Самсунг Галакси S25;'70;KZDOO;Продается;;1;'4.70;Показывается;;23.03.2025 10:46;Чехлы;Чехол для смартфона;'0.36;'0.1;10;0;20;0;0;3380.0;11990.0;;0%
Battery_Green_4991;24699757;241240525;3834379557356;Чехол для Samsung Galaxy S25+ ультратонкий KZDOO Air Carbon с защитой камер, черный супертонкий чехол для Самсунг Галакси S25 Плюс (S25 Plus);'70;KZDOO;Продается;;2;'5.00;Показывается;;23.03.2025 10:52;Чехлы;Чехол для смартфона;'0.54;'0.1;5;0;9;0;0;3380.0;11990.0;;0%
Adapter_Red_5769;56957055;129821746;RND467114532;Чехол для Samsung Galaxy S25+ ультратонкий KZDOO Air Carbon с защитой камер, зеленый супертонкий чехол для Самсунг Галакси S25 Плюс (S25 Plus);'70;KZDOO;Продается;;0;'5.00;Показывается;;23.03.2025 10:54;Чехлы;Чехол для смартфона;'0.36;'0.1;2;0;0;0;0;3380.0;11990.0;;0%
Adapter_Pink_3555;49394525;413323201;1350949362997;Чехол для Samsung Galaxy S25+ ультратонкий KZDOO Air Carbon с защитой камер, фиолетовый супертонкий чехол для Самсунг Галакси S25 Плюс (S25 Plus);'70;KZDOO;Продается;;0;'5.00;Показывается;;23.03.2025 10:57;Чехлы;Чехол для смартфона;'0.36;'0.1;3;0;0;0;0;3380.0;11990.0;;0%
Battery_Red_4660;15321811;647847213;RND447151983;Чехол для Samsung Galaxy S25+ ультратонкий KZDOO Air Carbon с защитой камер, синий супертонкий чехол для Самсунг Галакси S25 Плюс (S25 Plus);'70;KZDOO;Готов к продаже;;1;'5.00;Показывается;;23.03.2025 10:59;Чехлы;Чехол для смартфона;'0.36;'0.1;0;0;0;0;0;1690.0;2990.0;;0%
Cover_Red_4192;28226536;745296994;7428552541837;Чехол для Samsung Galaxy S25+ ультратонкий KZDOO Air Carbon с защитой камер, Desert Titanium супертонкий чехол для Самсунг Галакси S25 Плюс (S25 Plus);'40;KZDOO;Продается;;0;'5.00;Показывается;;23.03.2025 11:05;Чехлы;Чехол для смартфона;'0.36;'0.1;8;0;0;0;0;3380.0;11990.0;;0%
Adapter_White_2043;81983451;800431733;RND254116400;Чехол для Samsung Galaxy S25+ ультратонкий KZDOO Air Carbon с защитой камер, титанового цвета супертонкий чехол для Самсунг Галакси S25 Плюс (S25 Plus);'70;KZDOO;Продается;;0;'5.00;Показывается;;23.03.2025 11:09;Чехлы;Чехол для смартфона;'0.40;'0.1;13;0;0;0;0;3380.0;11990.0;;0%
Battery_Titanium_5397;39111310;976736296;1464015600427;Чехол для Samsung Galaxy S25 Ultra ультратонкий KZDOO Air Carbon с защитой камер, черный супертонкий чехол для Самсунг Галакси S25 Ультра;'70;KZDOO;Готов к продаже;;12;'4.10;Показывается;;23.03.2025 11:14;Чехлы;Чехол для смартфона;'0.36;'0.1;0;0;0;0;0;3380.0;11990.0;;0%
Cable_Clear_3616;20111536;621187847;6530281914525;Чехол для Samsung Galaxy S25 Ultra ультратонкий KZDOO Air Carbon с защитой камер, зеленый супертонкий чехол для Самсунг Галакси S25 Ультра;'70;KZDOO;Продается;;0;'4.10;Показывается;;23.03.2025 11:19;Чехлы;Чехол для смартфона;'0.36;'0.1;4;0;10;0;0;3380.0;11990.0;;0%
Protector_White_7052;58984033;232313405;3686204163040;Чехол для Samsung Galaxy S25 Ultra ультратонкий KZDOO Air Carbon с защитой камер, фиолетовый супертонкий чехол для Самсунг Галакси S25 Ультра;'70;KZDOO;Продается;;1;'4.10;Показывается;;23.03.2025 11:22;Чехлы;Чехол для смартфона;'0.36;'0.1;3;0;10;0;0;3380.0;11990.0;;0%
Accessory_White_3774;37879281;212890294;RND970788579;Чехол для Samsung Galaxy S25 Ultra ультратонкий KZDOO Air Carbon с защитой камер, синий супертонкий чехол для Самсунг Галакси S25 Ультра;'70;KZDOO;Продается;;0;'4.10;Показывается;;23.03.2025 11:59;Чехлы;Чехол для смартфона;'0.36;'0.1;6;0;10;0;0;3380.0;11990.0;;0%
Case_Red_7393;29719518;461046866;RND191765581;Чехол для Samsung Galaxy S25 Ultra ультратонкий KZDOO Air Carbon с защитой камер, Desert Titanium супертонкий чехол для Самсунг Галакси S25 Ультра;'65;KZDOO;Продается;;0;'4.10;Показывается;;23.03.2025 12:12;Чехлы;Чехол для смартфона;'0.36;'0.1;5;0;0;0;0;3380.0;11990.0;;0%
Cable_White_3857;33958566;540575265;2605326323202;Чехол для Samsung Galaxy S25 Ultra ультратонкий KZDOO Air Carbon с защитой камер, титанового цвета супертонкий чехол для Самсунг Галакси S25 Ультра;'70;KZDOO;Продается;;1;'4.10;Показывается;;23.03.2025 12:20;Чехлы;Чехол для смартфона;'0.36;'0.1;38;0;0;0;0;3380.0;11990.0;;0%
Cable_Red_3170;58157506;883469931;8532731604731;Чехол для Samsung Galaxy S25 KZDOO Q Series с защитой камер, черный тонкий силиконовый чехол для Самсунг Галакси S25;'45;KZDOO;Продается;;8;'4.90;Показывается;;23.03.2025 12:25;Чехлы;Чехол для смартфона;'0.36;'0.1;10;1;0;0;0;3100.0;11990.0;;0%
Battery_Black_6791;45369009;307772722;8559507663850;Чехол для Samsung Galaxy S25+ KZDOO Q Series с защитой камер, черный тонкий силиконовый чехол для Самсунг Галакси S25 Плюс (S25 Plus);'45;KZDOO;Продается;;2;'2.30;Показывается;;23.03.2025 12:31;Чехлы;Чехол для смартфона;'0.36;'0.1;42;0;0;0;0;3100.0;11990.0;;0%
Cable_Red_8674;94897949;298150453;RND867895635;Чехол для Samsung Galaxy S25 Ultra KZDOO Q Series с защитой камер, черный тонкий силиконовый чехол для Самсунг Галакси S25 Ультра;'45;KZDOO;Продается;;7;'5.00;Показывается;;23.03.2025 12:36;Чехлы;Чехол для смартфона;'0.36;'0.1;62;0;10;0;0;3100.0;11990.0;;0%
Accessory_Red_8672;57397896;947924161;RND177954569;Чехол для Samsung Galaxy S25 KZDOO Guardian, прозрачный противоударный чехол для Самсунг Галакси S25;'70;KZDOO;Продается;;1;'4.60;Показывается;;24.03.2025 9:55;Чехлы;Чехол для смартфона;'0.36;'0.1;8;0;0;0;0;4500.0;11990.0;;0%
Adapter_Green_9285;80841909;987665131;RND892550802;Чехол для Samsung Galaxy S25 Plus KZDOO Guardian, прозрачный противоударный чехол для Самсунг Галакси S25 Плюс;'45;KZDOO;Продается;;2;'4.60;Показывается;;24.03.2025 10:01;Чехлы;Чехол для смартфона;'0.36;'0.1;16;0;10;0;0;4500.0;11990.0;;0%
Accessory_Clear_2058;29130417;641538100;2145243343716;Чехол для Samsung Galaxy S25 Ultra KZDOO Guardian, прозрачный противоударный чехол для Самсунг Галакси S25 Ультра;'45;KZDOO;Продается;;2;'4.60;Показывается;;24.03.2025 10:06;Чехлы;Чехол для смартфона;'0.36;'0.1;21;0;0;0;0;4500.0;11990.0;;0%
Accessory_Red_7844;17290371;255798307;8419325823218;Чехол для Samsung S25 с MagSafe KZDOO Iceguard, прозрачный противоударный чехол для Самунг S25;'65;KZDOO;Продается;;0;'0.00;Показывается;;24.03.2025 10:20;Чехлы;Чехол для смартфона;'0.36;'0.1;15;0;0;0;0;5580.0;11990.0;;0%
Protector_Titanium_7348;46286266;334953131;RND768736780;Чехол для Samsung S25+ с MagSafe KZDOO Iceguard, прозрачный противоударный чехол для Самунг S25 Плюс (S25 Plus);'65;KZDOO;Продается;;0;'0.00;Показывается;;24.03.2025 10:29;Чехлы;Чехол для смартфона;'0.36;'0.1;15;0;0;0;0;5580.0;11990.0;;0%
Accessory_Black_4917;96333080;277831169;RND729641187;Чехол для Samsung S25 Ultra с MagSafe KZDOO Iceguard, прозрачный противоударный чехол для Самунг S25 Ультра;'70;KZDOO;Продается;;0;'5.00;Показывается;;24.03.2025 10:44;Чехлы;Чехол для смартфона;'0.36;'0.1;20;0;10;0;0;5580.0;11990.0;;0%
Adapter_Clear_5659;79212476;421691419;2447487735180;Чехол для Samsung S25 с MagSafe KZDOO Iceguard, черный противоударный чехол для Самунг S25;'65;KZDOO;Продается;;0;'0.00;Показывается;;24.03.2025 11:14;Чехлы;Чехол для смартфона;'0.36;'0.1;14;0;10;0;0;5580.0;11990.0;;0%
Cable_Red_9587;75159334;964905522;8836688239040;Чехол для Samsung S25+ с MagSafe KZDOO Iceguard, черный противоударный чехол для Самунг S25 Плюс (S25 Plus);'65;KZDOO;Продается;;0;'0.00;Показывается;;24.03.2025 11:15;Чехлы;Чехол для смартфона;'0.36;'0.1;15;0;0;0;0;5580.0;11990.0;;0%
Glass_Pink_5962;61221234;896272701;RND746949901;Чехол для Samsung S25 Ultra с MagSafe KZDOO Iceguard, черный противоударный чехол для Самунг S25 Ультра;'65;KZDOO;Продается;;1;'5.00;Показывается;;24.03.2025 11:16;Чехлы;Чехол для смартфона;'0.36;'0.1;19;0;10;0;0;5580.0;11990.0;;0%
Case_Pink_3739;74527412;266945662;RND117412359;Кожаный чехол для Samsung Galaxy S25 KZDOO Noble Collection, черный чехол для Самсунг Галкси S25;'70;KZDOO;Продается;;18;'4.70;Показывается;;24.03.2025 11:23;Чехлы;Чехол для смартфона;'0.36;'0.1;2;0;1;0;0;6380.0;11990.0;;0%
Cable_Black_5342;39042433;560358264;5637377361143;Кожаный чехол для Samsung Galaxy S25 KZDOO Noble Collection, белый чехол для Самсунг Галкси S25;'57.5;KZDOO;Продается;;0;'4.70;Показывается;;24.03.2025 11:26;Чехлы;Чехол для смартфона;'0.36;'0.1;5;0;10;0;0;6580.0;11990.0;;0%
Cover_Blue_6483;34837614;609480880;RND586039717;Кожаный чехол для Samsung Galaxy S25 KZDOO Noble Collection, красный чехол для Самсунг Галкси S25;'82.5;KZDOO;Продается;;2;'4.70;Показывается;;24.03.2025 11:36;Чехлы;Чехол для смартфона;'0.36;'0.1;3;0;10;0;1;6580.0;11990.0;;0%
Cable_Red_1613;22458409;287515538;7118379661729;Кожаный чехол для Samsung Galaxy S25 KZDOO Noble Collection, розовый чехол для Самсунг Галкси S25;'57.5;KZDOO;Продается;;0;'4.70;Показывается;;24.03.2025 11:38;Чехлы;Чехол для смартфона;'0.36;'0.1;6;0;0;0;0;6580.0;11990.0;;0%
Cover_Purple_1724;24795547;766735381;3041893604055;Кожаный чехол для Samsung Galaxy S25 KZDOO Noble Collection, синий чехол для Самсунг Галкси S25;'57.5;KZDOO;Продается;;8;'4.70;Показывается;;24.03.2025 11:40;Чехлы;Чехол для смартфона;'0.36;'0.1;12;0;3;0;0;6580.0;11990.0;;0%
Battery_Purple_7349;53035477;146058446;4308596871151;Кожаный чехол для Samsung Galaxy S25 KZDOO Noble Collection, зеленый чехол для Самсунг Галкси S25;'82.5;KZDOO;Продается;;4;'4.70;Показывается;;24.03.2025 12:57;Чехлы;Чехол для смартфона;'0.36;'0.1;3;0;10;0;0;6580.0;11990.0;;0%
Cover_Titanium_5767;22290595;999195015;RND142918674;Кожаный чехол для Samsung Galaxy S25 KZDOO Noble Collection, титанового цвета чехол для Самсунг Галкси S25;'57.5;KZDOO;Продается;;9;'4.70;Показывается;;24.03.2025 12:59;Чехлы;Чехол для смартфона;'0.36;'0.1;3;0;10;0;0;6580.0;11990.0;;0%
Adapter_White_3294;80204480;516753720;4106200237144;Кожаный чехол для Samsung Galaxy S25 KZDOO Noble Collection, светло-розовый чехол для Самсунг Галкси S25;'70;KZDOO;Продается;;0;'4.70;Показывается;;24.03.2025 13:02;Чехлы;Чехол для смартфона;'0.36;'0.1;9;0;0;0;0;6580.0;11990.0;;0%
Accessory_Green_4427;63046938;368901948;9317435976537;Кожаный чехол для Samsung Galaxy S25+ KZDOO Noble Collection, черный чехол для Самсунг Галкси S25 Плюс (S25 Plus);'82.5;KZDOO;Готов к продаже;;2;'4.60;Показывается;;24.03.2025 13:04;Чехлы;Чехол для смартфона;'0.36;'0.1;0;0;0;0;0;6580.0;11990.0;;0%
Case_Green_7855;13258542;860733251;7486014645665;Кожаный чехол для Samsung Galaxy S25+ KZDOO Noble Collection, белый чехол для Самсунг Галкси S25 Плюс (S25 Plus);'82.5;KZDOO;Готов к продаже;;0;'4.60;Показывается;;24.03.2025 13:06;Чехлы;Чехол для смартфона;'0.36;'0.1;0;0;0;0;0;6580.0;11990.0;;0%
Protector_Pink_7528;28395383;486983506;RND816560926;Кожаный чехол для Samsung Galaxy S25+ KZDOO Noble Collection, красный чехол для Самсунг Галкси S25 Плюс (S25 Plus);'82.5;KZDOO;Продается;;1;'4.60;Показывается;;24.03.2025 13:08;Чехлы;Чехол для смартфона;'0.36;'0.1;1;0;10;0;0;6580.0;11990.0;;0%
Protector_White_2950;25428477;503922876;RND709629063;Кожаный чехол для Samsung Galaxy S25+ KZDOO Noble Collection, розовый чехол для Самсунг Галкси S25 Плюс (S25 Plus);'82.5;KZDOO;Продается;;0;'4.60;Показывается;;24.03.2025 13:11;Чехлы;Чехол для смартфона;'0.36;'0.1;2;0;0;0;0;6580.0;11990.0;;0%
Cover_Red_6090;25301780;825062904;RND234422553;Кожаный чехол для Samsung Galaxy S25+ KZDOO Noble Collection, синий чехол для Самсунг Галкси S25 Плюс (S25 Plus);'82.5;KZDOO;Готов к продаже;;0;'4.60;Показывается;;24.03.2025 13:13;Чехлы;Чехол для смартфона;'0.36;'0.1;0;0;0;0;0;3290.0;4990.0;;0%
Accessory_Blue_6573;56748017;774864899;RND532352918;Кожаный чехол для Samsung Galaxy S25+ KZDOO Noble Collection, зеленый чехол для Самсунг Галкси S25 Плюс (S25 Plus);'82.5;KZDOO;Продается;;1;'4.60;Показывается;;24.03.2025 13:16;Чехлы;Чехол для смартфона;'0.36;'0.1;1;0;10;0;0;6580.0;11990.0;;0%
Protector_Green_3251;58073323;544252195;RND343984570;Кожаный чехол для Samsung Galaxy S25+ KZDOO Noble Collection, титанового цвета чехол для Самсунг Галкси S25 Плюс (S25 Plus);'82.5;KZDOO;Продается;;4;'4.60;Показывается;;24.03.2025 13:19;Чехлы;Чехол для смартфона;'0.36;'0.1;2;0;10;0;0;6580.0;11990.0;;0%
Cable_Pink_6495;40130399;335750322;RND351449542;Кожаный чехол для Samsung Galaxy S25+ KZDOO Noble Collection, светло-розовый чехол для Самсунг Галкси S25 Плюс (S25 Plus);'77.5;KZDOO;Продается;;1;'4.60;Показывается;;24.03.2025 13:21;Чехлы;Чехол для смартфона;'0.36;'0.1;1;0;10;0;0;6580.0;11990.0;;0%
Protector_Clear_2037;56525049;181635040;RND810862835;Кожаный чехол для Samsung Galaxy S25 Ultra KZDOO Noble Collection, черный чехол для Самсунг Галкси S25 Ультра;'57.5;KZDOO;Продается;;17;'4.50;Показывается;;24.03.2025 13:38;Чехлы;Чехол для смартфона;'0.36;'0.1;1;0;0;0;0;6580.0;11990.0;;0%
Glass_Titanium_9231;37712266;458427083;4092246299968;Кожаный чехол для Samsung Galaxy S25 Ultra KZDOO Noble Collection, белый чехол для Самсунг Галкси S25 Ультра;'82.5;KZDOO;Продается;;8;'4.50;Показывается;;24.03.2025 13:41;Чехлы;Чехол для смартфона;'0.36;'0.1;10;0;10;0;0;6580.0;11990.0;;0%
Accessory_Red_8404;71066982;628038972;RND223915950;Кожаный чехол для Samsung Galaxy S25 Ultra KZDOO Noble Collection, красный чехол для Самсунг Галкси S25 Ультра;'57.5;KZDOO;Продается;;3;'4.50;Показывается;;24.03.2025 13:43;Чехлы;Чехол для смартфона;'0.36;'0.1;1;0;0;0;0;6580.0;11990.0;;0%
Adapter_Pink_2418;13565992;795742531;RND572603138;Кожаный чехол для Samsung Galaxy S25 Ultra KZDOO Noble Collection, розовый чехол для Самсунг Галкси S25 Ультра;'57.5;KZDOO;Готов к продаже;;1;'4.50;Показывается;;24.03.2025 13:46;Чехлы;Чехол для смартфона;'0.36;'0.1;0;0;0;0;0;6580.0;11990.0;;0%
Cable_Red_8767;67211236;432866990;3558981614328;Кожаный чехол для Samsung Galaxy S25 Ultra KZDOO Noble Collection, синий чехол для Самсунг Галкси S25 Ультра;'57.5;KZDOO;Продается;;2;'4.50;Показывается;;24.03.2025 13:52;Чехлы;Чехол для смартфона;'0.36;'0.1;0;0;10;0;0;6580.0;11990.0;;0%
Cable_Blue_1780;20364484;785796121;RND277979529;Кожаный чехол для Samsung Galaxy S25 Ultra KZDOO Noble Collection, зеленый чехол для Самсунг Галкси S25 Ультра;'57.5;KZDOO;Продается;;0;'4.50;Показывается;;24.03.2025 13:56;Чехлы;Чехол для смартфона;'0.36;'0.1;2;0;10;0;0;6580.0;11990.0;;0%
Cover_Titanium_8073;89655137;417116362;6391074214999;Кожаный чехол для Samsung Galaxy S25 Ultra KZDOO Noble Collection, чехол титанового цвета для Самсунг Галкси S25 Ультра;'57.5;KZDOO;Продается;;2;'4.50;Показывается;;24.03.2025 14:01;Чехлы;Чехол для смартфона;'0.36;'0.1;13;0;10;0;0;6580.0;11990.0;;0%
Battery_White_7428;63407345;522832566;RND297166584;Кожаный чехол для Samsung Galaxy S25 Ultra KZDOO Noble Collection, светло-розовый чехол для Самсунг Галкси S25 Ультра;'82.5;KZDOO;Продается;;1;'4.50;Показывается;;24.03.2025 14:02;Чехлы;Чехол для смартфона;'0.36;'0.1;13;0;10;0;0;6580.0;11990.0;;0%
Glass_White_6000;62903306;321604397;RND747900387;Чехол для Samsung Galaxy S25 KZDOO KEIVLAR, черный кевларовый чехол для Самсунг Галакси S25;'82.5;KZDOO;Продается;;0;'0.00;Показывается;;24.03.2025 14:06;Чехлы;Чехол для смартфона;'0.36;'0.1;3;0;0;0;0;11000.0;11990.0;;0%
Cover_Red_7897;21172230;284940832;RND196468991;Чехол для Samsung Galaxy S25 KZDOO KEIVLAR, синий кевларовый чехол для Самсунг Галакси S25;'82.5;KZDOO;Продается;;0;'0.00;Показывается;;25.03.2025 7:43;Чехлы;Чехол для смартфона;'0.36;'0.1;10;0;0;0;0;11000.0;11990.0;;0%
Cable_Red_1301;88974031;483967869;RND532701165;Чехол для Samsung Galaxy S25 KZDOO KEIVLAR, кевларовый чехол титанового цвета для Самсунг Галакси S25;'82.5;KZDOO;Продается;;0;'0.00;Показывается;;25.03.2025 7:48;Чехлы;Чехол для смартфона;'0.36;'0.1;2;0;0;0;0;11000.0;11990.0;;0%
Protector_Pink_8126;74328104;745001347;RND672264416;Чехол для Samsung Galaxy S25+ KZDOO KEIVLAR, черный кевларовый чехол для Самсунг Галакси S25 Плюс (S25 Plus);'82.5;KZDOO;Продается;;0;'5.00;Показывается;;25.03.2025 7:50;Чехлы;Чехол для смартфона;'0.36;'0.1;1;0;10;0;0;11000.0;11990.0;;0%
Glass_Clear_3112;88325590;215248561;3267883001513;Чехол для Samsung Galaxy S25+ KZDOO KEIVLAR, синий кевларовый чехол для Самсунг Галакси S25 Плюс (S25 Plus);'82.5;KZDOO;Продается;;0;'5.00;Показывается;;25.03.2025 7:57;Чехлы;Чехол для смартфона;'0.36;'0.1;10;0;0;0;0;11000.0;11990.0;;0%
Protector_Red_6954;96533480;542755398;1942682872299;Чехол для Samsung Galaxy S25+ KZDOO KEIVLAR, кевларовый чехол титанового цвета для Самсунг Галакси S25 Плюс (S25 Plus);'82.5;KZDOO;Продается;;1;'5.00;Показывается;;25.03.2025 8:02;Чехлы;Чехол для смартфона;'0.36;'0.1;3;0;0;0;0;11000.0;11990.0;;0%
Protector_Blue_5024;32805400;259393140;RND916317791;Чехол для Samsung Galaxy S25 Ultra KZDOO KEIVLAR, черный кевларовый чехол для Самсунг Галакси S25 Ультра;'57.5;KZDOO;Продается;;1;'5.00;Показывается;;25.03.2025 8:14;Чехлы;Чехол для смартфона;'0.36;'0.1;2;0;0;0;0;11000.0;11990.0;;0%
Accessory_Black_4565;34053298;769428549;6537085913878;Чехол для Samsung Galaxy S25 Ultra KZDOO KEIVLAR, синий кевларовый чехол для Самсунг Галакси S25 Ультра;'82.5;KZDOO;Продается;;1;'5.00;Показывается;;25.03.2025 8:17;Чехлы;Чехол для смартфона;'0.36;'0.1;9;0;3;0;0;11000.0;11990.0;;0%
Cable_Black_4293;14770640;353288055;4576538534468;Чехол для Samsung Galaxy S25 Ultra KZDOO KEIVLAR, кевларовый чехол титанового цвета для Самсунг Галакси S25 Ультра;'57.5;KZDOO;Продается;;0;'5.00;Показывается;;25.03.2025 8:25;Чехлы;Чехол для смартфона;'0.36;'0.1;2;0;0;0;0;11000.0;11990.0;;0%
Cable_White_6991;63572421;951858968;4688149396332;Ультратонкий Магнитный чехол для iPhone 16 Pro с поддержкой MagSafe, розовый тонкий пластик, прозрачный, софт тач покрытие - не скользкий.;'82.5;Нет бренда;Готов к продаже;;1;'5.00;Показывается;;14.05.2025 12:52;Чехлы;Чехол для смартфона;'0.08;'0.1;0;0;0;0;0;1000.0;1900.0;;0%
Case_White_7069;76520251;526859563;6999511786696;Ультратонкий Магнитный чехол для iPhone 16 Pro Max с поддержкой MagSafe, розовый тонкий пластик, прозрачный, софт тач покрытие - не скользкий.;'82.5;Нет бренда;Продается;;0;'0.00;Показывается;;14.05.2025 13:13;Чехлы;Чехол для смартфона;'0.08;'0.1;0;0;2;0;0;2000.0;7900.0;;0%
Cable_Pink_6116;12368222;917234158;RND340152337;Ультратонкий Магнитный чехол для iPhone 16 с поддержкой MagSafe, розовый тонкий пластик, прозрачный, софт тач покрытие - не скользкий.;'82.5;Нет бренда;Продается;;0;'5.00;Показывается;;14.05.2025 14:47;Чехлы;Чехол для смартфона;'0.08;'0.1;0;0;2;0;0;2000.0;7900.0;;0%
Battery_Purple_3505;14785278;649136823;8535964257975;Ультратонкий Магнитный чехол для iPhone 16 с поддержкой MagSafe, серый тонкий пластик, прозрачный, софт тач покрытие - не скользкий.;'82.5;Нет бренда;Продается;;1;'5.00;Показывается;;14.05.2025 15:04;Чехлы;Чехол для смартфона;'0.08;'0.1;0;0;3;0;0;2000.0;7900.0;;0%
Battery_Purple_4878;67106807;350462811;5995204481142;Ультратонкий Магнитный чехол для iPhone 16 с поддержкой MagSafe, черный тонкий пластик, прозрачный, софт тач покрытие - не скользкий.;'82.5;Нет бренда;Продается;;1;'5.00;Показывается;;14.05.2025 16:18;Чехлы;Чехол для смартфона;'0.08;'0.1;1;0;0;0;0;1000.0;1900.0;;0%
Battery_Purple_7240;84689730;189852959;RND237012387;Ультратонкий Магнитный чехол для iPhone 16 с поддержкой MagSafe, прозрачный тонкий пластик, прозрачный, софт тач покрытие - не скользкий.;'82.5;Нет бренда;Готов к продаже;;0;'5.00;Показывается;;14.05.2025 16:35;Чехлы;Чехол для смартфона;'0.08;'0.1;0;0;0;0;0;1000.0;1900.0;;0%
Accessory_Pink_4157;99800801;674278927;1996873025849;Ультратонкий Магнитный чехол для iPhone16 Pro с поддержкой MagSafe, серый тонкий пластик, прозрачный, софт тач покрытие - не скользкий.;'82.5;Нет бренда;Продается;;0;'5.00;Показывается;;15.05.2025 10:11;Чехлы;Чехол для смартфона;'0.08;'0.1;0;0;3;0;0;2000.0;7900.0;;0%
Cover_Black_1913;72327676;224263033;RND866040119;Ультратонкий Магнитный чехол для iPhone 16 Pro с поддержкой MagSafe, черный тонкий пластик, прозрачный, софт тач покрытие - не скользкий.;'82.5;Нет бренда;Продается;;0;'5.00;Показывается;;15.05.2025 10:24;Чехлы;Чехол для смартфона;'0.08;'0.1;0;0;2;0;0;2000.0;7900.0;;0%
Protector_Red_9071;16692252;657467722;RND326275816;Ультратонкий чехол на Айфон 16 Про Макс Air Skin с защитой камер, Desert Titanium для iPhone 16 Pro Max;'52.5;KZDOO;Продается;;21;'4.80;Показывается;;26.05.2025 12:19;Чехлы;Чехол для смартфона;'1.32;'0.3;7;1;8;0;0;4980.0;11990.0;;0%
Cover_Titanium_8827;95757642;786546268;RND280914579;Кожаный чехол для iPhone 15 Pro KZDOO Noble Collection, красный чехол для Айфон 15 Про;'45;KZDOO;Продается;;0;'0.00;Показывается;;28.07.2025 13:33;Чехлы;Чехол для смартфона;'0.36;'0.1;1;0;0;0;0;6980.0;11990.0;;0%
Adapter_Green_1934;77065140;310540246;7079327118785;Ультратонкий чехол на Айфон 16 Про Air Skin с защитой камер, Desert Titanium для iPhone 16 Pro;'45;KZDOO;Продается;;12;'4.80;Показывается;;04.08.2025 10:55;Чехлы;Чехол для смартфона;'0.36;'0.1;0;0;8;0;0;3200.0;11990.0;;0%
Glass_White_5188;37352116;654002986;RND746177160;Чехол для Samsung Galaxy S23 Ultra KZDOO iCoat, зеленый чехол для Самсунг S23 Ультра;'45;KZDOO;Продается;;0;'0.00;Показывается;;13.08.2025 9:30;Чехлы;Чехол для смартфона;'0.36;'0.1;4;0;0;0;0;6980.0;11990.0;;0%
Cover_Pink_9458;60586244;479733503;6386691324348;Чехол для iPhone 14 Pro Max Keephone Non-Yellowing, прозрачный противоударный чехол для Айфон 14 Про Макс;'45;KEEPHONE;Готов к продаже;;1;'4.20;Показывается;;13.08.2025 9:45;Чехлы;Чехол для смартфона;'0.38;'0.1;0;0;0;0;0;2390.0;3990.0;;0%
Adapter_Titanium_6048;64169541;769248708;RND758019688;Чехол для iPhone 14 Pro Keephone Non-Yellowing, прозрачный противоударный чехол для Айфон 14 Про;'45;KEEPHONE;Продается;;0;'5.00;Показывается;;13.08.2025 12:33;Чехлы;Чехол для смартфона;'0.38;'0.1;8;0;10;0;0;4980.0;11990.0;;0%
Adapter_Black_4607;28321033;360349948;RND268460850;Ультратонкий чехол на Айфон 17 Про Air Skin с защитой камер, прозрачный чехол для iPhone 17 Pro;'45;KZDOO;Продается;;0;'0.00;Показывается;;22.09.2025 20:30;Чехлы;Чехол для смартфона;'0.36;'0.1;0;0;10;0;0;2490.0;3490.0;;0%
Battery_White_9678;10854058;491856895;2116147317416;Ультратонкий чехол на Айфон 17 Про Air Skin с защитой камер, зеленый чехол для iPhone 17 Pro;'45;KZDOO;Продается;;0;'0.00;Показывается;;23.09.2025 16:49;Чехлы;Чехол для смартфона;'0.36;'0.1;0;0;10;0;0;3490.0;3490.0;;0%
Accessory_Green_8039;33403946;491255800;4508587052132;Ультратонкий чехол на Айфон 17 Про Air Skin с защитой камер, оранжевый чехол для iPhone 17 Pro;'45;KZDOO;Продается;;0;'0.00;Показывается;;23.09.2025 16:49;Чехлы;Чехол для смартфона;'0.36;'0.1;0;0;10;0;0;3490.0;3490.0;;0%
Battery_Pink_7358;61808498;826806030;RND274295569;Ультратонкий чехол на Айфон 17 Про Air Skin с защитой камер, розовый чехол для iPhone 17 Pro;'45;KZDOO;Продается;;0;'0.00;Показывается;;23.09.2025 16:49;Чехлы;Чехол для смартфона;'0.36;'0.1;0;0;10;0;0;3490.0;3490.0;;0%
Cable_White_6189;90855102;384877910;RND840103081;Ультратонкий чехол на Айфон 17 Про Air Skin с защитой камер, titanium gray чехол для iPhone 17 Pro;'45;KZDOO;Продается;;0;'0.00;Показывается;;23.09.2025 16:49;Чехлы;Чехол для смартфона;'0.36;'0.1;0;0;10;0;0;3490.0;3490.0;;0%
Adapter_Red_5510;37563551;328211840;9197717923350;Ультратонкий чехол на Айфон 17 Про Air Skin с защитой камер, синий чехол для iPhone 17 Pro;'45;KZDOO;Продается;;0;'0.00;Показывается;;23.09.2025 16:49;Чехлы;Чехол для смартфона;'0.36;'0.1;0;0;10;0;0;3490.0;3490.0;;0%
Cover_Black_1469;37690638;348367022;RND254135970;Ультратонкий чехол на Айфон 17 Про Air Skin с защитой камер, серый чехол для iPhone 17 Pro;'45;KZDOO;Продается;;0;'0.00;Показывается;;23.09.2025 16:49;Чехлы;Чехол для смартфона;'0.36;'0.1;0;0;10;0;0;3490.0;3490.0;;0%
Case_Titanium_3926;77060715;348250015;6927444206125;Ультратонкий чехол на Айфон 17 Про Air Skin с защитой камер, фиолетовый чехол для iPhone 17 Pro;'45;KZDOO;Продается;;0;'0.00;Показывается;;23.09.2025 16:49;Чехлы;Чехол для смартфона;'0.36;'0.1;0;0;10;0;0;3490.0;3490.0;;0%
Battery_Red_8109;52850477;953192350;RND578083027;Ультратонкий чехол на Айфон 17 Про Air Skin с защитой камер, черный чехол для iPhone 17 Pro;'45;KZDOO;Продается;;0;'0.00;Показывается;;23.09.2025 16:49;Чехлы;Чехол для смартфона;'0.36;'0.1;0;0;10;0;0;3490.0;3490.0;;0%
Protector_Green_2196;58694961;475340565;RND915795510;Ультратонкий чехол на Айфон 17 Про Макс Air Skin с защитой камер, фиолетовый для iPhone 17 Pro Max;'45;KZDOO;Продается;;0;'0.00;Показывается;;24.09.2025 23:07;Чехлы;Чехол для смартфона;'1.32;'0.3;0;0;10;0;0;3490.0;3490.0;;0%
Adapter_Green_3185;95561212;154815384;1613937813288;Ультратонкий чехол на Айфон 17 Про Макс Air Skin с защитой камер, titanium gray для iPhone 17 Pro Max;'45;KZDOO;Продается;;0;'0.00;Показывается;;24.09.2025 23:07;Чехлы;Чехол для смартфона;'1.32;'0.3;0;0;10;0;0;3490.0;3490.0;;0%
Case_Purple_2711;70004458;729392948;5786638473894;Ультратонкий чехол на Айфон 17 Про Макс Air Skin с защитой камер, розовый для iPhone 17 Pro Max;'45;KZDOO;Продается;;0;'0.00;Показывается;;24.09.2025 23:07;Чехлы;Чехол для смартфона;'1.32;'0.3;0;0;10;0;0;3490.0;3490.0;;0%
Protector_Green_5895;94096814;206606447;4226807794585;Ультратонкий чехол на Айфон 17 Про Макс Air Skin с защитой камер, черный для iPhone 17 Pro Max;'45;KZDOO;Продается;;0;'0.00;Показывается;;24.09.2025 23:07;Чехлы;Чехол для смартфона;'1.32;'0.3;0;0;10;0;0;3490.0;3490.0;;0%
Cover_White_6846;31299532;389236889;2959143432505;Ультратонкий чехол на Айфон 17 Про Макс Air Skin с защитой камер, зеленый для iPhone 17 Pro Max;'45;KZDOO;Продается;;0;'0.00;Показывается;;24.09.2025 23:07;Чехлы;Чехол для смартфона;'1.32;'0.3;0;0;10;0;0;3490.0;3490.0;;0%
Protector_Black_8284;50072083;934640605;3196838871074;Ультратонкий чехол на Айфон 17 Про Макс Air Skin с защитой камер, серый для iPhone 17 Pro Max;'45;KZDOO;Продается;;0;'0.00;Показывается;;24.09.2025 23:07;Чехлы;Чехол для смартфона;'1.32;'0.3;0;0;10;0;0;3490.0;3490.0;;0%
Adapter_Clear_1495;25381108;649845428;7393854827203;Ультратонкий чехол на Айфон 17 Про Макс Air Skin с защитой камер, синий для iPhone 17 Pro Max;'45;KZDOO;Продается;;0;'0.00;Показывается;;24.09.2025 23:07;Чехлы;Чехол для смартфона;'1.32;'0.3;0;0;10;0;0;3490.0;3490.0;;0%
Cover_Green_3480;98982211;276374318;RND329326519;Ультратонкий чехол на Айфон 17 Про Макс Air Skin с защитой камер, оранжевый для iPhone 17 Pro Max;'45;KZDOO;Продается;;0;'0.00;Показывается;;24.09.2025 23:07;Чехлы;Чехол для смартфона;'1.32;'0.3;0;0;10;0;0;3490.0;3490.0;;0%
Case_Blue_3042;95391485;816907236;4573512664978;Ультратонкий чехол на Айфон 17 Про Макс Air Skin с защитой камер, прозрачный для iPhone 17 Pro Max;'45;KZDOO;Продается;;0;'0.00;Показывается;;24.09.2025 23:08;Чехлы;Чехол для смартфона;'1.32;'0.3;0;0;10;0;1;3490.0;3490.0;;0%
Accessory_Black_8436;63968905;154593032;2754883538314;Ультратонкий чехол Air Skin на Айфон 17 Air с защитой камер, черный чехол для iPhone 17 Аир;'40;KZDOO;Готов к продаже;;0;'0.00;Показывается;;24.09.2025 23:34;Чехлы;Чехол для смартфона;'0.36;'0.1;0;0;0;0;0;2550.0;2550.0;;0%
Accessory_Blue_8534;34483771;511926255;RND947633202;Ультратонкий чехол Air Skin на Айфон 17 с защитой камер, прозрачный чехол для iPhone 17;'45;KZDOO;Продается;;0;'0.00;Показывается;;24.09.2025 23:34;Чехлы;Чехол для смартфона;'0.36;'0.1;0;0;10;0;0;2550.0;2550.0;;0%
Glass_White_7435;83866618;316811274;1169134529053;Ультратонкий чехол Air Skin на Айфон 17 с защитой камер, titanium gray чехол для iPhone 17;'40;KZDOO;Готов к продаже;;0;'0.00;Показывается;;24.09.2025 23:34;Чехлы;Чехол для смартфона;'0.36;'0.1;0;0;0;0;0;2550.0;2550.0;;0%
Cable_Pink_8749;21034344;688283195;8160543372787;Ультратонкий чехол Air Skin на Айфон 17 с защитой камер, черный чехол для iPhone 17;'45;KZDOO;Продается;;0;'0.00;Показывается;;24.09.2025 23:34;Чехлы;Чехол для смартфона;'0.36;'0.1;0;0;10;0;0;2550.0;2550.0;;0%
Accessory_Blue_3103;51612956;298956195;1099603017868;Ультратонкий чехол Air Skin на Айфон 17 Air с защитой камер, прозрачный чехол для iPhone 17 Аир;'40;KZDOO;Готов к продаже;;0;'0.00;Показывается;;24.09.2025 23:34;Чехлы;Чехол для смартфона;'0.36;'0.1;0;0;0;0;0;2550.0;2550.0;;0%
Case_Green_8052;57336047;226489835;RND856490147;Ультратонкий чехол для iPhone 17 Air KZDOO Air Carbon с защитой камер, черный супертонкий чехол для Айфон 17;'40;KZDOO;Готов к продаже;;0;'0.00;Показывается;;24.09.2025 23:57;Чехлы;Чехол для смартфона;'0.36;'0.1;0;0;0;0;0;2490.0;2490.0;;0%
Protector_Blue_7779;85639737;753840127;RND207877799;Ультратонкий чехол для iPhone 17 Pro Max KZDOO Air Carbon с защитой камер, черный супертонкий чехол для Айфон 17 Про Макс;'45;KZDOO;Продается;;0;'0.00;Показывается;;24.09.2025 23:57;Чехлы;Чехол для смартфона;'0.36;'0.1;0;0;10;0;0;2490.0;2490.0;;0%
Case_Clear_8863;46603923;975566146;RND332338670;Ультратонкий чехол для iPhone 17 KZDOO Air Carbon с защитой камер, черный супертонкий чехол для Айфон 17;'45;KZDOO;Продается;;0;'0.00;Показывается;;24.09.2025 23:57;Чехлы;Чехол для смартфона;'0.36;'0.1;0;0;10;0;0;2490.0;2490.0;;0%
Adapter_Clear_1411;91306718;232369729;RND746245083;Ультратонкий чехол для iPhone 17 Pro KZDOO Air Carbon с защитой камер, titanium gray супертонкий чехол для Айфон 17 Про;'45;KZDOO;Продается;;0;'0.00;Показывается;;24.09.2025 23:57;Чехлы;Чехол для смартфона;'0.36;'0.1;0;0;10;0;0;2490.0;2490.0;;0%
Cable_Blue_5969;45281267;254389947;8685771807347;Ультратонкий чехол для iPhone 17 Pro KZDOO Air Carbon с защитой камер, черный супертонкий чехол для Айфон 17 Про;'45;KZDOO;Продается;;0;'0.00;Показывается;;24.09.2025 23:57;Чехлы;Чехол для смартфона;'0.36;'0.1;0;0;10;0;0;2490.0;2490.0;;0%
Adapter_Blue_1703;23582608;992649607;RND658516284;Ультратонкий чехол для iPhone 17 Pro Max KZDOO Air Carbon с защитой камер, titanium gray супертонкий чехол для Айфон 17 Про Макс;'45;KZDOO;Продается;;0;'0.00;Показывается;;24.09.2025 23:57;Чехлы;Чехол для смартфона;'0.36;'0.1;0;0;10;0;0;2490.0;2490.0;;0%
Adapter_Clear_1166;19495496;418617893;RND959060870;Тонкий чехол для iPhone 17 Pro KZDOO Q Series, прозрчный защитный силиконовый чехол на Айфон 17 Pro;'45;KZDOO;Продается;;0;'0.00;Показывается;;29.09.2025 11:29;Чехлы;Чехол для смартфона;'0.36;'0.1;0;0;10;0;0;3490.0;3490.0;;0%
Accessory_Purple_5440;23132952;192371659;3259217374724;Тонкий чехол для iPhone 17 Air KZDOO Q Series, черный защитный силиконовый чехол на Айфон 17 Air;'40;KZDOO;Готов к продаже;;0;'0.00;Показывается;;29.09.2025 11:29;Чехлы;Чехол для смартфона;'0.36;'0.1;0;0;0;0;0;3490.0;3490.0;;0%
Glass_Pink_7022;58444282;402537870;9167085029670;Тонкий чехол для iPhone 17 Air KZDOO Q Series, прозрачый защитный силиконовый чехол на Айфон 17 Air;'40;KZDOO;Готов к продаже;;0;'0.00;Показывается;;29.09.2025 11:29;Чехлы;Чехол для смартфона;'0.36;'0.1;0;0;0;0;0;3490.0;3490.0;;0%
Protector_Black_7097;72052754;331814643;8554031306180;Тонкий чехол для iPhone 17 Pro Max KZDOO Q Series, прозрачный защитный силиконовый чехол на Айфон 17 Pro Max;'45;KZDOO;Продается;;0;'0.00;Показывается;;29.09.2025 11:29;Чехлы;Чехол для смартфона;'0.36;'0.1;0;0;10;0;0;3490.0;3490.0;;0%
Accessory_Pink_8474;94571467;940594696;9316106615574;Тонкий чехол для iPhone 17 KZDOO Q Series, черный силиконовый чехол на Айфон 17;'45;KZDOO;Продается;;0;'0.00;Показывается;;29.09.2025 11:29;Чехлы;Чехол для смартфона;'0.36;'0.1;0;0;10;0;0;3490.0;3490.0;;0%
Accessory_White_7208;15516452;829728458;RND402774217;Тонкий чехол для iPhone 17 Pro KZDOO Q Series, черный защитный силиконовый чехол на Айфон 17 Pro;'45;KZDOO;Продается;;0;'0.00;Показывается;;29.09.2025 11:29;Чехлы;Чехол для смартфона;'0.36;'0.1;0;0;10;0;0;3490.0;3490.0;;0%
Protector_Green_5379;35264610;811858837;RND358710890;Тонкий чехол для iPhone 17 KZDOO Q Series, прозрачный защитный силиконовый чехол на Айфон 17;'45;KZDOO;Продается;;0;'0.00;Показывается;;29.09.2025 11:29;Чехлы;Чехол для смартфона;'0.36;'0.1;0;0;10;0;0;3490.0;3490.0;;0%
Cover_Blue_8464;61443079;768766131;2020246092164;Тонкий чехол для iPhone 17 Pro Max KZDOO Q Series, черный защитный силиконовый чехол на Айфон 17 Pro Max;'45;KZDOO;Продается;;0;'0.00;Показывается;;29.09.2025 11:29;Чехлы;Чехол для смартфона;'0.36;'0.1;0;0;10;0;0;3490.0;3490.0;;0%
Protector_Blue_9936;41017558;430863495;RND224399552;Кожаный чехол для iPhone 17 Pro KZDOO Noble Collection, синий чехол из кожи для Айфон 17 Pro;'37.5;KZDOO;Продается;;0;'0.00;Показывается;;29.09.2025 11:52;Чехлы;Чехол для смартфона;'0.36;'0.1;0;0;10;0;0;4990.0;4990.0;;0%
Glass_Green_1003;12443245;302718729;RND178747171;Кожаный чехол для iPhone 17 Pro KZDOO Noble Collection, оранжевый чехол из кожи для Айфон 17 Pro;'45;KZDOO;Продается;;0;'0.00;Показывается;;29.09.2025 11:52;Чехлы;Чехол для смартфона;'0.36;'0.1;0;0;10;0;0;4990.0;4990.0;;0%
Adapter_Purple_8973;39304646;529769993;3472588738295;Кожаный чехол для iPhone 17 KZDOO Noble Collection, черный чехол из кожи для Айфон 17;'37.5;KZDOO;Продается;;0;'0.00;Показывается;;29.09.2025 11:52;Чехлы;Чехол для смартфона;'0.36;'0.1;0;0;10;0;0;4990.0;4990.0;;0%
Cable_Black_4803;31208605;877060966;RND284633996;Кожаный чехол для iPhone 17 Pro Max KZDOO Noble Collection, titanium gray чехол из кожи для Айфон 17 Pro Max;'45;KZDOO;Продается;;0;'0.00;Показывается;;29.09.2025 11:52;Чехлы;Чехол для смартфона;'0.36;'0.1;0;0;10;0;0;4990.0;4990.0;;0%
Glass_Titanium_9942;84748824;426861360;2549921123809;Кожаный чехол для iPhone 17 Pro Max KZDOO Noble Collection, фиолетовый чехол из кожи для Айфон 17 Pro Max;'45;KZDOO;Продается;;0;'0.00;Показывается;;29.09.2025 11:52;Чехлы;Чехол для смартфона;'0.36;'0.1;0;0;10;0;0;4990.0;4990.0;;0%
Battery_Blue_7895;17492071;415569185;7703920448690;Кожаный чехол для iPhone 17 Pro Max KZDOO Noble Collection, коричневый чехол из кожи для Айфон 17 Pro Max;'37.5;KZDOO;Продается;;0;'0.00;Показывается;;29.09.2025 11:52;Чехлы;Чехол для смартфона;'0.36;'0.1;0;0;10;0;0;4990.0;4990.0;;0%
Accessory_White_8259;59307106;101409822;RND527190553;Кожаный чехол для iPhone 17 Pro KZDOO Noble Collection, черный чехол из кожи для Айфон 17 Pro;'37.5;KZDOO;Продается;;0;'0.00;Показывается;;29.09.2025 11:52;Чехлы;Чехол для смартфона;'0.36;'0.1;0;0;10;0;0;4990.0;4990.0;;0%
Cover_Purple_6581;71347869;851933150;7119980926812;Кожаный чехол для iPhone 17 Pro KZDOO Noble Collection, розовый чехол из кожи для Айфон 17 Pro;'45;KZDOO;Продается;;0;'0.00;Показывается;;29.09.2025 11:52;Чехлы;Чехол для смартфона;'0.36;'0.1;0;0;10;0;0;4990.0;4990.0;;0%
Case_Green_1151;32658956;284809871;RND822674989;Кожаный чехол для iPhone 17 Pro KZDOO Noble Collection, коричневый чехол из кожи для Айфон 17 Pro;'37.5;KZDOO;Продается;;0;'0.00;Показывается;;29.09.2025 11:52;Чехлы;Чехол для смартфона;'0.36;'0.1;0;0;10;0;0;4990.0;4990.0;;0%
Protector_Clear_5343;61082239;425321279;RND578956626;Кожаный чехол для iPhone 17 KZDOO Noble Collection, белый чехол из кожи для Айфон 17;'37.5;KZDOO;Продается;;0;'0.00;Показывается;;29.09.2025 11:52;Чехлы;Чехол для смартфона;'0.36;'0.1;0;0;10;0;0;4990.0;4990.0;;0%
Cable_White_8014;11158049;547019177;RND612801916;Кожаный чехол для iPhone 17 Pro KZDOO Noble Collection, белый чехол из кожи для Айфон 17 Pro;'37.5;KZDOO;Продается;;0;'0.00;Показывается;;29.09.2025 11:52;Чехлы;Чехол для смартфона;'0.36;'0.1;0;0;10;0;0;4990.0;4990.0;;0%
Cable_Green_5187;26845159;825815804;RND779723654;Кожаный чехол для iPhone 17 Pro KZDOO Noble Collection, красный чехол из кожи для Айфон 17 Pro;'37.5;KZDOO;Продается;;0;'0.00;Показывается;;29.09.2025 11:52;Чехлы;Чехол для смартфона;'0.36;'0.1;0;0;10;0;0;4990.0;4990.0;;0%
Battery_Pink_4813;46819832;226461487;6790630983381;Кожаный чехол для iPhone 17 Pro Max KZDOO Noble Collection, черный чехол из кожи для Айфон 17 Pro Max;'37.5;KZDOO;Продается;;0;'0.00;Показывается;;29.09.2025 11:52;Чехлы;Чехол для смартфона;'0.36;'0.1;0;0;10;0;0;4990.0;4990.0;;0%
Battery_White_2109;39094918;799597684;8322018822670;Кожаный чехол для iPhone 17 Pro KZDOO Noble Collection, желтый чехол из кожи для Айфон 17 Pro;'37.5;KZDOO;Продается;;0;'0.00;Показывается;;29.09.2025 11:52;Чехлы;Чехол для смартфона;'0.36;'0.1;0;0;10;0;0;4990.0;4990.0;;0%
Battery_Green_8284;39723078;224121887;RND186513576;Кожаный чехол для iPhone 17 Pro KZDOO Noble Collection, зеленый чехол из кожи для Айфон 17 Pro;'45;KZDOO;Продается;;0;'0.00;Показывается;;29.09.2025 11:52;Чехлы;Чехол для смартфона;'0.36;'0.1;0;0;10;0;0;4990.0;4990.0;;0%
Protector_Titanium_9423;92362039;377560662;7563363352856;Кожаный чехол для iPhone 17 Pro Max KZDOO Noble Collection, желтый чехол из кожи для Айфон 17 Pro Max;'37.5;KZDOO;Продается;;0;'0.00;Показывается;;29.09.2025 11:52;Чехлы;Чехол для смартфона;'0.36;'0.1;0;0;10;0;0;4990.0;4990.0;;0%
Protector_Blue_7417;74774269;134325851;5885114970042;Кожаный чехол для iPhone 17 Pro KZDOO Noble Collection, titanium gray чехол из кожи для Айфон 17 Pro;'37.5;KZDOO;Продается;;0;'0.00;Показывается;;29.09.2025 11:52;Чехлы;Чехол для смартфона;'0.36;'0.1;0;0;10;0;0;4990.0;4990.0;;0%
Protector_Titanium_7752;20373839;854289396;RND639329214;Кожаный чехол для iPhone 17 Pro Max KZDOO Noble Collection, белый чехол из кожи для Айфон 17 Pro Max;'37.5;KZDOO;Продается;;0;'0.00;Показывается;;29.09.2025 11:52;Чехлы;Чехол для смартфона;'0.36;'0.1;0;0;10;0;0;4990.0;4990.0;;0%
Cable_Red_9661;53329212;837216026;RND519588621;Кожаный чехол для iPhone 17 Pro Max KZDOO Noble Collection, зелый чехол из кожи для Айфон 17 Pro Max;'45;KZDOO;Продается;;0;'0.00;Показывается;;29.09.2025 11:52;Чехлы;Чехол для смартфона;'0.36;'0.1;0;0;10;0;0;4990.0;4990.0;;0%
Protector_Red_8737;55754645;561411727;RND327018920;Кожаный чехол для iPhone 17 Pro KZDOO Noble Collection, фиолетовый чехол из кожи для Айфон 17 Pro;'37.5;KZDOO;Продается;;0;'0.00;Показывается;;29.09.2025 11:52;Чехлы;Чехол для смартфона;'0.36;'0.1;0;0;10;0;0;4990.0;4990.0;;0%
Case_Red_1984;45408136;136980007;RND844206799;Кожаный чехол для iPhone 17 Pro Max KZDOO Noble Collection, красный чехол из кожи для Айфон 17 Pro Max;'37.5;KZDOO;Продается;;0;'0.00;Показывается;;29.09.2025 11:52;Чехлы;Чехол для смартфона;'0.36;'0.1;0;0;10;0;0;4990.0;4990.0;;0%
Cable_White_6701;10310916;405379082;6426379696208;Кожаный чехол для iPhone 17 Pro Max KZDOO Noble Collection, синий чехол из кожи для Айфон 17 Pro Max;'45;KZDOO;Продается;;0;'0.00;Показывается;;29.09.2025 11:52;Чехлы;Чехол для смартфона;'0.36;'0.1;0;0;10;0;0;4990.0;4990.0;;0%
Adapter_Blue_9788;51644401;609519210;RND184874300;Кожаный чехол для iPhone 17 Pro Max KZDOO Noble Collection, оранжевый чехол из кожи для Айфон 17 Pro Max;'45;KZDOO;Продается;;0;'0.00;Показывается;;29.09.2025 11:52;Чехлы;Чехол для смартфона;'0.36;'0.1;0;0;8;0;0;4990.0;4990.0;;0%
Cable_Pink_2112;21401136;430987128;5799282635879;Кожаный чехол для iPhone 17 Pro Max KZDOO Noble Collection, розовый чехол из кожи для Айфон 17 Pro Max;'45;KZDOO;Продается;;0;'0.00;Показывается;;29.09.2025 11:52;Чехлы;Чехол для смартфона;'0.36;'0.1;0;0;10;0;0;4990.0;4990.0;;0%
Case_Pink_3412;69433743;633458195;8476276977649;Чехол для iPhone 13 Pro Max с держателем Keephone Heldro Sky, хамелеон для Айфон 13 Про Макс;'65;KEEPHONE;Продается;;0;'0.00;Показывается;;29.09.2025 14:49;Чехлы;Чехол для смартфона;'0.27;'0.1;0;0;10;0;0;6980.0;11990.0;;0%
Cover_Pink_6489;11182646;189961930;7777973057201;Чехол для iPhone 17 KZDOO Guardian, прозрачный противоударный чехол для Айфон 17;'45;KZDOO;Продается;;0;'0.00;Показывается;;17.11.2025 12:23;Чехлы;Чехол для смартфона;'0.36;'0.1;0;0;10;0;0;5300.0;11990.0;;0%
Glass_Green_2353;52327163;873207998;RND392242335;Чехол для iPhone 17 Air KZDOO Guardian, прозрачный противоударный чехол для Айфон 17 Аир;'40;KZDOO;Готов к продаже;;0;'0.00;Показывается;;17.11.2025 12:28;Чехлы;Чехол для смартфона;'0.36;'0.1;0;0;0;0;0;5300.0;11990.0;;0%
Battery_Pink_8462;15981477;572594603;RND859504200;Чехол для iPhone 17 Pro Max KZDOO Guardian, прозрачный противоударный чехол для Айфон 17 Про Макс;'45;KZDOO;Продается;;0;'0.00;Показывается;;17.11.2025 12:37;Чехлы;Чехол для смартфона;'0.36;'0.1;0;0;10;0;0;5300.0;11990.0;;0%
Accessory_Black_7670;62791787;641505187;RND374258371;Чехол для iPhone 17 Pro KZDOO Guardian, прозрачный противоударный чехол для Айфон 17 Про;'45;KZDOO;Продается;;0;'0.00;Показывается;;17.11.2025 12:39;Чехлы;Чехол для смартфона;'0.36;'0.1;0;0;10;0;0;5300.0;11990.0;;0%
Accessory_Green_7949;88302766;688362131;RND522320389;Чехол для iPhone 17 с MagSafe KZDOO Iseguard, прозрачный противоударный чехол для Айфон 17;'45;KZDOO;Продается;;0;'0.00;Показывается;;17.11.2025 12:44;Чехлы;Чехол для смартфона;'0.36;'0.1;0;0;10;0;0;5100.0;11990.0;;0%
Cable_Titanium_3793;45224561;265367522;RND563194054;Чехол для iPhone 17 Air с MagSafe KZDOO Iseguard, прозрачный противоударный чехол для Айфон 17 air;'40;KZDOO;Готов к продаже;;0;'0.00;Показывается;;17.11.2025 12:58;Чехлы;Чехол для смартфона;'0.36;'0.1;0;0;0;0;0;5100.0;11990.0;;0%
Adapter_Red_8529;87264375;759877499;3934014576090;Чехол для iPhone 17 Pro с MagSafe KZDOO Iseguard, прозрачный противоударный чехол для Айфон 17 Про;'45;KZDOO;Продается;;0;'0.00;Показывается;;17.11.2025 13:02;Чехлы;Чехол для смартфона;'0.36;'0.1;0;0;10;0;0;5100.0;11990.0;;0%
Battery_Clear_7608;32731871;683427906;5662700441629;Чехол для iPhone 17 Pro Max с MagSafe KZDOO Iseguard, прозрачный противоударный чехол для Айфон 17 Про Макс;'45;KZDOO;Продается;;0;'0.00;Показывается;;17.11.2025 13:04;Чехлы;Чехол для смартфона;'0.36;'0.1;0;0;10;0;0;5180.0;11990.0;;0%
Adapter_Titanium_7227;89683531;855960847;RND643954095;Кожаный чехол для iPhone 17 Pro Max с MagSafe KZDOO Mag Noble Collection, красный чехол для Айфон 17 Про Макс;'45;KZDOO;Продается;;0;'0.00;Показывается;;17.11.2025 13:28;Чехлы;Чехол для смартфона;'0.36;'0.1;0;0;10;0;0;6000.0;11000.0;;0%
Adapter_Pink_4970;28598731;451810934;RND191371944;Кожаный чехол для iPhone 17 Pro Max с MagSafe KZDOO Mag Noble Collection, зеленый чехол для Айфон 17 Про Макс;'45;KZDOO;Продается;;0;'0.00;Показывается;;17.11.2025 13:28;Чехлы;Чехол для смартфона;'0.36;'0.1;0;0;10;0;0;6000.0;11000.0;;0%
Protector_Pink_5398;73598001;221560536;RND571988992;Кожаный чехол для iPhone 17 Pro Max с MagSafe KZDOO Mag Noble Collection, оранжевый чехол для Айфон 17 Про Макс;'45;KZDOO;Готов к продаже;;0;'0.00;Показывается;;17.11.2025 13:28;Чехлы;Чехол для смартфона;'0.36;'0.1;0;0;0;0;0;6000.0;11000.0;;0%
Cable_Pink_1662;11687866;761378637;7086657824620;Кожаный чехол для iPhone 17 Pro Max с MagSafe KZDOO Mag Noble Collection, titanium gray чехол для Айфон 17 Про Макс;'45;KZDOO;Продается;;0;'0.00;Показывается;;17.11.2025 13:28;Чехлы;Чехол для смартфона;'0.36;'0.1;0;0;10;0;0;6000.0;11000.0;;0%
Battery_Pink_9556;21752134;365314283;1449121105754;Кожаный чехол для iPhone 17 Pro Max с MagSafe KZDOO Mag Noble Collection, белый чехол для Айфон 17 Про Макс;'45;KZDOO;Продается;;0;'0.00;Показывается;;17.11.2025 13:28;Чехлы;Чехол для смартфона;'0.36;'0.1;0;0;10;0;0;6000.0;11000.0;;0%
Adapter_Blue_8715;38882247;347340830;RND616216904;Кожаный чехол для iPhone 17 Pro Max с MagSafe KZDOO Mag Noble Collection, синий чехол для Айфон 17 Про Макс;'45;KZDOO;Продается;;0;'0.00;Показывается;;17.11.2025 13:28;Чехлы;Чехол для смартфона;'0.36;'0.1;0;0;10;0;0;6000.0;11000.0;;0%
Glass_Pink_4910;93300426;362574049;RND499525000;Кожаный чехол для iPhone 17 Pro Max с MagSafe KZDOO Mag Noble Collection, желтый чехол для Айфон 17 Про Макс;'45;KZDOO;Продается;;0;'0.00;Показывается;;17.11.2025 13:28;Чехлы;Чехол для смартфона;'0.36;'0.1;0;0;10;0;0;6000.0;11000.0;;0%
Adapter_Titanium_3193;63880372;168441325;RND784159710;Кожаный чехол для iPhone 17 Pro Max с MagSafe KZDOO Mag Noble Collection, розовый чехол для Айфон 17 Про Макс;'45;KZDOO;Продается;;0;'0.00;Показывается;;17.11.2025 13:28;Чехлы;Чехол для смартфона;'0.36;'0.1;0;0;10;0;0;6000.0;11000.0;;0%
Case_White_5442;59576114;582455184;4428446010746;Кожаный чехол для iPhone 17 Pro Max с MagSafe KZDOO Mag Noble Collection, черный чехол для Айфон 17 Про Макс;'45;KZDOO;Продается;;0;'0.00;Показывается;;17.11.2025 13:28;Чехлы;Чехол для смартфона;'0.36;'0.1;0;0;10;0;0;6000.0;11000.0;;0%
Accessory_Red_4382;36813335;880396932;8468443618863;Кожаный чехол для iPhone 17 Pro Max с MagSafe KZDOO Mag Noble Collection, коричневый чехол для Айфон 17 Про Макс;'45;KZDOO;Продается;;0;'0.00;Показывается;;17.11.2025 13:28;Чехлы;Чехол для смартфона;'0.36;'0.1;0;0;10;0;0;6000.0;11000.0;;0%
Glass_Blue_8132;14347754;118335774;RND872620134;Кожаный чехол для iPhone 17 Pro Max с MagSafe KZDOO Mag Noble Collection, фиолетовый чехол для Айфон 17 Про Макс;'45;KZDOO;Продается;;0;'0.00;Показывается;;17.11.2025 13:28;Чехлы;Чехол для смартфона;'0.36;'0.1;0;0;10;0;0;6000.0;11000.0;;0%
Cable_Clear_8821;39214498;852981379;2868656165992;Кожаный чехол для iPhone 17 Pro с MagSafe KZDOO Mag Noble Collection, черный чехол для Айфон 17 Про;'35;KZDOO;Продается;;0;'0.00;Показывается;;17.11.2025 13:40;Чехлы;Чехол для смартфона;'0.36;'0.1;0;0;10;0;0;5500.0;11000.0;;0%
Case_Purple_3447;30839428;184886027;3184106689379;Кожаный чехол для iPhone 17 Pro с MagSafe KZDOO Mag Noble Collection, оранжевый чехол для Айфон 17 Про;'35;KZDOO;Продается;;0;'0.00;Показывается;;17.11.2025 13:40;Чехлы;Чехол для смартфона;'0.36;'0.1;0;0;10;0;0;5500.0;11000.0;;0%
Adapter_Clear_7946;10345918;684862965;RND558429106;Кожаный чехол для iPhone 17 Pro с MagSafe KZDOO Mag Noble Collection, белый чехол для Айфон 17 Про;'35;KZDOO;Продается;;0;'0.00;Показывается;;17.11.2025 13:40;Чехлы;Чехол для смартфона;'0.36;'0.1;0;0;10;0;0;5500.0;11000.0;;0%
Case_Purple_3859;90667565;472660043;RND755528176;Кожаный чехол для iPhone 17 Pro с MagSafe KZDOO Mag Noble Collection, фиолетовый чехол для Айфон 17 Про;'35;KZDOO;Продается;;0;'0.00;Показывается;;17.11.2025 13:40;Чехлы;Чехол для смартфона;'0.36;'0.1;0;0;10;0;0;5500.0;11000.0;;0%
Adapter_Red_5201;92826279;410659364;RND393784786;Кожаный чехол для iPhone 17 Pro с MagSafe KZDOO Mag Noble Collection, зеленый чехол для Айфон 17 Про;'35;KZDOO;Продается;;0;'0.00;Показывается;;17.11.2025 13:41;Чехлы;Чехол для смартфона;'0.36;'0.1;0;0;10;0;0;5500.0;11000.0;;0%
Cable_Blue_4251;83898604;527363377;RND672421484;Кожаный чехол для iPhone 17 Pro с MagSafe KZDOO Mag Noble Collection, коричневый чехол для Айфон 17 Про;'35;KZDOO;Продается;;0;'0.00;Показывается;;17.11.2025 13:41;Чехлы;Чехол для смартфона;'0.36;'0.1;0;0;10;0;0;5500.0;11000.0;;0%
Protector_Titanium_7249;63476232;386876647;1699083863496;Кожаный чехол для iPhone 17 Pro с MagSafe KZDOO Mag Noble Collection, красный чехол для Айфон 17 Про;'35;KZDOO;Продается;;0;'0.00;Показывается;;17.11.2025 13:41;Чехлы;Чехол для смартфона;'0.36;'0.1;0;0;10;0;0;5500.0;11000.0;;0%
Accessory_Pink_1363;47799405;264033556;RND416565477;Кожаный чехол для iPhone 17 Pro с MagSafe KZDOO Mag Noble Collection, синий чехол для Айфон 17 Про;'35;KZDOO;Продается;;0;'0.00;Показывается;;17.11.2025 13:41;Чехлы;Чехол для смартфона;'0.36;'0.1;0;0;10;0;0;5500.0;11000.0;;0%
Cover_Pink_9863;38115547;672499527;RND221679004;Кожаный чехол для iPhone 17 Pro с MagSafe KZDOO Mag Noble Collection, желтый чехол для Айфон 17 Про;'35;KZDOO;Продается;;0;'0.00;Показывается;;17.11.2025 13:41;Чехлы;Чехол для смартфона;'0.36;'0.1;0;0;10;0;0;5500.0;11000.0;;0%
Case_Red_3618;99831693;838089060;6150017937952;Кожаный чехол для iPhone 17 Pro с MagSafe KZDOO Mag Noble Collection, розовый чехол для Айфон 17 Про;'35;KZDOO;Продается;;0;'0.00;Показывается;;17.11.2025 13:41;Чехлы;Чехол для смартфона;'0.36;'0.1;0;0;10;0;0;5500.0;11000.0;;0%
Adapter_Titanium_7436;31589926;430214772;6031223997133;Кожаный чехол для iPhone 17 Pro с MagSafe KZDOO Mag Noble Collection, titanium gray чехол для Айфон 17 Про;'35;KZDOO;Продается;;0;'0.00;Показывается;;17.11.2025 13:41;Чехлы;Чехол для смартфона;'0.36;'0.1;0;0;10;0;0;5500.0;11000.0;;0%
Case_Red_7764;51027784;288431491;RND233238855;Чехол для iPhone 17 KZDOO Keivlar, черный кевларовый чехол для Айфон 17;'40;KZDOO;Продается;;0;'0.00;Показывается;;18.11.2025 11:25;Чехлы;Чехол для смартфона;'0.36;'0.1;0;0;10;0;0;9990.0;14990.0;;0%
Cover_Titanium_2137;18830920;636850034;6941821750728;Чехол для iPhone 17 Pro KZDOO KEIVLAR, черный кевларовый чехол для Айфон 17 Про;'45;KZDOO;Продается;;0;'0.00;Показывается;;18.11.2025 11:29;Чехлы;Чехол для смартфона;'0.36;'0.1;0;0;10;0;0;9990.0;14990.0;;0%
Cover_Green_2719;73568787;118361976;RND165725778;Чехол для iPhone 17 Pro Max KZDOO KEIVLAR, черный кевларовый чехол для Айфон 17 Про Макс;'45;KZDOO;Продается;;0;'0.00;Показывается;;18.11.2025 11:33;Чехлы;Чехол для смартфона;'0.36;'0.1;0;0;10;0;0;9990.0;14990.0;;0%
