Артикул;Ozon Product ID;SKU;Barcode;Контент-рейтинг;Бренд;Метки;Отзывы;Рейтинг;Категория;Тип;Объем товара, л;Объемный вес, кг;Доступно к продаже по схеме FBO, шт.;Зарезервировано, шт;Доступно к продаже по схеме FBS, шт.;Доступно к продаже по схеме realFBS, шт.;Зарезервировано на моих складах, шт;Текущая цена с учетом скидки, ₽;Цена до скидки (перечеркнутая цена), ₽;Цена Premium, ₽;Размер НДС, %
AAA_Purple_8362;47545727;752316448;6,54187E+12;'52.5;K-DOO;;151;'4.70;Чехлы;Чехол для смартфона;'0.40;'0.1;11;0;0;0;0;1800.0;11990.0;;0%
AAA_Black_2871;19963943;535321599;2,92409E+12;'45;Нет бренда;;653;'4.60;Кабели и переходники;Кабель-переходник;'0.45;'0.1;262;1;18;0;0;1400.0;7900.0;;0%
FFF_Clear_7965;63341383;505346245;7,09884E+12;'25;Нет бренда;;0;'0.00;Кабели и переходники;Кабель-переходник;'0.32;'0.1;0;0;0;0;0;690.0;0.0;;0%
EEE_Black_2674;48025495;461491532;RND234470604;'60;Panasonic;;441;'0.00;Батарейки и аккумуляторы;Батарейка;'0.22;'0.1;0;0;0;0;0;150.0;500.0;;0%
HHH_Red_6449;69728328;639690535;2,77877E+12;'60;Panasonic;;229;'4.80;Батарейки и аккумуляторы;Батарейка;'0.22;'0.1;0;0;0;0;0;1800.0;4900.0;;0%
AAA_Purple_2792;69845855;595229872;RND490964612;'70;Robiton;;47;'4.80;Батарейки и аккумуляторы;Аккумуляторная батарейка;'0.10;'0.1;38;0;105;0;0;5800.0;11990.0;;0%
CCC_Blue_4419;12157882;261713391;RND510831292;'100;K-DOO;;285;'4.90;Чехлы;Чехол для смартфона;'0.40;'0.1;1;0;8;0;2;1600.0;7900.0;;0%
HHH_Titanium_2358;72536399;537033504;3,52767E+12;'100;K-DOO;;285;'4.80;Чехлы;Чехол для смартфона;'0.36;'0.1;1;0;5;0;0;1600.0;11990.0;;0%
DDD_Titanium_6779;69990915;823690442;5,32057E+12;'100;K-DOO;;92;'4.90;Чехлы;Чехол для смартфона;'0.36;'0.1;2;0;8;0;0;1600.0;7900.0;;0%
FFF_Titanium_6126;40542742;404467924;8,47304E+12;'100;K-DOO;;80;'4.80;Чехлы;Чехол для смартфона;'0.36;'0.1;1;0;10;0;0;5200.0;7900.0;;0%
AAA_Purple_4611;49227251;877787690;RND575015371;'92.5;K-DOO;;241;'4.70;Чехлы;Чехол для смартфона;'0.36;'0.1;1;0;10;0;0;1600.0;11990.0;;0%
DDD_White_8173;57336840;476102931;8,52249E+12;'82.5;K-DOO;;102;'4.70;Чехлы;Чехол для смартфона;'0.36;'0.1;5;0;0;0;0;1800.0;11990.0;;0%
CCC_Blue_5856;71037188;864512698;RND476552901;'100;K-DOO;;233;'4.80;Чехлы;Чехол для смартфона;'1.22;'0.2;16;0;10;0;0;1800.0;11990.0;;0%
FFF_Red_7430;52180216;447280495;RND690042397;'100;K-DOO;;207;'4.80;Чехлы;Чехол для смартфона;'0.36;'0.1;41;0;10;0;0;1800.0;11990.0;;0%
BBB_Pink_5852;26492031;481448375;RND916747556;'75;K-DOO;;194;'4.70;Чехлы;Чехол для смартфона;'0.36;'0.1;6;0;8;0;0;1800.0;11990.0;;0%
CCC_Clear_1118;36919791;147777715;9,56869E+12;'100;K-DOO;;242;'4.70;Чехлы;Чехол для смартфона;'0.36;'0.1;0;0;0;0;0;1800.0;11990.0;;0%
EEE_Clear_6744;26802010;568699741;4,29292E+12;'77.5;K-DOO;;40;'4.80;Чехлы;Чехол для смартфона;'0.36;'0.1;1;0;6;0;0;4200.0;11990.0;;0%
BBB_White_7075;22172016;365489455;8,33468E+12;'77.5;K-DOO;;41;'4.90;Чехлы;Чехол для смартфона;'0.27;'0.1;5;0;0;0;0;6200.0;11990.0;;0%
GGG_Blue_2602;74517804;175018521;1,42272E+12;'72.5;Panasonic;;1149;'0.00;Батарейки и аккумуляторы;Батарейка;'0.03;'0.1;0;0;0;0;0;250.0;900.0;;0%
EEE_Red_5832;98575820;432329150;RND840246149;'77.5;K-DOO;;55;'4.80;Чехлы;Чехол для смартфона;'0.36;'0.1;5;0;8;0;0;1800.0;11990.0;;0%
EEE_Black_4856;23021957;510078925;1,32938E+12;'82.5;REMAX;;177;'4.70;Защитные пленки и стекла;Защитное стекло;'0.17;'0.1;0;0;96;0;0;1000.0;4900.0;;0%
FFF_Purple_4867;85505511;464433831;RND213935135;'82.5;REMAX;;254;'0.00;Защитные пленки и стекла;Защитное стекло;'0.17;'0.1;6;0;12;0;0;2000.0;4900.0;;0%
BBB_White_2474;39497042;598777595;5,06684E+12;'82.5;REMAX;;79;'4.80;Защитные пленки и стекла;Защитное стекло;'0.17;'0.1;0;0;8;0;0;2000.0;4900.0;;0%
FFF_White_2440;62559018;117126451;7,83801E+12;'82.5;REMAX;;213;'5.00;Защитные пленки и стекла;Защитное стекло;'0.32;'0.1;3;0;10;0;0;2000.0;4900.0;;0%
HHH_Green_1705;54251905;676328109;6,3505E+12;'75;REMAX;;103;'5.00;Защитные пленки и стекла;Защитное стекло;'0.17;'0.1;0;0;9;0;0;2000.0;4900.0;;0%
HHH_Red_5000;39920707;998767542;2,69692E+12;'75;REMAX;;410;'5.00;Защитные пленки и стекла;Защитное стекло;'0.17;'0.1;0;0;8;0;0;1000.0;4900.0;;0%
CCC_Green_2534;33739806;231992775;RND666844027;'75;REMAX;;200;'0.00;Защитные пленки и стекла;Защитное стекло;'0.17;'0.1;2;0;0;0;0;1000.0;4900.0;;0%
HHH_Clear_2719;28964554;847034445;8,37538E+12;'77.5;K-DOO;;75;'4.70;Чехлы;Чехол для смартфона;'0.36;'0.1;13;0;5;0;0;2700.0;11990.0;;0%
HHH_Purple_5299;59775520;379106493;5,72881E+12;'82.5;REMAX;;309;'5.00;Защитные пленки и стекла;Защитное стекло;'0.17;'0.1;0;0;0;0;0;490.0;1490.0;;0%
GGG_White_3697;65037279;533190261;RND174633253;'77.5;K-DOO;;105;'4.70;Чехлы;Чехол для смартфона;'0.36;'0.1;6;0;8;0;0;2700.0;11990.0;;0%
HHH_White_4492;28559790;239956997;RND107949355;'77.5;K-DOO;;99;'4.80;Чехлы;Чехол для смартфона;'0.36;'0.1;0;0;0;0;0;2700.0;11990.0;;0%
BBB_Clear_1709;63266145;763231267;RND505517347;'77.5;KEEPHONE;;82;'4.90;Чехлы;Чехол для смартфона;'0.36;'0.1;0;0;0;0;0;1950.0;2990.0;;0%
AAA_Titanium_8848;27500707;417039652;RND240946476;'77.5;KEEPHONE;;21;'5.00;Чехлы;Чехол для смартфона;'0.36;'0.1;0;0;0;0;0;1890.0;2990.0;;0%
HHH_Blue_9425;80774380;314196670;RND636115348;'70;KEEPHONE;;52;'0.00;Чехлы;Чехол для смартфона;'0.27;'0.1;0;0;0;0;0;2490.0;2990.0;;0%
AAA_Purple_1838;58507722;621572890;RND267950404;'77.5;K-DOO;;26;'4.90;Чехлы;Чехол для смартфона;'0.36;'0.1;6;0;10;0;0;5500.0;11990.0;;0%
HHH_Black_4468;46780122;465851908;2,87882E+12;'52.5;K-DOO;;26;'4.90;Чехлы;Чехол для смартфона;'0.36;'0.1;3;0;5;0;0;5500.0;11990.0;;0%
AAA_Blue_8334;47477350;408247431;1,28933E+12;'52.5;K-DOO;;41;'4.90;Чехлы;Чехол для смартфона;'0.36;'0.1;12;0;4;0;0;5500.0;11990.0;;0%
DDD_White_1350;89421563;758431290;RND174739458;'57.5;REMAX;;32;'5.00;Защитные пленки и стекла;Защитное стекло;'0.34;'0.1;0;0;0;0;0;660.0;1490.0;;0%
HHH_Clear_5825;68159326;535009606;RND110897129;'82.5;REMAX;;43;'5.00;Защитные пленки и стекла;Защитное стекло;'0.17;'0.1;6;0;10;0;0;1240.0;4900.0;;0%
GGG_Green_8385;55068920;374953890;RND700454536;'82.5;REMAX;;46;'5.00;Защитные пленки и стекла;Защитное стекло;'0.17;'0.1;0;0;97;0;0;1260.0;4900.0;;0%
DDD_Titanium_6156;97679450;855928678;1,43329E+12;'82.5;REMAX;;22;'5.00;Защитные пленки и стекла;Защитное стекло;'0.17;'0.1;0;0;105;0;0;1340.0;4900.0;;0%
CCC_Blue_2528;54375561;903330872;8,64158E+12;'100;KZDOO;;138;'4.60;Чехлы;Чехол для смартфона;'0.36;'0.1;7;0;5;0;0;2700.0;11990.0;;0%
BBB_Purple_1296;93054617;696535561;RND353822878;'77.5;KZDOO;;27;'4.60;Чехлы;Чехол для смартфона;'0.36;'0.1;4;0;0;0;0;2700.0;11990.0;;0%
FFF_Green_4430;56099077;828561013;RND656872408;'75;REMAX;;10;'0.00;Защитные пленки и стекла;Защитное стекло;'0.23;'0.2;0;0;98;0;0;1040.0;4900.0;;0%
FFF_Black_7713;64666106;246969813;8,0246E+12;'75;KZDOO;;126;'4.90;Чехлы;Чехол для смартфона;'0.41;'0.1;8;0;10;0;0;2580.0;11990.0;;0%
FFF_Purple_7037;74682626;350663066;RND933644032;'77.5;KZDOO;;25;'4.90;Чехлы;Чехол для смартфона;'0.36;'0.1;23;0;0;0;0;2780.0;11990.0;;0%
CCC_Clear_1274;71333535;478991715;RND449509979;'70;REMAX;;90;'4.90;Защитные пленки и стекла;Защитное стекло;'0.17;'0.1;0;0;52;0;0;1460.0;4900.0;;0%
GGG_White_7632;22934764;906131568;RND895540583;'70;REMAX;;234;'4.90;Защитные пленки и стекла;Защитное стекло;'0.17;'0.1;0;0;44;0;1;1420.0;4900.0;;0%
BBB_Green_6613;45162734;162263054;3,04165E+12;'77.5;K-DOO;;30;'4.80;Чехлы;Чехол для смартфона;'0.36;'0.1;6;0;5;0;0;5500.0;11990.0;;0%
AAA_Pink_6431;75534180;456848482;RND674827559;'77.5;K-DOO;;28;'4.80;Чехлы;Чехол для смартфона;'0.36;'0.1;2;0;4;0;0;5500.0;11990.0;;0%
BBB_Blue_9580;84822158;434244204;RND363379352;'77.5;K-DOO;;26;'4.80;Чехлы;Чехол для смартфона;'0.36;'0.1;8;0;0;0;0;5500.0;11990.0;;0%
EEE_Blue_1437;80760345;276275521;5,4511E+12;'52.5;KZDOO;;21;'5.00;Чехлы;Чехол для смартфона;'0.36;'0.1;1;0;10;0;0;4300.0;11990.0;;0%
GGG_Green_9626;58484682;433418131;8,59678E+12;'77.5;KZDOO;;32;'4.90;Чехлы;Чехол для смартфона;'0.36;'0.1;6;0;10;0;0;4380.0;11990.0;;0%
AAA_Green_2528;87448383;290120045;RND258252620;'52.5;KZDOO;;43;'5.00;Чехлы;Чехол для смартфона;'1.40;'0.3;4;0;10;0;0;4300.0;11990.0;;0%
HHH_Purple_1747;26878119;545200292;RND604609005;'77.5;KZDOO;;51;'4.90;Чехлы;Чехол для смартфона;'0.36;'0.1;6;0;4;0;0;4180.0;11990.0;;0%
EEE_Clear_8006;70533928;593395329;RND173507264;'45;KZDOO;;67;'4.90;Чехлы;Чехол для смартфона;'0.36;'0.1;23;0;0;0;0;5866.0;11990.0;;0%
EEE_Blue_5122;15183442;783293224;3,25225E+12;'77.5;KZDOO;;39;'4.80;Чехлы;Чехол для смартфона;'0.36;'0.1;0;0;0;0;0;5580.0;11990.0;;0%
HHH_Purple_2910;61392847;266606140;1,03151E+12;'77.5;KZDOO;;15;'4.80;Чехлы;Чехол для смартфона;'0.36;'0.1;6;0;10;0;0;5580.0;11990.0;;0%
GGG_Clear_6751;19991230;288702247;1,78876E+12;'52.5;KZDOO;;11;'4.90;Чехлы;Чехол для смартфона;'0.36;'0.1;11;0;10;0;0;5380.0;11990.0;;0%
CCC_Red_1845;11615968;935781729;1,68136E+12;'70;REMAX;;146;'5.00;Защитные пленки и стекла;Защитное стекло;'0.17;'0.1;0;0;60;0;0;1460.0;4900.0;;0%
DDD_Black_1564;52326977;351443814;4,88577E+12;'70;REMAX;;206;'4.90;Защитные пленки и стекла;Защитное стекло;'0.17;'0.1;0;0;26;0;0;1380.0;4900.0;;0%
HHH_Blue_6949;84981649;306351935;2,92059E+12;'77.5;KZDOO;;65;'4.90;Чехлы;Чехол для смартфона;'1.57;'0.3;27;0;1;0;0;2700.0;11990.0;;0%
DDD_Purple_3955;58035424;794674361;7,76679E+12;'77.5;KZDOO;;11;'4.90;Чехлы;Чехол для смартфона;'0.36;'0.1;3;0;5;0;0;2700.0;11990.0;;0%
BBB_Pink_8195;51902637;863222650;6,08531E+12;'77.5;KZDOO;;61;'4.90;Чехлы;Чехол для смартфона;'0.36;'0.1;13;0;9;0;0;2700.0;11990.0;;0%
BBB_Green_5708;79587722;231371989;6,94123E+12;'77.5;KZDOO;;93;'4.90;Чехлы;Чехол для смартфона;'0.36;'0.1;14;0;8;0;0;2700.0;11990.0;;0%
GGG_Clear_8647;40818029;239655086;7,52471E+12;'90;KZDOO;;90;'4.90;Чехлы;Чехол для смартфона;'0.36;'0.1;6;0;7;0;0;2780.0;11990.0;;0%
EEE_Green_5799;81628656;245071986;4,40889E+12;'77.5;KZDOO;;19;'4.90;Чехлы;Чехол для смартфона;'0.36;'0.1;1;0;10;0;0;2700.0;11990.0;;0%
BBB_Clear_4035;65655500;479093614;4,4803E+12;'70;Нет бренда;;30;'4.70;Чехлы;Чехол для смартфона;'0.30;'0.1;10;0;0;0;0;652.0;2900.0;;0%
CCC_Titanium_5503;29143377;121477653;RND910012841;'80;Нет бренда;;12;'5.00;Чехлы;Чехол для смартфона;'0.30;'0.1;0;0;0;0;0;380.0;1690.0;;0%
FFF_Red_1714;68959920;705527411;7,14785E+12;'77.5;K-DOO;;109;'4.80;Чехлы;Чехол для смартфона;'0.36;'0.1;18;0;10;0;0;2380.0;7900.0;;0%
EEE_Green_1121;96431285;736903916;2,6945E+12;'82.5;K-DOO;;106;'4.40;Чехлы;Чехол для смартфона;'0.36;'0.1;0;0;0;0;0;1290.0;2990.0;;0%
HHH_Clear_8504;73779124;928755177;6,55304E+12;'77.5;KZDOO;;28;'4.90;Чехлы;Чехол для смартфона;'0.36;'0.1;14;0;5;0;0;5580.0;11990.0;;0%
GGG_Black_8879;64821792;772287279;RND723542120;'52.5;KZDOO;;30;'4.90;Чехлы;Чехол для смартфона;'0.36;'0.1;11;0;10;0;0;5580.0;11990.0;;0%
HHH_Purple_2646;79971043;953580810;4,18044E+12;'77.5;KZDOO;;5;'4.90;Чехлы;Чехол для смартфона;'0.36;'0.1;1;0;0;0;0;5580.0;11990.0;;0%
HHH_Green_6711;42236708;634341601;9,86087E+12;'52.5;KZDOO;;17;'4.90;Чехлы;Чехол для смартфона;'0.36;'0.1;13;0;10;0;0;5580.0;11990.0;;0%
BBB_Red_2622;97009468;841569558;1,7609E+12;'77.5;KZDOO;;43;'4.90;Чехлы;Чехол для смартфона;'0.36;'0.1;23;1;10;0;0;5580.0;11990.0;;0%
DDD_Red_8137;44330448;733280348;3,386E+12;'52.5;KZDOO;;18;'4.90;Чехлы;Чехол для смартфона;'0.36;'0.1;11;0;10;0;0;5380.0;11990.0;;0%
BBB_Purple_1482;47631395;260508386;4,88163E+12;'77.5;KZDOO;;5;'4.90;Чехлы;Чехол для смартфона;'0.36;'0.1;11;0;10;0;0;5580.0;11990.0;;0%
GGG_Pink_3547;81961443;823842382;RND675336791;'52.5;KZDOO;;19;'4.90;Чехлы;Чехол для смартфона;'0.36;'0.1;8;0;10;0;0;5580.0;11990.0;;0%
GGG_Purple_1161;51498093;297915473;RND568877874;'52.5;KZDOO;;29;'4.80;Чехлы;Чехол для смартфона;'0.36;'0.1;15;0;9;0;0;5580.0;11990.0;;0%
EEE_Clear_2689;12665141;601102441;RND698113854;'77.5;KZDOO;;40;'4.80;Чехлы;Чехол для смартфона;'0.36;'0.1;11;0;9;0;0;5580.0;11990.0;;0%
CCC_Green_3664;55667150;731911809;RND795817219;'77.5;KZDOO;;8;'4.80;Чехлы;Чехол для смартфона;'0.36;'0.1;6;0;0;0;0;5580.0;11990.0;;0%
FFF_Pink_8619;24165881;974092067;8,19518E+12;'77.5;KZDOO;;16;'4.80;Чехлы;Чехол для смартфона;'0.36;'0.1;5;0;10;0;0;5580.0;11990.0;;0%
CCC_Pink_6473;67418195;518107938;3,86649E+12;'77.5;KZDOO;;66;'4.80;Чехлы;Чехол для смартфона;'0.36;'0.1;9;0;10;0;0;5380.0;11990.0;;0%
GGG_Blue_2162;98269250;885685993;RND490052567;'77.5;KZDOO;;22;'4.80;Чехлы;Чехол для смартфона;'0.36;'0.1;7;0;10;0;0;5580.0;11990.0;;0%
EEE_Red_9020;17625450;699079153;5,11053E+12;'77.5;KZDOO;;10;'4.80;Чехлы;Чехол для смартфона;'0.36;'0.1;5;1;0;0;0;5580.0;11990.0;;0%
CCC_Titanium_9741;10769708;707223885;6,50963E+12;'52.5;KZDOO;;17;'4.80;Чехлы;Чехол для смартфона;'0.36;'0.1;6;0;10;0;0;5580.0;11990.0;;0%
BBB_Black_9217;80700206;261754403;2,79624E+12;'70;KZDOO;;9;'4.90;Чехлы;Чехол для смартфона;'0.41;'0.1;1;0;0;0;0;2780.0;11990.0;;0%
DDD_Purple_7099;48820146;650250523;RND860715392;'52.5;KZDOO;;39;'4.90;Чехлы;Чехол для смартфона;'0.41;'0.1;18;0;7;0;0;2580.0;11990.0;;0%
GGG_Titanium_5888;58794039;844383777;6,87695E+12;'70;KZDOO;;10;'4.60;Чехлы;Чехол для смартфона;'0.36;'0.1;9;0;0;0;0;3300.0;11990.0;;0%
CCC_White_6545;52441227;101420746;RND999756476;'77.5;KZDOO;;71;'4.60;Чехлы;Чехол для смартфона;'0.36;'0.1;12;1;0;0;0;2580.0;11990.0;;0%
CCC_Titanium_4802;38137830;832809103;RND330444403;'77.5;KZDOO;;2;'5.00;Чехлы;Чехол для смартфона;'0.36;'0.1;24;0;0;0;0;5380.0;11990.0;;0%
AAA_Black_2294;60414566;314570148;RND261625607;'77.5;KZDOO;;20;'5.00;Чехлы;Чехол для смартфона;'0.36;'0.1;0;0;0;0;0;2650.0;3790.0;;0%
AAA_Clear_3473;84044517;980884492;RND725381382;'52.5;KZDOO;;15;'5.00;Чехлы;Чехол для смартфона;'0.36;'0.1;0;0;0;0;0;2590.0;3790.0;;0%
CCC_Green_3802;31684574;195433529;3,00044E+12;'77.5;KZDOO;;7;'5.00;Чехлы;Чехол для смартфона;'0.36;'0.1;0;0;0;0;0;2590.0;3790.0;;0%
GGG_Blue_2701;38119865;560250369;6,75159E+12;'77.5;KZDOO;;6;'4.90;Чехлы;Чехол для смартфона;'0.36;'0.1;6;0;5;0;0;5380.0;11990.0;;0%
GGG_Black_5739;52946669;136750463;9,17449E+12;'77.5;KZDOO;;30;'4.90;Чехлы;Чехол для смартфона;'0.36;'0.1;0;0;0;0;0;2650.0;3790.0;;0%
HHH_Black_7583;91781807;978565556;RND211971524;'77.5;KZDOO;;22;'4.90;Чехлы;Чехол для смартфона;'2.10;'0.4;12;1;10;0;0;5300.0;11990.0;;0%
BBB_Blue_8761;83447966;796617513;4,05536E+12;'77.5;KZDOO;;9;'4.90;Чехлы;Чехол для смартфона;'0.36;'0.1;1;0;5;0;0;5180.0;11990.0;;0%
DDD_Purple_2787;72055283;531173313;3,13693E+12;'52.5;KZDOO;;4;'5.00;Чехлы;Чехол для смартфона;'0.36;'0.1;0;0;0;0;0;10980.0;11990.0;;0%
DDD_Blue_9265;55928831;360796244;1,5979E+12;'77.5;Нет бренда;;38;'4.70;Чехлы;;'0.36;'0.1;1;0;5;0;0;9700.0;11990.0;;0%
EEE_Black_2185;77758278;365178629;5,47658E+12;'77.5;Нет бренда;;20;'4.70;Чехлы;;'0.36;'0.1;1;0;0;0;0;9100.0;11990.0;;0%
HHH_Titanium_2410;25673692;684628945;RND783300391;'52.5;KZDOO;;0;'4.70;Чехлы;Чехол для смартфона;'0.36;'0.1;0;0;10;0;0;8500.0;11990.0;;0%
HHH_Purple_3039;38070392;704564391;1,07857E+12;'77.5;KZDOO;;4;'4.80;Чехлы;Чехол для смартфона;'0.36;'0.1;2;0;0;0;0;9980.0;11990.0;;0%
BBB_Purple_8946;39493765;782414542;RND807567266;'77.5;;;2;'4.70;Чехлы;;'0.36;'0.1;7;0;0;0;0;9100.0;11990.0;;0%
HHH_Pink_2327;60736622;700879243;RND267844404;'77.5;KZDOO;;3;'4.80;Чехлы;Чехол для смартфона;'0.36;'0.1;5;0;5;0;0;9380.0;11990.0;;0%
GGG_Pink_4564;60822434;466619508;RND649391562;'77.5;KZDOO;;67;'4.80;Чехлы;Чехол для смартфона;'1.30;'0.3;19;0;0;0;0;9100.0;11990.0;;0%
HHH_White_3648;42232730;487237149;5,69457E+12;'77.5;KZDOO;;66;'4.80;Чехлы;Чехол для смартфона;'0.36;'0.1;10;0;3;0;0;10780.0;11990.0;;0%
AAA_Green_7796;91504638;193596925;2,2966E+12;'77.5;;;4;'4.80;Чехлы;;'0.36;'0.1;9;0;10;0;0;9180.0;11990.0;;0%
BBB_White_7991;57204841;704756710;RND653346849;'77.5;KZDOO;;15;'4.80;Чехлы;Чехол для смартфона;'0.36;'0.1;3;0;10;0;0;9180.0;11990.0;;0%
CCC_Titanium_7564;88610207;446208489;RND371462023;'70;;;7;'4.80;Чехлы;;'0.36;'0.1;1;0;9;0;0;10200.0;11990.0;;0%
HHH_Clear_7819;42375033;884925263;9,89402E+12;'77.5;;;7;'4.80;Чехлы;;'0.36;'0.1;0;0;0;0;0;9100.0;11990.0;;0%
AAA_White_3643;42123172;396277986;7,62554E+12;'72.5;KEEPHONE;;20;'5.00;Чехлы;Чехол для смартфона;'0.40;'0.1;0;0;0;0;0;2050.0;2990.0;;0%
FFF_Green_9000;57412404;195926690;RND827303074;'77.5;KEEPHONE;;24;'3.20;Чехлы;Чехол для смартфона;'0.40;'0.1;1;0;0;0;0;4700.0;11990.0;;0%
DDD_White_3845;32156174;750203771;7,40827E+12;'72.5;KEEPHONE;;11;'5.00;Чехлы;Чехол для смартфона;'0.40;'0.1;0;0;0;0;0;1950.0;2990.0;;0%
DDD_Blue_1270;45844803;391367792;4,85358E+12;'77.5;KEEPHONE;;23;'2.00;Чехлы;Чехол для смартфона;'0.40;'0.1;2;0;0;0;0;4906.0;11990.0;;0%
EEE_Clear_8415;25995510;403758517;RND479196821;'77.5;KEEPHONE;;63;'4.20;Чехлы;Чехол для смартфона;'0.41;'0.1;2;1;0;0;0;4600.0;11990.0;;0%
AAA_Pink_2294;38174132;389965150;6,89296E+12;'77.5;KEEPHONE;;13;'5.00;Чехлы;Чехол для смартфона;'0.41;'0.1;0;0;0;0;0;2290.0;3990.0;;0%
CCC_White_6356;43094185;483618914;RND956054037;'52.5;KZDOO;;60;'5.00;Чехлы;Чехол для смартфона;'0.65;'0.1;6;0;10;0;1;4700.0;11990.0;;0%
EEE_Blue_8965;16337630;909021069;RND476152224;'52.5;KZDOO;;75;'4.90;Чехлы;Чехол для смартфона;'0.36;'0.1;10;0;5;0;0;4100.0;11990.0;;0%
GGG_Blue_9642;35501394;846151799;6,58336E+12;'70;KEEPHONE;;63;'4.80;Чехлы;Чехол для смартфона;'0.28;'0.1;0;0;0;0;0;2890.0;11990.0;;0%
AAA_Titanium_1777;37293235;577155238;RND845449862;'77.5;KEEPHONE;;76;'5.00;Чехлы;Чехол для смартфона;'0.38;'0.1;0;0;0;0;0;3090.0;4000.0;;0%
DDD_Pink_7994;33746541;699872900;RND527698211;'77.5;KEEPHONE;;19;'5.00;Чехлы;Чехол для смартфона;'0.38;'0.1;0;0;0;0;0;2750.0;3990.0;;0%
HHH_Blue_9302;54981333;827886746;5,03514E+12;'77.5;KZDOO;;9;'5.00;Чехлы;Чехол для смартфона;'0.36;'0.1;1;0;0;0;0;2890.0;3990.0;;0%
FFF_Black_2376;84839270;801176706;RND164146660;'77.5;KZDOO;;17;'5.00;Чехлы;Чехол для смартфона;'0.36;'0.1;0;0;0;0;0;2890.0;3990.0;;0%
GGG_White_4695;53977919;928886555;2,72935E+12;'77.5;KZDOO;;15;'4.30;Чехлы;Чехол для смартфона;'0.36;'0.1;1;0;0;0;0;5580.0;11990.0;;0%
AAA_Green_9617;55041656;192864956;RND202651254;'77.5;KZDOO;;32;'4.30;Чехлы;Чехол для смартфона;'0.36;'0.1;0;0;0;0;0;2790.0;3490.0;;0%
DDD_Blue_6662;43896197;215772524;RND356192252;'65;K-DOO;;37;'4.90;Чехлы;Чехол для наушников;'0.27;'0.1;4;0;0;0;0;4980.0;11990.0;;0%
CCC_Pink_9065;38702896;165214769;7,71538E+12;'65;K-DOO;;10;'4.90;Чехлы;Чехол для наушников;'0.27;'0.1;11;0;0;0;0;4980.0;11990.0;;0%
CCC_Pink_2372;42294120;299765028;8,64978E+12;'72.5;K-DOO;;7;'4.90;Чехлы;Чехол для наушников;'0.27;'0.1;2;0;0;0;0;4980.0;11990.0;;0%
DDD_Titanium_7441;97578232;930336386;9,44173E+12;'65;K-DOO;;11;'4.90;Чехлы;Чехол для наушников;'0.27;'0.1;1;0;0;0;0;4980.0;11990.0;;0%
AAA_Titanium_8916;54064492;973578537;9,9391E+12;'65;K-DOO;;24;'4.90;Чехлы;Чехол для наушников;'0.27;'0.1;9;0;0;0;0;4980.0;11990.0;;0%
DDD_Blue_9263;87233179;953560975;RND516299171;'45;K-DOO;;5;'4.80;Чехлы;Чехол для смартфона;'0.36;'0.1;17;0;10;0;0;5500.0;11990.0;;0%
AAA_Pink_6723;98709059;736700579;RND191119321;'57.5;KZDOO;;37;'5.00;Чехлы;Чехол для смартфона;'0.36;'0.1;12;0;10;0;0;2500.0;11990.0;;0%
EEE_Clear_3113;68974260;241681159;8,56511E+12;'45;KZDOO;;14;'5.00;Чехлы;Чехол для смартфона;'0.36;'0.1;0;0;48;0;0;2500.0;11990.0;;0%
FFF_Black_8116;56919702;606749914;2,29601E+12;'72.5;Renata;;23;'4.90;Батарейки и аккумуляторы;Батарейка;'0.19;'0.1;0;0;85;0;0;720.0;2900.0;;0%
CCC_Clear_8930;91763078;907851133;1,12399E+12;'72.5;Renata;;31;'4.90;Батарейки и аккумуляторы;Батарейка;'0.04;'0.1;0;0;25;0;1;1080.0;4900.0;;0%
HHH_White_1327;72387757;419535170;8,7809E+12;'72.5;Varta;;35;'4.80;Батарейки и аккумуляторы;Батарейка;'0.04;'0.1;0;0;61;0;1;700.0;2900.0;;0%
BBB_Pink_3586;85419196;787495645;RND970577692;'72.5;Varta;;34;'4.80;Батарейки и аккумуляторы;Батарейка;'0.04;'0.1;0;0;53;0;0;640.0;900.0;;0%
AAA_Clear_9962;35056511;497319292;RND100457054;'65;Varta;;9;'4.80;Батарейки и аккумуляторы;Батарейка;'0.04;'0.1;0;0;98;0;0;1200.0;4900.0;;0%
FFF_Clear_6850;42668897;619130187;RND802532772;'77.5;KZDOO;;31;'4.90;Чехлы;Чехол для смартфона;'0.36;'0.1;2;0;15;0;0;7380.0;11990.0;;0%
DDD_Blue_4861;77148972;248177146;RND767480483;'77.5;KZDOO;;8;'4.90;Чехлы;Чехол для смартфона;'0.36;'0.1;5;0;14;0;0;7380.0;11990.0;;0%
EEE_Red_9650;88223836;750742797;4,19974E+12;'77.5;KZDOO;;32;'4.90;Чехлы;Чехол для смартфона;'0.36;'0.1;6;0;10;0;0;7500.0;11990.0;;0%
AAA_Green_5033;99198177;413883953;1,69681E+12;'77.5;KZDOO;;3;'5.00;Чехлы;Чехол для смартфона;'0.36;'0.1;2;0;0;0;0;7300.0;11990.0;;0%
DDD_Blue_3042;25688149;398809858;RND486743567;'77.5;KZDOO;;23;'5.00;Чехлы;Чехол для смартфона;'0.36;'0.1;0;0;0;0;0;7300.0;11990.0;;0%
HHH_Clear_2518;32484702;804060197;6,06589E+12;'77.5;KZDOO;;21;'5.00;Чехлы;Чехол для смартфона;'0.36;'0.1;6;0;10;0;0;7300.0;11990.0;;0%
BBB_Red_9074;96700442;742581335;RND556293127;'77.5;KZDOO;;9;'4.90;Чехлы;Чехол для смартфона;'0.36;'0.1;7;0;0;0;0;7380.0;11990.0;;0%
AAA_Green_5116;75174314;331176312;4,44368E+12;'77.5;KZDOO;;7;'4.90;Чехлы;Чехол для смартфона;'0.36;'0.1;1;0;3;0;0;7380.0;11990.0;;0%
FFF_Clear_9181;14299738;700273296;6,42958E+12;'77.5;KZDOO;;11;'4.90;Чехлы;Чехол для смартфона;'0.36;'0.1;5;0;5;0;0;7380.0;11990.0;;0%
FFF_Titanium_8411;58239097;857019870;3,61382E+12;'77.5;KZDOO;;21;'4.90;Чехлы;Чехол для смартфона;'0.36;'0.1;7;0;15;0;0;7380.0;11990.0;;0%
BBB_Black_8066;46140671;252552603;9,68007E+12;'77.5;KZDOO;;9;'5.00;Чехлы;Чехол для смартфона;'0.36;'0.1;12;0;10;0;0;7300.0;11990.0;;0%
AAA_Black_2397;44809215;396345753;7,91137E+12;'77.5;KZDOO;;9;'5.00;Чехлы;Чехол для смартфона;'0.36;'0.1;3;0;0;0;0;7300.0;11990.0;;0%
AAA_Red_8661;32067104;428437832;RND493354046;'77.5;KZDOO;;6;'5.00;Чехлы;Чехол для смартфона;'0.36;'0.1;2;0;0;0;0;7300.0;11990.0;;0%
CCC_Green_6440;94453894;287425128;RND582996285;'77.5;KZDOO;;7;'5.00;Чехлы;Чехол для смартфона;'0.36;'0.1;6;0;10;0;0;7300.0;11990.0;;0%
EEE_Clear_2483;80463441;767198039;1,37912E+12;'52.5;K-DOO;;6;'4.50;Чехлы;Чехол для смартфона;'0.36;'0.1;5;0;0;0;0;7380.0;11990.0;;0%
HHH_Clear_7934;54599649;526305969;9,43891E+12;'77.5;K-DOO;;2;'4.50;Чехлы;Чехол для смартфона;'0.36;'0.1;2;0;0;0;0;7380.0;11990.0;;0%
FFF_Clear_2774;24862643;636771843;RND776310329;'77.5;K-DOO;;2;'4.50;Чехлы;Чехол для смартфона;'0.36;'0.1;3;0;0;0;0;7380.0;11990.0;;0%
AAA_Titanium_7478;81977680;605366787;6,48279E+12;'77.5;K-DOO;;2;'4.50;Чехлы;Чехол для смартфона;'0.36;'0.1;8;0;0;0;0;7380.0;11990.0;;0%
AAA_White_4047;63335242;717449270;RND227037523;'52.5;K-DOO;;4;'4.50;Чехлы;Чехол для смартфона;'0.36;'0.1;4;0;0;0;0;7980.0;11990.0;;0%
DDD_White_8101;89677157;654606755;2,20845E+12;'77.5;K-DOO;;16;'4.70;Чехлы;Чехол для смартфона;'0.36;'0.1;5;0;0;0;0;7180.0;11990.0;;0%
HHH_Red_1115;19770679;938278188;2,50368E+12;'77.5;K-DOO;;14;'4.70;Чехлы;Чехол для смартфона;'0.36;'0.1;11;0;5;0;0;7828.0;11990.0;;0%
AAA_Red_9393;55426923;816043137;RND558647774;'77.5;K-DOO;;12;'4.70;Чехлы;Чехол для смартфона;'0.36;'0.1;8;0;0;0;0;7828.0;11990.0;;0%
DDD_Pink_4647;77597491;624344793;5,59346E+12;'77.5;K-DOO;;26;'4.70;Чехлы;Чехол для смартфона;'0.36;'0.1;8;0;3;0;0;7300.0;11990.0;;0%
HHH_Titanium_7610;58957945;556240953;6,45558E+12;'77.5;K-DOO;;0;'4.70;Чехлы;Чехол для смартфона;'0.36;'0.1;10;0;0;0;0;7180.0;11990.0;;0%
DDD_Clear_8430;88421485;588054186;3,71717E+12;'62.5;Robiton;;57;'4.90;Батарейки и аккумуляторы;Аккумуляторная батарейка;'0.02;'0.1;48;0;100;0;0;4200.0;11990.0;;0%
AAA_Pink_2206;51863845;220175490;9,77112E+12;'65;Panasonic;;102;'0.00;Батарейки и аккумуляторы;Батарейка;'0.01;'0.1;0;0;0;0;0;420.0;990.0;;0%
EEE_Clear_8396;77963118;157394110;4,56464E+12;'77.5;KEEPHONE;;49;'3.50;Чехлы;Чехол для смартфона;'0.39;'0.1;0;0;0;0;0;2850.0;3990.0;;0%
FFF_White_7505;76585970;524261398;4,65103E+12;'52.5;KEEPHONE;;1;'0.00;Чехлы;Чехол для смартфона;'0.28;'0.1;0;0;0;0;0;5180.0;11990.0;;0%
HHH_Clear_8967;96705603;273636721;3,05779E+12;'77.5;KEEPHONE;;2;'0.00;Чехлы;Чехол для смартфона;'0.28;'0.1;0;0;0;0;0;2590.0;3390.0;;0%
GGG_Black_4596;67182647;575768777;RND895740615;'70;KEEPHONE;;20;'4.90;Чехлы;Чехол для смартфона;'0.28;'0.1;0;0;0;0;0;3100.0;3990.0;;0%
AAA_Blue_9495;79747505;167003027;RND232054537;'77.5;KEEPHONE;;4;'4.90;Чехлы;Чехол для смартфона;'0.28;'0.1;1;0;0;0;0;5980.0;11990.0;;0%
CCC_Pink_7762;82901378;190156646;RND957723534;'77.5;KEEPHONE;;16;'4.90;Чехлы;Чехол для смартфона;'0.36;'0.1;0;0;0;0;0;3100.0;3990.0;;0%
DDD_Green_2563;34539743;610743858;3,07086E+12;'77.5;KEEPHONE;;22;'4.90;Чехлы;Чехол для смартфона;'0.36;'0.1;1;0;0;0;0;2990.0;3990.0;;0%
CCC_Titanium_2771;69376098;730916411;RND145128838;'77.5;KEEPHONE;;52;'4.90;Чехлы;Чехол для смартфона;'0.36;'0.1;0;0;0;0;0;2990.0;3990.0;;0%
CCC_Pink_8696;81808188;459431350;RND848361469;'77.5;KEEPHONE;;1;'4.90;Чехлы;Чехол для смартфона;'0.28;'0.1;1;0;0;0;0;5980.0;11990.0;;0%
HHH_Clear_1848;43666607;244590380;5,66889E+12;'70;KEEPHONE;;13;'5.00;Чехлы;Чехол для смартфона;'0.38;'0.1;0;0;0;0;0;2050.0;3990.0;;0%
CCC_Clear_7128;26751676;157046842;7,99579E+12;'45;KZDOO;;2;'4.20;Чехлы;Чехол для смартфона;'0.36;'0.1;1;0;10;0;0;3500.0;11990.0;;0%
AAA_White_5001;57461608;617825951;RND634008075;'70;KZDOO;;4;'4.20;Чехлы;Чехол для смартфона;'0.36;'0.1;4;0;0;0;0;3500.0;11990.0;;0%
HHH_Pink_7270;96414579;490083378;RND983205367;'70;KZDOO;;5;'4.20;Чехлы;Чехол для смартфона;'0.36;'0.1;3;0;0;0;0;3500.0;11990.0;;0%
FFF_Titanium_5998;45963238;132056671;6,5786E+12;'70;KEEPHONE;;11;'4.90;Чехлы;Чехол для смартфона;'0.28;'0.1;0;0;0;0;0;2600.0;3990.0;;0%
GGG_Green_1753;68096550;380413942;RND824174716;'70;KEEPHONE;;9;'4.90;Чехлы;Чехол для смартфона;'0.28;'0.1;1;0;0;0;0;5200.0;11990.0;;0%
EEE_Blue_6964;28227796;345464344;RND294777277;'70;KEEPHONE;;4;'4.90;Чехлы;Чехол для смартфона;'0.28;'0.1;4;0;0;0;0;5200.0;11990.0;;0%
DDD_Pink_2219;67730240;437186782;RND378394106;'70;KEEPHONE;;22;'4.90;Чехлы;Чехол для смартфона;'0.28;'0.1;0;0;0;0;0;2600.0;3990.0;;0%
CCC_Purple_8000;33150933;359904375;6,2821E+12;'70;KZDOO;;8;'4.90;Чехлы;Чехол для смартфона;'0.36;'0.1;5;0;5;0;0;5580.0;11990.0;;0%
CCC_Titanium_2949;47617627;327988879;3,91444E+12;'70;KZDOO;;3;'4.90;Чехлы;Чехол для смартфона;'0.36;'0.1;3;0;0;0;0;5580.0;11990.0;;0%
DDD_Black_1495;34508876;119706269;RND170051368;'70;KZDOO;;2;'4.90;Чехлы;Чехол для смартфона;'0.36;'0.1;8;0;0;0;0;5580.0;11990.0;;0%
EEE_Pink_8352;60866651;776421310;RND984325890;'70;KZDOO;;3;'4.90;Чехлы;Чехол для смартфона;'0.36;'0.1;3;0;0;0;0;5580.0;11990.0;;0%
HHH_White_7575;28310439;712844478;RND786480011;'70;KZDOO;;6;'4.90;Чехлы;Чехол для смартфона;'0.36;'0.1;0;0;0;0;0;2790.0;3990.0;;0%
GGG_Titanium_7551;93401890;390847545;RND743124327;'70;KZDOO;;4;'4.90;Чехлы;Чехол для смартфона;'0.36;'0.1;0;0;0;0;0;2790.0;3990.0;;0%
GGG_Red_1294;30155466;381179813;RND942220007;'45;KZDOO;;2;'4.90;Чехлы;Чехол для смартфона;'0.36;'0.1;8;0;0;0;0;5580.0;11990.0;;0%
GGG_White_8463;98767142;804725204;RND888130465;'70;KZDOO;;27;'4.90;Чехлы;Чехол для смартфона;'0.36;'0.1;11;0;5;0;0;5580.0;11990.0;;0%
HHH_Black_6852;28074469;579865383;RND803506766;'40;KZDOO;;0;'4.80;Чехлы;Чехол для смартфона;'0.36;'0.1;0;0;0;0;0;4990.0;8000.0;;0%
DDD_Blue_9207;40201139;622481888;RND107753775;'40;KZDOO;;0;'4.80;Чехлы;Чехол для смартфона;'0.36;'0.1;5;0;0;0;0;9980.0;11990.0;;0%
BBB_Titanium_5322;13544308;532980746;3,18066E+12;'65;KZDOO;;8;'4.80;Чехлы;Чехол для смартфона;'0.36;'0.1;5;0;0;0;0;10880.0;11990.0;;0%
HHH_Pink_5159;90338470;808931845;RND932639961;'40;KZDOO;;0;'4.80;Чехлы;Чехол для смартфона;'0.36;'0.1;9;0;0;0;0;9980.0;11990.0;;0%
BBB_Blue_2666;48103158;221686669;RND397502277;'70;KZDOO;;27;'4.70;Чехлы;Чехол для смартфона;'0.36;'0.1;13;0;10;0;0;2500.0;11990.0;;0%
GGG_Green_3028;87040914;873627585;4,5842E+12;'70;KZDOO;;6;'4.70;Чехлы;Чехол для смартфона;'0.36;'0.1;4;0;10;0;0;2500.0;11990.0;;0%
FFF_Purple_8028;37130177;186631981;RND533158756;'70;KZDOO;;79;'4.70;Чехлы;Чехол для смартфона;'0.36;'0.1;6;0;9;0;0;2580.0;11990.0;;0%
AAA_Purple_7596;87521806;563082335;4,80626E+12;'45;KZDOO;;3;'4.70;Чехлы;Чехол для смартфона;'0.36;'0.1;0;0;0;0;0;1290.0;2990.0;;0%
BBB_Pink_9025;77792184;827263279;RND889631213;'70;KZDOO;;44;'4.70;Чехлы;Чехол для смартфона;'0.36;'0.1;2;0;8;0;0;2580.0;11990.0;;0%
BBB_Clear_5381;73339847;762529418;RND540498878;'45;KZDOO;;2;'5.00;Чехлы;Чехол для смартфона;'0.36;'0.1;2;0;0;0;0;2596.0;11990.0;;0%
HHH_Red_3612;91929436;113466552;RND236956298;'77.5;KZDOO;;51;'4.90;Чехлы;Чехол для смартфона;'0.36;'0.1;1;0;7;0;0;2700.0;11990.0;;0%
GGG_Pink_6405;38798252;355596515;RND717736572;'77.5;KZDOO;;47;'4.30;Чехлы;Чехол для смартфона;'1.58;'0.3;4;0;9;0;0;2700.0;11990.0;;0%
DDD_Red_1755;91512215;316823007;5,86936E+12;'45;KZDOO;;4;'5.00;Чехлы;Чехол для смартфона;'0.36;'0.1;0;0;0;0;0;2490.0;3790.0;;0%
FFF_Titanium_8810;91756346;926389236;7,41477E+12;'70;KZDOO;;3;'5.00;Чехлы;Чехол для смартфона;'0.36;'0.1;1;0;0;0;0;4000.0;11990.0;;0%
HHH_White_8048;20929551;988891108;RND557088627;'75;KZDOO;;137;'4.90;Чехлы;Чехол для смартфона;'0.36;'0.1;0;0;0;0;0;1450.0;2990.0;;0%
AAA_White_5914;73534464;900591362;RND921572242;'52.5;KZDOO;;24;'4.90;Чехлы;Чехол для смартфона;'0.36;'0.1;4;0;0;0;0;2780.0;11990.0;;0%
AAA_Titanium_6370;71669416;170307072;5,35071E+12;'77.5;KZDOO;;18;'4.90;Чехлы;Чехол для смартфона;'0.36;'0.1;5;0;0;0;0;2780.0;11990.0;;0%
FFF_Red_5929;21410336;484890360;3,56339E+12;'52.5;KZDOO;;70;'4.90;Чехлы;Чехол для смартфона;'0.36;'0.1;0;0;0;0;0;2780.0;11990.0;;0%
FFF_Purple_9236;73722467;243705577;RND274832192;'77.5;KZDOO;;8;'5.00;Чехлы;Чехол для смартфона;'0.36;'0.1;7;0;8;0;0;5500.0;11990.0;;0%
AAA_Black_7160;86193609;610752822;6,70884E+12;'77.5;KZDOO;;9;'5.00;Чехлы;Чехол для смартфона;'0.36;'0.1;3;0;0;0;0;5500.0;11990.0;;0%
FFF_Purple_7592;36814941;892004969;RND256267650;'65;KZDOO;;4;'5.00;Чехлы;Чехол для смартфона;'0.36;'0.1;0;0;0;0;0;5500.0;11990.0;;0%
HHH_Clear_1273;64280433;333626478;4,57587E+12;'52.5;KZDOO;;0;'4.70;Чехлы;Чехол для смартфона;'0.36;'0.1;0;0;0;0;0;5396.0;5990.0;;0%
HHH_Titanium_8232;72389005;669106294;RND743717600;'77.5;KZDOO;;17;'4.70;Чехлы;Чехол для смартфона;'0.40;'0.1;2;0;10;0;0;9980.0;11990.0;;0%
AAA_Red_5295;91076807;309454265;7,60308E+12;'87.5;KEEPHONE;;134;'4.80;Чехлы;Чехол для смартфона;'0.39;'0.1;0;0;0;0;0;3090.0;3990.0;;0%
CCC_White_2543;24553956;832084811;RND100583121;'52.5;KEEPHONE;;2;'5.00;Чехлы;Чехол для смартфона;'0.39;'0.1;3;0;0;0;0;4780.0;11990.0;;0%
FFF_Red_3712;65992151;354486630;RND954913848;'77.5;KEEPHONE;;9;'5.00;Чехлы;Чехол для смартфона;'0.39;'0.1;0;0;0;0;0;3400.0;3990.0;;0%
DDD_Purple_4347;18885984;567260896;1,35537E+12;'52.5;KEEPHONE;;17;'4.40;Чехлы;Чехол для смартфона;'0.28;'0.1;4;0;0;0;0;6200.0;11990.0;;0%
DDD_White_2490;52775621;134550319;RND144420801;'77.5;KEEPHONE;;8;'4.40;Чехлы;Чехол для смартфона;'0.28;'0.1;0;0;0;0;0;3100.0;3990.0;;0%
FFF_Titanium_1292;84625234;454590570;5,57432E+12;'77.5;KEEPHONE;;36;'4.40;Чехлы;Чехол для смартфона;'0.28;'0.1;0;0;0;0;0;3100.0;3990.0;;0%
EEE_Clear_9055;68889200;497246446;4,86977E+12;'77.5;KEEPHONE;;7;'5.00;Чехлы;Чехол для смартфона;'0.28;'0.1;0;0;0;0;0;2890.0;3490.0;;0%
HHH_Red_5637;36508832;144757062;RND185436873;'77.5;KEEPHONE;;2;'5.00;Чехлы;Чехол для смартфона;'0.28;'0.1;0;0;0;0;0;2890.0;3490.0;;0%
DDD_White_9135;93094444;919169627;RND131065583;'52.5;KEEPHONE;;22;'5.00;Чехлы;Чехол для смартфона;'0.28;'0.1;0;0;0;0;0;2990.0;3490.0;;0%
DDD_Black_9724;58356356;601545403;1,86588E+12;'70;K-DOO;;14;'4.80;Чехлы;Чехол для смартфона;'0.36;'0.1;2;0;4;0;0;2580.0;11990.0;;0%
FFF_Clear_9481;75134712;638238616;6,45564E+12;'70;K-DOO;;28;'4.80;Чехлы;Чехол для смартфона;'0.36;'0.1;4;0;10;0;0;2580.0;11990.0;;0%
HHH_Green_9565;36571012;842654508;RND210816224;'70;K-DOO;;18;'4.80;Чехлы;Чехол для смартфона;'0.36;'0.1;0;0;0;0;0;1290.0;1690.0;;0%
HHH_Red_3772;13307981;724328040;4,65606E+12;'82.5;K-DOO;;78;'4.80;Чехлы;Чехол для смартфона;'0.36;'0.1;15;0;10;0;0;2700.0;11990.0;;0%
AAA_Black_1398;77879975;578118473;3,24437E+12;'70;K-DOO;;70;'4.80;Чехлы;Чехол для смартфона;'0.36;'0.1;13;0;10;0;0;2580.0;11990.0;;0%
EEE_Titanium_2576;71446261;687775299;8,48942E+12;'77.5;Raigor;;2;'0.00;Чехлы;Чехол для смартфона;'0.36;'0.1;1;0;0;0;0;5180.0;11990.0;;0%
BBB_Red_3217;47418597;692437862;RND224338209;'77.5;KZDOO;;15;'4.40;Чехлы;Чехол для смартфона;'0.36;'0.1;17;0;0;0;0;2900.0;11990.0;;0%
BBB_White_4633;73878829;171989291;6,73416E+12;'77.5;KZDOO;;5;'4.40;Чехлы;Чехол для смартфона;'0.36;'0.1;12;0;0;0;0;2900.0;11990.0;;0%
EEE_Green_6377;14090278;760955221;RND306182731;'100;KZDOO;;85;'4.40;Чехлы;Чехол для смартфона;'0.36;'0.1;10;0;8;0;0;2900.0;11990.0;;0%
GGG_Blue_5870;42364136;446670169;RND479749439;'77.5;KZDOO;;34;'4.40;Чехлы;Чехол для смартфона;'0.36;'0.1;6;0;10;0;0;2780.0;11990.0;;0%
FFF_Purple_3886;82785519;254342419;5,10477E+12;'52.5;KZDOO;;6;'5.00;Чехлы;Чехол для смартфона;'0.36;'0.1;0;0;0;0;0;2690.0;4590.0;;0%
BBB_Blue_9621;51752271;430769836;2,9417E+12;'52.5;KZDOO;;9;'5.00;Чехлы;Чехол для смартфона;'0.36;'0.1;0;0;10;0;0;5500.0;11990.0;;0%
CCC_Black_2080;90900699;532219013;6,25878E+12;'40;KZDOO;;11;'5.00;Чехлы;Чехол для смартфона;'0.36;'0.1;1;0;0;0;0;5500.0;11990.0;;0%
GGG_Clear_3876;35600902;514390800;RND228590006;'52.5;KZDOO;;6;'4.90;Чехлы;Чехол для смартфона;'0.36;'0.1;4;0;0;0;0;7500.0;11990.0;;0%
FFF_Pink_6450;50473956;313484382;RND138779902;'52.5;KZDOO;;4;'4.90;Чехлы;Чехол для смартфона;'0.36;'0.1;2;0;1;0;0;7300.0;11990.0;;0%
GGG_Blue_9644;38916371;357713415;6,12347E+12;'77.5;KZDOO;;4;'4.90;Чехлы;Чехол для смартфона;'0.36;'0.1;4;0;0;0;0;8200.0;11990.0;;0%
BBB_White_4171;96176403;264361153;9,65222E+12;'52.5;KZDOO;;8;'5.00;Чехлы;Чехол для смартфона;'0.36;'0.1;3;0;6;0;0;7500.0;11990.0;;0%
EEE_White_3455;22078766;689403283;RND275780623;'77.5;KZDOO;;5;'5.00;Чехлы;Чехол для смартфона;'0.36;'0.1;2;0;5;0;0;7500.0;11990.0;;0%
CCC_Pink_9680;91841741;687421750;7,85671E+12;'77.5;KZDOO;;3;'5.00;Чехлы;Чехол для смартфона;'0.36;'0.1;4;0;0;0;0;7500.0;11990.0;;0%
BBB_Pink_9074;48542574;803391833;3,37033E+12;'77.5;KZDOO;;4;'5.00;Чехлы;Чехол для смартфона;'0.36;'0.1;0;0;0;0;0;4990.0;9000.0;;0%
CCC_Black_6996;33351587;566030041;4,64687E+12;'52.5;KZDOO;;1;'5.00;Чехлы;Чехол для смартфона;'0.36;'0.1;1;0;0;0;0;9980.0;11990.0;;0%
HHH_Pink_7589;12197069;311741940;RND316258492;'77.5;KEEPHONE;;92;'5.00;Чехлы;Чехол для смартфона;'0.36;'0.1;1;0;0;0;0;6380.0;11990.0;;0%
FFF_Purple_6666;34965828;766644821;RND989563491;'100;KEEPHONE;;529;'4.90;Чехлы;Чехол для смартфона;'0.39;'0.1;0;0;0;0;0;3368.0;4990.0;;0%
CCC_Titanium_5935;35605795;660167956;6,12409E+12;'90;KZDOO;;54;'4.90;Чехлы;Чехол для смартфона;'0.36;'0.1;22;0;10;0;0;2200.0;7900.0;;0%
AAA_Green_3651;22275396;569744241;RND240165547;'87.5;KZDOO;;112;'4.70;Чехлы;Чехол для смартфона;'0.36;'0.1;0;0;0;0;0;1490.0;2090.0;;0%
GGG_Red_8772;23245835;757432811;7,76237E+12;'90;KZDOO;;149;'4.70;Чехлы;Чехол для смартфона;'0.36;'0.1;30;0;9;0;0;2980.0;11990.0;;0%
AAA_White_9755;40907194;814680010;2,61385E+12;'77.5;KEEPHONE;;6;'4.80;Чехлы;Чехол для смартфона;'0.41;'0.1;3;0;8;0;1;5990.0;11990.0;;0%
FFF_White_2222;97750622;807908285;7,29578E+12;'77.5;KEEPHONE;;1;'4.80;Чехлы;Чехол для смартфона;'0.41;'0.1;1;0;0;0;0;6100.0;11990.0;;0%
GGG_Green_4062;40042947;184253009;7,26463E+12;'70;KEEPHONE;;19;'4.80;Чехлы;Чехол для смартфона;'0.41;'0.1;3;0;4;0;0;5990.0;11990.0;;0%
FFF_Titanium_1848;80855016;901505154;6,82368E+12;'77.5;KEEPHONE;;10;'4.90;Чехлы;Чехол для смартфона;'0.41;'0.1;0;0;0;0;0;5990.0;7490.0;;0%
FFF_Purple_6937;52629278;309799988;RND349259849;'90;KEEPHONE;;25;'4.90;Чехлы;Чехол для смартфона;'0.41;'0.1;0;0;9;0;0;5990.0;11990.0;;0%
BBB_Blue_9912;36188140;573940468;2,76513E+12;'70;KEEPHONE;;34;'4.90;Чехлы;Чехол для смартфона;'0.41;'0.1;0;0;0;0;0;5990.0;7490.0;;0%
DDD_Titanium_1174;70809079;389983313;3,34494E+12;'70;KZDOO;;1;'5.00;Чехлы;Чехол для смартфона;'0.36;'0.1;0;0;0;0;0;9980.0;11990.0;;0%
DDD_Green_9674;92465778;581689542;RND877797041;'70;KZDOO;;2;'5.00;Чехлы;Чехол для смартфона;'0.36;'0.1;1;0;0;0;0;9980.0;11990.0;;0%
EEE_Black_9568;21167732;937003203;6,94258E+12;'70;KZDOO;;2;'5.00;Чехлы;Чехол для смартфона;'0.36;'0.1;0;0;1;0;0;9980.0;11990.0;;0%
CCC_Blue_4612;41313579;786915344;RND787472751;'75;REMAX;;10;'0.00;Защитные пленки и стекла;Защитное стекло;'0.17;'0.1;7;0;0;0;0;1200.0;4900.0;;0%
GGG_Blue_2506;51965767;990893710;RND278471037;'82.5;REMAX;;149;'5.00;Защитные пленки и стекла;Защитное стекло;'0.17;'0.1;0;0;95;0;2;1380.0;4900.0;;0%
AAA_White_5701;53858511;241194264;RND748746363;'70;KEEPHONE;;37;'5.00;Чехлы;Чехол для смартфона;'0.39;'0.1;0;0;0;0;0;2950.0;3990.0;;0%
CCC_Red_3462;31270055;349324318;6,46074E+12;'70;K-DOO;;3;'4.70;Чехлы;Чехол для смартфона;'0.36;'0.1;13;0;0;0;0;7180.0;11990.0;;0%
GGG_Blue_1183;83514799;967892307;3,5278E+12;'70;K-DOO;;1;'4.70;Чехлы;Чехол для смартфона;'0.36;'0.1;2;0;0;0;0;7180.0;11990.0;;0%
HHH_Black_7854;67732421;631061423;2,54681E+12;'45;K-DOO;;7;'4.70;Чехлы;Чехол для смартфона;'0.36;'0.1;6;0;10;0;0;7300.0;11990.0;;0%
AAA_White_4614;39181299;136036109;8,67421E+12;'45;K-DOO;;0;'4.70;Чехлы;Чехол для смартфона;'0.36;'0.1;9;0;0;0;0;7180.0;11990.0;;0%
GGG_Black_5293;87769242;716409667;RND777982915;'70;K-DOO;;2;'4.70;Чехлы;Чехол для смартфона;'0.36;'0.1;0;0;0;0;0;3590.0;4990.0;;0%
DDD_Green_4790;21090709;591164840;RND768269945;'65;Varta;;17;'5.00;Батарейки и аккумуляторы;Батарейка;'0.04;'0.1;0;0;464;0;2;1540.0;4900.0;;0%
HHH_Pink_2327;19259686;816919507;RND536799098;'65;Varta;;6;'5.00;Батарейки и аккумуляторы;Батарейка;'0.04;'0.1;0;0;80;0;0;2000.0;7900.0;;0%
BBB_Titanium_7452;80225576;447063964;1,82283E+12;'65;Varta;;21;'4.90;Батарейки и аккумуляторы;Батарейка;'0.04;'0.1;0;0;465;0;0;1360.0;4900.0;;0%
GGG_Clear_8073;21837136;132739065;RND793044093;'82.5;Varta;;70;'4.90;Батарейки и аккумуляторы;Батарейка;'0.04;'0.1;0;0;390;0;0;2300.0;7900.0;;0%
DDD_Purple_3677;41515025;637541578;RND155673315;'65;Varta;;0;'5.00;Батарейки и аккумуляторы;Батарейка;'0.04;'0.1;1;0;24;0;0;980.0;4900.0;;0%
CCC_White_6197;28865428;552953791;4,42608E+12;'65;Varta;;4;'5.00;Батарейки и аккумуляторы;Батарейка;'0.04;'0.1;0;0;102;0;0;1900.0;7900.0;;0%
CCC_Pink_8919;20765137;910453505;7,66886E+12;'75;REMAX;;24;'4.40;Защитные пленки и стекла;Защитное стекло;'0.17;'0.1;4;0;10;0;0;1580.0;7900.0;;0%
EEE_Purple_3010;61490753;593898083;1,05901E+12;'65;Renata;;11;'5.00;Батарейки и аккумуляторы;Батарейка;'0.04;'0.1;0;0;7;0;0;1140.0;4900.0;;0%
GGG_Red_4578;11854043;220508254;6,56462E+12;'65;Renata;;10;'5.00;Батарейки и аккумуляторы;Батарейка;'0.04;'0.1;0;0;501;0;0;1900.0;7900.0;;0%
EEE_Green_9769;28105424;930349490;RND723490175;'65;Renata;;20;'4.90;Батарейки и аккумуляторы;Батарейка;'0.04;'0.1;0;0;478;0;0;1980.0;7900.0;;0%
EEE_Purple_3803;26492321;252837027;RND201657734;'65;Renata;;1;'5.00;Батарейки и аккумуляторы;Батарейка;'0.04;'0.1;0;0;489;0;0;2300.0;7900.0;;0%
EEE_Purple_4363;89828981;818961753;RND843913797;'65;Renata;;3;'5.00;Батарейки и аккумуляторы;Батарейка;'0.04;'0.1;0;0;0;0;0;1890.0;2990.0;;0%
HHH_Clear_3600;12636113;458048377;RND787554290;'65;Renata;;5;'5.00;Батарейки и аккумуляторы;Батарейка;'0.04;'0.1;0;0;0;0;0;1000.0;1500.0;;0%
GGG_Green_9259;72395314;712191581;RND975088648;'87.5;KEEPHONE;;46;'5.00;Чехлы;Чехол для смартфона;'0.28;'0.1;0;0;0;0;0;2990.0;4750.0;;0%
DDD_Pink_5595;11135499;439161859;5,67876E+12;'87.5;KEEPHONE;;62;'4.90;Чехлы;Чехол для смартфона;'0.28;'0.1;1;0;6;0;0;5980.0;11990.0;;0%
CCC_White_6006;11000967;526930117;7,05991E+12;'70;KZDOO;;5;'4.00;Чехлы;Чехол для смартфона;'0.36;'0.1;17;0;0;0;0;5124.0;11990.0;;0%
HHH_Blue_2524;15551074;288962461;1,32907E+12;'45;KZDOO;;37;'4.00;Чехлы;Чехол для смартфона;'0.36;'0.1;71;0;10;0;0;4700.0;11990.0;;0%
CCC_White_3332;67151078;113994878;RND247868972;'70;KZDOO;;47;'4.70;Чехлы;Чехол для смартфона;'1.47;'0.3;9;0;9;0;0;6180.0;11990.0;;0%
AAA_Red_8534;69371023;209796427;7,23079E+12;'70;KZDOO;;15;'4.70;Чехлы;Чехол для смартфона;'1.55;'0.3;1;0;9;0;0;6180.0;11990.0;;0%
BBB_Clear_1569;69561939;650375732;RND442615526;'70;KZDOO;;39;'4.70;Чехлы;Чехол для смартфона;'0.36;'0.1;4;0;10;0;1;6180.0;11990.0;;0%
DDD_Blue_8330;62243407;899158077;9,37553E+12;'70;KZDOO;;45;'4.70;Чехлы;Чехол для смартфона;'0.36;'0.1;7;0;10;0;0;6180.0;11990.0;;0%
GGG_Blue_5448;36496711;663549318;4,95082E+12;'70;KZDOO;;98;'4.70;Чехлы;Чехол для смартфона;'0.36;'0.1;6;0;10;0;0;6736.0;11990.0;;0%
DDD_Black_2968;74692955;345421083;RND389015070;'45;KZDOO;;48;'4.80;Чехлы;Чехол для смартфона;'0.36;'0.1;12;0;10;0;0;5124.0;11990.0;;0%
AAA_White_1376;66172445;325999536;RND123567902;'70;KZDOO;;4;'4.80;Чехлы;Чехол для смартфона;'0.36;'0.1;10;0;0;0;0;4700.0;11990.0;;0%
EEE_Purple_4956;58445728;999139556;RND861165291;'82.5;KZDOO;;39;'4.90;Чехлы;Чехол для смартфона;'0.36;'0.1;31;0;4;0;0;6180.0;11990.0;;0%
FFF_Blue_3894;45932023;527560520;5,20908E+12;'77.5;KZDOO;;107;'4.90;Чехлы;Чехол для смартфона;'0.36;'0.1;78;0;9;0;0;6180.0;11990.0;;0%
AAA_Purple_5605;94113201;694265456;1,09038E+12;'70;KZDOO;;3;'4.90;Чехлы;Чехол для смартфона;'0.36;'0.1;4;0;5;0;0;6180.0;11990.0;;0%
CCC_Black_9304;94803962;986448097;7,58036E+12;'70;KZDOO;;37;'4.90;Чехлы;Чехол для смартфона;'0.36;'0.1;3;0;5;0;1;6180.0;11990.0;;0%
BBB_Green_7079;16006909;128130845;RND590220817;'70;KZDOO;;46;'4.90;Чехлы;Чехол для смартфона;'0.36;'0.1;24;0;10;0;0;6180.0;11990.0;;0%
DDD_Titanium_5938;59240777;476860899;RND804327778;'77.5;REMAX;;29;'5.00;Защитные пленки и стекла;Защитное стекло;'0.17;'0.1;0;0;96;0;0;1220.0;4900.0;;0%
GGG_Green_4909;67131607;204246093;4,66577E+12;'75;REMAX;;12;'5.00;Защитные пленки и стекла;Защитное стекло;'0.17;'0.1;7;0;96;0;0;1180.0;4900.0;;0%
BBB_Clear_1809;12919215;787403428;RND879963549;'82.5;REMAX;;0;'0.00;Защитные пленки и стекла;Защитное стекло;'0.17;'0.1;14;0;20;0;0;1320.0;4900.0;;0%
BBB_Black_3529;85625096;922323984;RND634157970;'75;KZDOO;;300;'4.70;Чехлы;Чехол для смартфона;'0.36;'0.1;0;0;0;0;0;2900.0;11990.0;;0%
GGG_Purple_4253;34175452;432568708;RND950044743;'87.5;KZDOO;;358;'4.70;Чехлы;Чехол для смартфона;'0.36;'0.1;567;2;10;0;0;4400.0;11990.0;;0%
EEE_Red_3383;28866848;514530071;7,87696E+12;'70;KZDOO;;88;'4.70;Чехлы;Чехол для смартфона;'0.36;'0.1;22;0;10;0;0;2980.0;11990.0;;0%
BBB_Red_2345;43022400;390726845;RND620695675;'70;KZDOO;;32;'4.70;Чехлы;Чехол для смартфона;'0.36;'0.1;4;0;10;0;0;2980.0;11990.0;;0%
BBB_Green_3184;31817974;140258042;RND373281227;'80;KZDOO;;108;'4.70;Чехлы;Чехол для смартфона;'0.36;'0.1;0;0;0;0;0;1450.0;2090.0;;0%
GGG_Purple_9523;99926256;450230045;3,03817E+12;'87.5;KZDOO;;275;'4.70;Чехлы;Чехол для смартфона;'0.36;'0.1;456;1;10;0;0;4980.0;11990.0;;0%
AAA_Black_9470;37857061;380567032;3,27868E+12;'70;KZDOO;;44;'4.70;Чехлы;Чехол для смартфона;'1.52;'0.3;8;2;10;0;0;2900.0;11990.0;;0%
CCC_Black_1999;34800221;275591080;8,85709E+12;'70;REMAX;;0;'0.00;Защитные пленки и стекла;Защитное стекло;'0.17;'0.1;0;0;0;0;0;1120.0;4900.0;;0%
AAA_Red_1898;96648517;804484518;RND770381579;'77.5;REMAX;;0;'0.00;Защитные пленки и стекла;Защитное стекло;'0.17;'0.1;9;0;0;0;0;1120.0;4900.0;;0%
EEE_White_1885;27451798;346782303;2,96574E+12;'77.5;REMAX;;10;'5.00;Защитные пленки и стекла;Защитное стекло;'0.17;'0.1;0;0;101;0;0;1580.0;7900.0;;0%
AAA_Purple_7609;44373202;352803164;7,75844E+12;'77.5;REMAX;;8;'5.00;Защитные пленки и стекла;Защитное стекло;'0.17;'0.1;0;0;10;0;0;1580.0;7900.0;;0%
CCC_White_7349;75673901;714896419;4,19887E+12;'70;KEEPHONE;;50;'4.80;Чехлы;Чехол для смартфона;'0.41;'0.1;0;0;0;0;0;8990.0;8990.0;;0%
EEE_Black_5363;82137556;812495914;RND741658621;'70;KEEPHONE;;8;'4.90;Чехлы;Чехол для смартфона;'0.41;'0.1;5;0;4;0;0;5990.0;11990.0;;0%
AAA_Black_7840;56970638;924599955;9,32389E+12;'45;KEEPHONE;;3;'5.00;Чехлы;Чехол для смартфона;'0.41;'0.1;0;0;0;0;0;4780.0;11990.0;;0%
HHH_Green_5116;70540068;312582992;RND641237309;'45;KEEPHONE;;2;'5.00;Чехлы;Чехол для смартфона;'0.41;'0.1;1;0;2;0;0;4780.0;11990.0;;0%
HHH_Titanium_3383;62741760;960266028;9,21541E+12;'77.5;KEEPHONE;;71;'4.80;Чехлы;Чехол для смартфона;'0.41;'0.1;0;0;0;0;0;8990.0;8990.0;;0%
CCC_Green_5342;26669048;454292300;RND147213234;'77.5;KEEPHONE;;63;'4.90;Чехлы;Чехол для смартфона;'0.41;'0.1;0;0;0;0;0;11990.0;11990.0;;0%
BBB_Blue_8050;51813913;331952709;RND297036098;'52.5;KEEPHONE;;1;'0.00;Чехлы;Чехол для смартфона;'0.38;'0.1;0;0;0;0;0;2150.0;3490.0;;0%
GGG_Green_5825;85608104;458694311;4,09975E+12;'70;KEEPHONE;;6;'4.90;Чехлы;Чехол для смартфона;'0.41;'0.1;2;0;0;0;0;5990.0;11990.0;;0%
CCC_Purple_9600;83149727;646130655;RND238318448;'70;KEEPHONE;;17;'4.80;Чехлы;Чехол для смартфона;'0.41;'0.1;0;0;0;0;0;5990.0;8990.0;;0%
CCC_Blue_5038;72747359;713087470;6,58778E+12;'70;KEEPHONE;;6;'5.00;Чехлы;Чехол для смартфона;'0.38;'0.1;0;0;0;0;0;3450.0;5090.0;;0%
GGG_Pink_5778;46766529;280796757;RND993748558;'77.5;KEEPHONE;;48;'4.90;Чехлы;Чехол для смартфона;'0.38;'0.1;7;0;0;0;0;7000.0;11990.0;;0%
DDD_White_2968;80718283;719794414;RND329045730;'70;KEEPHONE;;15;'4.90;Чехлы;Чехол для смартфона;'0.38;'0.1;2;0;0;0;0;7980.0;11990.0;;0%
EEE_White_4091;64363579;551964498;RND306676115;'77.5;KEEPHONE;;10;'4.90;Чехлы;Чехол для смартфона;'0.38;'0.1;7;0;5;0;0;6780.0;11990.0;;0%
EEE_Red_4134;91561471;955168854;6,39693E+12;'77.5;KEEPHONE;;5;'0.00;Чехлы;Чехол для смартфона;'0.38;'0.1;9;0;0;0;0;7000.0;11990.0;;0%
DDD_Clear_8095;96447831;408575481;RND407164570;'52.5;KEEPHONE;;3;'0.00;Чехлы;Чехол для смартфона;'0.38;'0.1;11;0;0;0;0;6954.0;11990.0;;0%
EEE_White_7896;77364242;165743872;8,33488E+12;'77.5;KEEPHONE;;9;'0.00;Чехлы;Чехол для смартфона;'0.38;'0.1;5;0;0;0;0;7000.0;11990.0;;0%
EEE_Pink_8103;95054310;547918067;5,30622E+12;'77.5;KEEPHONE;;19;'4.90;Чехлы;Чехол для смартфона;'0.28;'0.1;10;0;5;0;0;5780.0;11990.0;;0%
BBB_Titanium_6217;52491122;289489432;RND475876715;'77.5;KEEPHONE;;14;'5.00;Чехлы;Чехол для смартфона;'0.28;'0.1;6;0;0;0;0;5980.0;11990.0;;0%
DDD_Purple_9858;62735299;919666574;RND309167835;'45;KEEPHONE;;0;'0.00;Чехлы;Чехол для смартфона;'0.28;'0.1;1;0;0;0;0;6980.0;11990.0;;0%
FFF_Red_4784;68162392;217920434;RND217928896;'45;KEEPHONE;;0;'0.00;Чехлы;Чехол для смартфона;'0.28;'0.1;1;0;0;0;0;6980.0;11990.0;;0%
DDD_Red_7490;10145273;158254639;7,45117E+12;'70;KEEPHONE;;0;'0.00;Чехлы;Чехол для смартфона;'0.28;'0.1;0;0;0;0;0;3490.0;5990.0;;0%
BBB_Blue_7291;43502425;382568290;RND817489947;'70;KZDOO;;20;'4.80;Чехлы;Чехол для смартфона;'0.36;'0.1;12;0;10;0;0;10006.0;11990.0;;0%
HHH_White_7443;54066848;733961183;RND115004658;'77.5;KZDOO;;23;'4.80;Чехлы;Чехол для смартфона;'0.36;'0.1;2;0;0;0;0;9180.0;11990.0;;0%
AAA_Red_6765;28757141;201908466;2,03679E+12;'70;KZDOO;;1;'4.80;Чехлы;Чехол для смартфона;'0.36;'0.1;7;0;10;0;0;9180.0;11990.0;;0%
CCC_Red_5645;91970108;914015344;7,59428E+12;'70;KZDOO;;15;'4.80;Чехлы;Чехол для смартфона;'0.36;'0.1;12;0;0;0;0;9180.0;11990.0;;0%
CCC_Blue_3895;66144867;688069275;1,95815E+12;'70;KZDOO;;8;'4.80;Чехлы;Чехол для смартфона;'0.36;'0.1;2;0;5;0;0;9180.0;11990.0;;0%
GGG_Purple_3146;56847236;105389406;8,35603E+12;'70;KZDOO;;3;'4.80;Чехлы;Чехол для смартфона;'0.36;'0.1;5;0;10;0;0;9180.0;11990.0;;0%
GGG_Purple_5348;47730210;804724099;6,76527E+12;'70;KZDOO;;10;'4.80;Чехлы;Чехол для смартфона;'0.36;'0.1;11;0;10;0;0;9180.0;11990.0;;0%
DDD_Red_3932;77440758;410318912;RND575550607;'70;KZDOO;;12;'4.50;Чехлы;Чехол для смартфона;'0.36;'0.1;2;0;0;0;0;9180.0;11990.0;;0%
HHH_Purple_7181;89551751;213693725;RND402071861;'70;KZDOO;;40;'4.50;Чехлы;Чехол для смартфона;'0.36;'0.1;2;0;8;0;0;9180.0;11990.0;;0%
HHH_White_5225;83601675;947325464;RND699395057;'70;KZDOO;;3;'4.50;Чехлы;Чехол для смартфона;'0.36;'0.1;0;0;0;0;0;9180.0;11990.0;;0%
FFF_Green_2714;10226963;879398594;3,21524E+12;'77.5;KZDOO;;26;'4.50;Чехлы;Чехол для смартфона;'0.36;'0.1;3;0;0;0;0;9180.0;11990.0;;0%
BBB_Green_8505;42624136;141175702;4,80997E+12;'70;KZDOO;;9;'4.50;Чехлы;Чехол для смартфона;'0.36;'0.1;1;0;0;0;0;9180.0;11990.0;;0%
EEE_Clear_5580;79852544;555511382;RND784573671;'70;KZDOO;;3;'4.50;Чехлы;Чехол для смартфона;'0.36;'0.1;2;0;0;0;0;9180.0;11990.0;;0%
GGG_Blue_7759;59197687;489733354;RND233841868;'70;KZDOO;;7;'4.50;Чехлы;Чехол для смартфона;'0.36;'0.1;1;0;0;0;0;9180.0;11990.0;;0%
BBB_Titanium_3592;14955118;878294921;3,08664E+12;'70;KEEPHONE;;5;'5.00;Чехлы;Чехол для смартфона;'0.38;'0.1;0;0;0;0;0;3450.0;5090.0;;0%
DDD_Black_8635;45437720;194620229;9,19093E+12;'40;KEEPHONE;;1;'0.00;Чехлы;Чехол для смартфона;'0.38;'0.1;0;0;0;0;0;2850.0;4790.0;;0%
CCC_Green_9087;31910726;645153332;1,83912E+12;'45;KEEPHONE;;1;'0.00;Чехлы;Чехол для смартфона;'0.38;'0.1;2;0;0;0;0;5700.0;11990.0;;0%
CCC_Clear_4480;17280340;606134442;7,01673E+12;'45;KEEPHONE;;0;'0.00;Чехлы;Чехол для смартфона;'0.38;'0.1;1;0;0;0;0;4300.0;11990.0;;0%
GGG_Clear_8444;58295345;872530310;1,95012E+12;'70;KZDOO;;3;'4.80;Чехлы;Чехол для смартфона;'0.36;'0.1;6;0;10;0;0;4700.0;11990.0;;0%
EEE_Titanium_6892;52760747;819775296;RND946712251;'70;KZDOO;;1;'4.00;Чехлы;Чехол для смартфона;'0.36;'0.1;3;0;0;0;0;4700.0;11990.0;;0%
CCC_Purple_4258;17346178;152735702;4,38961E+12;'77.5;KZDOO;;21;'4.70;Чехлы;Чехол для смартфона;'0.36;'0.1;4;0;10;0;0;2900.0;11990.0;;0%
DDD_White_9113;97300398;537656310;RND989838886;'77.5;KZDOO;;25;'4.70;Чехлы;Чехол для смартфона;'0.36;'0.1;0;0;0;0;0;2490.0;2990.0;;0%
CCC_Green_3365;94780184;445478973;RND639256006;'77.5;KZDOO;;18;'4.70;Чехлы;Чехол для смартфона;'0.36;'0.1;5;0;0;0;0;2900.0;11990.0;;0%
GGG_Black_5174;28610359;947961029;RND785755558;'77.5;KZDOO;;75;'4.70;Чехлы;Чехол для смартфона;'0.36;'0.1;30;0;9;0;0;3162.0;11990.0;;0%
CCC_Green_8847;93866155;753011591;3,72388E+12;'77.5;KZDOO;;36;'4.70;Чехлы;Чехол для смартфона;'0.36;'0.1;9;0;10;0;0;2980.0;11990.0;;0%
GGG_Titanium_4026;29195433;639057109;6,6698E+12;'77.5;KZDOO;;39;'4.70;Чехлы;Чехол для смартфона;'0.36;'0.1;7;0;10;0;0;2980.0;11990.0;;0%
EEE_Clear_3126;64493994;479415407;5,33574E+12;'77.5;KZDOO;;10;'4.70;Чехлы;Чехол для смартфона;'0.36;'0.1;7;0;10;0;0;2980.0;11990.0;;0%
CCC_Black_1285;55594711;497235076;RND669725735;'87.5;KZDOO;;105;'4.70;Чехлы;Чехол для смартфона;'0.36;'0.1;15;0;10;0;0;3162.0;11990.0;;0%
CCC_Pink_6619;12001967;271880587;RND910904490;'77.5;KZDOO;;8;'4.70;Чехлы;Чехол для смартфона;'0.36;'0.1;6;0;10;0;0;2900.0;11990.0;;0%
EEE_Purple_6829;12494667;274873458;RND503730236;'77.5;KZDOO;;19;'4.70;Чехлы;Чехол для смартфона;'0.36;'0.1;7;0;10;0;0;2980.0;11990.0;;0%
FFF_Blue_4443;56052630;377543106;RND130010615;'77.5;KZDOO;;18;'4.60;Чехлы;Чехол для смартфона;'0.36;'0.1;1;0;10;0;0;2780.0;11990.0;;0%
BBB_Pink_6473;79237303;910641763;1,47292E+12;'77.5;KZDOO;;5;'4.60;Чехлы;Чехол для смартфона;'0.36;'0.1;7;0;0;0;0;2980.0;11990.0;;0%
CCC_Purple_7445;32997683;221000498;4,06964E+12;'77.5;KZDOO;;16;'4.60;Чехлы;Чехол для смартфона;'0.36;'0.1;3;0;0;0;0;2780.0;11990.0;;0%
EEE_Black_8254;87897147;775262168;RND282279926;'77.5;KZDOO;;46;'4.60;Чехлы;Чехол для смартфона;'0.36;'0.1;1;0;10;0;0;2780.0;11990.0;;0%
GGG_Pink_1893;47335358;414470960;RND819313357;'70;KZDOO;;9;'4.60;Чехлы;Чехол для смартфона;'0.36;'0.1;0;0;0;0;0;2780.0;11990.0;;0%
AAA_Blue_6809;18893470;921206969;2,35508E+12;'77.5;KZDOO;;15;'4.70;Чехлы;Чехол для смартфона;'0.36;'0.1;12;0;0;0;0;2780.0;11990.0;;0%
DDD_Clear_2056;30184321;176275845;5,28729E+12;'77.5;KZDOO;;19;'4.70;Чехлы;Чехол для смартфона;'0.36;'0.1;1;0;9;0;0;2780.0;11990.0;;0%
CCC_Purple_8405;13377517;688945426;RND233786515;'77.5;KZDOO;;64;'4.70;Чехлы;Чехол для смартфона;'0.36;'0.1;4;0;10;0;0;2780.0;11990.0;;0%
AAA_Purple_3253;74559111;415093709;RND494426848;'70;KZDOO;;2;'4.70;Чехлы;Чехол для смартфона;'0.36;'0.1;0;0;0;0;0;1390.0;1990.0;;0%
BBB_Green_6494;82562635;546910981;RND560326879;'77.5;KZDOO;;5;'4.70;Чехлы;Чехол для смартфона;'0.36;'0.1;2;0;0;0;0;2780.0;11990.0;;0%
GGG_Green_2022;95405398;437463218;RND579485519;'52.5;KZDOO;;33;'4.90;Чехлы;Чехол для смартфона;'0.36;'0.1;2;0;0;0;0;2100.0;7900.0;;0%
BBB_Black_7878;91592163;298858937;4,74882E+12;'52.5;KZDOO;;189;'4.90;Чехлы;Чехол для смартфона;'0.36;'0.1;2;0;0;0;0;2580.0;11990.0;;0%
GGG_Purple_5307;99772524;806617150;RND840655268;'52.5;KZDOO;;23;'4.90;Чехлы;Чехол для смартфона;'0.36;'0.1;0;0;0;0;0;1100.0;1990.0;;0%
GGG_Purple_5633;91964708;215758819;RND180367361;'52.5;KZDOO;;109;'4.90;Чехлы;Чехол для смартфона;'0.36;'0.1;0;0;0;0;0;2380.0;7900.0;;0%
AAA_Blue_9288;50394726;883194888;6,92172E+12;'65;Robiton;;20;'4.90;Батарейки и аккумуляторы;Батарейка;'0.01;'0.1;48;0;0;0;0;600.0;2900.0;;0%
DDD_Blue_4543;28732161;640551043;5,67773E+12;'77.5;Robiton;;24;'0.00;Батарейки и аккумуляторы;Батарейка;'0.01;'0.1;0;0;0;0;0;490.0;1100.0;;0%
GGG_Black_5356;64096625;398060403;7,93406E+12;'70;Robiton;;58;'4.90;Батарейки и аккумуляторы;Батарейка;'0.01;'0.1;161;0;152;0;0;700.0;2900.0;;0%
FFF_Purple_3751;60315278;535483836;8,15327E+12;'70;Robiton;;48;'4.90;Батарейки и аккумуляторы;Батарейка;'0.01;'0.1;4;0;56;0;0;1020.0;4900.0;;0%
AAA_Titanium_7555;54421974;886615784;RND858752290;'70;Robiton;;25;'4.90;Батарейки и аккумуляторы;Батарейка;'0.01;'0.1;2;0;0;0;0;520.0;2490.0;;0%
DDD_Blue_6449;93363944;740626746;8,90477E+12;'70;Robiton;;32;'4.90;Батарейки и аккумуляторы;Батарейка;'0.01;'0.1;2;0;0;0;0;580.0;2900.0;;0%
AAA_Green_9915;37600233;485482847;6,77182E+12;'70;Robiton;;17;'4.90;Батарейки и аккумуляторы;Батарейка;'0.01;'0.1;1;0;38;0;0;980.0;4900.0;;0%
GGG_Clear_9364;78206062;763185764;4,40149E+12;'70;Robiton;;92;'4.90;Батарейки и аккумуляторы;Батарейка;'0.02;'0.1;96;0;40;0;0;980.0;4900.0;;0%
EEE_Purple_9274;25744117;242947152;RND628887276;'70;Robiton;;92;'4.90;Батарейки и аккумуляторы;Батарейка;'0.05;'0.1;31;0;101;0;0;1440.0;4900.0;;0%
HHH_Pink_8731;78746042;501649578;RND829433302;'70;Robiton;;21;'5.00;Батарейки и аккумуляторы;Батарейка;'0.01;'0.1;58;0;150;0;0;560.0;2490.0;;0%
DDD_Clear_6349;25990523;762281400;RND994735702;'70;Robiton;;51;'5.00;Батарейки и аккумуляторы;Батарейка;'0.01;'0.1;49;0;71;0;0;680.0;2900.0;;0%
AAA_Black_2640;88663806;333774632;RND963072093;'70;Robiton;;14;'5.00;Батарейки и аккумуляторы;Батарейка;'0.02;'0.1;0;0;44;0;0;1020.0;4900.0;;0%
FFF_Blue_9955;86131619;153003108;RND829933646;'70;Robiton;;91;'4.80;Батарейки и аккумуляторы;Батарейка;'0.01;'0.1;62;0;0;0;0;640.0;2900.0;;0%
CCC_Clear_4340;13837776;356472440;RND280029231;'77.5;Robiton;;282;'4.80;Батарейки и аккумуляторы;Батарейка;'0.01;'0.1;171;0;74;0;0;900.0;2900.0;;0%
GGG_White_4936;42522552;586230397;RND182990884;'70;Robiton;;184;'4.80;Батарейки и аккумуляторы;Батарейка;'0.02;'0.1;29;0;44;0;0;1080.0;4900.0;;0%
BBB_Red_5004;70074612;477575518;1,93009E+12;'82.5;Robiton;;15;'4.60;Батарейки и аккумуляторы;Батарейка;'0.03;'0.1;1;0;6;0;0;2860.0;11990.0;;0%
GGG_Purple_1694;66519859;276576738;RND621693278;'70;Robiton;;3;'4.60;Батарейки и аккумуляторы;Батарейка;'0.07;'0.1;0;0;499;0;0;4900.0;11990.0;;0%
CCC_Titanium_7873;86076744;975467305;RND540499732;'70;Robiton;;93;'0.00;Батарейки и аккумуляторы;Батарейка;'0.03;'0.1;0;0;0;0;0;850.0;1490.0;;0%
DDD_Red_2385;12911883;198955434;RND755991622;'82.5;Robiton;;432;'4.90;Батарейки и аккумуляторы;Батарейка;'0.04;'0.1;55;0;35;0;0;680.0;2900.0;;0%
EEE_Purple_4483;33346489;732039106;RND324403517;'82.5;Robiton;;314;'4.90;Батарейки и аккумуляторы;Батарейка;'0.06;'0.1;95;0;15;0;0;1060.0;4900.0;;0%
EEE_Blue_2822;94632310;642153752;3,287E+12;'70;Robiton;;14;'4.90;Батарейки и аккумуляторы;Батарейка;'0.16;'0.1;1;0;9;0;0;1160.0;4900.0;;0%
FFF_Clear_3735;62021585;108735118;6,00936E+12;'70;Robiton;;146;'4.90;Батарейки и аккумуляторы;Батарейка;'0.24;'0.1;95;0;104;0;0;1860.0;7900.0;;0%
EEE_White_2537;60679385;945237473;8,22724E+12;'70;Robiton;;63;'4.90;Батарейки и аккумуляторы;Батарейка;'0.16;'0.1;0;0;80;0;0;1340.0;4900.0;;0%
HHH_Purple_7702;32717202;573183062;RND189339596;'70;Robiton;;141;'4.90;Батарейки и аккумуляторы;Батарейка;'0.24;'0.1;28;0;98;0;0;2320.0;7900.0;;0%
EEE_Green_9886;46518137;748517418;RND179093681;'82.5;Robiton;;263;'4.80;Батарейки и аккумуляторы;Батарейка;'0.05;'0.1;56;0;79;0;0;1560.0;4900.0;;0%
GGG_Clear_4484;84863522;101052240;8,94582E+12;'70;Robiton;;109;'4.80;Батарейки и аккумуляторы;Батарейка;'0.11;'0.1;52;0;100;0;0;2460.0;11990.0;;0%
DDD_Black_2486;29875570;351961668;RND699836858;'70;Robiton;;178;'4.90;Батарейки и аккумуляторы;Батарейка;'0.01;'0.1;51;0;110;0;0;660.0;2900.0;;0%
BBB_Black_9198;49649549;157529339;9,5572E+12;'70;Robiton;;193;'4.90;Батарейки и аккумуляторы;Батарейка;'0.02;'0.1;7;0;476;0;0;880.0;2900.0;;0%
CCC_Green_7276;41999620;844249397;RND988145110;'70;Robiton;;78;'4.90;Батарейки и аккумуляторы;Батарейка;'0.03;'0.1;0;0;86;0;0;1420.0;4900.0;;0%
GGG_Clear_4848;28663473;736057209;RND832448820;'70;Robiton;;53;'5.00;Батарейки и аккумуляторы;Батарейка;'0.01;'0.1;0;0;88;0;0;720.0;2900.0;;0%
HHH_Black_4225;52067394;667667379;8,4915E+12;'70;Robiton;;190;'5.00;Батарейки и аккумуляторы;Батарейка;'0.03;'0.1;3;0;468;0;0;940.0;2900.0;;0%
DDD_Red_2803;77990161;361921702;7,44602E+12;'77.5;Robiton;;79;'5.00;Батарейки и аккумуляторы;Батарейка;'0.07;'0.1;1;0;72;0;0;1460.0;4900.0;;0%
CCC_Blue_6413;49991507;201876349;4,72291E+12;'70;KEEPHONE;;5;'4.80;Чехлы;Чехол для смартфона;'0.41;'0.1;3;0;2;0;0;11990.0;11990.0;;0%
BBB_Purple_2912;68942875;588081975;RND245965525;'70;KEEPHONE;;22;'4.90;Чехлы;Чехол для смартфона;'0.41;'0.1;5;1;10;0;0;5990.0;11990.0;;0%
AAA_Pink_4756;62235684;903125475;1,80722E+12;'90;KEEPHONE;;301;'4.80;Чехлы;Чехол для смартфона;'0.39;'0.1;83;1;10;0;0;5980.0;11990.0;;0%
FFF_Clear_8370;92727952;855259665;RND721994899;'70;KEEPHONE;;112;'4.90;Чехлы;Чехол для смартфона;'0.48;'0.1;0;0;0;0;0;2650.0;3490.0;;0%
EEE_Green_9742;35421823;495473001;RND230757446;'70;Robiton;;27;'4.80;Батарейки и аккумуляторы;Батарейка;'0.02;'0.1;2;0;5;0;0;860.0;2900.0;;0%
AAA_Black_9762;58452083;340418054;8,43069E+12;'70;Robiton;;10;'4.80;Батарейки и аккумуляторы;Батарейка;'0.03;'0.2;0;0;0;0;0;690.0;1090.0;;0%
EEE_Pink_4898;18386274;428131110;RND463536535;'70;Robiton;;41;'4.80;Батарейки и аккумуляторы;Батарейка;'0.21;'0.5;1;0;32;0;0;2900.0;11990.0;;0%
GGG_Blue_2566;27378295;766401956;RND678305707;'70;Robiton;;41;'4.70;Батарейки и аккумуляторы;Батарейка;'0.01;'0.1;12;0;1;0;0;900.0;2900.0;;0%
EEE_Green_3323;84888512;734535044;RND112978479;'70;Robiton;;36;'4.70;Батарейки и аккумуляторы;Батарейка;'0.14;'0.2;0;0;0;0;0;1250.0;1990.0;;0%
BBB_Purple_8018;68149765;985601999;3,59838E+12;'70;Robiton;;42;'4.80;Батарейки и аккумуляторы;Аккумуляторная батарейка;'0.02;'0.1;10;0;0;0;0;3380.0;11990.0;;0%
FFF_White_5263;58519965;509046242;4,87559E+12;'70;Robiton;;26;'4.80;Батарейки и аккумуляторы;Аккумуляторная батарейка;'0.04;'0.1;3;0;7;0;0;5800.0;11990.0;;0%
EEE_Green_9795;46303448;713243624;RND897656376;'70;Robiton;;30;'4.80;Батарейки и аккумуляторы;Аккумуляторная батарейка;'0.09;'0.2;3;0;0;0;0;10400.0;11990.0;;0%
EEE_Purple_9678;34751007;917704807;RND807225686;'70;Robiton;;126;'4.70;Батарейки и аккумуляторы;Аккумуляторная батарейка;'0.01;'0.1;26;0;495;0;0;1980.0;7900.0;;0%
AAA_Clear_6434;95808454;545883439;RND696890958;'70;Robiton;;165;'4.70;Батарейки и аккумуляторы;Аккумуляторная батарейка;'0.03;'0.1;10;0;480;0;0;3600.0;11990.0;;0%
GGG_Pink_7425;91311644;993636921;9,24588E+12;'70;Robiton;;93;'4.70;Батарейки и аккумуляторы;Аккумуляторная батарейка;'0.06;'0.1;5;0;487;0;0;6200.0;11990.0;;0%
GGG_Purple_7302;64089075;534082647;4,00436E+12;'70;Robiton;;6;'5.00;Батарейки и аккумуляторы;Аккумуляторная батарейка;'0.11;'0.1;0;0;0;0;0;4600.0;11990.0;;0%
EEE_Pink_7794;70867197;778648943;1,15337E+12;'70;Robiton;;11;'5.00;Батарейки и аккумуляторы;Аккумуляторная батарейка;'0.22;'0.1;0;0;0;0;0;8200.0;11990.0;;0%
FFF_Green_3427;91669332;950639470;6,30427E+12;'70;Robiton;;5;'5.00;Батарейки и аккумуляторы;Аккумуляторная батарейка;'0.43;'0.2;0;0;0;0;0;11990.0;11990.0;;0%
AAA_Titanium_6208;21059414;589981340;RND395873119;'70;Robiton;;15;'4.80;Батарейки и аккумуляторы;Аккумуляторная батарейка;'0.03;'0.1;5;0;0;0;0;2100.0;7900.0;;0%
CCC_Green_2957;42464834;309828091;RND133630876;'70;Robiton;;41;'4.80;Батарейки и аккумуляторы;Аккумуляторная батарейка;'0.06;'0.1;6;0;20;0;0;3400.0;11990.0;;0%
EEE_Black_6295;98875006;925134911;9,82027E+12;'70;Robiton;;28;'4.80;Батарейки и аккумуляторы;Аккумуляторная батарейка;'0.11;'0.2;0;0;0;0;0;2500.0;3290.0;;0%
CCC_Red_8685;30038596;226840473;2,72789E+12;'45;KEEPHONE;;0;'0.00;Чехлы;Чехол для смартфона;'0.38;'0.1;0;0;0;0;0;2150.0;2990.0;;0%
GGG_Red_8906;70591490;583041496;RND816905756;'70;KEEPHONE;;12;'4.80;Чехлы;Чехол для смартфона;'0.38;'0.1;0;0;0;0;0;3500.0;5290.0;;0%
CCC_Titanium_8246;47547508;972132556;RND713967331;'70;;;11;'5.00;Чехлы;;'0.36;'0.1;0;0;0;0;0;10380.0;11990.0;;0%
HHH_Black_4644;95925500;570467567;RND365318815;'77.5;KEEPHONE;;2;'0.00;Чехлы;Чехол для смартфона;'0.48;'0.1;7;0;0;0;0;5100.0;11990.0;;0%
FFF_Black_3652;24644733;204693598;8,11454E+12;'70;KEEPHONE;;73;'4.80;Чехлы;Чехол для смартфона;'0.48;'0.1;0;0;0;0;0;3477.0;4250.0;;0%
BBB_Pink_2547;42995511;948827496;RND221292726;'70;KEEPHONE;;51;'5.00;Чехлы;Чехол для смартфона;'0.48;'0.1;0;0;0;0;0;3190.0;4250.0;;0%
AAA_Clear_7272;61471133;919508620;RND811033965;'65;Robiton;;9;'3.70;Батарейки и аккумуляторы;Аккумуляторная батарейка;'0.20;'0.1;3;0;0;0;0;3800.0;11990.0;;0%
CCC_Pink_7226;52732703;981028659;RND254552376;'65;Robiton;;3;'3.70;Батарейки и аккумуляторы;Аккумуляторная батарейка;'0.41;'0.1;0;0;2;0;0;6200.0;11990.0;;0%
GGG_Green_7035;10991330;240790626;RND230779116;'65;Robiton;;5;'4.20;Батарейки и аккумуляторы;Аккумуляторная батарейка;'0.15;'0.1;3;0;4;0;0;2600.0;11990.0;;0%
EEE_Blue_3320;79101202;698393481;8,30776E+12;'65;Robiton;;3;'4.20;Батарейки и аккумуляторы;Аккумуляторная батарейка;'0.31;'0.1;1;0;0;0;0;3780.0;11990.0;;0%
BBB_Clear_2976;87706785;814991454;1,73539E+12;'62.5;KZDOO;;238;'4.70;Чехлы;Чехол для смартфона;'0.36;'0.1;0;0;0;0;0;3180.0;11990.0;;0%
CCC_Clear_4137;59157402;848568873;RND456546474;'52.5;KZDOO;;173;'4.60;Чехлы;Чехол для смартфона;'0.36;'0.1;1;0;0;0;0;3100.0;11990.0;;0%
DDD_White_9097;24499014;439645384;6,3293E+12;'45;KZDOO;;161;'4.60;Чехлы;Чехол для смартфона;'0.36;'0.1;17;0;0;0;0;3180.0;11990.0;;0%
FFF_Titanium_9574;78722650;828518768;RND608829649;'70;KZDOO;;26;'4.80;Чехлы;Чехол для смартфона;'0.36;'0.1;9;0;5;0;0;9180.0;11990.0;;0%
EEE_Pink_4218;72952203;932286552;1,16794E+12;'77.5;KZDOO;;70;'4.70;Чехлы;Чехол для смартфона;'0.36;'0.1;15;0;8;0;0;6738.0;11990.0;;0%
HHH_White_4631;24565729;975968568;7,13683E+12;'70;KZDOO;;16;'4.50;Чехлы;Чехол для смартфона;'0.36;'0.1;3;0;1;0;0;9180.0;11990.0;;0%
DDD_Green_9844;15211947;417686444;2,18593E+12;'70;KZDOO;;77;'4.90;Чехлы;Чехол для смартфона;'0.36;'0.1;2;0;9;0;0;6738.0;11990.0;;0%
GGG_Blue_3143;50877595;873108366;6,14993E+12;'70;KEEPHONE;;4;'4.60;Чехлы;Чехол для смартфона;'0.38;'0.1;0;0;0;0;0;3350.0;5290.0;;0%
GGG_Pink_2020;44062204;908617591;RND190163618;'70;K-DOO;;4;'4.60;Чехлы;Чехол для смартфона;'0.36;'0.1;0;0;0;0;0;5380.0;11990.0;;0%
BBB_Black_4746;13642174;358043036;8,05876E+12;'45;KZDOO;;0;'0.00;Чехлы;Чехол для смартфона;'0.36;'0.1;1;0;1;0;0;5500.0;11990.0;;0%
HHH_Green_6659;40911969;977958910;1,71911E+12;'45;KZDOO;;0;'5.00;Чехлы;Чехол для смартфона;'0.36;'0.1;0;0;0;0;0;6090.0;9000.0;;0%
AAA_Pink_6484;60672089;492012093;9,80443E+12;'45;KZDOO;;0;'5.00;Чехлы;Чехол для смартфона;'0.36;'0.1;2;0;0;0;0;11990.0;11990.0;;0%
AAA_White_5168;78884710;251137131;RND844829322;'77.5;KZDOO;;4;'5.00;Чехлы;Чехол для смартфона;'0.36;'0.1;1;0;10;0;0;11990.0;11990.0;;0%
HHH_Green_4614;53249946;140421769;4,51242E+12;'55;KZDOO;;141;'4.80;Чехлы;Чехол для смартфона;'0.36;'0.1;0;0;0;0;0;1624.0;2350.0;;0%
FFF_Clear_3563;14809114;277305383;9,00168E+12;'80;KZDOO;;117;'4.80;Чехлы;Чехол для смартфона;'0.36;'0.1;34;0;19;0;0;2980.0;11990.0;;0%
BBB_Black_9984;84867052;380364090;RND797103292;'70;KZDOO;;18;'5.00;Чехлы;Чехол для смартфона;'0.36;'0.1;7;0;10;0;0;3980.0;11990.0;;0%
FFF_Green_9273;21286645;450279333;RND708992898;'52.5;KZDOO;;56;'4.90;Чехлы;Чехол для смартфона;'0.36;'0.1;3;0;0;0;0;2200.0;7900.0;;0%
CCC_Titanium_7668;26677770;193843548;6,72564E+12;'70;KEEPHONE;;13;'4.90;Чехлы;Чехол для смартфона;'0.38;'0.1;0;0;0;0;0;3700.0;11990.0;;0%
BBB_Clear_6099;39478464;339972463;7,97525E+12;'70;KEEPHONE;;3;'4.60;Чехлы;Чехол для смартфона;'0.38;'0.1;1;0;0;0;0;3700.0;11990.0;;0%
HHH_Clear_8794;80507859;180735867;RND647032450;'70;KZDOO;;12;'4.80;Чехлы;Чехол для смартфона;'2.20;'0.4;2;0;10;0;0;3500.0;11990.0;;0%
GGG_Titanium_1488;44901759;698233640;5,97108E+12;'70;KZDOO;;2;'4.80;Чехлы;Чехол для смартфона;'2.20;'0.4;4;0;0;0;0;3500.0;11990.0;;0%
AAA_Green_6938;41460381;871302033;6,15358E+12;'70;KZDOO;;62;'4.70;Чехлы;Чехол для смартфона;'0.36;'0.1;10;0;9;0;0;3816.0;11990.0;;0%
DDD_White_5998;12307278;615621376;6,23617E+12;'77.5;KZDOO;;78;'4.80;Чехлы;Чехол для смартфона;'0.36;'0.1;1;0;0;0;0;7522.0;11990.0;;0%
GGG_Pink_5720;47113990;351369158;RND246803997;'70;KZDOO;;14;'4.80;Чехлы;Чехол для смартфона;'0.36;'0.1;14;0;10;0;0;6900.0;11990.0;;0%
DDD_Titanium_1016;54781961;263160914;7,27951E+12;'70;KZDOO;;16;'4.80;Чехлы;Чехол для смартфона;'0.36;'0.1;1;0;0;0;0;7522.0;11990.0;;0%
HHH_Black_2849;35771482;199124078;3,17455E+12;'70;KZDOO;;1;'5.00;Чехлы;Чехол для смартфона;'0.36;'0.1;1;0;0;0;0;6638.0;11990.0;;0%
HHH_Pink_8063;71734525;973650423;8,44447E+12;'45;KZDOO;;5;'5.00;Чехлы;Чехол для смартфона;'0.36;'0.1;20;1;10;0;0;2200.0;7900.0;;0%
AAA_Blue_4026;73335500;295237357;RND950738472;'45;KZDOO;;10;'4.70;Чехлы;Чехол для смартфона;'0.36;'0.1;4;0;10;0;0;5980.0;11990.0;;0%
BBB_Blue_6933;32712151;222381392;RND736806900;'45;KZDOO;;14;'4.70;Чехлы;Чехол для смартфона;'0.36;'0.1;1;0;10;0;0;5980.0;11990.0;;0%
GGG_Red_7442;81893634;315917844;4,59785E+12;'45;KZDOO;;12;'4.70;Чехлы;Чехол для смартфона;'0.36;'0.1;4;0;9;0;0;5980.0;11990.0;;0%
FFF_Purple_2971;84168282;264942263;7,31897E+12;'45;KZDOO;;49;'4.70;Чехлы;Чехол для смартфона;'0.36;'0.1;11;0;0;0;0;3980.0;11990.0;;0%
FFF_Titanium_8960;12133233;592011493;RND759368479;'70;KZDOO;;31;'4.90;Чехлы;Чехол для смартфона;'0.36;'0.1;11;0;0;0;0;4100.0;11990.0;;0%
GGG_Red_8930;69113632;983886330;1,4081E+12;'70;KZDOO;;17;'5.00;Чехлы;Чехол для смартфона;'0.36;'0.1;0;0;0;0;0;2100.0;3850.0;;0%
FFF_Clear_1289;55765055;467841969;RND944451733;'70;KZDOO;;77;'4.70;Чехлы;Чехол для смартфона;'0.36;'0.1;85;0;0;0;0;2980.0;11990.0;;0%
CCC_Green_8797;80809032;949036495;RND591792060;'45;KZDOO;;12;'4.40;Чехлы;Чехол для смартфона;'0.36;'0.1;19;0;0;0;0;2100.0;7900.0;;0%
EEE_Black_7932;86731291;332704319;5,11217E+12;'45;KZDOO;;29;'4.60;Чехлы;Чехол для смартфона;'0.36;'0.1;3;1;0;0;0;3100.0;11990.0;;0%
BBB_Purple_4146;99230127;427044931;8,63838E+12;'70;KZDOO;;37;'4.70;Чехлы;Чехол для смартфона;'0.40;'0.1;9;0;10;0;0;2980.0;11990.0;;0%
BBB_Black_2129;48819696;889193037;2,92901E+12;'70;KZDOO;;14;'4.90;Чехлы;Чехол для наушников;'0.30;'0.1;14;0;10;0;0;5100.0;11990.0;;0%
HHH_Pink_7554;15752189;835545947;RND992495291;'70;KZDOO;;2;'4.90;Чехлы;Чехол для наушников;'0.30;'0.1;2;0;10;0;0;5100.0;11990.0;;0%
CCC_White_6266;63259901;321085775;1,31476E+12;'70;KZDOO;;7;'4.90;Чехлы;Чехол для наушников;'0.30;'0.1;9;0;10;0;0;5100.0;11990.0;;0%
BBB_Black_3665;77056010;583452502;RND213895797;'70;KZDOO;;62;'4.90;Чехлы;Чехол для наушников;'0.30;'0.1;8;0;5;0;0;5430.0;11990.0;;0%
EEE_Titanium_8452;23364814;159363408;3,75878E+12;'70;KZDOO;;19;'4.90;Чехлы;Чехол для наушников;'0.30;'0.1;4;0;10;0;0;5100.0;11990.0;;0%
HHH_White_3571;66097894;686689487;6,68698E+12;'70;KZDOO;;9;'4.90;Чехлы;Чехол для наушников;'0.30;'0.1;13;0;0;0;0;5100.0;11990.0;;0%
CCC_Clear_3162;71602389;683448808;RND665142565;'70;KZDOO;;4;'4.90;Чехлы;Чехол для наушников;'0.30;'0.1;10;0;0;0;0;5100.0;11990.0;;0%
FFF_Red_4458;67982365;480379161;5,22431E+12;'70;KZDOO;;5;'4.90;Чехлы;Чехол для наушников;'0.30;'0.1;0;0;0;0;0;5100.0;11990.0;;0%
HHH_Black_3782;91891061;953119128;RND823665853;'45;KZDOO;;38;'4.70;Чехлы;Чехол для смартфона;'0.36;'0.1;1;0;8;0;0;5980.0;11990.0;;0%
DDD_Red_4608;14737689;149738225;9,47527E+12;'70;;;0;'0.00;Чехлы;;'0.36;'0.1;0;0;1;0;0;10380.0;11990.0;;0%
FFF_Blue_4146;74566460;232037475;RND951567934;'45;KZDOO;;0;'4.80;Чехлы;Чехол для смартфона;'0.36;'0.1;2;0;0;0;0;11316.0;11990.0;;0%
FFF_Green_9542;25133263;879238000;RND269011020;'45;KZDOO;;0;'4.80;Чехлы;Чехол для смартфона;'0.36;'0.1;9;0;0;0;0;10780.0;11990.0;;0%
FFF_Titanium_6286;28302721;996372180;7,34802E+12;'70;KEEPHONE;;0;'0.00;Чехлы;Чехол для смартфона;'0.41;'0.1;5;0;0;0;0;6990.0;11990.0;;0%
EEE_Pink_7010;82538041;650361537;1,74097E+12;'70;KEEPHONE;;2;'5.00;Чехлы;Чехол для смартфона;'0.41;'0.1;1;0;0;0;0;5990.0;11990.0;;0%
HHH_Red_8358;61043170;900765500;RND144917540;'45;KEEPHONE;;0;'0.00;Чехлы;Чехол для смартфона;'0.28;'0.1;0;0;0;0;0;2690.0;4750.0;;0%
CCC_Black_7296;50339234;387814355;RND308708992;'70;KEEPHONE;;1;'5.00;Чехлы;Чехол для смартфона;'0.28;'0.1;0;0;0;0;0;2933.0;4750.0;;0%
BBB_Blue_2694;30512809;689258670;RND237271876;'45;KEEPHONE;;0;'0.00;Чехлы;Чехол для смартфона;'0.28;'0.1;0;0;0;0;0;2690.0;4750.0;;0%
AAA_Titanium_9014;96808638;139365803;RND424847138;'70;KEEPHONE;;1;'5.00;Чехлы;Чехол для смартфона;'0.28;'0.1;0;0;0;0;0;2933.0;4750.0;;0%
AAA_Black_9253;85687791;176346967;RND813293818;'70;KEEPHONE;;37;'5.00;Чехлы;Чехол для смартфона;'0.28;'0.1;2;0;9;0;0;5980.0;11990.0;;0%
AAA_Black_7343;72010900;854992506;RND963079260;'70;KEEPHONE;;37;'4.90;Чехлы;Чехол для смартфона;'0.28;'0.1;1;0;10;0;1;5980.0;11990.0;;0%
GGG_Black_5281;62592376;693334969;RND783374290;'70;KEEPHONE;;11;'5.00;Чехлы;Чехол для смартфона;'0.41;'0.1;0;0;0;0;0;6990.0;9490.0;;0%
DDD_Titanium_7638;11476432;212628432;3,38575E+12;'70;KEEPHONE;;19;'4.80;Чехлы;Чехол для смартфона;'0.39;'0.1;1;0;0;0;0;6380.0;11990.0;;0%
EEE_Titanium_7662;32826828;573746120;RND905695937;'70;KEEPHONE;;14;'4.40;Чехлы;Чехол для смартфона;'0.39;'0.1;15;0;0;0;0;6990.0;11990.0;;0%
CCC_Clear_6860;84347936;968987280;7,65795E+12;'80;KZDOO;;249;'4.80;Чехлы;Чехол для смартфона;'0.36;'0.1;13;0;0;0;0;3180.0;11990.0;;0%
GGG_White_9441;69586840;507569999;9,93113E+12;'80;KZDOO;;158;'4.70;Чехлы;Чехол для смартфона;'0.36;'0.1;2;0;0;0;0;3180.0;11990.0;;0%
AAA_Green_1858;92713858;492317119;7,98932E+12;'45;KZDOO;;18;'4.90;Чехлы;Чехол для смартфона;'0.36;'0.1;4;0;10;0;0;2180.0;7900.0;;0%
GGG_Pink_3942;32219595;953055515;8,96115E+12;'45;KZDOO;;22;'5.00;Чехлы;Чехол для смартфона;'0.36;'0.1;12;0;10;0;0;2200.0;7900.0;;0%
AAA_Purple_1560;16225379;195258473;4,36329E+12;'70;KEEPHONE;;4;'4.80;Чехлы;Чехол для смартфона;'0.41;'0.1;0;0;0;0;0;6190.0;8990.0;;0%
CCC_Red_5609;20586151;708368051;RND141794768;'45;KEEPHONE;;7;'4.80;Чехлы;Чехол для смартфона;'0.41;'0.1;0;0;0;0;0;6990.0;8990.0;;0%
AAA_Blue_6496;29108949;937766938;6,74719E+12;'70;KEEPHONE;;3;'4.80;Чехлы;Чехол для смартфона;'0.41;'0.1;0;0;0;0;0;6990.0;8990.0;;0%
BBB_Clear_6493;11165756;808218736;6,96561E+12;'70;KEEPHONE;;9;'4.80;Чехлы;Чехол для смартфона;'0.41;'0.1;14;0;10;0;0;6490.0;11990.0;;0%
EEE_Green_1464;82503737;991035433;6,19233E+12;'70;KZDOO;;59;'4.70;Чехлы;Чехол для смартфона;'0.36;'0.1;1;0;10;0;0;3380.0;11990.0;;0%
EEE_Blue_2638;26726668;869378637;RND131859411;'70;KZDOO;;15;'4.70;Чехлы;Чехол для смартфона;'0.36;'0.1;5;0;5;0;0;3180.0;11990.0;;0%
HHH_Black_9412;46536130;723246958;RND145455981;'70;KEEPHONE;;8;'5.00;Чехлы;Чехол для смартфона;'0.60;'0.1;0;0;0;0;0;3690.0;6250.0;;0%
AAA_Blue_3186;57648642;947068628;7,14789E+12;'70;KEEPHONE;;17;'5.00;Чехлы;Чехол для смартфона;'0.60;'0.1;5;0;10;0;0;7380.0;11990.0;;0%
FFF_White_9121;68959314;518330465;RND736442004;'70;KEEPHONE;;8;'5.00;Чехлы;Чехол для смартфона;'0.60;'0.1;10;0;0;0;0;7580.0;11990.0;;0%
FFF_Red_8076;84862533;240470262;6,59636E+12;'70;KEEPHONE;;6;'5.00;Чехлы;Чехол для смартфона;'0.60;'0.1;1;0;0;0;0;7580.0;11990.0;;0%
EEE_Blue_5688;32639679;790770098;8,36397E+12;'70;KEEPHONE;;8;'4.90;Чехлы;Чехол для смартфона;'0.41;'0.1;0;0;0;0;0;6990.0;8990.0;;0%
BBB_Red_7529;51304009;545512520;4,17056E+12;'70;KEEPHONE;;4;'4.90;Чехлы;Чехол для смартфона;'0.41;'0.1;0;0;0;0;0;6990.0;8990.0;;0%
FFF_Blue_7743;33858877;659171938;3,78914E+12;'70;KEEPHONE;;2;'4.90;Чехлы;Чехол для смартфона;'0.41;'0.1;0;0;0;0;0;6990.0;8990.0;;0%
HHH_Black_6985;60361309;973977301;RND156075204;'70;KEEPHONE;;16;'4.90;Чехлы;Чехол для смартфона;'0.41;'0.1;3;0;2;0;1;6490.0;11990.0;;0%
EEE_Blue_5790;43776637;844203983;RND442133580;'45;KZDOO;;16;'4.70;Чехлы;Чехол для смартфона;'0.36;'0.1;1;0;9;0;0;5980.0;11990.0;;0%
AAA_Black_1577;94828431;750607816;6,26389E+12;'70;KZDOO;;21;'4.70;Чехлы;Чехол для смартфона;'0.36;'0.1;0;0;14;0;0;3180.0;11990.0;;0%
AAA_Green_9615;45765450;851064468;RND928088673;'45;KZDOO;;42;'4.70;Чехлы;Чехол для смартфона;'0.36;'0.1;10;0;10;0;0;3180.0;11990.0;;0%
CCC_Red_9477;90424966;567129774;RND507422409;'70;KZDOO;;15;'4.60;Чехлы;Чехол для смартфона;'0.36;'0.1;0;0;0;0;0;1550.0;2350.0;;0%
FFF_Green_5405;71114241;843515272;RND663720847;'70;KZDOO;;14;'4.60;Чехлы;Чехол для смартфона;'0.36;'0.1;0;0;0;0;0;1550.0;3000.0;;0%
FFF_Pink_7016;82471173;431156607;6,13409E+12;'45;KZDOO;;42;'4.60;Чехлы;Чехол для смартфона;'0.36;'0.1;80;1;0;0;0;3100.0;11990.0;;0%
EEE_White_5636;50625074;344360070;7,34276E+12;'45;KZDOO;;4;'4.70;Чехлы;Чехол для смартфона;'0.36;'0.1;3;0;10;0;0;5980.0;11990.0;;0%
EEE_Pink_1768;38203618;579259860;8,21528E+12;'45;KZDOO;;3;'4.70;Чехлы;Чехол для смартфона;'0.36;'0.1;3;0;0;0;0;5980.0;11990.0;;0%
BBB_Pink_7897;84867398;826646498;RND696239662;'70;KZDOO;;31;'4.80;Чехлы;Чехол для смартфона;'0.36;'0.1;1;0;0;0;0;2980.0;11990.0;;0%
AAA_Clear_7073;48759312;248033294;6,13204E+12;'70;KZDOO;;21;'4.80;Чехлы;Чехол для смартфона;'0.36;'0.1;0;0;0;0;0;1490.0;2990.0;;0%
GGG_Pink_5430;64327413;984617145;RND418170889;'70;KZDOO;;34;'4.80;Чехлы;Чехол для смартфона;'0.36;'0.1;4;0;10;0;0;3100.0;11990.0;;0%
FFF_Green_9071;97043253;748601222;9,83396E+12;'70;KZDOO;;45;'4.80;Чехлы;Чехол для смартфона;'0.36;'0.1;9;0;10;0;0;3100.0;11990.0;;0%
GGG_Pink_7446;50164097;338302943;5,40755E+12;'70;KZDOO;;16;'4.80;Чехлы;Чехол для смартфона;'0.36;'0.1;17;0;10;0;0;2880.0;11990.0;;0%
HHH_Black_9818;10052142;967724450;7,32733E+12;'70;KZDOO;;32;'4.80;Чехлы;Чехол для смартфона;'0.36;'0.1;2;0;0;0;0;2880.0;11990.0;;0%
FFF_White_2721;36128939;647801863;4,416E+12;'70;KZDOO;;17;'4.80;Чехлы;Чехол для смартфона;'0.36;'0.1;1;0;0;0;0;2880.0;11990.0;;0%
FFF_Green_7357;22020509;976763221;1,55284E+12;'70;KZDOO;;25;'4.80;Чехлы;Чехол для смартфона;'0.36;'0.1;0;0;0;0;0;1490.0;2350.0;;0%
CCC_Green_7884;72155725;592725443;4,83472E+12;'45;KZDOO;;0;'5.00;Чехлы;Чехол для смартфона;'0.36;'0.1;9;0;0;0;0;5648.0;11990.0;;0%
AAA_Purple_3107;29166875;949976260;RND105080264;'45;KZDOO;;2;'5.00;Чехлы;Чехол для смартфона;'0.36;'0.1;6;0;0;0;0;5180.0;11990.0;;0%
HHH_Green_2539;24115955;812495654;RND273677353;'45;KZDOO;;0;'5.00;Чехлы;Чехол для смартфона;'0.36;'0.1;3;0;0;0;0;5180.0;11990.0;;0%
CCC_Green_8093;93597618;562142140;RND102988468;'45;KZDOO;;0;'5.00;Чехлы;Чехол для смартфона;'0.36;'0.1;0;0;0;0;0;5648.0;11990.0;;0%
DDD_Titanium_8491;73366984;485672027;RND921335018;'45;KZDOO;;0;'5.00;Чехлы;Чехол для смартфона;'0.36;'0.1;4;0;0;0;0;5648.0;11990.0;;0%
GGG_Pink_4591;18156492;933846547;RND120700965;'70;KZDOO;;22;'4.70;Чехлы;Чехол для смартфона;'1.47;'0.3;10;0;10;0;0;5980.0;11990.0;;0%
EEE_Red_8950;82438067;236883873;RND361953653;'70;KZDOO;;13;'4.70;Чехлы;Чехол для смартфона;'0.36;'0.1;5;0;10;0;0;5980.0;11990.0;;0%
DDD_Blue_3167;99235800;452176744;4,0686E+12;'70;KZDOO;;0;'4.70;Чехлы;Чехол для смартфона;'0.36;'0.1;0;0;10;0;0;5980.0;11990.0;;0%
BBB_Blue_5229;65461995;295819165;6,81275E+12;'70;KZDOO;;6;'4.70;Чехлы;Чехол для смартфона;'0.36;'0.1;1;0;10;0;0;5980.0;11990.0;;0%
BBB_Purple_6571;44760063;965942402;9,02329E+12;'70;KZDOO;;5;'4.70;Чехлы;Чехол для смартфона;'0.36;'0.1;18;0;10;0;0;5980.0;11990.0;;0%
HHH_Blue_6459;92519435;868000837;RND706884991;'70;KZDOO;;7;'4.70;Чехлы;Чехол для смартфона;'0.36;'0.1;3;0;0;0;0;5980.0;11990.0;;0%
EEE_Titanium_6804;36225094;253906013;2,41561E+12;'70;KZDOO;;7;'4.70;Чехлы;Чехол для смартфона;'0.36;'0.1;13;0;0;0;0;5980.0;11990.0;;0%
AAA_Pink_3843;64705344;652098538;5,91214E+12;'45;KZDOO;;0;'0.00;Чехлы;Чехол для смартфона;'0.36;'0.1;5;0;0;0;0;6638.0;11990.0;;0%
BBB_Black_5404;22843017;785906872;RND149193681;'45;KZDOO;;0;'0.00;Чехлы;Чехол для смартфона;'0.36;'0.1;5;0;0;0;0;6090.0;11990.0;;0%
GGG_Purple_2856;35690160;785292182;9,45705E+12;'70;KZDOO;;0;'5.00;Чехлы;Чехол для смартфона;'0.36;'0.1;10;0;0;0;0;5648.0;11990.0;;0%
GGG_Red_6138;72357603;336561684;RND129499599;'70;KZDOO;;1;'5.00;Чехлы;Чехол для смартфона;'0.36;'0.1;2;0;0;0;0;5180.0;11990.0;;0%
GGG_Black_5508;87709977;475692601;6,28892E+12;'70;KZDOO;;2;'5.00;Чехлы;Чехол для смартфона;'0.36;'0.1;2;0;0;0;0;5648.0;11990.0;;0%
CCC_Red_5961;86754449;809182995;RND247719692;'45;KZDOO;;3;'5.00;Чехлы;Чехол для смартфона;'0.36;'0.1;4;0;0;0;0;5648.0;11990.0;;0%
AAA_Purple_3038;33191023;651262113;7,60124E+12;'70;KZDOO;;3;'5.00;Чехлы;Чехол для смартфона;'0.36;'0.1;4;1;0;0;0;5180.0;11990.0;;0%
EEE_Black_5621;11723919;864156168;8,03661E+12;'70;KZDOO;;11;'4.70;Чехлы;Чехол для смартфона;'0.36;'0.1;3;0;0;0;0;3180.0;11990.0;;0%
CCC_Blue_1631;37316597;118876525;RND687282037;'70;KZDOO;;10;'4.70;Чехлы;Чехол для смартфона;'0.36;'0.1;4;0;0;0;0;3180.0;11990.0;;0%
HHH_Titanium_5754;15528480;273626782;9,58327E+12;'70;KZDOO;;16;'4.70;Чехлы;Чехол для смартфона;'0.36;'0.1;3;0;10;0;0;3100.0;11990.0;;0%
EEE_Pink_1140;60654307;884819204;5,11044E+12;'70;KZDOO;;28;'4.70;Чехлы;Чехол для смартфона;'0.36;'0.1;4;0;10;0;0;3100.0;11990.0;;0%
HHH_Green_7454;95861697;187798288;RND222342785;'70;KZDOO;;2;'4.70;Чехлы;Чехол для смартфона;'0.36;'0.1;2;0;0;0;0;2980.0;11990.0;;0%
BBB_Clear_5799;79145863;682112816;RND676048474;'70;KZDOO;;8;'4.70;Чехлы;Чехол для смартфона;'0.36;'0.1;6;0;10;0;0;2980.0;11990.0;;0%
HHH_Purple_1302;62448369;392436091;7,48286E+12;'70;KZDOO;;7;'4.70;Чехлы;Чехол для смартфона;'0.36;'0.1;4;0;0;0;0;2980.0;11990.0;;0%
GGG_Titanium_7570;25273810;179393254;RND504343738;'70;KZDOO;;13;'4.70;Чехлы;Чехол для смартфона;'0.36;'0.1;2;0;0;0;0;2980.0;11990.0;;0%
GGG_Black_9644;56908719;100827260;RND496030548;'45;KZDOO;;2;'5.00;Чехлы;Чехол для смартфона;'0.36;'0.1;2;0;0;0;0;5980.0;11990.0;;0%
CCC_Black_9622;99973635;131197966;7,87434E+12;'45;KZDOO;;2;'5.00;Чехлы;Чехол для смартфона;'0.36;'0.1;1;0;0;0;0;5980.0;11990.0;;0%
HHH_Blue_5098;68446959;141244992;6,67453E+12;'45;KZDOO;;1;'5.00;Чехлы;Чехол для смартфона;'0.36;'0.1;0;0;0;0;0;5980.0;11990.0;;0%
FFF_Black_2193;38609788;507437115;RND776766274;'45;KZDOO;;0;'5.00;Чехлы;Чехол для смартфона;'0.36;'0.1;3;0;5;0;0;5980.0;11990.0;;0%
AAA_Purple_3049;39196346;670324375;RND616832255;'45;KZDOO;;1;'5.00;Чехлы;Чехол для смартфона;'0.36;'0.1;2;0;0;0;0;5980.0;11990.0;;0%
GGG_White_9632;41865954;738006722;RND134867601;'45;KZDOO;;7;'5.00;Чехлы;Чехол для смартфона;'0.36;'0.1;0;0;10;0;0;5980.0;11990.0;;0%
DDD_Titanium_4062;64474460;781401704;RND989338021;'45;KZDOO;;0;'5.00;Чехлы;Чехол для смартфона;'0.36;'0.1;2;0;0;0;0;6520.0;11990.0;;0%
BBB_Pink_5147;13739750;288395712;6,23849E+12;'70;KZDOO;;3;'5.00;Чехлы;Чехол для смартфона;'0.36;'0.1;0;0;0;0;0;6090.0;11990.0;;0%
GGG_Pink_4100;59404266;309760184;RND430041718;'70;KZDOO;;1;'5.00;Чехлы;Чехол для смартфона;'0.36;'0.1;4;0;0;0;0;6090.0;11990.0;;0%
AAA_Pink_5462;13393820;866066762;8,54302E+12;'70;KZDOO;;1;'4.30;Чехлы;Чехол для смартфона;'0.36;'0.1;4;0;0;0;0;5180.0;11990.0;;0%
FFF_Clear_9409;59917650;297677257;8,66981E+12;'70;KZDOO;;1;'4.30;Чехлы;Чехол для смартфона;'0.36;'0.1;2;0;0;0;0;5648.0;11990.0;;0%
EEE_Purple_5001;10060494;490710028;RND633247025;'70;KZDOO;;1;'4.30;Чехлы;Чехол для смартфона;'0.36;'0.1;3;0;0;0;0;5180.0;11990.0;;0%
BBB_White_5235;29540923;119996015;1,46318E+12;'70;KZDOO;;0;'4.30;Чехлы;Чехол для смартфона;'0.36;'0.1;4;0;0;0;0;5180.0;11990.0;;0%
EEE_Black_2767;84503528;819990836;1,84994E+12;'70;KZDOO;;1;'4.30;Чехлы;Чехол для смартфона;'0.36;'0.1;2;0;0;0;0;5648.0;11990.0;;0%
HHH_White_4628;10425403;145172414;RND279259573;'70;KEEPHONE;;8;'4.80;Чехлы;Чехол для смартфона;'0.38;'0.1;0;0;0;0;0;3500.0;5290.0;;0%
FFF_Blue_2457;47344384;388986950;2,14266E+12;'70;KZDOO;;5;'4.70;Чехлы;Чехол для смартфона;'0.36;'0.1;4;0;0;0;0;3980.0;11990.0;;0%
AAA_Clear_6277;52308782;415309425;3,17914E+12;'70;KZDOO;;17;'4.70;Чехлы;Чехол для смартфона;'0.36;'0.1;5;0;10;0;0;3980.0;11990.0;;0%
GGG_Pink_9388;64330327;805815605;8,46427E+12;'77.5;KZDOO;;75;'4.80;Чехлы;Чехол для смартфона;'0.36;'0.1;1;0;7;0;0;3100.0;11990.0;;0%
CCC_Green_5247;67734976;500952503;RND751891771;'77.5;KZDOO;;190;'4.80;Чехлы;Чехол для смартфона;'0.36;'0.1;169;2;10;0;0;4980.0;11990.0;;0%
HHH_Red_3578;57636631;371413097;RND857487409;'77.5;KZDOO;;12;'4.80;Чехлы;Чехол для смартфона;'0.36;'0.1;9;0;8;0;0;3100.0;11990.0;;0%
HHH_Titanium_3434;39535140;406556062;7,38832E+12;'77.5;KZDOO;;17;'4.80;Чехлы;Чехол для смартфона;'1.65;'0.3;13;0;10;0;0;3100.0;11990.0;;0%
GGG_Red_9072;77137463;153028936;RND420567953;'77.5;KZDOO;;24;'4.80;Чехлы;Чехол для смартфона;'0.36;'0.1;0;0;0;0;0;1550.0;11990.0;;0%
GGG_Purple_4715;20762733;897363443;3,37883E+12;'77.5;KZDOO;;0;'4.80;Чехлы;Чехол для смартфона;'0.36;'0.1;0;0;0;0;0;1550.0;2090.0;;0%
AAA_Red_8375;35024002;140053003;9,0378E+12;'77.5;KZDOO;;13;'4.80;Чехлы;Чехол для смартфона;'0.36;'0.1;18;0;10;0;0;3100.0;11990.0;;0%
HHH_Red_4684;64149265;196008549;RND958676711;'77.5;KZDOO;;44;'4.80;Чехлы;Чехол для смартфона;'0.36;'0.1;30;0;9;0;1;4980.0;11990.0;;0%
GGG_White_2841;31302298;554322462;RND649044581;'77.5;KZDOO;;173;'4.80;Чехлы;Чехол для смартфона;'0.36;'0.1;111;1;7;0;0;4980.0;11990.0;;0%
AAA_Pink_4930;40968458;240898283;8,92066E+12;'77.5;KZDOO;;17;'4.80;Чехлы;Чехол для смартфона;'0.36;'0.1;12;0;10;0;0;4980.0;11990.0;;0%
CCC_Blue_6685;69940113;312226744;RND181223799;'77.5;KZDOO;;10;'4.80;Чехлы;Чехол для смартфона;'0.36;'0.1;9;0;4;0;0;4980.0;11990.0;;0%
FFF_Blue_9107;30465096;974876520;2,38787E+12;'77.5;KZDOO;;29;'4.80;Чехлы;Чехол для смартфона;'0.36;'0.1;12;0;10;0;0;4980.0;11990.0;;0%
BBB_Black_7214;66208240;313077434;8,24765E+12;'77.5;KZDOO;;3;'4.80;Чехлы;Чехол для смартфона;'0.36;'0.1;4;0;10;0;0;4980.0;11990.0;;0%
EEE_Clear_4786;64670295;186914559;1,62548E+12;'77.5;KZDOO;;5;'4.80;Чехлы;Чехол для смартфона;'0.36;'0.1;17;0;9;0;1;4980.0;11990.0;;0%
HHH_Pink_7833;99733880;618948082;RND103397865;'82.5;KZDOO;;4;'4.50;Чехлы;Чехол для смартфона;'0.36;'0.1;13;0;10;0;0;2980.0;11990.0;;0%
CCC_Titanium_4186;98669896;384275567;3,70504E+12;'82.5;KZDOO;;4;'4.50;Чехлы;Чехол для смартфона;'0.36;'0.1;4;0;10;0;0;2980.0;11990.0;;0%
DDD_Clear_5853;28647941;191644856;4,72997E+12;'77.5;KZDOO;;59;'4.80;Чехлы;Чехол для смартфона;'0.36;'0.1;0;0;0;0;0;1390.0;2290.0;;0%
HHH_Pink_9568;96094802;508786539;RND194095095;'77.5;KZDOO;;33;'4.90;Чехлы;Чехол для смартфона;'1.50;'0.3;0;0;0;0;0;1390.0;2290.0;;0%
BBB_Pink_8845;98423853;528176987;RND858273255;'45;KZDOO;;24;'4.90;Чехлы;Чехол для смартфона;'0.36;'0.1;10;0;9;0;0;5300.0;11990.0;;0%
GGG_Pink_4187;27685318;686987865;5,95653E+12;'70;KZDOO;;5;'4.90;Чехлы;Чехол для смартфона;'0.36;'0.1;11;0;0;0;0;5300.0;11990.0;;0%
BBB_Pink_3494;92488093;217019860;RND276264591;'45;KZDOO;;16;'4.90;Чехлы;Чехол для смартфона;'0.36;'0.1;1;0;10;0;0;5300.0;11990.0;;0%
GGG_Clear_3373;20317055;627640709;5,16346E+12;'70;KZDOO;;4;'4.90;Чехлы;Чехол для смартфона;'0.36;'0.1;7;0;0;0;0;5300.0;11990.0;;0%
DDD_Clear_6069;89899082;741066425;RND696117513;'77.5;KZDOO;;26;'4.80;Чехлы;Чехол для смартфона;'0.36;'0.1;5;0;10;0;0;7828.0;11990.0;;0%
CCC_Green_2906;53363052;400831998;RND850174596;'77.5;KZDOO;;11;'4.80;Чехлы;Чехол для смартфона;'0.36;'0.1;7;0;10;0;0;7180.0;11990.0;;0%
BBB_Purple_1974;34074510;849702670;RND423407410;'77.5;KZDOO;;5;'4.80;Чехлы;Чехол для смартфона;'0.36;'0.1;6;0;10;0;0;7180.0;11990.0;;0%
HHH_White_7627;42673199;499439009;RND836035113;'77.5;KZDOO;;14;'4.80;Чехлы;Чехол для смартфона;'0.36;'0.1;12;0;5;0;0;7180.0;11990.0;;0%
HHH_Black_8961;56270048;538920076;RND691205001;'77.5;KZDOO;;9;'4.80;Чехлы;Чехол для смартфона;'0.36;'0.1;2;0;10;0;0;7180.0;11990.0;;0%
EEE_White_2211;81011891;591082240;RND549666729;'77.5;KZDOO;;24;'4.80;Чехлы;Чехол для смартфона;'0.36;'0.1;3;0;4;0;0;7180.0;11990.0;;0%
FFF_Green_6760;89466257;135940629;RND208245530;'77.5;KZDOO;;36;'4.60;Чехлы;Чехол для смартфона;'0.36;'0.1;6;0;9;0;0;7828.0;11990.0;;0%
EEE_Pink_1004;26479913;359657624;1,72359E+12;'77.5;KZDOO;;15;'4.60;Чехлы;Чехол для смартфона;'0.36;'0.1;2;0;9;0;0;7180.0;11990.0;;0%
EEE_Titanium_3814;56607737;894643510;5,04217E+12;'77.5;KZDOO;;5;'4.60;Чехлы;Чехол для смартфона;'0.36;'0.1;2;0;10;0;0;7180.0;11990.0;;0%
AAA_Green_4817;76161009;556499656;RND422243315;'45;KEEPHONE;;0;'0.00;Чехлы;Чехол для смартфона;'0.41;'0.1;2;0;10;0;0;6190.0;11990.0;;0%
AAA_Titanium_4017;98454420;319902298;9,21776E+12;'77.5;KZDOO;;6;'4.60;Чехлы;Чехол для смартфона;'0.36;'0.1;1;0;0;0;0;7180.0;11990.0;;0%
AAA_Pink_7909;78752940;647371702;RND504416387;'77.5;KZDOO;;2;'4.60;Чехлы;Чехол для смартфона;'0.36;'0.1;5;0;4;0;0;7180.0;11990.0;;0%
BBB_Green_4107;79748321;664431353;RND301112734;'77.5;KZDOO;;21;'4.60;Чехлы;Чехол для смартфона;'0.36;'0.1;0;0;0;0;0;7180.0;11990.0;;0%
FFF_Red_8901;98799862;879718423;RND151150324;'70;KZDOO;;5;'5.00;Чехлы;Чехол для смартфона;'0.36;'0.1;8;0;5;0;0;11100.0;11990.0;;0%
HHH_Pink_8971;23429358;522856019;RND320076005;'70;KZDOO;;1;'5.00;Чехлы;Чехол для смартфона;'0.36;'0.1;1;0;0;0;0;11100.0;11990.0;;0%
BBB_Green_2236;78108555;286493796;RND658353620;'70;KZDOO;;0;'5.00;Чехлы;Чехол для смартфона;'0.36;'0.1;4;0;0;0;0;6050.0;11990.0;;0%
DDD_White_4441;88091297;158070066;RND756586487;'70;KZDOO;;1;'5.00;Чехлы;Чехол для смартфона;'0.36;'0.1;2;0;0;0;0;11100.0;11990.0;;0%
BBB_Black_4989;61473853;373777507;6,62916E+12;'70;KZDOO;;2;'5.00;Чехлы;Чехол для смартфона;'0.36;'0.1;2;0;0;0;0;6050.0;11990.0;;0%
CCC_Red_6375;28525798;590405696;RND760597923;'45;KZDOO;;0;'5.00;Чехлы;Чехол для смартфона;'0.36;'0.1;4;0;0;0;0;6050.0;11990.0;;0%
HHH_White_8297;81535584;616767554;RND368660428;'70;KZDOO;;6;'4.80;Чехлы;Чехол для смартфона;'0.36;'0.1;15;0;10;0;0;11100.0;11990.0;;0%
CCC_Clear_2105;86273828;714017592;4,67719E+12;'70;KZDOO;;6;'4.80;Чехлы;Чехол для смартфона;'0.36;'0.1;10;0;5;0;0;11100.0;11990.0;;0%
GGG_Clear_5759;54836345;714539392;RND690007119;'70;KZDOO;;1;'4.80;Чехлы;Чехол для смартфона;'0.36;'0.1;3;0;0;0;0;11100.0;11990.0;;0%
DDD_Clear_9288;51313051;291178409;RND350601241;'70;KZDOO;;2;'4.80;Чехлы;Чехол для смартфона;'0.36;'0.1;4;0;10;0;0;11100.0;11990.0;;0%
GGG_Green_8861;57054724;544487077;RND541647118;'70;KZDOO;;1;'4.80;Чехлы;Чехол для смартфона;'0.36;'0.1;4;0;0;0;0;11100.0;11990.0;;0%
DDD_Purple_3766;21200354;639048245;RND589861528;'52.5;KZDOO;;27;'4.90;Чехлы;Чехол для смартфона;'0.36;'0.1;4;0;3;0;2;5990.0;11990.0;;0%
HHH_Blue_4428;14926551;958016246;RND363605680;'77.5;KZDOO;;4;'4.90;Чехлы;Чехол для смартфона;'0.36;'0.1;4;0;0;0;0;5990.0;11990.0;;0%
HHH_Clear_2252;65489961;213294680;7,59752E+12;'77.5;KZDOO;;30;'4.70;Чехлы;Чехол для смартфона;'0.36;'0.1;38;0;10;0;0;6420.0;11990.0;;0%
DDD_Black_4197;36763385;940373743;9,12015E+12;'77.5;KZDOO;;5;'4.70;Чехлы;Чехол для смартфона;'0.36;'0.1;3;0;0;0;0;5990.0;11990.0;;0%
HHH_Purple_4677;34469882;587714211;6,33186E+12;'70;KEEPHONE;;3;'5.00;Чехлы;Чехол для смартфона;'0.38;'0.1;0;0;0;0;0;2450.0;3990.0;;0%
DDD_Green_2659;16975545;243766088;7,44835E+12;'70;KEEPHONE;;0;'0.00;Чехлы;Чехол для смартфона;'0.38;'0.1;10;0;0;0;0;4900.0;11990.0;;0%
DDD_Red_2976;93760761;796473698;3,01619E+12;'77.5;KZDOO;;9;'4.80;Чехлы;Чехол для смартфона;'0.36;'0.1;2;0;9;0;0;4980.0;11990.0;;0%
EEE_Green_2359;84491869;204134315;6,09022E+12;'77.5;KZDOO;;10;'4.80;Чехлы;Чехол для смартфона;'0.36;'0.1;4;0;10;0;1;3100.0;11990.0;;0%
FFF_Titanium_2399;36659027;188541825;RND296132191;'70;KZDOO;;3;'4.90;Чехлы;Чехол для смартфона;'0.36;'0.1;4;0;0;0;0;5300.0;11990.0;;0%
FFF_Clear_6174;83975242;408922635;RND373043641;'70;KZDOO;;8;'4.90;Чехлы;Чехол для смартфона;'0.36;'0.1;9;0;0;0;0;5778.0;11990.0;;0%
DDD_White_1350;88973076;417217376;RND616401426;'70;KZDOO;;12;'4.90;Чехлы;Чехол для смартфона;'0.36;'0.1;20;0;10;0;0;5866.0;11990.0;;0%
DDD_Blue_1722;41413237;522011364;RND571660297;'77.5;KZDOO;;5;'4.80;Чехлы;Чехол для смартфона;'0.36;'0.1;1;0;0;0;0;7180.0;11990.0;;0%
FFF_Blue_7389;29055787;626211733;3,81302E+12;'77.5;KZDOO;;2;'4.80;Чехлы;Чехол для смартфона;'0.36;'0.1;6;0;3;0;0;7180.0;11990.0;;0%
HHH_Green_6528;91756950;923288451;RND408510224;'77.5;KZDOO;;2;'4.60;Чехлы;Чехол для смартфона;'0.36;'0.1;3;0;0;0;0;7180.0;11990.0;;0%
GGG_Blue_2762;22599508;182554506;RND644740968;'77.5;KZDOO;;2;'4.60;Чехлы;Чехол для смартфона;'0.36;'0.1;4;0;0;0;0;7180.0;11990.0;;0%
BBB_Pink_9156;21673576;647427199;5,41238E+12;'70;KZDOO;;3;'5.00;Чехлы;Чехол для смартфона;'0.36;'0.1;6;0;0;0;0;11100.0;11990.0;;0%
BBB_Pink_3387;69857947;872890511;4,11052E+12;'70;KZDOO;;1;'4.80;Чехлы;Чехол для смартфона;'0.36;'0.1;6;0;0;0;0;11100.0;11990.0;;0%
AAA_White_7977;78143684;519614881;RND227142150;'70;KZDOO;;2;'4.90;Чехлы;Чехол для смартфона;'0.36;'0.1;2;0;5;0;0;3100.0;11990.0;;0%
FFF_Clear_7187;91197986;830794979;RND879536174;'70;KZDOO;;2;'4.90;Чехлы;Чехол для смартфона;'0.36;'0.1;4;0;0;0;0;3100.0;11990.0;;0%
BBB_Titanium_9028;24666903;144486199;7,63066E+12;'70;KZDOO;;1;'4.90;Чехлы;Чехол для смартфона;'0.36;'0.1;0;0;5;0;0;3380.0;11990.0;;0%
CCC_Titanium_1713;80091756;568564579;RND119409689;'70;KZDOO;;19;'4.90;Чехлы;Чехол для смартфона;'0.36;'0.1;1;0;0;0;0;3100.0;11990.0;;0%
FFF_White_2354;98761418;550370025;RND867158924;'77.5;KZDOO;;0;'4.90;Чехлы;Чехол для смартфона;'0.36;'0.1;0;0;5;0;0;3380.0;11990.0;;0%
AAA_Blue_2952;85674888;201341010;6,02628E+12;'77.5;KZDOO;;2;'4.90;Чехлы;Чехол для смартфона;'0.36;'0.1;0;0;0;0;0;1550.0;2490.0;;0%
FFF_Clear_1236;57862472;150424076;7,34302E+12;'77.5;KZDOO;;16;'4.90;Чехлы;Чехол для смартфона;'0.36;'0.1;8;0;10;0;0;3100.0;11990.0;;0%
FFF_Red_4364;29302655;354888526;RND899698072;'77.5;KZDOO;;11;'4.80;Чехлы;Чехол для смартфона;'0.36;'0.1;12;0;15;0;0;3100.0;11990.0;;0%
EEE_Titanium_5854;33871669;212051630;5,96399E+12;'77.5;KZDOO;;13;'4.80;Чехлы;Чехол для смартфона;'0.36;'0.1;5;0;10;0;0;4980.0;11990.0;;0%
GGG_Blue_8476;62735344;283951361;RND108279204;'82.5;KZDOO;;4;'4.50;Чехлы;Чехол для смартфона;'0.36;'0.1;4;0;0;0;0;2980.0;11990.0;;0%
HHH_Green_1488;66638917;236034747;RND239730221;'70;KZDOO;;9;'4.70;Чехлы;Чехол для смартфона;'0.36;'0.1;3;0;9;0;0;2780.0;11990.0;;0%
HHH_Clear_5678;97446387;263156306;RND903786716;'70;KZDOO;;8;'4.70;Чехлы;Чехол для смартфона;'0.36;'0.1;6;0;0;0;0;2780.0;11990.0;;0%
BBB_Clear_7614;61931304;564415514;RND361089142;'70;KZDOO;;36;'4.90;Чехлы;Чехол для смартфона;'0.43;'0.1;10;0;10;0;1;2780.0;11990.0;;0%
CCC_Green_8669;93427155;107523314;RND309262158;'70;KZDOO;;28;'4.80;Чехлы;Чехол для смартфона;'0.36;'0.1;7;0;0;0;0;3980.0;11990.0;;0%
FFF_Purple_3823;27922657;288312053;RND380385674;'45;KZDOO;;2;'4.90;Чехлы;Чехол для смартфона;'0.36;'0.1;2;0;0;0;0;5778.0;11990.0;;0%
AAA_White_3056;36890351;985931484;5,75956E+12;'45;KZDOO;;6;'4.20;Чехлы;Чехол для смартфона;'0.36;'0.1;24;0;10;0;0;5180.0;11990.0;;0%
BBB_Pink_6613;19331204;433464460;RND265180694;'45;KZDOO;;0;'0.00;Чехлы;Чехол для смартфона;'0.36;'0.1;10;0;0;0;0;5100.0;11990.0;;0%
HHH_Titanium_9359;40831517;117686960;RND173294155;'77.5;KZDOO;;5;'4.60;Чехлы;Чехол для смартфона;'0.36;'0.1;0;0;0;0;0;3590.0;5990.0;;0%
CCC_White_7695;27730464;620073473;RND333419437;'77.5;KZDOO;;3;'4.60;Чехлы;Чехол для смартфона;'0.36;'0.1;3;0;0;0;0;7180.0;11990.0;;0%
HHH_Pink_1972;68243217;212021549;8,67439E+12;'45;KZDOO;;3;'4.60;Чехлы;Чехол для смартфона;'0.36;'0.1;0;0;0;0;0;3590.0;4990.0;;0%
HHH_Black_7735;65415657;220649445;3,805E+12;'45;KZDOO;;4;'4.60;Чехлы;Чехол для смартфона;'0.36;'0.1;9;0;0;0;0;7180.0;11990.0;;0%
CCC_Red_7696;44146850;164060057;5,64959E+12;'45;KZDOO;;1;'4.60;Чехлы;Чехол для смартфона;'0.36;'0.1;4;0;5;0;0;7828.0;11990.0;;0%
HHH_Purple_7128;40509576;677572680;RND480989714;'45;KZDOO;;1;'4.60;Чехлы;Чехол для смартфона;'0.36;'0.1;3;0;5;0;0;7180.0;11990.0;;0%
DDD_Green_6168;51684723;706798559;3,34049E+12;'45;KZDOO;;5;'4.60;Чехлы;Чехол для смартфона;'0.36;'0.1;23;0;10;0;0;7180.0;11990.0;;0%
CCC_Clear_2175;12105804;796830137;RND958271716;'45;KZDOO;;2;'4.60;Чехлы;Чехол для смартфона;'0.36;'0.1;5;0;0;0;0;7828.0;11990.0;;0%
AAA_Purple_3399;70160612;259925388;RND883366813;'45;KZDOO;;3;'4.60;Чехлы;Чехол для смартфона;'0.36;'0.1;1;0;0;0;0;7828.0;11990.0;;0%
DDD_Titanium_2708;62425327;716280479;RND674348154;'45;KZDOO;;2;'4.60;Чехлы;Чехол для смартфона;'0.36;'0.1;5;0;0;0;0;7180.0;11990.0;;0%
BBB_Clear_6703;90003367;120672367;3,51765E+12;'45;KZDOO;;4;'4.60;Чехлы;Чехол для смартфона;'0.36;'0.1;6;0;0;0;0;7180.0;11990.0;;0%
EEE_Red_4358;88322590;869832986;8,62771E+12;'45;KZDOO;;2;'4.60;Чехлы;Чехол для смартфона;'0.36;'0.1;1;0;5;0;0;7180.0;11990.0;;0%
CCC_White_9014;34502560;405556499;RND323706323;'45;KZDOO;;0;'4.60;Чехлы;Чехол для смартфона;'0.36;'0.1;3;0;0;0;0;7828.0;11990.0;;0%
EEE_Titanium_7841;85974412;484423604;2,58163E+12;'45;KZDOO;;0;'0.00;Чехлы;Чехол для смартфона;'0.36;'0.1;10;0;0;0;0;5100.0;11990.0;;0%
DDD_Green_9078;54290924;749602789;RND666211062;'77.5;KZDOO;;0;'4.80;Чехлы;Чехол для смартфона;'0.36;'0.1;7;0;0;0;0;7180.0;11990.0;;0%
FFF_Green_3651;69065142;196497147;3,60031E+12;'77.5;KZDOO;;3;'4.80;Чехлы;Чехол для смартфона;'0.36;'0.1;3;0;0;0;0;7180.0;11990.0;;0%
FFF_Purple_2135;32921978;295068029;RND233953042;'77.5;KZDOO;;2;'4.60;Чехлы;Чехол для смартфона;'0.36;'0.1;6;0;0;0;0;7180.0;11990.0;;0%
EEE_Purple_9330;55418733;835381874;4,67635E+12;'45;KZDOO;;0;'5.00;Чехлы;Чехол для смартфона;'0.36;'0.1;8;0;0;0;0;11100.0;11990.0;;0%
EEE_Green_1339;39462607;845537966;6,77991E+12;'45;KZDOO;;1;'5.00;Чехлы;Чехол для смартфона;'0.36;'0.1;2;0;10;0;0;11100.0;11990.0;;0%
AAA_Green_1908;43817644;272355471;RND286165211;'70;KZDOO;;0;'5.00;Чехлы;Чехол для смартфона;'0.36;'0.1;3;0;0;0;0;11100.0;11990.0;;0%
FFF_Titanium_1822;80262000;528226115;RND385630200;'45;KZDOO;;0;'5.00;Чехлы;Чехол для смартфона;'0.36;'0.1;3;0;0;0;0;11100.0;11990.0;;0%
GGG_Titanium_8096;84683767;567366064;RND794823071;'70;KZDOO;;1;'5.00;Чехлы;Чехол для смартфона;'0.36;'0.1;1;0;0;0;0;11100.0;11990.0;;0%
FFF_Titanium_3323;96348851;653359667;RND535321529;'70;KZDOO;;4;'5.00;Чехлы;Чехол для смартфона;'0.36;'0.1;0;0;20;0;0;11100.0;11990.0;;0%
CCC_Red_7177;95381404;341921685;5,37489E+12;'70;KZDOO;;1;'5.00;Чехлы;Чехол для смартфона;'0.36;'0.1;1;0;0;0;0;6050.0;11990.0;;0%
HHH_Black_4875;96552871;287148116;RND844509621;'45;KZDOO;;1;'5.00;Чехлы;Чехол для смартфона;'0.36;'0.1;1;0;10;0;0;11100.0;11990.0;;0%
FFF_Blue_2194;21820132;609386167;2,51759E+12;'70;KZDOO;;0;'4.80;Чехлы;Чехол для смартфона;'0.36;'0.1;1;0;0;0;0;11100.0;11990.0;;0%
CCC_Green_7311;99453640;311121353;RND739795782;'70;KZDOO;;0;'4.80;Чехлы;Чехол для смартфона;'0.36;'0.1;1;0;0;0;0;11100.0;11990.0;;0%
CCC_Blue_7273;76003966;962724707;RND792441993;'65;Нет бренда;;2;'5.00;Чехлы;;'0.36;'0.1;2;0;5;0;0;5990.0;11990.0;;0%
EEE_Red_1730;43923333;914290196;4,42627E+12;'65;Нет бренда;;0;'5.00;Чехлы;;'0.36;'0.1;5;0;0;0;0;5990.0;11990.0;;0%
DDD_White_5541;14773482;443032946;1,97248E+12;'77.5;KZDOO;;1;'4.90;Чехлы;Чехол для смартфона;'0.36;'0.1;0;0;0;0;0;5990.0;11990.0;;0%
HHH_Blue_2269;74519088;525092664;RND669572487;'77.5;KZDOO;;3;'4.80;Чехлы;Чехол для смартфона;'0.36;'0.1;2;0;5;0;0;5990.0;11990.0;;0%
EEE_White_9532;95754103;313546955;3,42573E+12;'82.5;KZDOO;;16;'4.50;Чехлы;Чехол для смартфона;'0.36;'0.1;2;0;9;0;0;2980.0;11990.0;;0%
CCC_Blue_3473;54154203;379207192;RND143981065;'77.5;KZDOO;;0;'4.50;Чехлы;Чехол для смартфона;'0.36;'0.1;1;0;0;0;0;2980.0;11990.0;;0%
CCC_Purple_4954;22270955;814781699;RND645458588;'57.5;KZDOO;;1;'4.50;Чехлы;Чехол для смартфона;'0.36;'0.1;1;0;10;0;0;2980.0;11990.0;;0%
HHH_Titanium_2914;16502779;882914017;6,43979E+12;'82.5;KZDOO;;0;'4.50;Чехлы;Чехол для смартфона;'0.36;'0.1;0;0;0;0;0;3250.0;11990.0;;0%
GGG_Purple_6176;24046960;313793456;RND759161811;'82.5;KZDOO;;39;'4.50;Чехлы;Чехол для смартфона;'0.36;'0.1;19;1;10;0;0;2980.0;11990.0;;0%
DDD_Blue_7114;87949160;246802416;RND261678701;'82.5;KZDOO;;4;'4.50;Чехлы;Чехол для смартфона;'0.36;'0.1;0;0;0;0;0;2980.0;11990.0;;0%
EEE_Black_5749;63093696;647652330;RND759263125;'82.5;KZDOO;;2;'4.50;Чехлы;Чехол для смартфона;'0.36;'0.1;7;0;5;0;0;2980.0;11990.0;;0%
AAA_Green_6213;92197983;327594384;RND403449731;'57.5;KZDOO;;0;'4.50;Чехлы;Чехол для смартфона;'0.36;'0.1;9;0;10;0;0;2980.0;11990.0;;0%
BBB_White_3471;51178363;649751070;RND258299438;'82.5;KZDOO;;4;'4.50;Чехлы;Чехол для смартфона;'0.36;'0.1;64;0;10;0;0;2980.0;11990.0;;0%
BBB_White_6972;19765974;844179218;RND535112207;'45;KZDOO;;0;'4.50;Чехлы;Чехол для смартфона;'0.36;'0.1;4;0;10;0;0;2980.0;11990.0;;0%
HHH_Purple_2012;49969528;587281251;RND255739670;'45;KZDOO;;0;'4.50;Чехлы;Чехол для смартфона;'0.36;'0.1;4;0;10;0;0;2980.0;11990.0;;0%
GGG_Pink_7385;43747379;877245781;RND207713966;'82.5;KZDOO;;0;'4.50;Чехлы;Чехол для смартфона;'0.36;'0.1;11;0;0;0;0;2980.0;11990.0;;0%
GGG_Clear_9401;44323356;412090555;RND802540373;'45;KZDOO;;0;'1.00;Чехлы;Чехол для смартфона;'0.36;'0.1;4;0;0;0;0;5100.0;11990.0;;0%
FFF_Blue_7386;61524158;241253269;RND479353388;'45;KZDOO;;0;'1.00;Чехлы;Чехол для смартфона;'0.36;'0.1;1;0;10;0;0;5100.0;11990.0;;0%
FFF_Clear_9868;96125000;520968608;RND988475305;'45;KZDOO;;1;'1.00;Чехлы;Чехол для смартфона;'0.36;'0.1;10;0;0;0;0;5560.0;11990.0;;0%
DDD_Black_1765;61674284;288518530;RND364528967;'45;KZDOO;;0;'4.20;Чехлы;Чехол для смартфона;'0.36;'0.1;3;0;0;0;0;5560.0;11990.0;;0%
BBB_Titanium_8654;42076004;358922459;5,45991E+12;'45;KZDOO;;3;'4.20;Чехлы;Чехол для смартфона;'0.36;'0.1;14;0;10;0;0;5100.0;11990.0;;0%
EEE_Blue_7850;16278472;866783532;RND195942539;'70;KZDOO;;4;'4.80;Чехлы;Чехол для смартфона;'0.36;'0.1;7;0;10;0;0;7180.0;11990.0;;0%
DDD_Green_8043;52075157;413891440;9,39946E+12;'70;KZDOO;;3;'4.80;Чехлы;Чехол для смартфона;'0.36;'0.1;12;0;0;0;0;7180.0;11990.0;;0%
CCC_Red_2568;49167948;737009749;7,85751E+12;'70;KZDOO;;1;'4.60;Чехлы;Чехол для смартфона;'0.36;'0.1;3;0;10;0;0;7180.0;11990.0;;0%
FFF_Black_8837;49463647;207381540;RND601984218;'45;KZDOO;;0;'5.00;Чехлы;Чехол для смартфона;'0.36;'0.1;5;0;0;0;0;11100.0;11990.0;;0%
EEE_Green_7970;47589891;879094821;7,77195E+12;'45;KZDOO;;0;'5.00;Чехлы;Чехол для смартфона;'0.36;'0.1;9;0;0;0;0;11100.0;11990.0;;0%
AAA_Clear_1693;14268446;561576740;8,33911E+12;'45;KZDOO;;0;'5.00;Чехлы;Чехол для смартфона;'0.36;'0.1;8;0;0;0;0;11100.0;11990.0;;0%
CCC_Pink_8383;48742299;813092158;RND105445317;'70;KZDOO;;0;'5.00;Чехлы;Чехол для смартфона;'0.36;'0.1;0;0;0;0;0;11100.0;11990.0;;0%
EEE_Black_1662;20450748;408657069;9,23633E+12;'70;KZDOO;;2;'5.00;Чехлы;Чехол для смартфона;'0.36;'0.1;10;0;5;0;0;11100.0;11990.0;;0%
FFF_Pink_6385;31743322;216724520;4,89261E+12;'70;KZDOO;;0;'5.00;Чехлы;Чехол для смартфона;'0.36;'0.1;1;0;0;0;0;11100.0;11990.0;;0%
FFF_Purple_9353;77043917;533569096;RND176528929;'70;KZDOO;;3;'4.80;Чехлы;Чехол для смартфона;'0.36;'0.1;12;0;10;0;0;11100.0;11990.0;;0%
DDD_Pink_8616;84436404;252532741;4,54321E+12;'70;KZDOO;;0;'4.80;Чехлы;Чехол для смартфона;'0.36;'0.1;2;0;11;0;0;11100.0;11990.0;;0%
AAA_Pink_5172;16408664;512070857;4,98335E+12;'70;KZDOO;;7;'4.80;Чехлы;Чехол для смартфона;'0.36;'0.1;4;0;3;0;0;11100.0;11990.0;;0%
GGG_Red_4652;19287744;353117741;9,68166E+12;'70;KZDOO;;0;'4.80;Чехлы;Чехол для смартфона;'0.36;'0.1;1;0;0;0;0;11100.0;11990.0;;0%
EEE_Blue_8087;83393173;709837665;RND355496102;'40;KZDOO;;0;'4.80;Чехлы;Чехол для смартфона;'0.36;'0.1;4;0;0;0;0;5990.0;11990.0;;0%
EEE_Pink_4192;34088668;714273854;RND612512780;'77.5;KEEPHONE;;5;'4.90;Чехлы;Чехол для смартфона;'0.28;'0.1;0;0;0;0;0;7580.0;11990.0;;0%
CCC_Blue_6920;42599054;266174599;9,96052E+12;'77.5;KEEPHONE;;2;'5.00;Чехлы;Чехол для смартфона;'0.28;'0.1;2;0;0;0;0;7580.0;11990.0;;0%
EEE_Purple_9341;11460725;328590130;RND310929587;'70;KEEPHONE;;14;'4.90;Чехлы;Чехол для смартфона;'0.28;'0.1;6;0;5;0;0;7580.0;11990.0;;0%
HHH_Pink_5858;75824696;607992401;3,52406E+12;'70;KEEPHONE;;0;'5.00;Чехлы;Чехол для смартфона;'0.28;'0.1;3;0;0;0;0;7580.0;11990.0;;0%
AAA_Black_1627;42826695;910420915;5,67647E+12;'52.5;KEEPHONE;;2;'5.00;Чехлы;Чехол для смартфона;'0.41;'0.1;0;0;0;0;0;7990.0;11990.0;;0%
AAA_Purple_3401;87335782;528061463;RND787852595;'77.5;KEEPHONE;;5;'4.90;Чехлы;Чехол для смартфона;'0.41;'0.1;1;0;10;0;0;7990.0;11990.0;;0%
EEE_Black_2069;86155356;340146488;RND364876964;'70;KEEPHONE;;10;'5.00;Чехлы;Чехол для смартфона;'0.41;'0.1;0;0;0;0;0;6590.0;9990.0;;0%
GGG_Black_1389;21970497;964019656;1,06366E+12;'45;KZDOO;;1;'4.60;Чехлы;Чехол для смартфона;'0.36;'0.1;0;0;0;0;0;3914.0;4990.0;;0%
EEE_Red_7366;74784496;301056433;7,50522E+12;'45;KZDOO;;0;'5.00;Чехлы;Чехол для смартфона;'0.36;'0.1;4;0;0;0;0;11100.0;11990.0;;0%
FFF_Purple_9422;70326795;954812282;RND955802459;'70;;;1;'5.00;Чехлы;;'0.36;'0.1;2;0;0;0;0;11100.0;11990.0;;0%
CCC_Titanium_9375;92900294;134538644;RND636798131;'45;KZDOO;;0;'5.00;Чехлы;Чехол для смартфона;'0.36;'0.1;7;0;0;0;0;11100.0;11990.0;;0%
EEE_Green_6861;75709449;319988321;RND802587364;'45;KZDOO;;0;'5.00;Чехлы;Чехол для смартфона;'0.36;'0.1;8;0;0;0;0;11100.0;11990.0;;0%
DDD_White_7187;50907007;561208292;8,38706E+12;'45;KZDOO;;0;'5.00;Чехлы;Чехол для смартфона;'0.36;'0.1;8;0;0;0;0;11100.0;11990.0;;0%
EEE_Black_4500;18952810;106606614;RND186699597;'40;KZDOO;;0;'5.00;Чехлы;Чехол для смартфона;'0.36;'0.1;1;0;0;0;0;11100.0;11990.0;;0%
HHH_Purple_9148;96240921;522072926;RND364437365;'70;KZDOO;;1;'5.00;Чехлы;Чехол для смартфона;'0.36;'0.1;4;0;0;0;0;11100.0;11990.0;;0%
BBB_Red_4497;19979751;167581895;RND834859952;'70;KZDOO;;1;'5.00;Чехлы;Чехол для смартфона;'0.36;'0.1;0;0;0;0;0;6050.0;11990.0;;0%
CCC_Green_1403;71643669;179165631;9,01404E+12;'45;KZDOO;;0;'5.00;Чехлы;Чехол для смартфона;'0.36;'0.1;5;0;0;0;0;11100.0;11990.0;;0%
DDD_Green_6347;95592350;687134139;RND993245821;'45;KZDOO;;0;'5.00;Чехлы;Чехол для смартфона;'0.36;'0.1;8;0;0;0;0;11100.0;11990.0;;0%
FFF_Black_3829;42669478;737949585;RND157126942;'65;KZDOO;;0;'4.80;Чехлы;Чехол для смартфона;'0.36;'0.1;4;0;0;0;0;11100.0;11990.0;;0%
DDD_Red_1647;35212691;313966653;1,37089E+12;'45;KZDOO;;0;'4.80;Чехлы;Чехол для смартфона;'0.36;'0.1;6;0;0;0;0;11100.0;11990.0;;0%
FFF_White_8621;96712748;102935511;RND130245627;'70;KZDOO;;3;'4.80;Чехлы;Чехол для смартфона;'0.36;'0.1;6;0;5;0;0;11100.0;11990.0;;0%
BBB_White_3663;55570580;606233340;6,2343E+12;'45;KZDOO;;0;'4.80;Чехлы;Чехол для смартфона;'0.36;'0.1;7;0;0;0;0;11100.0;11990.0;;0%
DDD_Blue_3072;24763399;563099404;RND200886965;'45;KZDOO;;0;'4.80;Чехлы;Чехол для смартфона;'0.36;'0.1;5;0;0;0;0;11100.0;11990.0;;0%
CCC_Purple_3517;74085515;329323101;7,20386E+12;'65;KZDOO;;2;'4.80;Чехлы;Чехол для смартфона;'0.36;'0.1;6;0;10;0;0;5990.0;11990.0;;0%
CCC_Green_2262;43775636;979409822;6,47159E+12;'70;KZDOO;;3;'5.00;Чехлы;Чехол для смартфона;'0.36;'0.1;0;0;10;0;0;6490.0;11990.0;;0%
DDD_Pink_5120;71320164;743760332;2,70078E+12;'45;KZDOO;;1;'4.80;Чехлы;Чехол для смартфона;'0.36;'0.1;8;0;10;0;0;6490.0;11990.0;;0%
BBB_Titanium_2456;19979580;875644226;2,38201E+12;'45;KEEPHONE;;0;'0.00;Чехлы;Чехол для смартфона;'0.41;'0.1;0;0;0;0;0;6490.0;9990.0;;0%
FFF_Pink_5900;23392944;404986663;1,07087E+12;'70;KEEPHONE;;9;'4.90;Чехлы;Чехол для смартфона;'0.41;'0.1;12;0;10;0;0;6590.0;11990.0;;0%
EEE_Green_7533;58217246;989496868;5,02283E+12;'45;KEEPHONE;;0;'0.00;Чехлы;Чехол для смартфона;'0.38;'0.1;2;0;0;0;0;6580.0;11990.0;;0%
BBB_Clear_9485;44699881;951915447;3,90988E+12;'70;KEEPHONE;;2;'4.90;Чехлы;Чехол для смартфона;'0.38;'0.1;4;0;10;0;0;6780.0;11990.0;;0%
HHH_Purple_8562;44260719;263469245;RND465748248;'70;KEEPHONE;;0;'5.00;Чехлы;Чехол для смартфона;'0.28;'0.1;0;0;0;0;0;3790.0;5990.0;;0%
AAA_Blue_3988;16837385;343738556;RND994011418;'70;KEEPHONE;;4;'4.90;Чехлы;Чехол для смартфона;'0.28;'0.1;2;0;0;0;0;7580.0;11990.0;;0%
DDD_Blue_8362;18519010;722041491;9,20621E+12;'70;KEEPHONE;;3;'5.00;Чехлы;Чехол для смартфона;'0.38;'0.1;2;0;10;0;0;6580.0;11990.0;;0%
BBB_Red_1893;62613196;470757372;RND787513465;'82.5;KEEPHONE;;2;'5.00;Чехлы;Чехол для смартфона;'0.38;'0.1;1;0;0;0;0;6580.0;11990.0;;0%
AAA_Pink_1762;77629680;535760809;RND400792409;'70;KEEPHONE;;2;'5.00;Чехлы;Чехол для смартфона;'0.38;'0.1;4;0;0;0;0;6580.0;11990.0;;0%
DDD_White_3168;22878176;493464560;9,91014E+12;'82.5;KEEPHONE;;4;'5.00;Чехлы;Чехол для смартфона;'0.38;'0.1;5;0;0;0;0;6580.0;11990.0;;0%
AAA_Red_9681;17430134;243355848;RND908718624;'70;KEEPHONE;;1;'4.90;Чехлы;Чехол для смартфона;'0.41;'0.1;4;0;0;0;0;6590.0;11990.0;;0%
AAA_Pink_2773;87735808;635688613;7,58537E+12;'70;KEEPHONE;;0;'5.00;Чехлы;Чехол для смартфона;'0.41;'0.1;2;0;0;0;0;7074.0;11990.0;;0%
AAA_Blue_7867;11247837;913796792;RND618284489;'70;KZDOO;;2;'4.70;Чехлы;Чехол для смартфона;'0.36;'0.1;5;0;10;0;0;6180.0;11990.0;;0%
DDD_Green_1245;44885403;790559068;RND257526483;'65;Varta;;3;'5.00;Батарейки и аккумуляторы;Батарейка;'0.04;'0.1;0;0;99;0;0;1340.0;4900.0;;0%
DDD_Titanium_6448;53675020;635421473;RND189733700;'70;KZDOO;;0;'4.90;Чехлы;Чехол для смартфона;'0.36;'0.1;8;0;6;0;0;5580.0;11990.0;;0%
GGG_Black_5712;34643765;583832750;RND865430176;'70;KEEPHONE;;5;'5.00;Чехлы;Чехол для смартфона;'0.39;'0.1;1;0;0;0;0;6980.0;11990.0;;0%
EEE_Red_4582;17609388;396202670;9,8084E+12;'45;KEEPHONE;;0;'0.00;Чехлы;Чехол для смартфона;'0.48;'0.1;4;0;0;0;0;6980.0;11990.0;;0%
BBB_Blue_5153;83953719;311546153;RND991672050;'45;KEEPHONE;;0;'0.00;Чехлы;Чехол для смартфона;'0.48;'0.1;0;0;0;0;0;6980.0;11990.0;;0%
HHH_Black_9830;20387700;744407740;8,99064E+12;'70;KEEPHONE;;2;'4.60;Чехлы;Чехол для смартфона;'0.48;'0.1;6;0;0;0;0;6980.0;11990.0;;0%
GGG_Titanium_9467;64604307;260179300;9,59338E+12;'45;KEEPHONE;;0;'0.00;Чехлы;Чехол для смартфона;'0.48;'0.1;0;0;10;0;0;6980.0;11990.0;;0%
BBB_Red_7058;72864961;930384831;5,58572E+12;'45;KEEPHONE;;0;'0.00;Чехлы;Чехол для смартфона;'0.48;'0.1;3;0;0;0;0;6980.0;11990.0;;0%
GGG_Pink_7524;69538551;113239039;6,5859E+12;'45;KEEPHONE;;2;'3.10;Чехлы;Чехол для смартфона;'0.38;'0.1;3;0;10;0;0;6100.0;11990.0;;0%
FFF_Green_8918;70497343;374267297;3,98804E+12;'45;KEEPHONE;;0;'0.00;Чехлы;Чехол для смартфона;'0.38;'0.1;10;0;0;0;0;6100.0;11990.0;;0%
DDD_Red_2755;57338726;778039694;9,52155E+12;'70;KZDOO;;11;'4.70;Чехлы;Чехол для смартфона;'0.36;'0.1;1;0;0;0;0;4980.0;11990.0;;0%
AAA_Green_1333;12856543;888010696;RND516383616;'52.5;KZDOO;;37;'4.70;Чехлы;Чехол для смартфона;'0.36;'0.1;0;0;0;0;0;4980.0;11990.0;;0%
EEE_Pink_1003;18140841;928834342;RND268457512;'45;KZDOO;;27;'4.70;Чехлы;Чехол для смартфона;'0.36;'0.1;1;0;0;0;0;4980.0;11990.0;;0%
BBB_Green_4467;11732154;849129317;2,43718E+12;'45;KZDOO;;2;'4.70;Чехлы;Чехол для смартфона;'0.36;'0.1;4;0;10;0;0;4980.0;11990.0;;0%
AAA_Pink_1311;19928290;852630869;2,16788E+12;'45;KZDOO;;6;'4.70;Чехлы;Чехол для смартфона;'0.36;'0.1;0;0;0;0;0;3600.0;11990.0;;0%
HHH_Titanium_5260;94015399;304690595;7,45043E+12;'65;KZDOO;;0;'4.70;Чехлы;Чехол для смартфона;'0.36;'0.1;10;0;0;0;0;4980.0;11990.0;;0%
AAA_Black_9206;32897454;990975059;RND420992007;'70;KZDOO;;8;'4.70;Чехлы;Чехол для смартфона;'0.36;'0.1;1;0;0;0;0;4980.0;11990.0;;0%
DDD_Green_2949;74952520;738160201;RND383673566;'45;KZDOO;;4;'4.20;Чехлы;Чехол для смартфона;'0.36;'0.1;29;0;0;0;0;4980.0;11990.0;;0%
BBB_White_3695;73450118;623625306;3,8925E+12;'52.5;KZDOO;;7;'4.20;Чехлы;Чехол для смартфона;'0.36;'0.1;70;0;0;0;0;4980.0;11990.0;;0%
AAA_Purple_5764;68455110;297295898;RND178375554;'45;KZDOO;;6;'4.20;Чехлы;Чехол для смартфона;'0.36;'0.1;8;0;10;0;0;4980.0;11990.0;;0%
HHH_Clear_8087;95432311;500379862;RND938808271;'70;KZDOO;;2;'4.20;Чехлы;Чехол для смартфона;'0.36;'0.1;14;0;0;0;0;4980.0;11990.0;;0%
GGG_Pink_9489;28202461;684761068;RND420397850;'70;KZDOO;;1;'4.20;Чехлы;Чехол для смартфона;'0.36;'0.1;3;0;0;0;0;4980.0;11990.0;;0%
CCC_Black_8407;44703697;855384274;RND309481519;'65;KZDOO;;1;'4.20;Чехлы;Чехол для смартфона;'0.36;'0.1;23;0;10;0;0;4980.0;11990.0;;0%
CCC_Green_5742;44426303;234998118;RND366017931;'45;KZDOO;;2;'4.20;Чехлы;Чехол для смартфона;'0.36;'0.1;6;0;11;0;0;4980.0;11990.0;;0%
HHH_Clear_4657;26483342;775156963;RND478701754;'52.5;KZDOO;;15;'4.40;Чехлы;Чехол для смартфона;'0.36;'0.1;6;0;0;0;0;4980.0;11990.0;;0%
HHH_Pink_8206;79115313;673270757;RND983038813;'45;KZDOO;;10;'4.40;Чехлы;Чехол для смартфона;'0.36;'0.1;23;0;0;0;0;4980.0;11990.0;;0%
CCC_Titanium_5561;31882676;776028422;RND181520443;'70;KZDOO;;4;'4.40;Чехлы;Чехол для смартфона;'0.36;'0.1;35;0;0;0;0;4980.0;11990.0;;0%
DDD_Clear_5170;15413660;736153292;RND823507593;'70;KZDOO;;1;'4.40;Чехлы;Чехол для смартфона;'0.36;'0.1;1;0;10;0;0;4980.0;11990.0;;0%
DDD_Titanium_2057;37897172;562739128;RND979021208;'70;KZDOO;;2;'4.40;Чехлы;Чехол для смартфона;'0.36;'0.1;3;0;10;0;0;4980.0;11990.0;;0%
HHH_Red_4760;34456061;644591761;RND651011756;'65;KZDOO;;3;'4.40;Чехлы;Чехол для смартфона;'0.36;'0.1;11;0;10;0;0;4980.0;11990.0;;0%
BBB_Green_4942;41812842;469987101;RND172862317;'70;KZDOO;;1;'4.40;Чехлы;Чехол для смартфона;'0.36;'0.1;5;0;10;0;0;4980.0;11990.0;;0%
FFF_Purple_1306;57975438;826761194;RND880304825;'70;KZDOO;;4;'4.70;Чехлы;Чехол для смартфона;'0.36;'0.1;2;0;10;0;1;3380.0;11990.0;;0%
EEE_Black_2399;82355303;943858107;3,64842E+12;'70;KZDOO;;0;'4.70;Чехлы;Чехол для смартфона;'0.36;'0.1;3;0;0;0;0;3380.0;11990.0;;0%
GGG_Green_8833;16238464;495227393;3,7892E+12;'70;KZDOO;;0;'4.70;Чехлы;Чехол для смартфона;'0.36;'0.1;3;0;0;0;0;3380.0;11990.0;;0%
EEE_Blue_8678;62743855;190721002;RND360585795;'70;KZDOO;;2;'4.70;Чехлы;Чехол для смартфона;'0.36;'0.1;3;0;10;0;0;3380.0;11990.0;;0%
HHH_Pink_5740;82611352;262946142;RND573047150;'65;KZDOO;;0;'4.70;Чехлы;Чехол для смартфона;'0.36;'0.1;5;0;10;0;0;3380.0;11990.0;;0%
EEE_Purple_2309;52116150;259318470;RND185349686;'70;KZDOO;;1;'4.70;Чехлы;Чехол для смартфона;'0.36;'0.1;10;0;20;0;0;3380.0;11990.0;;0%
EEE_Purple_1098;43423685;627409984;6,05494E+12;'70;KZDOO;;2;'5.00;Чехлы;Чехол для смартфона;'0.54;'0.1;5;0;9;0;0;3380.0;11990.0;;0%
EEE_Green_6626;87660983;183324666;3,65563E+12;'70;KZDOO;;0;'5.00;Чехлы;Чехол для смартфона;'0.36;'0.1;2;0;0;0;0;3380.0;11990.0;;0%
BBB_Titanium_5485;60481401;247336874;1,64441E+12;'70;KZDOO;;0;'5.00;Чехлы;Чехол для смартфона;'0.36;'0.1;3;0;0;0;0;3380.0;11990.0;;0%
HHH_Titanium_2732;54150352;239251168;RND674790381;'70;KZDOO;;1;'5.00;Чехлы;Чехол для смартфона;'0.36;'0.1;0;0;0;0;0;1690.0;2990.0;;0%
AAA_Purple_8645;61640595;237574342;RND933413682;'40;KZDOO;;0;'5.00;Чехлы;Чехол для смартфона;'0.36;'0.1;8;0;0;0;0;3380.0;11990.0;;0%
CCC_Titanium_8586;68280793;102151136;6,61564E+12;'70;KZDOO;;0;'5.00;Чехлы;Чехол для смартфона;'0.40;'0.1;13;0;0;0;0;3380.0;11990.0;;0%
DDD_Purple_5314;51575941;903682934;4,79671E+12;'70;KZDOO;;12;'4.10;Чехлы;Чехол для смартфона;'0.36;'0.1;0;0;0;0;0;3380.0;11990.0;;0%
FFF_Pink_3549;65491653;414727036;4,68751E+12;'70;KZDOO;;0;'4.10;Чехлы;Чехол для смартфона;'0.36;'0.1;4;0;10;0;0;3380.0;11990.0;;0%
FFF_Green_9068;59874443;573518096;5,48867E+12;'70;KZDOO;;1;'4.10;Чехлы;Чехол для смартфона;'0.36;'0.1;3;0;10;0;0;3380.0;11990.0;;0%
GGG_Blue_3878;67674825;792170686;RND247593689;'70;KZDOO;;0;'4.10;Чехлы;Чехол для смартфона;'0.36;'0.1;6;0;10;0;0;3380.0;11990.0;;0%
CCC_Purple_9225;91524796;702480195;RND341983772;'65;KZDOO;;0;'4.10;Чехлы;Чехол для смартфона;'0.36;'0.1;5;0;0;0;0;3380.0;11990.0;;0%
AAA_Black_7725;26194974;833478771;7,82474E+12;'70;KZDOO;;1;'4.10;Чехлы;Чехол для смартфона;'0.36;'0.1;38;0;0;0;0;3380.0;11990.0;;0%
BBB_White_1747;71218572;707719310;RND650372256;'45;KZDOO;;8;'4.90;Чехлы;Чехол для смартфона;'0.36;'0.1;10;1;0;0;0;3100.0;11990.0;;0%
CCC_Blue_8287;84114415;306471585;2,88178E+12;'45;KZDOO;;2;'2.30;Чехлы;Чехол для смартфона;'0.36;'0.1;42;0;0;0;0;3100.0;11990.0;;0%
HHH_Pink_2961;71839880;861514732;7,28633E+12;'45;KZDOO;;7;'5.00;Чехлы;Чехол для смартфона;'0.36;'0.1;62;0;10;0;0;3100.0;11990.0;;0%
CCC_Purple_5917;13120624;223144798;RND457805045;'70;KZDOO;;1;'4.60;Чехлы;Чехол для смартфона;'0.36;'0.1;8;0;0;0;0;4500.0;11990.0;;0%
DDD_Titanium_5241;14042557;913472676;1,07532E+12;'45;KZDOO;;2;'4.60;Чехлы;Чехол для смартфона;'0.36;'0.1;16;0;10;0;0;4500.0;11990.0;;0%
EEE_Pink_6948;80340504;200300380;RND129009989;'45;KZDOO;;2;'4.60;Чехлы;Чехол для смартфона;'0.36;'0.1;21;0;0;0;0;4500.0;11990.0;;0%
EEE_White_7899;63600414;387905705;4,42802E+12;'65;KZDOO;;0;'0.00;Чехлы;Чехол для смартфона;'0.36;'0.1;15;0;0;0;0;5580.0;11990.0;;0%
CCC_Blue_8291;55970003;753796791;5,40648E+12;'65;KZDOO;;0;'0.00;Чехлы;Чехол для смартфона;'0.36;'0.1;15;0;0;0;0;5580.0;11990.0;;0%
FFF_Titanium_4702;20862535;676149838;3,40258E+12;'70;KZDOO;;0;'5.00;Чехлы;Чехол для смартфона;'0.36;'0.1;20;0;10;0;0;5580.0;11990.0;;0%
EEE_Purple_1729;77282880;522805611;5,54623E+12;'65;KZDOO;;0;'0.00;Чехлы;Чехол для смартфона;'0.36;'0.1;14;0;10;0;0;5580.0;11990.0;;0%
EEE_Titanium_3108;94336108;558907288;RND644201155;'65;KZDOO;;0;'0.00;Чехлы;Чехол для смартфона;'0.36;'0.1;15;0;0;0;0;5580.0;11990.0;;0%
AAA_Blue_4139;72208276;870152249;RND513492458;'65;KZDOO;;1;'5.00;Чехлы;Чехол для смартфона;'0.36;'0.1;19;0;10;0;0;5580.0;11990.0;;0%
GGG_Titanium_4851;81037751;960087112;RND424028257;'70;KZDOO;;18;'4.70;Чехлы;Чехол для смартфона;'0.36;'0.1;2;0;1;0;0;6380.0;11990.0;;0%
DDD_Green_2791;11935679;291939425;RND448807860;'57.5;KZDOO;;0;'4.70;Чехлы;Чехол для смартфона;'0.36;'0.1;5;0;10;0;0;6580.0;11990.0;;0%
CCC_Titanium_7137;26561997;866719169;8,56536E+12;'82.5;KZDOO;;2;'4.70;Чехлы;Чехол для смартфона;'0.36;'0.1;3;0;10;0;1;6580.0;11990.0;;0%
GGG_White_9618;24789210;121732065;RND633013346;'57.5;KZDOO;;0;'4.70;Чехлы;Чехол для смартфона;'0.36;'0.1;6;0;0;0;0;6580.0;11990.0;;0%
EEE_Green_8714;46775139;546997937;RND560669777;'57.5;KZDOO;;8;'4.70;Чехлы;Чехол для смартфона;'0.36;'0.1;12;0;3;0;0;6580.0;11990.0;;0%
FFF_Purple_8560;89459784;961532740;7,54476E+12;'82.5;KZDOO;;4;'4.70;Чехлы;Чехол для смартфона;'0.36;'0.1;3;0;10;0;0;6580.0;11990.0;;0%
EEE_Blue_6146;54094339;108419734;RND540685598;'57.5;KZDOO;;9;'4.70;Чехлы;Чехол для смартфона;'0.36;'0.1;3;0;10;0;0;6580.0;11990.0;;0%
AAA_Red_7992;85884486;343001796;RND942341437;'70;KZDOO;;0;'4.70;Чехлы;Чехол для смартфона;'0.36;'0.1;9;0;0;0;0;6580.0;11990.0;;0%
CCC_Green_4282;22705435;131188359;3,87448E+12;'82.5;KZDOO;;2;'4.60;Чехлы;Чехол для смартфона;'0.36;'0.1;0;0;0;0;0;6580.0;11990.0;;0%
GGG_Purple_5110;14715236;427146766;RND430864025;'82.5;KZDOO;;0;'4.60;Чехлы;Чехол для смартфона;'0.36;'0.1;0;0;0;0;0;6580.0;11990.0;;0%
AAA_Red_7612;19861565;157381183;RND877633012;'82.5;KZDOO;;1;'4.60;Чехлы;Чехол для смартфона;'0.36;'0.1;1;0;10;0;0;6580.0;11990.0;;0%
CCC_Green_3542;43138987;940025299;RND595591403;'82.5;KZDOO;;0;'4.60;Чехлы;Чехол для смартфона;'0.36;'0.1;2;0;0;0;0;6580.0;11990.0;;0%
GGG_White_5000;33846396;104953663;4,49624E+12;'82.5;KZDOO;;0;'4.60;Чехлы;Чехол для смартфона;'0.36;'0.1;0;0;0;0;0;3290.0;4990.0;;0%
AAA_Titanium_1682;78585756;418289755;RND279719234;'82.5;KZDOO;;1;'4.60;Чехлы;Чехол для смартфона;'0.36;'0.1;1;0;10;0;0;6580.0;11990.0;;0%
GGG_Green_3846;43510857;400756770;5,35351E+12;'82.5;KZDOO;;4;'4.60;Чехлы;Чехол для смартфона;'0.36;'0.1;2;0;10;0;0;6580.0;11990.0;;0%
HHH_White_3901;29400855;771722748;RND346317949;'77.5;KZDOO;;1;'4.60;Чехлы;Чехол для смартфона;'0.36;'0.1;1;0;10;0;0;6580.0;11990.0;;0%
GGG_Purple_7207;37203467;377351632;RND490377944;'57.5;KZDOO;;17;'4.50;Чехлы;Чехол для смартфона;'0.36;'0.1;1;0;0;0;0;6580.0;11990.0;;0%
AAA_Purple_5672;96001367;733538957;RND626185491;'82.5;KZDOO;;8;'4.50;Чехлы;Чехол для смартфона;'0.36;'0.1;10;0;10;0;0;6580.0;11990.0;;0%
DDD_Clear_7450;86078699;542298538;RND717362720;'57.5;KZDOO;;3;'4.50;Чехлы;Чехол для смартфона;'0.36;'0.1;1;0;0;0;0;6580.0;11990.0;;0%
HHH_Red_3959;42354439;384670024;RND399760052;'57.5;KZDOO;;1;'4.50;Чехлы;Чехол для смартфона;'0.36;'0.1;0;0;0;0;0;6580.0;11990.0;;0%
GGG_Purple_5051;80289394;850247351;1,20237E+12;'57.5;KZDOO;;2;'4.50;Чехлы;Чехол для смартфона;'0.36;'0.1;0;0;10;0;0;6580.0;11990.0;;0%
BBB_Black_6019;18398142;278892725;RND383151112;'57.5;KZDOO;;0;'4.50;Чехлы;Чехол для смартфона;'0.36;'0.1;2;0;10;0;0;6580.0;11990.0;;0%
DDD_Clear_1598;86221208;800617657;3,94609E+12;'57.5;KZDOO;;2;'4.50;Чехлы;Чехол для смартфона;'0.36;'0.1;13;0;10;0;0;6580.0;11990.0;;0%
HHH_Blue_6556;99447531;630470087;RND841495557;'82.5;KZDOO;;1;'4.50;Чехлы;Чехол для смартфона;'0.36;'0.1;13;0;10;0;0;6580.0;11990.0;;0%
HHH_White_1139;84738673;383464308;RND521987591;'82.5;KZDOO;;0;'0.00;Чехлы;Чехол для смартфона;'0.36;'0.1;3;0;0;0;0;11000.0;11990.0;;0%
CCC_Pink_5146;30321714;335570204;RND364554211;'82.5;KZDOO;;0;'0.00;Чехлы;Чехол для смартфона;'0.36;'0.1;10;0;0;0;0;11000.0;11990.0;;0%
BBB_Red_3847;51160776;232401178;9,88581E+12;'82.5;KZDOO;;0;'0.00;Чехлы;Чехол для смартфона;'0.36;'0.1;2;0;0;0;0;11000.0;11990.0;;0%
EEE_Purple_8672;52863920;743945722;8,18048E+12;'82.5;KZDOO;;0;'5.00;Чехлы;Чехол для смартфона;'0.36;'0.1;1;0;10;0;0;11000.0;11990.0;;0%
CCC_Titanium_4717;91929955;793648035;RND845494429;'82.5;KZDOO;;0;'5.00;Чехлы;Чехол для смартфона;'0.36;'0.1;10;0;0;0;0;11000.0;11990.0;;0%
AAA_Blue_9137;36414021;972647973;RND510227269;'82.5;KZDOO;;1;'5.00;Чехлы;Чехол для смартфона;'0.36;'0.1;3;0;0;0;0;11000.0;11990.0;;0%
BBB_Red_5304;50680192;965232050;RND177665217;'57.5;KZDOO;;1;'5.00;Чехлы;Чехол для смартфона;'0.36;'0.1;2;0;0;0;0;11000.0;11990.0;;0%
FFF_Green_1588;86056168;414161268;RND653988420;'82.5;KZDOO;;1;'5.00;Чехлы;Чехол для смартфона;'0.36;'0.1;9;0;3;0;0;11000.0;11990.0;;0%
GGG_Clear_7869;35892837;683931172;RND715774291;'57.5;KZDOO;;0;'5.00;Чехлы;Чехол для смартфона;'0.36;'0.1;2;0;0;0;0;11000.0;11990.0;;0%
GGG_Green_6367;52923583;201753156;8,08446E+12;'82.5;Нет бренда;;1;'5.00;Чехлы;Чехол для смартфона;'0.08;'0.1;0;0;0;0;0;1000.0;1900.0;;0%
HHH_Red_4713;25324439;949741559;RND428529687;'82.5;Нет бренда;;0;'0.00;Чехлы;Чехол для смартфона;'0.08;'0.1;0;0;2;0;0;2000.0;7900.0;;0%
EEE_Blue_1505;11351952;279028018;3,04134E+12;'82.5;Нет бренда;;0;'5.00;Чехлы;Чехол для смартфона;'0.08;'0.1;0;0;2;0;0;2000.0;7900.0;;0%
AAA_Purple_7824;27574394;238993160;9,95299E+12;'82.5;Нет бренда;;1;'5.00;Чехлы;Чехол для смартфона;'0.08;'0.1;0;0;3;0;0;2000.0;7900.0;;0%
HHH_White_3457;67317287;436120320;RND325858425;'82.5;Нет бренда;;1;'5.00;Чехлы;Чехол для смартфона;'0.08;'0.1;1;0;0;0;0;1000.0;1900.0;;0%
BBB_Pink_2708;11146662;989528909;RND162406379;'82.5;Нет бренда;;0;'5.00;Чехлы;Чехол для смартфона;'0.08;'0.1;0;0;0;0;0;1000.0;1900.0;;0%
BBB_Purple_8101;51633895;676755398;RND518613902;'82.5;Нет бренда;;0;'5.00;Чехлы;Чехол для смартфона;'0.08;'0.1;0;0;3;0;0;2000.0;7900.0;;0%
GGG_Purple_4170;81335479;146557664;RND562407011;'82.5;Нет бренда;;0;'5.00;Чехлы;Чехол для смартфона;'0.08;'0.1;0;0;2;0;0;2000.0;7900.0;;0%
BBB_Pink_6893;24653069;875740648;5,74365E+12;'52.5;KZDOO;;21;'4.80;Чехлы;Чехол для смартфона;'1.32;'0.3;7;1;8;0;0;4980.0;11990.0;;0%
FFF_White_2094;71178264;584383877;RND926422386;'45;KZDOO;;0;'0.00;Чехлы;Чехол для смартфона;'0.36;'0.1;1;0;0;0;0;6980.0;11990.0;;0%
HHH_Purple_2504;96985825;672230539;6,70004E+12;'45;KZDOO;;12;'4.80;Чехлы;Чехол для смартфона;'0.36;'0.1;0;0;8;0;0;3200.0;11990.0;;0%
FFF_Red_7913;29033954;213505159;4,50403E+12;'45;KZDOO;;0;'0.00;Чехлы;Чехол для смартфона;'0.36;'0.1;4;0;0;0;0;6980.0;11990.0;;0%
AAA_Pink_8879;38056815;329783105;1,48607E+12;'45;KEEPHONE;;1;'4.20;Чехлы;Чехол для смартфона;'0.38;'0.1;0;0;0;0;0;2390.0;3990.0;;0%
EEE_Pink_5016;94463588;572376316;RND734836843;'45;KEEPHONE;;0;'5.00;Чехлы;Чехол для смартфона;'0.38;'0.1;8;0;10;0;0;4980.0;11990.0;;0%
AAA_White_5438;33567369;925624449;3,95461E+12;'45;KZDOO;;0;'0.00;Чехлы;Чехол для смартфона;'0.36;'0.1;0;0;10;0;0;2490.0;3490.0;;0%
FFF_Blue_3236;22258405;759839967;RND404564512;'45;KZDOO;;0;'0.00;Чехлы;Чехол для смартфона;'0.36;'0.1;0;0;10;0;0;3490.0;3490.0;;0%
CCC_Clear_9381;18488674;644116660;6,06868E+12;'45;KZDOO;;0;'0.00;Чехлы;Чехол для смартфона;'0.36;'0.1;0;0;10;0;0;3490.0;3490.0;;0%
EEE_Green_7826;59016478;917139012;7,46822E+12;'45;KZDOO;;0;'0.00;Чехлы;Чехол для смартфона;'0.36;'0.1;0;0;10;0;0;3490.0;3490.0;;0%
GGG_Black_4469;17932091;493412950;3,93983E+12;'45;KZDOO;;0;'0.00;Чехлы;Чехол для смартфона;'0.36;'0.1;0;0;10;0;0;3490.0;3490.0;;0%
BBB_Clear_3805;59810682;811248914;RND987828862;'45;KZDOO;;0;'0.00;Чехлы;Чехол для смартфона;'0.36;'0.1;0;0;10;0;0;3490.0;3490.0;;0%
AAA_Black_3015;79490292;903937658;2,80684E+12;'45;KZDOO;;0;'0.00;Чехлы;Чехол для смартфона;'0.36;'0.1;0;0;10;0;0;3490.0;3490.0;;0%
CCC_Purple_9765;86313043;776560091;RND301676616;'45;KZDOO;;0;'0.00;Чехлы;Чехол для смартфона;'0.36;'0.1;0;0;10;0;0;3490.0;3490.0;;0%
AAA_Red_6276;37739044;430255306;3,34058E+12;'45;KZDOO;;0;'0.00;Чехлы;Чехол для смартфона;'0.36;'0.1;0;0;10;0;0;3490.0;3490.0;;0%
AAA_White_6767;93887738;258011606;5,85189E+12;'45;KZDOO;;0;'0.00;Чехлы;Чехол для смартфона;'1.32;'0.3;0;0;10;0;0;3490.0;3490.0;;0%
AAA_Pink_2921;69837066;430182009;RND104357007;'45;KZDOO;;0;'0.00;Чехлы;Чехол для смартфона;'1.32;'0.3;0;0;10;0;0;3490.0;3490.0;;0%
GGG_Black_6808;45016869;855919062;6,62339E+12;'45;KZDOO;;0;'0.00;Чехлы;Чехол для смартфона;'1.32;'0.3;0;0;10;0;0;3490.0;3490.0;;0%
CCC_Clear_4692;64538087;601026191;7,61154E+12;'45;KZDOO;;0;'0.00;Чехлы;Чехол для смартфона;'1.32;'0.3;0;0;10;0;0;3490.0;3490.0;;0%
AAA_Pink_9594;24148272;889512068;RND189491475;'45;KZDOO;;0;'0.00;Чехлы;Чехол для смартфона;'1.32;'0.3;0;0;10;0;0;3490.0;3490.0;;0%
GGG_Purple_4980;17961013;618109708;RND821533978;'45;KZDOO;;0;'0.00;Чехлы;Чехол для смартфона;'1.32;'0.3;0;0;10;0;0;3490.0;3490.0;;0%
GGG_Green_8168;28410571;574649732;RND351492575;'45;KZDOO;;0;'0.00;Чехлы;Чехол для смартфона;'1.32;'0.3;0;0;10;0;0;3490.0;3490.0;;0%
CCC_Clear_6193;61427977;350498386;RND461176807;'45;KZDOO;;0;'0.00;Чехлы;Чехол для смартфона;'1.32;'0.3;0;0;10;0;0;3490.0;3490.0;;0%
DDD_Blue_4643;13391135;212974772;9,18783E+12;'45;KZDOO;;0;'0.00;Чехлы;Чехол для смартфона;'1.32;'0.3;0;0;10;0;1;3490.0;3490.0;;0%
HHH_Titanium_9363;74588621;279493888;RND790351119;'40;KZDOO;;0;'0.00;Чехлы;Чехол для смартфона;'0.36;'0.1;0;0;0;0;0;2550.0;2550.0;;0%
CCC_Titanium_6837;85372595;992822448;RND584954139;'45;KZDOO;;0;'0.00;Чехлы;Чехол для смартфона;'0.36;'0.1;0;0;10;0;0;2550.0;2550.0;;0%
EEE_Red_3557;52297033;916584805;RND413093296;'40;KZDOO;;0;'0.00;Чехлы;Чехол для смартфона;'0.36;'0.1;0;0;0;0;0;2550.0;2550.0;;0%
HHH_Pink_1353;89402108;301905663;RND328152047;'45;KZDOO;;0;'0.00;Чехлы;Чехол для смартфона;'0.36;'0.1;0;0;10;0;0;2550.0;2550.0;;0%
BBB_Pink_7223;64541408;939151462;RND758026660;'40;KZDOO;;0;'0.00;Чехлы;Чехол для смартфона;'0.36;'0.1;0;0;0;0;0;2550.0;2550.0;;0%
BBB_Pink_4023;52953466;903562491;RND325943545;'40;KZDOO;;0;'0.00;Чехлы;Чехол для смартфона;'0.36;'0.1;0;0;0;0;0;2490.0;2490.0;;0%
HHH_Titanium_6539;12743240;325481086;RND451720974;'45;KZDOO;;0;'0.00;Чехлы;Чехол для смартфона;'0.36;'0.1;0;0;10;0;0;2490.0;2490.0;;0%
EEE_Blue_2874;46916967;309167300;RND853957425;'45;KZDOO;;0;'0.00;Чехлы;Чехол для смартфона;'0.36;'0.1;0;0;10;0;0;2490.0;2490.0;;0%
GGG_Blue_6871;27995241;661308333;6,87342E+12;'45;KZDOO;;0;'0.00;Чехлы;Чехол для смартфона;'0.36;'0.1;0;0;10;0;0;2490.0;2490.0;;0%
HHH_Black_6946;96010532;772809644;RND596935527;'45;KZDOO;;0;'0.00;Чехлы;Чехол для смартфона;'0.36;'0.1;0;0;10;0;0;2490.0;2490.0;;0%
HHH_Blue_7358;28393426;986116075;RND235870381;'45;KZDOO;;0;'0.00;Чехлы;Чехол для смартфона;'0.36;'0.1;0;0;10;0;0;2490.0;2490.0;;0%
EEE_Pink_2728;86253551;353114875;RND909159246;'45;KZDOO;;0;'0.00;Чехлы;Чехол для смартфона;'0.36;'0.1;0;0;10;0;0;3490.0;3490.0;;0%
EEE_Titanium_7354;68723156;191248469;5,36114E+12;'40;KZDOO;;0;'0.00;Чехлы;Чехол для смартфона;'0.36;'0.1;0;0;0;0;0;3490.0;3490.0;;0%
EEE_Clear_4552;13735368;831379975;RND879296259;'40;KZDOO;;0;'0.00;Чехлы;Чехол для смартфона;'0.36;'0.1;0;0;0;0;0;3490.0;3490.0;;0%
GGG_Titanium_3952;56604839;883054570;2,94221E+12;'45;KZDOO;;0;'0.00;Чехлы;Чехол для смартфона;'0.36;'0.1;0;0;10;0;0;3490.0;3490.0;;0%
AAA_Black_3318;15266766;337353568;RND696906788;'45;KZDOO;;0;'0.00;Чехлы;Чехол для смартфона;'0.36;'0.1;0;0;10;0;0;3490.0;3490.0;;0%
GGG_White_4316;10678165;686887781;RND883290804;'45;KZDOO;;0;'0.00;Чехлы;Чехол для смартфона;'0.36;'0.1;0;0;10;0;0;3490.0;3490.0;;0%
CCC_Purple_8847;27622520;437713026;3,51085E+12;'45;KZDOO;;0;'0.00;Чехлы;Чехол для смартфона;'0.36;'0.1;0;0;10;0;0;3490.0;3490.0;;0%
AAA_Red_7044;65123860;949923992;RND318326887;'45;KZDOO;;0;'0.00;Чехлы;Чехол для смартфона;'0.36;'0.1;0;0;10;0;0;3490.0;3490.0;;0%
EEE_Green_4071;77801450;522267127;7,04926E+12;'37.5;KZDOO;;0;'0.00;Чехлы;Чехол для смартфона;'0.36;'0.1;0;0;10;0;0;4990.0;4990.0;;0%
BBB_Red_6872;17897185;776182008;3,95785E+12;'45;KZDOO;;0;'0.00;Чехлы;Чехол для смартфона;'0.36;'0.1;0;0;10;0;0;4990.0;4990.0;;0%
CCC_Purple_2761;21117672;985955725;RND806679650;'37.5;KZDOO;;0;'0.00;Чехлы;Чехол для смартфона;'0.36;'0.1;0;0;10;0;0;4990.0;4990.0;;0%
CCC_Pink_4994;40877478;681223707;9,9708E+12;'45;KZDOO;;0;'0.00;Чехлы;Чехол для смартфона;'0.36;'0.1;0;0;10;0;0;4990.0;4990.0;;0%
FFF_Green_1597;21929427;424176908;2,69865E+12;'45;KZDOO;;0;'0.00;Чехлы;Чехол для смартфона;'0.36;'0.1;0;0;10;0;0;4990.0;4990.0;;0%
HHH_Pink_4655;42530270;625378434;8,55336E+12;'37.5;KZDOO;;0;'0.00;Чехлы;Чехол для смартфона;'0.36;'0.1;0;0;10;0;0;4990.0;4990.0;;0%
CCC_Blue_5972;74230163;365451176;2,33301E+12;'37.5;KZDOO;;0;'0.00;Чехлы;Чехол для смартфона;'0.36;'0.1;0;0;10;0;0;4990.0;4990.0;;0%
EEE_Clear_5090;99962600;114125066;RND965297669;'45;KZDOO;;0;'0.00;Чехлы;Чехол для смартфона;'0.36;'0.1;0;0;10;0;0;4990.0;4990.0;;0%
BBB_White_7079;83675423;409415537;RND119386801;'37.5;KZDOO;;0;'0.00;Чехлы;Чехол для смартфона;'0.36;'0.1;0;0;10;0;0;4990.0;4990.0;;0%
FFF_Black_7791;85129002;370554778;6,33166E+12;'37.5;KZDOO;;0;'0.00;Чехлы;Чехол для смартфона;'0.36;'0.1;0;0;10;0;0;4990.0;4990.0;;0%
FFF_Green_1065;51023847;607514632;RND779392626;'37.5;KZDOO;;0;'0.00;Чехлы;Чехол для смартфона;'0.36;'0.1;0;0;10;0;0;4990.0;4990.0;;0%
AAA_White_8136;16616230;153143470;7,36767E+12;'37.5;KZDOO;;0;'0.00;Чехлы;Чехол для смартфона;'0.36;'0.1;0;0;10;0;0;4990.0;4990.0;;0%
AAA_Clear_9841;15511860;925155394;1,83728E+12;'37.5;KZDOO;;0;'0.00;Чехлы;Чехол для смартфона;'0.36;'0.1;0;0;10;0;0;4990.0;4990.0;;0%
HHH_Clear_1031;33958975;534042673;2,21464E+12;'37.5;KZDOO;;0;'0.00;Чехлы;Чехол для смартфона;'0.36;'0.1;0;0;10;0;0;4990.0;4990.0;;0%
EEE_White_3357;47380526;272354920;2,35171E+12;'45;KZDOO;;0;'0.00;Чехлы;Чехол для смартфона;'0.36;'0.1;0;0;10;0;0;4990.0;4990.0;;0%
FFF_Red_9257;84893053;485936768;2,71045E+12;'37.5;KZDOO;;0;'0.00;Чехлы;Чехол для смартфона;'0.36;'0.1;0;0;10;0;0;4990.0;4990.0;;0%
HHH_Purple_3275;72257964;586484764;RND842537140;'37.5;KZDOO;;0;'0.00;Чехлы;Чехол для смартфона;'0.36;'0.1;0;0;10;0;0;4990.0;4990.0;;0%
AAA_White_9065;80615239;702474771;7,54998E+12;'37.5;KZDOO;;0;'0.00;Чехлы;Чехол для смартфона;'0.36;'0.1;0;0;10;0;0;4990.0;4990.0;;0%
AAA_White_1844;79710676;832429763;RND807716946;'45;KZDOO;;0;'0.00;Чехлы;Чехол для смартфона;'0.36;'0.1;0;0;10;0;0;4990.0;4990.0;;0%
AAA_Black_7462;39912009;139197688;3,50335E+12;'37.5;KZDOO;;0;'0.00;Чехлы;Чехол для смартфона;'0.36;'0.1;0;0;10;0;0;4990.0;4990.0;;0%
DDD_Black_1710;13687354;363067347;RND654202305;'37.5;KZDOO;;0;'0.00;Чехлы;Чехол для смартфона;'0.36;'0.1;0;0;10;0;0;4990.0;4990.0;;0%
DDD_Titanium_3655;73953828;135651753;8,01768E+12;'45;KZDOO;;0;'0.00;Чехлы;Чехол для смартфона;'0.36;'0.1;0;0;10;0;0;4990.0;4990.0;;0%
AAA_Black_2772;57615046;864504851;2,08412E+12;'45;KZDOO;;0;'0.00;Чехлы;Чехол для смартфона;'0.36;'0.1;0;0;8;0;0;4990.0;4990.0;;0%
BBB_Titanium_4146;52059480;463428374;5,6639E+12;'45;KZDOO;;0;'0.00;Чехлы;Чехол для смартфона;'0.36;'0.1;0;0;10;0;0;4990.0;4990.0;;0%
BBB_Red_4612;31965024;506919285;RND208103151;'65;KEEPHONE;;0;'0.00;Чехлы;Чехол для смартфона;'0.27;'0.1;0;0;10;0;0;6980.0;11990.0;;0%
GGG_Pink_2598;39705473;731620945;RND479148991;'45;KZDOO;;0;'0.00;Чехлы;Чехол для смартфона;'0.36;'0.1;0;0;10;0;0;5300.0;11990.0;;0%
AAA_Green_3407;86055495;898593136;6,44625E+12;'40;KZDOO;;0;'0.00;Чехлы;Чехол для смартфона;'0.36;'0.1;0;0;0;0;0;5300.0;11990.0;;0%
BBB_Green_9675;88157875;716845494;RND860556334;'45;KZDOO;;0;'0.00;Чехлы;Чехол для смартфона;'0.36;'0.1;0;0;10;0;0;5300.0;11990.0;;0%
AAA_White_3239;64199822;662159066;RND286356326;'45;KZDOO;;0;'0.00;Чехлы;Чехол для смартфона;'0.36;'0.1;0;0;10;0;0;5300.0;11990.0;;0%
HHH_Red_6012;26527519;355630648;4,77529E+12;'45;KZDOO;;0;'0.00;Чехлы;Чехол для смартфона;'0.36;'0.1;0;0;10;0;0;5100.0;11990.0;;0%
AAA_Purple_3646;21656338;765807821;RND992530914;'40;KZDOO;;0;'0.00;Чехлы;Чехол для смартфона;'0.36;'0.1;0;0;0;0;0;5100.0;11990.0;;0%
DDD_Titanium_9337;85141505;252391157;8,13309E+12;'45;KZDOO;;0;'0.00;Чехлы;Чехол для смартфона;'0.36;'0.1;0;0;10;0;0;5100.0;11990.0;;0%
GGG_Pink_1622;46434145;379533459;RND134830475;'45;KZDOO;;0;'0.00;Чехлы;Чехол для смартфона;'0.36;'0.1;0;0;10;0;0;5180.0;11990.0;;0%
HHH_Red_3860;43178236;103558669;1,15579E+12;'45;KZDOO;;0;'0.00;Чехлы;Чехол для смартфона;'0.36;'0.1;0;0;10;0;0;6000.0;11000.0;;0%
BBB_Blue_8197;33336859;568863870;RND964015538;'45;KZDOO;;0;'0.00;Чехлы;Чехол для смартфона;'0.36;'0.1;0;0;10;0;0;6000.0;11000.0;;0%
DDD_Pink_4683;51675683;272765975;RND910367286;'45;KZDOO;;0;'0.00;Чехлы;Чехол для смартфона;'0.36;'0.1;0;0;0;0;0;6000.0;11000.0;;0%
CCC_White_3786;83381147;210399341;5,36338E+12;'45;KZDOO;;0;'0.00;Чехлы;Чехол для смартфона;'0.36;'0.1;0;0;10;0;0;6000.0;11000.0;;0%
HHH_Red_7905;33947909;215568683;RND727059463;'45;KZDOO;;0;'0.00;Чехлы;Чехол для смартфона;'0.36;'0.1;0;0;10;0;0;6000.0;11000.0;;0%
AAA_Purple_8747;79641918;917525473;3,37009E+12;'45;KZDOO;;0;'0.00;Чехлы;Чехол для смартфона;'0.36;'0.1;0;0;10;0;0;6000.0;11000.0;;0%
DDD_Clear_3350;23097010;249655789;5,07838E+12;'45;KZDOO;;0;'0.00;Чехлы;Чехол для смартфона;'0.36;'0.1;0;0;10;0;0;6000.0;11000.0;;0%
FFF_Black_4404;64710683;363212534;RND728961116;'45;KZDOO;;0;'0.00;Чехлы;Чехол для смартфона;'0.36;'0.1;0;0;10;0;0;6000.0;11000.0;;0%
CCC_Titanium_4827;97371150;424823464;3,67207E+12;'45;KZDOO;;0;'0.00;Чехлы;Чехол для смартфона;'0.36;'0.1;0;0;10;0;0;6000.0;11000.0;;0%
CCC_Green_3835;93873429;633637481;RND820320521;'45;KZDOO;;0;'0.00;Чехлы;Чехол для смартфона;'0.36;'0.1;0;0;10;0;0;6000.0;11000.0;;0%
BBB_Clear_1364;86731987;965980470;RND931542043;'45;KZDOO;;0;'0.00;Чехлы;Чехол для смартфона;'0.36;'0.1;0;0;10;0;0;6000.0;11000.0;;0%
FFF_Titanium_2565;35122854;338144082;9,72097E+12;'35;KZDOO;;0;'0.00;Чехлы;Чехол для смартфона;'0.36;'0.1;0;0;10;0;0;5500.0;11000.0;;0%
HHH_Blue_8671;11575539;676392698;RND512937808;'35;KZDOO;;0;'0.00;Чехлы;Чехол для смартфона;'0.36;'0.1;0;0;10;0;0;5500.0;11000.0;;0%
CCC_Titanium_2027;35738540;355227843;7,41844E+12;'35;KZDOO;;0;'0.00;Чехлы;Чехол для смартфона;'0.36;'0.1;0;0;10;0;0;5500.0;11000.0;;0%
AAA_Green_8877;35905708;947347470;5,19215E+12;'35;KZDOO;;0;'0.00;Чехлы;Чехол для смартфона;'0.36;'0.1;0;0;10;0;0;5500.0;11000.0;;0%
EEE_Black_2283;42373022;316099228;1,77793E+12;'35;KZDOO;;0;'0.00;Чехлы;Чехол для смартфона;'0.36;'0.1;0;0;10;0;0;5500.0;11000.0;;0%
EEE_Purple_7709;79336129;154624750;3,84931E+12;'35;KZDOO;;0;'0.00;Чехлы;Чехол для смартфона;'0.36;'0.1;0;0;10;0;0;5500.0;11000.0;;0%
FFF_Green_5531;82500306;473265250;9,76734E+12;'35;KZDOO;;0;'0.00;Чехлы;Чехол для смартфона;'0.36;'0.1;0;0;10;0;0;5500.0;11000.0;;0%
AAA_Titanium_9034;71947674;333181659;3,01784E+12;'35;KZDOO;;0;'0.00;Чехлы;Чехол для смартфона;'0.36;'0.1;0;0;10;0;0;5500.0;11000.0;;0%
EEE_Black_4149;86205843;198847024;RND657031579;'35;KZDOO;;0;'0.00;Чехлы;Чехол для смартфона;'0.36;'0.1;0;0;10;0;0;5500.0;11000.0;;0%
BBB_Titanium_6310;34657339;189856556;1,60694E+12;'35;KZDOO;;0;'0.00;Чехлы;Чехол для смартфона;'0.36;'0.1;0;0;10;0;0;5500.0;11000.0;;0%
EEE_Purple_6689;43049959;754337627;5,23316E+12;'35;KZDOO;;0;'0.00;Чехлы;Чехол для смартфона;'0.36;'0.1;0;0;10;0;0;5500.0;11000.0;;0%
FFF_White_7199;35214367;649406307;6,18373E+12;'40;KZDOO;;0;'0.00;Чехлы;Чехол для смартфона;'0.36;'0.1;0;0;10;0;0;9990.0;14990.0;;0%
FFF_Clear_4303;93626225;779619573;4,93755E+12;'45;KZDOO;;0;'0.00;Чехлы;Чехол для смартфона;'0.36;'0.1;0;0;10;0;0;9990.0;14990.0;;0%
FFF_Black_4039;71130502;308166993;7,45959E+12;'45;KZDOO;;0;'0.00;Чехлы;Чехол для смартфона;'0.36;'0.1;0;0;10;0;0;9990.0;14990.0;;0%
