Номер отправления;Статус отправления;Ozon ID;Артикул товара;Итоговая стоимость;Количество товаров в отправлении;Скидка %;Акции;Регион доставки;Способ доставки;Сумма отправления;Скидка, руб.;Вознаграждение %;Вознаграждение, руб.;Стоимость доставки;К выплате;Склад отгрузки;Дата логистической операции
ORD479150;Отменен;25673692;HHH_Titanium_2410;8500;1;15;Нет;с. Челябинск;Постамат;8500;1275;19;1615;201;5409;Склад 1;02.02.2025
ORD290474;Доставлен;10991330;GGG_Green_7035;2600;4;0;Черная пятница;д. Нерчинск;Курьер;10400;0;10;1040;155;9205;Склад 1;01.03.2025
ORD775156;Доставлен;96985825;HHH_Purple_2504;3200;1;15;Новогодняя распродажа;ст. Юрьев-Польский;Курьер;3200;480;17;544;187;1989;Склад 2;22.08.2025
ORD269078;Доставлен;41515025;DDD_Purple_3677;980;4;5;Черная пятница;д. Чебаркуль;Курьер;3920;49;16;627,2;331;2912,8;Склад 1;19.09.2025
ORD857346;В пути;60822434;GGG_Pink_4564;9100;1;5;Черная пятница;к. Бронницы;Курьер;9100;455;15;1365;126;7154;Склад 2;27.07.2025
ORD727936;В пути;73779124;HHH_Clear_8504;5580;3;20;Новогодняя распродажа;ст. Можайск;Курьер;16740;1116;12;2008,8;273;13342,2;Склад 3;26.06.2025
ORD517481;В пути;96125000;FFF_Clear_9868;5560;2;15;Новогодняя распродажа;с. Шенкурск;ПВЗ;11120;834;16;1779,2;154;8352,8;Склад 1;19.06.2025
ORD990878;В пути;23021957;EEE_Black_4856;1000;4;10;Черная пятница;п. Воронеж;ПВЗ;4000;100;17;680;209;3011;Склад 2;20.07.2025
ORD641941;Отменен;61473853;BBB_Black_4989;6050;1;20;Новогодняя распродажа;клх Мценск;Курьер;6050;1210;11;665,5;176;3998,5;Склад 2;01.04.2025
ORD945104;Отменен;37293235;AAA_Titanium_1777;3090;2;5;Новогодняя распродажа;д. Плес;ПВЗ;6180;154,5;15;927;453;4645,5;Склад 2;06.06.2025
ORD593281;В пути;81893634;GGG_Red_7442;5980;1;15;Новогодняя распродажа;клх Волоколамск;ПВЗ;5980;897;11;657,8;383;4042,2;Склад 2;12.06.2025
ORD530990;Отменен;91076807;AAA_Red_5295;3090;2;20;Новогодняя распродажа;г. Камышлов;Постамат;6180;618;18;1112,4;447;4002,6;Склад 1;18.01.2025
ORD503940;Доставлен;43502425;BBB_Blue_7291;10006;2;15;Новогодняя распродажа;ст. Гремячинск (Бурят.);Курьер;20012;1500,9;15;3001,8;253;15256,3;Склад 1;15.09.2025
ORD576104;Доставлен;41460381;AAA_Green_6938;3816;1;5;Новогодняя распродажа;к. Мирный;ПВЗ;3816;190,8;18;686,88;225;2713,32;Склад 1;29.05.2025
ORD101019;Доставлен;80700206;BBB_Black_9217;2780;4;20;Нет;с. Канск;Постамат;11120;556;13;1445,6;252;8866,4;Склад 2;17.06.2025
ORD455346;В пути;99772524;GGG_Purple_5307;1100;4;5;Черная пятница;ст. Благовещенск (Амур.);Постамат;4400;55;11;484;107;3754;Склад 3;08.05.2025
ORD258093;Доставлен;72055283;DDD_Purple_2787;10980;3;0;Новогодняя распродажа;г. Тырныауз;Курьер;32940;0;10;3294;389;29257;Склад 2;26.05.2025
ORD233161;Отменен;86313043;CCC_Purple_9765;3490;2;5;Черная пятница;г. Сибай;Курьер;6980;174,5;12;837,6;239;5728,9;Склад 3;21.03.2025
ORD575676;В пути;70160612;AAA_Purple_3399;7828;3;15;Нет;к. Листвянка (Иркут.);Постамат;23484;1174,2;12;2818,08;225;19266,72;Склад 1;08.02.2025
ORD253973;Отменен;97578232;DDD_Titanium_7441;4980;3;10;Новогодняя распродажа;п. Владикавказ;Курьер;14940;498;15;2241;339;11862;Склад 2;25.01.2025
ORD636470;Доставлен;51684723;DDD_Green_6168;7180;1;5;Черная пятница;к. Мезень;Курьер;7180;359;10;718;274;5829;Склад 2;22.09.2025
ORD766443;Доставлен;44373202;AAA_Purple_7609;1580;1;10;Новогодняя распродажа;клх Чокурдах;Постамат;1580;158;15;237;492;693;Склад 1;01.07.2025
ORD712310;Доставлен;11732154;BBB_Green_4467;4980;1;0;Новогодняя распродажа;клх Троицко-Печорск;Постамат;4980;0;13;647,4;242;4090,6;Склад 2;23.01.2025
ORD862071;В пути;59197687;GGG_Blue_7759;9180;2;20;Новогодняя распродажа;клх Курильск;Курьер;18360;1836;15;2754;345;13425;Склад 3;19.08.2025
ORD302165;Отменен;96808638;AAA_Titanium_9014;2933;1;20;Новогодняя распродажа;к. Шахты;ПВЗ;2933;586,6;17;498,61;224;1623,79;Склад 3;16.03.2025
ORD930014;В пути;27378295;GGG_Blue_2566;900;1;10;Новогодняя распродажа;ст. Юровск;Курьер;900;90;16;144;496;170;Склад 3;25.06.2025
ORD872256;В пути;71218572;BBB_White_1747;3100;2;20;Новогодняя распродажа;к. Тамбей;ПВЗ;6200;620;19;1178;278;4124;Склад 2;21.04.2025
ORD354718;Доставлен;88663806;AAA_Black_2640;1020;2;5;Новогодняя распродажа;с. Тотьма;Постамат;2040;51;11;224,4;353;1411,6;Склад 2;26.07.2025
ORD403816;В пути;28074469;HHH_Black_6852;4990;4;10;Нет;г. Калязин;ПВЗ;19960;499;14;2794,4;150;16516,6;Склад 3;29.04.2025
ORD675177;В пути;43049959;EEE_Purple_6689;5500;1;15;Нет;клх Туапсе;Постамат;5500;825;14;770;393;3512;Склад 2;02.09.2025
ORD360591;Доставлен;26492321;EEE_Purple_3803;2300;1;5;Новогодняя распродажа;д. Тобольск;Курьер;2300;115;14;322;207;1656;Склад 3;25.03.2025
ORD969172;В пути;19770679;HHH_Red_1115;7828;1;5;Новогодняя распродажа;д. Тырныауз;Курьер;7828;391,4;16;1252,48;279;5905,12;Склад 1;14.08.2025
ORD341446;Доставлен;12307278;DDD_White_5998;7522;4;5;Нет;клх Борзя;Постамат;30088;376,1;14;4212,32;453;25046,58;Склад 3;31.07.2025
ORD341029;Доставлен;62741760;HHH_Titanium_3383;8990;1;15;Нет;п. Тихвин;Постамат;8990;1348,5;15;1348,5;488;5805;Склад 1;03.06.2025
ORD618048;Доставлен;85505511;FFF_Purple_4867;2000;4;0;Нет;п. Троицко-Печорск;Постамат;8000;0;14;1120;269;6611;Склад 1;21.01.2025
ORD399461;Доставлен;80855016;FFF_Titanium_1848;5990;3;20;Новогодняя распродажа;д. Хоста;Курьер;17970;1198;19;3414,3;433;12924,7;Склад 1;13.03.2025
ORD918840;В пути;44260719;HHH_Purple_8562;3790;4;10;Черная пятница;клх Дубна;Курьер;15160;379;19;2880,4;121;11779,6;Склад 3;10.08.2025
ORD470357;Доставлен;51633895;BBB_Purple_8101;2000;3;0;Черная пятница;г. Слюдянка;ПВЗ;6000;0;13;780;439;4781;Склад 3;07.04.2025
ORD113279;Доставлен;68446959;HHH_Blue_5098;5980;1;10;Черная пятница;ст. Чокурдах;Постамат;5980;598;11;657,8;351;4373,2;Склад 2;29.03.2025
ORD873526;В пути;48819696;BBB_Black_2129;5100;3;20;Черная пятница;г. Ведено;ПВЗ;15300;1020;18;2754;295;11231;Склад 2;09.05.2025
ORD159437;В пути;19991230;GGG_Clear_6751;5380;4;15;Новогодняя распродажа;к. Махачкала;Курьер;21520;807;19;4088,8;455;16169,2;Склад 1;12.03.2025
ORD844963;Отменен;84862533;FFF_Red_8076;7580;2;5;Черная пятница;клх Кимры;ПВЗ;15160;379;12;1819,2;438;12523,8;Склад 3;12.06.2025
ORD503417;В пути;99453640;CCC_Green_7311;11100;3;5;Нет;клх Клин;ПВЗ;33300;555;13;4329;218;28198;Склад 2;25.01.2025
ORD469944;В пути;15752189;HHH_Pink_7554;5100;3;15;Нет;г. Мичуринск;Курьер;15300;765;19;2907;416;11212;Склад 2;04.07.2025
ORD914651;Отменен;61524158;FFF_Blue_7386;5100;1;0;Черная пятница;ст. Шамары;Курьер;5100;0;17;867;139;4094;Склад 2;01.04.2025
ORD585317;В пути;31882676;CCC_Titanium_5561;4980;4;0;Нет;клх Джейрах;Постамат;19920;0;12;2390,4;429;17100,6;Склад 3;27.06.2025
ORD622448;В пути;30155466;GGG_Red_1294;5580;3;10;Новогодняя распродажа;п. Радужный;ПВЗ;16740;558;15;2511;370;13301;Склад 2;11.02.2025
ORD113296;В пути;93626225;FFF_Clear_4303;9990;3;15;Черная пятница;с. Химки;Курьер;29970;1498,5;19;5694,3;135;22642,2;Склад 1;24.07.2025
ORD457465;В пути;95754103;EEE_White_9532;2980;3;0;Черная пятница;с. Чита;Курьер;8940;0;18;1609,2;373;6957,8;Склад 3;02.03.2025
ORD361670;Отменен;93626225;FFF_Clear_4303;9990;3;15;Новогодняя распродажа;п. Якутск;ПВЗ;29970;1498,5;17;5094,9;332;23044,6;Склад 2;16.09.2025
ORD718001;В пути;39196346;AAA_Purple_3049;5980;2;20;Нет;д. Катайск;Курьер;11960;1196;17;2033,2;337;8393,8;Склад 2;13.01.2025
ORD946589;В пути;45016869;GGG_Black_6808;3490;4;5;Новогодняя распродажа;п. Сергиев Посад;Постамат;13960;174,5;11;1535,6;216;12033,9;Склад 3;03.09.2025
ORD605723;Отменен;59404266;GGG_Pink_4100;6090;1;5;Новогодняя распродажа;г. Якша;Постамат;6090;304,5;18;1096,2;206;4483,3;Склад 2;28.02.2025
ORD213113;Доставлен;33351587;CCC_Black_6996;9980;1;5;Нет;клх Тырныауз;ПВЗ;9980;499;12;1197,6;405;7878,4;Склад 2;11.04.2025
ORD856285;Отменен;43510857;GGG_Green_3846;6580;2;15;Новогодняя распродажа;к. Руза;Постамат;13160;987;19;2500,4;202;9470,6;Склад 1;29.05.2025
ORD656901;Доставлен;11165756;BBB_Clear_6493;6490;4;15;Нет;клх Воскресенск;Курьер;25960;973,5;13;3374,8;278;21333,7;Склад 3;05.08.2025
ORD805783;Отменен;97578232;DDD_Titanium_7441;4980;3;10;Нет;клх Углич;Курьер;14940;498;18;2689,2;377;11375,8;Склад 2;21.06.2025
ORD533471;Отменен;74566460;FFF_Blue_4146;11316;2;5;Новогодняя распродажа;к. Кулу;Курьер;22632;565,8;12;2715,84;131;19219,36;Склад 3;30.06.2025
ORD555979;В пути;11935679;DDD_Green_2791;6580;4;10;Нет;п. Чебаркуль;Курьер;26320;658;15;3948;337;21377;Склад 3;23.02.2025
ORD402712;Доставлен;33871669;EEE_Titanium_5854;4980;3;5;Новогодняя распродажа;г. Касимов;ПВЗ;14940;249;11;1643,4;335;12712,6;Склад 1;28.01.2025
ORD387929;В пути;23021957;EEE_Black_4856;1000;2;10;Нет;клх Нижний Новгород;Постамат;2000;100;16;320;373;1207;Склад 1;18.01.2025
ORD216082;Доставлен;99447531;HHH_Blue_6556;6580;4;10;Черная пятница;д. Туапсе;Постамат;26320;658;18;4737,6;247;20677,4;Склад 3;05.08.2025
ORD892776;Отменен;77963118;EEE_Clear_8396;2850;1;20;Нет;клх Москва;Курьер;2850;570;17;484,5;279;1516,5;Склад 1;20.04.2025
ORD990435;Отменен;61490753;EEE_Purple_3010;1140;1;10;Нет;п. Нижнеудинск;ПВЗ;1140;114;15;171;231;624;Склад 1;25.07.2025
ORD562096;Доставлен;13837776;CCC_Clear_4340;900;4;15;Новогодняя распродажа;д. Бомнак;Курьер;3600;135;10;360;423;2682;Склад 2;14.03.2025
ORD277485;В пути;42673199;HHH_White_7627;7180;1;10;Нет;к. Пушкин;Курьер;7180;718;19;1364,2;152;4945,8;Склад 1;12.05.2025
ORD334132;В пути;51813913;BBB_Blue_8050;2150;4;5;Черная пятница;д. Минеральные Воды;ПВЗ;8600;107,5;17;1462;485;6545,5;Склад 1;17.09.2025
ORD343999;В пути;52180216;FFF_Red_7430;1800;3;10;Черная пятница;с. Иваново;ПВЗ;5400;180;17;918;353;3949;Склад 2;18.02.2025
ORD238567;В пути;91841741;CCC_Pink_9680;7500;4;0;Нет;с. Забайкальск;Курьер;30000;0;17;5100;454;24446;Склад 2;12.01.2025
ORD796337;Отменен;95432311;HHH_Clear_8087;4980;3;5;Нет;к. Игнашино;Постамат;14940;249;17;2539,8;270;11881,2;Склад 3;04.09.2025
ORD365405;Отменен;45437720;DDD_Black_8635;2850;2;0;Черная пятница;клх Гатчина;Курьер;5700;0;14;798;232;4670;Склад 1;12.07.2025
ORD318298;Отменен;64474460;DDD_Titanium_4062;6520;4;5;Новогодняя распродажа;к. Слюдянка;Постамат;26080;326;17;4433,6;460;20860,4;Склад 2;15.08.2025
ORD341055;Отменен;15266766;AAA_Black_3318;3490;2;15;Черная пятница;ст. Ивдель;Постамат;6980;523,5;16;1116,8;139;5200,7;Склад 1;18.01.2025
ORD657307;Отменен;83601675;HHH_White_5225;9180;1;15;Черная пятница;д. Дубна;ПВЗ;9180;1377;18;1652,4;146;6004,6;Склад 3;24.01.2025
ORD380998;В пути;38137830;CCC_Titanium_4802;5380;3;15;Нет;с. Комсомольск-на-Амуре;ПВЗ;16140;807;18;2905,2;219;12208,8;Склад 1;07.02.2025
ORD634818;В пути;30184321;DDD_Clear_2056;2780;4;0;Нет;г. Хасан;Курьер;11120;0;10;1112;483;9525;Склад 1;20.01.2025
ORD971365;В пути;43049959;EEE_Purple_6689;5500;2;20;Черная пятница;ст. Карабудахкент;Постамат;11000;1100;13;1430;353;8117;Склад 1;08.09.2025
ORD980613;В пути;26677770;CCC_Titanium_7668;3700;3;5;Новогодняя распродажа;с. Магнитогорск;Постамат;11100;185;10;1110;321;9484;Склад 2;01.01.2025
ORD749831;Отменен;30038596;CCC_Red_8685;2150;3;15;Черная пятница;п. Суздаль;Курьер;6450;322,5;11;709,5;382;5036;Склад 2;03.08.2025
ORD464135;Отменен;57648642;AAA_Blue_3186;7380;1;5;Черная пятница;клх Избербаш;Курьер;7380;369;16;1180,8;266;5564,2;Склад 3;11.04.2025
ORD496712;Отменен;68455110;AAA_Purple_5764;4980;1;0;Новогодняя распродажа;п. Кириши;Курьер;4980;0;18;896,4;403;3680,6;Склад 1;28.07.2025
ORD244390;Доставлен;97371150;CCC_Titanium_4827;6000;3;20;Черная пятница;с. Ясный (Оренб.);ПВЗ;18000;1200;11;1980;257;14563;Склад 3;12.04.2025
ORD660354;В пути;58507722;AAA_Purple_1838;5500;3;0;Черная пятница;с. Когалым;Курьер;16500;0;14;2310;430;13760;Склад 3;11.05.2025
ORD964759;В пути;20929551;HHH_White_8048;1450;4;5;Нет;с. Поярково;Курьер;5800;72,5;19;1102;206;4419,5;Склад 2;29.05.2025
ORD817554;Отменен;12665141;EEE_Clear_2689;5580;3;20;Новогодняя распродажа;с. Ногинск (Моск.);Постамат;16740;1116;18;3013,2;211;12399,8;Склад 1;23.01.2025
ORD226932;В пути;21656338;AAA_Purple_3646;5100;4;20;Нет;клх Старая Русса;Курьер;20400;1020;15;3060;308;16012;Склад 1;10.07.2025
ORD452265;В пути;38609788;FFF_Black_2193;5980;3;0;Нет;г. Качканар;Постамат;17940;0;17;3049,8;272;14618,2;Склад 3;07.08.2025
ORD916245;Отменен;86313043;CCC_Purple_9765;3490;1;15;Новогодняя распродажа;к. Октябрьское (Челяб.);Постамат;3490;523,5;15;523,5;359;2084;Склад 1;16.07.2025
ORD246086;Доставлен;13837776;CCC_Clear_4340;900;4;5;Новогодняя распродажа;с. Енисейск;ПВЗ;3600;45;11;396;245;2914;Склад 2;29.05.2025
ORD346717;Доставлен;19963943;AAA_Black_2871;1400;2;10;Черная пятница;п. Курганинск;Курьер;2800;140;11;308;192;2160;Склад 3;01.07.2025
ORD233938;Доставлен;70074612;BBB_Red_5004;2860;1;10;Нет;д. Петушки;Курьер;2860;286;11;314,6;287;1972,4;Склад 3;21.09.2025
ORD619117;Отменен;13739750;BBB_Pink_5147;6090;4;0;Новогодняя распродажа;клх Нижнекамск;Постамат;24360;0;13;3166,8;324;20869,2;Склад 2;30.03.2025
ORD250806;В пути;60736622;HHH_Pink_2327;9380;4;5;Нет;п. Мокшан;ПВЗ;37520;469;19;7128,8;157;29765,2;Склад 2;04.05.2025
ORD353102;Отменен;94015399;HHH_Titanium_5260;4980;2;5;Нет;п. Белорецк;ПВЗ;9960;249;17;1693,2;322;7695,8;Склад 2;03.03.2025
ORD168427;Отменен;46775139;EEE_Green_8714;6580;4;0;Новогодняя распродажа;д. Россошь;Курьер;26320;0;14;3684,8;227;22408,2;Склад 2;31.01.2025
ORD899287;В пути;63259901;CCC_White_6266;5100;3;5;Черная пятница;г. Смирных;Постамат;15300;255;14;2142;256;12647;Склад 2;22.06.2025
ORD135392;Доставлен;42076004;BBB_Titanium_8654;5100;2;15;Нет;д. Котлас;Курьер;10200;765;12;1224;211;8000;Склад 2;25.06.2025
ORD461712;Доставлен;49649549;BBB_Black_9198;880;1;0;Новогодняя распродажа;клх Жигулевск;Курьер;880;0;17;149,6;472;258,4;Склад 3;03.03.2025
ORD676755;Отменен;50907007;DDD_White_7187;11100;1;15;Черная пятница;к. Орехово-Зуево;Курьер;11100;1665;18;1998;373;7064;Склад 1;18.02.2025
ORD535118;Доставлен;79145863;BBB_Clear_5799;2980;3;5;Нет;д. Брянск;Курьер;8940;149;12;1072,8;204;7514,2;Склад 1;22.09.2025
ORD854740;Отменен;55426923;AAA_Red_9393;7828;1;0;Новогодняя распродажа;п. Верхотурье;Постамат;7828;0;10;782,8;358;6687,2;Склад 3;01.06.2025
ORD702940;Отменен;91929436;HHH_Red_3612;2700;4;5;Нет;ст. Мценск;ПВЗ;10800;135;16;1728;439;8498;Склад 1;09.05.2025
ORD946946;В пути;93626225;FFF_Clear_4303;9990;4;0;Новогодняя распродажа;д. Витим;Курьер;39960;0;15;5994;260;33706;Склад 1;12.05.2025
ORD999527;В пути;21837136;GGG_Clear_8073;2300;3;5;Новогодняя распродажа;к. Оленегорск (Якут.);Курьер;6900;115;14;966;431;5388;Склад 3;25.04.2025
ORD831209;В пути;38056815;AAA_Pink_8879;2390;1;15;Нет;ст. Снежинск;Курьер;2390;358,5;16;382,4;161;1488,1;Склад 1;22.08.2025
ORD550422;Отменен;94336108;EEE_Titanium_3108;5580;1;15;Нет;ст. Руза;Курьер;5580;837;15;837;429;3477;Склад 1;05.05.2025
ORD858186;В пути;41515025;DDD_Purple_3677;980;3;5;Новогодняя распродажа;п. Завьялиха;ПВЗ;2940;49;12;352,8;316;2222,2;Склад 3;07.09.2025
ORD766814;Доставлен;39478464;BBB_Clear_6099;3700;2;0;Черная пятница;д. Рыбинск;ПВЗ;7400;0;13;962;189;6249;Склад 1;27.03.2025
ORD547785;Доставлен;54781961;DDD_Titanium_1016;7522;1;10;Нет;к. Моршанск;ПВЗ;7522;752,2;14;1053,08;262;5454,72;Склад 2;22.08.2025
ORD578554;Отменен;70326795;FFF_Purple_9422;11100;2;15;Новогодняя распродажа;д. Балтийск;ПВЗ;22200;1665;18;3996;495;16044;Склад 3;12.02.2025
ORD704250;Отменен;40042947;GGG_Green_4062;5990;1;15;Новогодняя распродажа;ст. Находка;Курьер;5990;898,5;19;1138,1;413;3540,4;Склад 1;24.08.2025
ORD314660;В пути;61674284;DDD_Black_1765;5560;1;10;Черная пятница;г. Краснотурьинск;Постамат;5560;556;18;1000,8;330;3673,2;Склад 1;27.02.2025
ORD451731;Отменен;59240777;DDD_Titanium_5938;1220;1;5;Черная пятница;ст. Енисейск;ПВЗ;1220;61;17;207,4;146;805,6;Склад 2;06.04.2025
ORD314839;Отменен;21970497;GGG_Black_1389;3914;1;0;Черная пятница;п. Елец;ПВЗ;3914;0;15;587,1;267;3059,9;Склад 3;02.04.2025
ORD116411;Доставлен;11460725;EEE_Purple_9341;7580;4;5;Нет;ст. Невельск;Курьер;30320;379;16;4851,2;205;24884,8;Склад 3;13.07.2025
ORD541226;Доставлен;16837385;AAA_Blue_3988;7580;2;20;Новогодняя распродажа;с. Тобольск;Курьер;15160;1516;19;2880,4;128;10635,6;Склад 1;04.07.2025
ORD931992;В пути;77440758;DDD_Red_3932;9180;2;15;Новогодняя распродажа;г. Чебаркуль;Курьер;18360;1377;12;2203,2;316;14463,8;Склад 2;04.04.2025
ORD709248;Отменен;17961013;GGG_Purple_4980;3490;1;20;Новогодняя распродажа;с. Сорочинск;Курьер;3490;698;15;523,5;455;1813,5;Склад 2;04.01.2025
ORD118389;Отменен;58484682;GGG_Green_9626;4380;1;15;Черная пятница;клх Чайковский;Постамат;4380;657;16;700,8;370;2652,2;Склад 2;20.05.2025
ORD256204;Доставлен;82611352;HHH_Pink_5740;3380;2;15;Новогодняя распродажа;к. Соль-Илецк;Постамат;6760;507;16;1081,6;199;4972,4;Склад 2;27.09.2025
ORD644336;Отменен;13687354;DDD_Black_1710;4990;4;20;Нет;клх Кировск (Ленин.);ПВЗ;19960;998;12;2395,2;329;16237,8;Склад 2;22.08.2025
ORD506926;Доставлен;65992151;FFF_Red_3712;3400;3;20;Черная пятница;с. Завьялиха;Постамат;10200;680;15;1530;477;7513;Склад 2;23.01.2025
ORD189433;В пути;72864961;BBB_Red_7058;6980;3;5;Черная пятница;с. Шаховская;ПВЗ;20940;349;17;3559,8;389;16642,2;Склад 3;10.04.2025
ORD881760;Доставлен;28310439;HHH_White_7575;2790;2;20;Черная пятница;д. Москва;ПВЗ;5580;558;14;781,2;375;3865,8;Склад 1;24.09.2025
ORD250394;Отменен;93363944;DDD_Blue_6449;580;1;5;Черная пятница;д. Камышин;Постамат;580;29;17;98,6;487;-34,6;Склад 1;27.07.2025
ORD988969;В пути;85687791;AAA_Black_9253;5980;1;5;Нет;п. Вилюйск;ПВЗ;5980;299;13;777,4;419;4484,6;Склад 2;07.06.2025
ORD802878;Доставлен;97679450;DDD_Titanium_6156;1340;4;5;Новогодняя распродажа;с. Тольятти;Курьер;5360;67;19;1018,4;154;4120,6;Склад 3;03.01.2025
ORD101096;Доставлен;24862643;FFF_Clear_2774;7380;3;15;Нет;с. Кулу;ПВЗ;22140;1107;15;3321;239;17473;Склад 3;16.06.2025
ORD405606;В пути;26492031;BBB_Pink_5852;1800;4;15;Новогодняя распродажа;с. Ревда (Сверд.);Курьер;7200;270;15;1080;486;5364;Склад 2;19.06.2025
ORD586618;В пути;55970003;CCC_Blue_8291;5580;3;20;Нет;д. Тутаев;Постамат;16740;1116;10;1674;295;13655;Склад 1;12.06.2025
ORD308994;Доставлен;79587722;BBB_Green_5708;2700;2;15;Черная пятница;к. Прохладный;Постамат;5400;405;11;594;144;4257;Склад 2;11.08.2025
ORD254230;Отменен;51633895;BBB_Purple_8101;2000;3;20;Черная пятница;с. Курган;ПВЗ;6000;400;16;960;283;4357;Склад 3;06.05.2025
ORD518488;Доставлен;18398142;BBB_Black_6019;6580;4;15;Нет;с. Орехово-Зуево;Курьер;26320;987;14;3684,8;378;21270,2;Склад 2;07.03.2025
ORD319057;В пути;82471173;FFF_Pink_7016;3100;4;0;Нет;г. Лодейное Поле;ПВЗ;12400;0;15;1860;499;10041;Склад 1;16.01.2025
ORD126292;Доставлен;59197687;GGG_Blue_7759;9180;4;0;Новогодняя распродажа;к. Яхрома;Постамат;36720;0;10;3672;229;32819;Склад 1;18.02.2025
ORD716773;В пути;38702896;CCC_Pink_9065;4980;2;20;Нет;ст. Сладково;ПВЗ;9960;996;18;1792,8;305;6866,2;Склад 3;05.02.2025
ORD943493;В пути;62735344;GGG_Blue_8476;2980;3;15;Нет;клх Билибино;ПВЗ;8940;447;17;1519,8;451;6522,2;Склад 2;15.02.2025
ORD371806;Отменен;80809032;CCC_Green_8797;2100;3;15;Новогодняя распродажа;к. Белоярский;Курьер;6300;315;11;693;242;5050;Склад 2;24.04.2025
ORD318418;В пути;58035424;DDD_Purple_3955;2700;4;5;Новогодняя распродажа;г. Елец;Постамат;10800;135;16;1728;143;8794;Склад 3;12.05.2025
ORD217586;В пути;85419196;BBB_Pink_3586;640;3;10;Новогодняя распродажа;клх Валаам;ПВЗ;1920;64;18;345,6;479;1031,4;Склад 2;22.04.2025
ORD820283;Отменен;69586840;GGG_White_9441;3180;1;20;Нет;ст. Гремячинск (Бурят.);Курьер;3180;636;16;508,8;295;1740,2;Склад 3;28.04.2025
ORD462336;В пути;96094802;HHH_Pink_9568;1390;1;10;Новогодняя распродажа;клх Сызрань;ПВЗ;1390;139;13;180,7;301;769,3;Склад 2;01.09.2025
ORD613479;Отменен;86076744;CCC_Titanium_7873;850;1;10;Черная пятница;ст. Алексин;Курьер;850;85;16;136;348;281;Склад 1;24.05.2025
ORD676161;Отменен;43817644;AAA_Green_1908;11100;3;20;Черная пятница;д. Шатой;Курьер;33300;2220;12;3996;101;26983;Склад 3;04.07.2025
ORD439314;В пути;34751007;EEE_Purple_9678;1980;2;15;Черная пятница;г. Углегорск;ПВЗ;3960;297;13;514,8;472;2676,2;Склад 2;09.06.2025
ORD750637;В пути;74692955;DDD_Black_2968;5124;2;20;Нет;ст. Звенигород;Постамат;10248;1024,8;12;1229,76;244;7749,44;Склад 2;02.07.2025
ORD789045;Доставлен;54421974;AAA_Titanium_7555;520;2;10;Черная пятница;п. Неплюевка;Постамат;1040;52;15;156;258;574;Склад 2;10.09.2025
ORD249643;Отменен;32897454;AAA_Black_9206;4980;2;15;Нет;п. Грозный;Курьер;9960;747;11;1095,6;169;7948,4;Склад 3;01.02.2025
ORD682845;Доставлен;50339234;CCC_Black_7296;2933;1;0;Нет;п. Кежма;Постамат;2933;0;19;557,27;251;2124,73;Склад 1;23.06.2025
ORD976516;В пути;73878829;BBB_White_4633;2900;1;20;Черная пятница;к. Нижнеудинск;Курьер;2900;580;13;377;421;1522;Склад 2;01.06.2025
ORD163349;Доставлен;97679450;DDD_Titanium_6156;1340;4;20;Новогодняя распродажа;клх Буденновск;Постамат;5360;268;12;643,2;419;4029,8;Склад 3;05.01.2025
ORD911442;Отменен;28964554;HHH_Clear_2719;2700;3;15;Нет;с. Бавлы;ПВЗ;8100;405;14;1134;474;6087;Склад 2;10.01.2025
ORD544332;Доставлен;68974260;EEE_Clear_3113;2500;3;0;Черная пятница;клх Урус-Мартан;Постамат;7500;0;12;900;261;6339;Склад 1;28.08.2025
ORD785528;Отменен;73339847;BBB_Clear_5381;2596;2;0;Нет;клх Вытегра;Курьер;5192;0;15;778,8;383;4030,2;Склад 1;17.04.2025
ORD561033;В пути;86221208;DDD_Clear_1598;6580;1;15;Новогодняя распродажа;г. Арзамас;Курьер;6580;987;13;855,4;302;4435,6;Склад 1;01.06.2025
ORD135628;В пути;44426303;CCC_Green_5742;4980;2;5;Новогодняя распродажа;клх Нягань;Постамат;9960;249;11;1095,6;421;8194,4;Склад 3;26.04.2025
ORD995509;Отменен;64199822;AAA_White_3239;5300;4;20;Черная пятница;д. Армавир;ПВЗ;21200;1060;12;2544;385;17211;Склад 2;22.03.2025
ORD289273;В пути;27500707;AAA_Titanium_8848;1890;3;20;Нет;клх Стрежевой;Курьер;5670;378;14;793,8;247;4251,2;Склад 3;15.05.2025
ORD944982;В пути;22934764;GGG_White_7632;1420;3;10;Нет;ст. Жиганск;Курьер;4260;142;10;426;234;3458;Склад 2;16.04.2025
ORD765618;В пути;20586151;CCC_Red_5609;6990;2;15;Нет;ст. Череповец;Курьер;13980;1048,5;17;2376,6;200;10354,9;Склад 3;25.09.2025
ORD965404;В пути;49991507;CCC_Blue_6413;11990;4;10;Нет;с. Красногорск (Моск.);Курьер;47960;1199;16;7673,6;330;38757,4;Склад 2;06.07.2025
ORD742900;Отменен;47344384;FFF_Blue_2457;3980;3;10;Черная пятница;к. Аргаяш;Курьер;11940;398;16;1910,4;485;9146,6;Склад 3;28.05.2025
ORD572082;Доставлен;92900294;CCC_Titanium_9375;11100;4;0;Новогодняя распродажа;г. Железногорск(Курск.);ПВЗ;44400;0;15;6660;180;37560;Склад 2;19.09.2025
ORD945201;Доставлен;26194974;AAA_Black_7725;3380;4;20;Черная пятница;к. Северодвинск;Постамат;13520;676;15;2028;138;10678;Склад 3;10.09.2025
ORD567865;В пути;83447966;BBB_Blue_8761;5180;2;10;Нет;ст. Можайск;ПВЗ;10360;518;19;1968,4;147;7726,6;Склад 1;16.02.2025
ORD756870;Доставлен;43923333;EEE_Red_1730;5990;1;0;Нет;п. Новочеркасск;ПВЗ;5990;0;10;599;413;4978;Склад 3;27.01.2025
ORD815106;Доставлен;86313043;CCC_Purple_9765;3490;2;15;Новогодняя распродажа;клх Сунтар;Курьер;6980;523,5;10;698;240;5518,5;Склад 1;10.05.2025
ORD822890;В пути;74784496;EEE_Red_7366;11100;1;10;Нет;п. Нязепетровск;ПВЗ;11100;1110;11;1221;189;8580;Склад 1;10.09.2025
ORD203240;В пути;72357603;GGG_Red_6138;5180;4;20;Черная пятница;клх Чокурдах;Курьер;20720;1036;11;2279,2;241;17163,8;Склад 2;20.01.2025
ORD876616;Доставлен;55570580;BBB_White_3663;11100;1;10;Черная пятница;д. Североуральск;ПВЗ;11100;1110;11;1221;358;8411;Склад 1;15.01.2025
ORD539052;Отменен;78108555;BBB_Green_2236;6050;4;15;Новогодняя распродажа;г. Калязин;Курьер;24200;907,5;16;3872;318;19102,5;Склад 1;28.07.2025
ORD171956;В пути;97371150;CCC_Titanium_4827;6000;3;10;Черная пятница;к. Сочи;Курьер;18000;600;14;2520;397;14483;Склад 2;21.03.2025
ORD151529;Отменен;54781961;DDD_Titanium_1016;7522;3;20;Черная пятница;д. Елатьма;ПВЗ;22566;1504,4;19;4287,54;235;16539,06;Склад 3;02.08.2025
ORD662098;Доставлен;98761418;FFF_White_2354;3380;3;0;Черная пятница;клх Шуя;ПВЗ;10140;0;12;1216,8;280;8643,2;Склад 3;18.03.2025
ORD136226;В пути;18140841;EEE_Pink_1003;4980;2;20;Черная пятница;клх Малая Вишера;Постамат;9960;996;13;1294,8;140;7529,2;Склад 1;03.08.2025
ORD247609;Отменен;69728328;HHH_Red_6449;1800;2;0;Нет;клх Адлер;Постамат;3600;0;19;684;129;2787;Склад 3;26.03.2025
ORD157781;В пути;18885984;DDD_Purple_4347;6200;4;5;Черная пятница;клх Теберда;Постамат;24800;310;18;4464;284;19742;Склад 1;04.07.2025
ORD967578;Доставлен;20586151;CCC_Red_5609;6990;3;20;Новогодняя распродажа;ст. Тосно;ПВЗ;20970;1398;14;2935,8;220;16416,2;Склад 3;03.03.2025
ORD767827;Отменен;57338726;DDD_Red_2755;4980;2;20;Новогодняя распродажа;д. Усть-Джегута;ПВЗ;9960;996;15;1494;345;7125;Склад 3;10.09.2025
ORD333177;Доставлен;32717202;HHH_Purple_7702;2320;3;15;Черная пятница;д. Минеральные Воды;Курьер;6960;348;18;1252,8;117;5242,2;Склад 3;20.04.2025
ORD365544;Доставлен;79490292;AAA_Black_3015;3490;2;10;Новогодняя распродажа;п. Семлячики;Постамат;6980;349;14;977,2;148;5505,8;Склад 1;15.01.2025
ORD520022;В пути;87660983;EEE_Green_6626;3380;1;0;Черная пятница;г. Кяхта;Курьер;3380;0;12;405,6;446;2528,4;Склад 2;28.03.2025
ORD540861;Отменен;12911883;DDD_Red_2385;680;1;0;Новогодняя распродажа;г. Моздок;Курьер;680;0;18;122,4;326;231,6;Склад 3;02.05.2025
ORD740178;Доставлен;73534464;AAA_White_5914;2780;3;15;Новогодняя распродажа;с. Усть-Камчатск;Курьер;8340;417;15;1251;384;6288;Склад 3;22.06.2025
ORD991610;Доставлен;26492031;BBB_Pink_5852;1800;4;15;Черная пятница;ст. Геленджик;Курьер;7200;270;11;792;436;5702;Склад 3;14.05.2025
ORD490824;Отменен;81335479;GGG_Purple_4170;2000;2;10;Черная пятница;клх Ковров;Постамат;4000;200;15;600;285;2915;Склад 1;11.04.2025
ORD389974;Доставлен;60654307;EEE_Pink_1140;3100;2;10;Нет;к. Мыс Шмидта;Курьер;6200;310;14;868;404;4618;Склад 2;28.06.2025
ORD808139;Доставлен;96010532;HHH_Black_6946;2490;1;20;Черная пятница;ст. Камышлов;ПВЗ;2490;498;18;448,2;309;1234,8;Склад 1;31.05.2025
ORD887437;Отменен;47113990;GGG_Pink_5720;6900;1;5;Черная пятница;с. Кош-Агач;ПВЗ;6900;345;11;759;189;5607;Склад 3;12.02.2025
ORD880745;Отменен;24046960;GGG_Purple_6176;2980;4;10;Нет;п. Кедровый;ПВЗ;11920;298;18;2145,6;235;9241,4;Склад 1;08.03.2025
ORD254944;Отменен;52308782;AAA_Clear_6277;3980;4;15;Черная пятница;п. Игнашино;Постамат;15920;597;15;2388;296;12639;Склад 3;15.02.2025
ORD338739;Отменен;94463588;EEE_Pink_5016;4980;4;10;Черная пятница;д. Шерегеш;Курьер;19920;498;14;2788,8;226;16407,2;Склад 3;03.05.2025
ORD706496;В пути;71320164;DDD_Pink_5120;6490;3;0;Нет;клх Арзамас;Постамат;19470;0;11;2141,7;234;17094,3;Склад 1;30.04.2025
ORD659582;Отменен;22078766;EEE_White_3455;7500;1;5;Черная пятница;к. Миллерово;Курьер;7500;375;17;1275;234;5616;Склад 3;20.06.2025
ORD736557;В пути;41865954;GGG_White_9632;5980;3;20;Черная пятница;п. Белокуриха;Постамат;17940;1196;19;3408,6;149;13186,4;Склад 3;19.05.2025
ORD137433;В пути;38119865;GGG_Blue_2701;5380;1;0;Нет;клх Макушино;Постамат;5380;0;13;699,4;133;4547,6;Склад 2;22.02.2025
ORD854286;В пути;27622520;CCC_Purple_8847;3490;1;0;Нет;г. Игнашино;Курьер;3490;0;12;418,8;118;2953,2;Склад 1;09.06.2025
ORD489068;Доставлен;71643669;CCC_Green_1403;11100;2;5;Новогодняя распродажа;п. Краснокамск;Постамат;22200;555;15;3330;144;18171;Склад 1;06.02.2025
ORD324154;В пути;74566460;FFF_Blue_4146;11316;1;20;Черная пятница;с. Троицк (Моск.);Курьер;11316;2263,2;17;1923,72;237;6892,08;Склад 3;10.08.2025
ORD447336;В пути;49991507;CCC_Blue_6413;11990;1;15;Новогодняя распродажа;к. Югорск;ПВЗ;11990;1798,5;10;1199;337;8655,5;Склад 3;03.01.2025
ORD840478;Доставлен;73878829;BBB_White_4633;2900;3;20;Новогодняя распродажа;клх Белоярский;ПВЗ;8700;580;16;1392;175;6553;Склад 1;18.01.2025
ORD927376;Доставлен;16837385;AAA_Blue_3988;7580;1;10;Нет;д. Вытегра;ПВЗ;7580;758;15;1137;455;5230;Склад 1;09.05.2025
ORD204127;Доставлен;19331204;BBB_Pink_6613;5100;3;0;Черная пятница;ст. Калач;Постамат;15300;0;13;1989;423;12888;Склад 1;10.02.2025
ORD205830;Отменен;79747505;AAA_Blue_9495;5980;4;10;Черная пятница;ст. Кимры;ПВЗ;23920;598;14;3348,8;308;19665,2;Склад 3;17.02.2025
ORD872667;Доставлен;44760063;BBB_Purple_6571;5980;1;15;Нет;ст. Сосногорск;Курьер;5980;897;12;717,6;389;3976,4;Склад 2;01.08.2025
ORD557755;Доставлен;46780122;HHH_Black_4468;5500;1;10;Новогодняя распродажа;с. Лысьва;ПВЗ;5500;550;17;935;246;3769;Склад 2;28.02.2025
ORD433686;В пути;48759312;AAA_Clear_7073;1490;3;20;Нет;к. Агата;ПВЗ;4470;298;16;715,2;114;3342,8;Склад 3;17.02.2025
ORD539020;Доставлен;89677157;DDD_White_8101;7180;4;10;Черная пятница;ст. Можга;Постамат;28720;718;15;4308;461;23233;Склад 3;21.03.2025
ORD132349;Отменен;18398142;BBB_Black_6019;6580;2;15;Нет;клх Каневская;Курьер;13160;987;13;1710,8;151;10311,2;Склад 3;11.02.2025
ORD691754;Доставлен;44323356;GGG_Clear_9401;5100;4;15;Черная пятница;клх Владимир;Постамат;20400;765;12;2448;479;16708;Склад 1;25.07.2025
ORD297210;Отменен;48542574;BBB_Pink_9074;4990;3;15;Новогодняя распродажа;клх Мокшан;Постамат;14970;748,5;18;2694,6;328;11198,9;Склад 3;31.01.2025
ORD297539;Доставлен;17625450;EEE_Red_9020;5580;4;20;Черная пятница;клх Ямбург;Курьер;22320;1116;14;3124,8;222;17857,2;Склад 1;18.05.2025
ORD792189;Доставлен;60481401;BBB_Titanium_5485;3380;3;15;Новогодняя распродажа;д. Мичуринск;Постамат;10140;507;15;1521;298;7814;Склад 2;27.09.2025
ORD320375;Доставлен;57636631;HHH_Red_3578;3100;3;0;Новогодняя распродажа;г. Хасавюрт;Курьер;9300;0;15;1395;300;7605;Склад 3;26.07.2025
ORD401324;Доставлен;99453640;CCC_Green_7311;11100;2;15;Черная пятница;п. Дзержинск;ПВЗ;22200;1665;14;3108;109;17318;Склад 3;13.09.2025
ORD695740;Отменен;62448369;HHH_Purple_1302;2980;1;10;Черная пятница;клх Эльтон;Курьер;2980;298;12;357,6;242;2082,4;Склад 1;21.03.2025
ORD204744;Отменен;47344384;FFF_Blue_2457;3980;3;10;Новогодняя распродажа;г. Смоленск;Курьер;11940;398;11;1313,4;395;9833,6;Склад 1;13.07.2025
ORD788494;В пути;71947674;AAA_Titanium_9034;5500;3;10;Нет;д. Эльтон;Курьер;16500;550;10;1650;304;13996;Склад 1;20.05.2025
ORD343982;Отменен;29302655;FFF_Red_4364;3100;2;20;Черная пятница;клх Геленджик;Постамат;6200;620;17;1054;197;4329;Склад 2;25.02.2025
ORD240632;Доставлен;60481401;BBB_Titanium_5485;3380;3;10;Новогодняя распродажа;п. Уэлен;Курьер;10140;338;12;1216,8;234;8351,2;Склад 2;01.01.2025
ORD948211;В пути;28964554;HHH_Clear_2719;2700;1;20;Новогодняя распродажа;г. Верхоянск;Курьер;2700;540;10;270;445;1445;Склад 3;21.06.2025
ORD817781;В пути;51313051;DDD_Clear_9288;11100;2;20;Нет;ст. Котельнич;Курьер;22200;2220;17;3774;310;15896;Склад 3;01.07.2025
ORD883838;В пути;79145863;BBB_Clear_5799;2980;1;15;Черная пятница;д. Тутончаны;ПВЗ;2980;447;11;327,8;311;1894,2;Склад 1;17.08.2025
ORD302560;Доставлен;83601675;HHH_White_5225;9180;1;0;Новогодняя распродажа;клх Курумкан;Курьер;9180;0;16;1468,8;484;7227,2;Склад 2;23.08.2025
ORD523344;Отменен;61640595;AAA_Purple_8645;3380;2;15;Нет;д. Верхний Баскунчак;Постамат;6760;507;13;878,8;228;5146,2;Склад 3;15.04.2025
ORD334906;Доставлен;93626225;FFF_Clear_4303;9990;3;15;Новогодняя распродажа;к. Минеральные Воды;Курьер;29970;1498,5;11;3296,7;291;24883,8;Склад 1;13.07.2025
ORD124514;В пути;43502425;BBB_Blue_7291;10006;1;20;Черная пятница;д. Александров Гай;Курьер;10006;2001,2;14;1400,84;424;6179,96;Склад 1;12.06.2025
ORD362236;Доставлен;91197986;FFF_Clear_7187;3100;1;20;Нет;г. Оренбург;ПВЗ;3100;620;10;310;403;1767;Склад 2;24.06.2025
ORD687757;Доставлен;82503737;EEE_Green_1464;3380;1;10;Новогодняя распродажа;г. Старый Оскол;Курьер;3380;338;18;608,4;206;2227,6;Склад 2;14.03.2025
ORD952597;Отменен;17280340;CCC_Clear_4480;4300;1;10;Нет;п. Новомичуринск;Постамат;4300;430;15;645;160;3065;Склад 3;30.08.2025
ORD103024;Отменен;86731291;EEE_Black_7932;3100;2;15;Черная пятница;с. Невельск;Курьер;6200;465;11;682;380;4673;Склад 3;09.01.2025
ORD636445;В пути;73878829;BBB_White_4633;2900;2;5;Нет;с. Кяхта;Постамат;5800;145;12;696;203;4756;Склад 1;07.04.2025
ORD741757;Доставлен;30155466;GGG_Red_1294;5580;4;5;Черная пятница;ст. Лазаревское;ПВЗ;22320;279;14;3124,8;469;18447,2;Склад 1;12.09.2025
ORD243990;Доставлен;75134712;FFF_Clear_9481;2580;4;10;Новогодняя распродажа;к. Буденновск;Курьер;10320;258;11;1135,2;151;8775,8;Склад 1;21.06.2025
ORD328149;Отменен;25990523;DDD_Clear_6349;680;1;5;Черная пятница;к. Ростов;ПВЗ;680;34;12;81,6;227;337,4;Склад 3;08.03.2025
ORD669087;Доставлен;64096625;GGG_Black_5356;700;3;10;Новогодняя распродажа;клх Новый Оскол;Курьер;2100;70;15;315;121;1594;Склад 2;02.09.2025
ORD579586;Доставлен;15551074;HHH_Blue_2524;4700;1;20;Новогодняя распродажа;с. Абинск;Постамат;4700;940;18;846;381;2533;Склад 3;04.03.2025
ORD517482;Доставлен;93626225;FFF_Clear_4303;9990;3;15;Черная пятница;п. Оха;ПВЗ;29970;1498,5;14;4195,8;456;23819,7;Склад 2;04.08.2025
ORD222441;Отменен;41413237;DDD_Blue_1722;7180;1;0;Новогодняя распродажа;п. Нарьян-Мар;Курьер;7180;0;17;1220,6;354;5605,4;Склад 3;28.08.2025
ORD368282;В пути;93760761;DDD_Red_2976;4980;4;15;Нет;к. Лагань;Постамат;19920;747;18;3585,6;475;15112,4;Склад 3;06.05.2025
ORD221021;В пути;23392944;FFF_Pink_5900;6590;4;10;Новогодняя распродажа;ст. Нижнекамск;ПВЗ;26360;659;12;3163,2;151;22386,8;Склад 2;17.01.2025
ORD470123;Доставлен;41313579;CCC_Blue_4612;1200;3;10;Черная пятница;г. Усть-Баргузин;Курьер;3600;120;18;648;135;2697;Склад 3;05.04.2025
ORD512663;В пути;12001967;CCC_Pink_6619;2900;1;15;Нет;д. Камышлов;ПВЗ;2900;435;17;493;435;1537;Склад 3;23.02.2025
ORD645461;Отменен;48742299;CCC_Pink_8383;11100;3;10;Нет;п. Россошь;Курьер;33300;1110;13;4329;442;27419;Склад 1;01.09.2025
ORD583366;Отменен;39478464;BBB_Clear_6099;3700;4;5;Новогодняя распродажа;клх Бугульма;Постамат;14800;185;19;2812;432;11371;Склад 2;10.08.2025
ORD900223;В пути;35421823;EEE_Green_9742;860;1;5;Новогодняя распродажа;д. Оса;Постамат;860;43;12;103,2;419;294,8;Склад 2;21.01.2025
ORD634601;В пути;66638917;HHH_Green_1488;2780;1;10;Черная пятница;д. Подольск;ПВЗ;2780;278;12;333,6;244;1924,4;Склад 1;26.07.2025
ORD234914;Доставлен;83149727;CCC_Purple_9600;5990;3;10;Нет;д. Озеры;ПВЗ;17970;599;17;3054,9;186;14130,1;Склад 2;27.05.2025
ORD126316;В пути;84683767;GGG_Titanium_8096;11100;2;5;Черная пятница;ст. Зарайск;Курьер;22200;555;14;3108;471;18066;Склад 1;16.06.2025
ORD332260;Доставлен;75134712;FFF_Clear_9481;2580;3;10;Новогодняя распродажа;п. Александров Гай;Постамат;7740;258;13;1006,2;222;6253,8;Склад 2;28.03.2025
ORD391777;Доставлен;11935679;DDD_Green_2791;6580;4;10;Нет;клх Урюпинск;Курьер;26320;658;11;2895,2;259;22507,8;Склад 2;01.02.2025
ORD792139;Отменен;82785519;FFF_Purple_3886;2690;4;15;Черная пятница;г. Аргаяш;Постамат;10760;403,5;17;1829,2;379;8148,3;Склад 2;13.01.2025
ORD637468;Отменен;43923333;EEE_Red_1730;5990;4;0;Черная пятница;г. Кинешма;ПВЗ;23960;0;17;4073,2;217;19669,8;Склад 2;14.03.2025
ORD939874;Отменен;70160612;AAA_Purple_3399;7828;4;5;Черная пятница;ст. Баргузин;Курьер;31312;391,4;15;4696,8;427;25796,8;Склад 1;05.01.2025
ORD191727;Отменен;14715236;GGG_Purple_5110;6580;4;15;Черная пятница;к. Карталы;Курьер;26320;987;19;5000,8;128;20204,2;Склад 1;02.03.2025
ORD384773;В пути;91964708;GGG_Purple_5633;2380;2;0;Черная пятница;г. Нефтегорск (Самар.);Постамат;4760;0;13;618,8;416;3725,2;Склад 2;07.05.2025
ORD702747;Отменен;32921978;FFF_Purple_2135;7180;1;10;Нет;клх Дзержинск;Постамат;7180;718;12;861,6;340;5260,4;Склад 3;13.01.2025
ORD705305;В пути;98454420;AAA_Titanium_4017;7180;3;10;Черная пятница;клх Кинешма;Постамат;21540;718;16;3446,4;329;17046,6;Склад 1;07.02.2025
ORD908613;Отменен;80809032;CCC_Green_8797;2100;3;15;Нет;клх Сковородино;ПВЗ;6300;315;17;1071;283;4631;Склад 2;28.03.2025
ORD714754;В пути;42364136;GGG_Blue_5870;2780;4;10;Черная пятница;г. Токсово;Курьер;11120;278;12;1334,4;210;9297,6;Склад 1;04.04.2025
ORD137963;Доставлен;87949160;DDD_Blue_7114;2980;3;20;Новогодняя распродажа;клх Калач-на-Дону;Постамат;8940;596;10;894;285;7165;Склад 3;24.05.2025
ORD714529;В пути;42123172;AAA_White_3643;2050;4;15;Новогодняя распродажа;клх Новороссийка;ПВЗ;8200;307,5;18;1476;280;6136,5;Склад 3;18.04.2025
ORD685129;В пути;33846396;GGG_White_5000;3290;2;0;Черная пятница;к. Солнечногорск;Постамат;6580;0;19;1250,2;333;4996,8;Склад 3;11.08.2025
ORD412185;Отменен;32826828;EEE_Titanium_7662;6990;2;15;Новогодняя распродажа;г. Борзя;Курьер;13980;1048,5;16;2236,8;212;10482,7;Склад 2;03.04.2025
ORD592085;В пути;72952203;EEE_Pink_4218;6738;1;5;Нет;г. Йошкар-Ола;Постамат;6738;336,9;12;808,56;131;5461,54;Склад 2;09.03.2025
ORD728970;Доставлен;41865954;GGG_White_9632;5980;2;15;Черная пятница;п. Сеймчан;Курьер;11960;897;19;2272,4;158;8632,6;Склад 3;04.01.2025
ORD640746;Доставлен;19259686;HHH_Pink_2327;2000;2;10;Нет;п. Геленджик;ПВЗ;4000;200;18;720;379;2701;Склад 1;14.04.2025
ORD101893;Отменен;68959314;FFF_White_9121;7580;1;10;Черная пятница;к. Обнинск;ПВЗ;7580;758;15;1137;108;5577;Склад 1;05.02.2025
ORD507460;Доставлен;84114415;CCC_Blue_8287;3100;3;20;Новогодняя распродажа;клх Ногинск (Моск.);Постамат;9300;620;18;1674;442;6564;Склад 3;22.04.2025
ORD989581;В пути;88663806;AAA_Black_2640;1020;4;20;Нет;клх Ржев;Курьер;4080;204;18;734,4;377;2764,6;Склад 2;19.01.2025
ORD822856;Доставлен;86131619;FFF_Blue_9955;640;4;20;Новогодняя распродажа;п. Палана;Курьер;2560;128;19;486,4;407;1538,6;Склад 1;29.07.2025
ORD776065;Отменен;42123172;AAA_White_3643;2050;3;0;Новогодняя распродажа;п. Белореченск;Курьер;6150;0;18;1107;434;4609;Склад 1;25.02.2025
ORD320034;В пути;78108555;BBB_Green_2236;6050;1;20;Черная пятница;ст. Бирск;Постамат;6050;1210;16;968;149;3723;Склад 1;18.02.2025
ORD436474;Отменен;36763385;DDD_Black_4197;5990;3;0;Нет;с. Пенза;Курьер;17970;0;16;2875,2;428;14666,8;Склад 2;14.06.2025
ORD498530;В пути;82500306;FFF_Green_5531;5500;2;20;Новогодняя распродажа;к. Краснокамск;Курьер;11000;1100;14;1540;301;8059;Склад 3;01.01.2025
ORD211590;Доставлен;12665141;EEE_Clear_2689;5580;1;0;Черная пятница;с. Пермь;Курьер;5580;0;16;892,8;454;4233,2;Склад 2;03.07.2025
ORD217862;Отменен;44323356;GGG_Clear_9401;5100;1;15;Черная пятница;с. Владивосток;Курьер;5100;765;17;867;454;3014;Склад 1;07.06.2025
ORD104432;Отменен;42123172;AAA_White_3643;2050;1;15;Черная пятница;п. Петропавловск-Камчатский;Постамат;2050;307,5;19;389,5;109;1244;Склад 3;21.05.2025
ORD331516;В пути;19963943;AAA_Black_2871;1400;4;10;Новогодняя распродажа;д. Рыльск;Постамат;5600;140;14;784;253;4423;Склад 2;26.05.2025
ORD509574;Отменен;80091756;CCC_Titanium_1713;3100;3;0;Черная пятница;п. Дагомыс;Курьер;9300;0;15;1395;310;7595;Склад 3;01.04.2025
ORD917649;В пути;84625234;FFF_Titanium_1292;3100;1;5;Нет;клх Беломорск;Курьер;3100;155;14;434;371;2140;Склад 1;26.04.2025
ORD482127;В пути;13739750;BBB_Pink_5147;6090;1;10;Нет;д. Бавлы;ПВЗ;6090;609;16;974,4;214;4292,6;Склад 2;15.06.2025
ORD732069;В пути;67317287;HHH_White_3457;1000;1;15;Новогодняя распродажа;к. Оймякон;ПВЗ;1000;150;16;160;200;490;Склад 3;24.09.2025
ORD226283;В пути;42669478;FFF_Black_3829;11100;3;0;Нет;г. Кириши;Курьер;33300;0;10;3330;252;29718;Склад 2;18.01.2025
ORD567096;Доставлен;75134712;FFF_Clear_9481;2580;4;20;Черная пятница;ст. Магнитогорск;Курьер;10320;516;15;1548;300;7956;Склад 1;10.07.2025
ORD290543;В пути;25990523;DDD_Clear_6349;680;2;5;Новогодняя распродажа;п. Сальск;ПВЗ;1360;34;10;136;480;710;Склад 3;15.08.2025
ORD830058;Отменен;41999620;CCC_Green_7276;1420;4;15;Черная пятница;д. Тайшет;ПВЗ;5680;213;10;568;404;4495;Склад 1;12.02.2025
ORD848674;Доставлен;69857947;BBB_Pink_3387;11100;1;10;Новогодняя распродажа;г. Ессентуки;Курьер;11100;1110;17;1887;271;7832;Склад 3;31.08.2025
ORD576884;Отменен;42294120;CCC_Pink_2372;4980;4;0;Новогодняя распродажа;к. Медногорск;Постамат;19920;0;12;2390,4;121;17408,6;Склад 1;14.06.2025
ORD901176;Доставлен;58484682;GGG_Green_9626;4380;4;5;Черная пятница;клх Елец;Постамат;17520;219;13;2277,6;167;14856,4;Склад 1;23.09.2025
ORD856067;В пути;43923333;EEE_Red_1730;5990;2;0;Нет;п. Междуреченский;Курьер;11980;0;10;1198;282;10500;Склад 2;14.05.2025
ORD327654;Доставлен;50907007;DDD_White_7187;11100;3;20;Нет;клх Лянтор;Курьер;33300;2220;11;3663;425;26992;Склад 1;06.01.2025
ORD242693;Доставлен;32921978;FFF_Purple_2135;7180;3;10;Новогодняя распродажа;с. Буйнакск;ПВЗ;21540;718;17;3661,8;252;16908,2;Склад 2;14.05.2025
ORD436332;Отменен;48742299;CCC_Pink_8383;11100;4;0;Черная пятница;г. Амдерма;ПВЗ;44400;0;14;6216;315;37869;Склад 1;26.01.2025
ORD293780;Отменен;68149765;BBB_Purple_8018;3380;4;15;Черная пятница;г. Ялуторовск;Постамат;13520;507;18;2433,6;456;10123,4;Склад 1;08.09.2025
ORD553673;В пути;35605795;CCC_Titanium_5935;2200;3;10;Новогодняя распродажа;клх Курск;Курьер;6600;220;13;858;465;5057;Склад 1;14.07.2025
ORD235040;Доставлен;86078699;DDD_Clear_7450;6580;3;15;Нет;д. Кировск (Мурм.);ПВЗ;19740;987;12;2368,8;186;16198,2;Склад 3;02.04.2025
ORD504849;Доставлен;59157402;CCC_Clear_4137;3100;2;0;Черная пятница;клх Нижний Новгород;Постамат;6200;0;13;806;117;5277;Склад 2;26.08.2025
ORD103544;Доставлен;38798252;GGG_Pink_6405;2700;1;10;Нет;клх Гремячинск (Перм.);Постамат;2700;270;17;459;222;1749;Склад 3;04.08.2025
ORD569758;В пути;33150933;CCC_Purple_8000;5580;4;15;Нет;к. Миасс;Постамат;22320;837;15;3348;378;17757;Склад 2;06.01.2025
ORD492516;В пути;33746541;DDD_Pink_7994;2750;3;20;Новогодняя распродажа;к. Самара;ПВЗ;8250;550;19;1567,5;480;5652,5;Склад 1;03.08.2025
ORD370051;В пути;29875570;DDD_Black_2486;660;4;20;Новогодняя распродажа;п. Светлогорск (Калин.);ПВЗ;2640;132;16;422,4;130;1955,6;Склад 3;04.03.2025
ORD127548;В пути;57338726;DDD_Red_2755;4980;4;0;Нет;д. Приморско-Ахтарск;Курьер;19920;0;14;2788,8;111;17020,2;Склад 2;12.09.2025
ORD698551;В пути;94803962;CCC_Black_9304;6180;3;10;Черная пятница;г. Щельяюр;Курьер;18540;618;17;3151,8;453;14317,2;Склад 1;13.01.2025
ORD713318;Отменен;72395314;GGG_Green_9259;2990;2;5;Черная пятница;с. Череповец;Постамат;5980;149,5;19;1136,2;399;4295,3;Склад 2;05.09.2025
ORD312343;Доставлен;42354439;HHH_Red_3959;6580;4;10;Новогодняя распродажа;к. Лянтор;Постамат;26320;658;13;3421,6;496;21744,4;Склад 2;03.08.2025
ORD143232;Доставлен;85372595;CCC_Titanium_6837;2550;2;20;Нет;к. Петрозаводск;ПВЗ;5100;510;12;612;258;3720;Склад 1;03.03.2025
ORD473988;Доставлен;79748321;BBB_Green_4107;7180;3;15;Черная пятница;ст. Чикола;ПВЗ;21540;1077;16;3446,4;266;16750,6;Склад 3;17.09.2025
ORD400751;Доставлен;37130177;FFF_Purple_8028;2580;1;5;Черная пятница;клх Рыбинск;Курьер;2580;129;14;361,2;168;1921,8;Склад 1;01.05.2025
ORD286398;Доставлен;42530270;HHH_Pink_4655;4990;1;0;Новогодняя распродажа;с. Торжок;Курьер;4990;0;19;948,1;146;3895,9;Склад 3;16.04.2025
ORD699953;Доставлен;84862533;FFF_Red_8076;7580;4;5;Нет;к. Двинской;Курьер;30320;379;14;4244,8;331;25365,2;Склад 2;22.01.2025
ORD768495;Доставлен;77629680;AAA_Pink_1762;6580;3;0;Черная пятница;к. Дагомыс;ПВЗ;19740;0;10;1974;245;17521;Склад 2;16.04.2025
ORD240414;Доставлен;99198177;AAA_Green_5033;7300;2;5;Новогодняя распродажа;п. Мончегорск;Постамат;14600;365;19;2774;132;11329;Склад 2;18.05.2025
ORD607878;Отменен;78752940;AAA_Pink_7909;7180;4;0;Черная пятница;п. Южно-Сахалинск;Курьер;28720;0;18;5169,6;454;23096,4;Склад 3;21.04.2025
ORD425080;Доставлен;73339847;BBB_Clear_5381;2596;3;0;Черная пятница;клх Наро-Фоминск;Курьер;7788;0;11;856,68;179;6752,32;Склад 1;30.06.2025
ORD932252;Отменен;54981333;HHH_Blue_9302;2890;3;5;Черная пятница;д. Ачинск;ПВЗ;8670;144,5;19;1647,3;399;6479,2;Склад 3;19.01.2025
ORD924518;В пути;60866651;EEE_Pink_8352;5580;2;5;Новогодняя распродажа;клх Токсово;Курьер;11160;279;13;1450,8;212;9218,2;Склад 2;26.02.2025
ORD920681;Доставлен;95054310;EEE_Pink_8103;5780;4;0;Нет;ст. Владивосток;Постамат;23120;0;13;3005,6;425;19689,4;Склад 2;04.03.2025
ORD922262;В пути;71734525;HHH_Pink_8063;2200;3;20;Новогодняя распродажа;д. Ачинск;ПВЗ;6600;440;19;1254;147;4759;Склад 1;22.08.2025
ORD424127;В пути;58295345;GGG_Clear_8444;4700;3;5;Нет;г. Сосьва (Хант.);Курьер;14100;235;15;2115;402;11348;Склад 3;05.04.2025
ORD823688;В пути;19928290;AAA_Pink_1311;3600;3;10;Черная пятница;с. Пушкинские Горы;Курьер;10800;360;11;1188;139;9113;Склад 2;12.02.2025
ORD637223;Отменен;44146850;CCC_Red_7696;7828;2;15;Нет;с. Курск;ПВЗ;15656;1174,2;13;2035,28;278;12168,52;Склад 3;26.08.2025
ORD169988;В пути;72864961;BBB_Red_7058;6980;4;0;Черная пятница;ст. Лянтор;ПВЗ;27920;0;17;4746,4;393;22780,6;Склад 3;26.01.2025
ORD937786;В пути;34657339;BBB_Titanium_6310;5500;4;0;Черная пятница;п. Краснокамск;Курьер;22000;0;11;2420;169;19411;Склад 1;23.04.2025
ORD178524;В пути;21656338;AAA_Purple_3646;5100;4;15;Новогодняя распродажа;п. Терней;Постамат;20400;765;15;3060;214;16361;Склад 1;22.02.2025
ORD879020;Доставлен;41999620;CCC_Green_7276;1420;4;20;Черная пятница;ст. Биробиджан;ПВЗ;5680;284;16;908,8;445;4042,2;Склад 2;24.07.2025
ORD658910;Доставлен;45437720;DDD_Black_8635;2850;1;15;Новогодняя распродажа;с. Пермь;Постамат;2850;427,5;13;370,5;454;1598;Склад 1;18.05.2025
ORD829436;Отменен;84862533;FFF_Red_8076;7580;1;5;Нет;п. Бугуруслан;Курьер;7580;379;16;1212,8;117;5871,2;Склад 3;14.05.2025
ORD980871;Отменен;96700442;BBB_Red_9074;7380;4;15;Нет;д. Невьянск;Постамат;29520;1107;18;5313,6;167;22932,4;Склад 1;06.04.2025
ORD853209;Доставлен;75174314;AAA_Green_5116;7380;2;0;Черная пятница;д. Кудымкар;Курьер;14760;0;14;2066,4;146;12547,6;Склад 3;07.03.2025
ORD757032;Отменен;94463588;EEE_Pink_5016;4980;1;15;Новогодняя распродажа;с. Палана;Курьер;4980;747;13;647,4;171;3414,6;Склад 2;01.03.2025
ORD372333;Доставлен;20450748;EEE_Black_1662;11100;3;10;Черная пятница;ст. Подольск;Курьер;33300;1110;12;3996;488;27706;Склад 3;03.02.2025
ORD774481;В пути;26561997;CCC_Titanium_7137;6580;1;5;Новогодняя распродажа;к. Саянск;Курьер;6580;329;16;1052,8;320;4878,2;Склад 1;20.05.2025
ORD987615;В пути;61043170;HHH_Red_8358;2690;3;15;Новогодняя распродажа;д. Калининград;Постамат;8070;403,5;18;1452,6;287;5926,9;Склад 1;20.06.2025
ORD982830;Отменен;88157875;BBB_Green_9675;5300;4;0;Новогодняя распродажа;г. Елатьма;Курьер;21200;0;13;2756;493;17951;Склад 2;17.04.2025
ORD569269;Доставлен;33336859;BBB_Blue_8197;6000;1;5;Нет;с. Оса;Курьер;6000;300;13;780;322;4598;Склад 1;23.08.2025
ORD680908;Доставлен;91197986;FFF_Clear_7187;3100;2;0;Новогодняя распродажа;п. Дубна;Постамат;6200;0;14;868;364;4968;Склад 2;21.09.2025
ORD463680;Отменен;11723919;EEE_Black_5621;3180;1;20;Нет;п. Барнаул;ПВЗ;3180;636;15;477;233;1834;Склад 2;13.01.2025
ORD208088;Доставлен;77440758;DDD_Red_3932;9180;1;10;Новогодняя распродажа;г. Калевала;Постамат;9180;918;12;1101,6;252;6908,4;Склад 1;20.01.2025
ORD437618;В пути;86313043;CCC_Purple_9765;3490;1;20;Нет;п. Анапа;Постамат;3490;698;18;628,2;337;1826,8;Склад 3;24.08.2025
ORD816953;Отменен;24666903;BBB_Titanium_9028;3380;4;10;Нет;п. Ялуторовск;Постамат;13520;338;12;1622,4;127;11432,6;Склад 2;22.09.2025
ORD953867;Отменен;44703697;CCC_Black_8407;4980;2;15;Нет;клх Хоста;Курьер;9960;747;17;1693,2;202;7317,8;Склад 3;06.03.2025
ORD122803;Доставлен;71947674;AAA_Titanium_9034;5500;1;5;Черная пятница;г. Любань;Курьер;5500;275;15;825;178;4222;Склад 1;28.02.2025
ORD173767;Отменен;86731291;EEE_Black_7932;3100;2;15;Новогодняя распродажа;п. Шелехов;Курьер;6200;465;15;930;106;4699;Склад 3;21.05.2025
ORD574252;Доставлен;35122854;FFF_Titanium_2565;5500;4;10;Черная пятница;к. Мирный;ПВЗ;22000;550;11;2420;314;18716;Склад 3;13.04.2025
ORD184988;Доставлен;46140671;BBB_Black_8066;7300;3;10;Новогодняя распродажа;ст. Елатьма;Курьер;21900;730;17;3723;324;17123;Склад 3;23.08.2025
ORD510331;Доставлен;84888512;EEE_Green_3323;1250;1;10;Новогодняя распродажа;г. Семлячики;ПВЗ;1250;125;11;137,5;253;734,5;Склад 3;22.04.2025
ORD562471;Доставлен;12919215;BBB_Clear_1809;1320;2;0;Черная пятница;п. Сковородино;Курьер;2640;0;11;290,4;207;2142,6;Склад 1;06.01.2025
ORD807127;Доставлен;98799862;FFF_Red_8901;11100;2;5;Нет;к. Курганинск;Постамат;22200;555;15;3330;360;17955;Склад 1;15.07.2025
ORD366770;Отменен;83514799;GGG_Blue_1183;7180;4;15;Новогодняя распродажа;ст. Чехов;Курьер;28720;1077;17;4882,4;153;22607,6;Склад 3;24.09.2025
ORD953833;В пути;72864961;BBB_Red_7058;6980;1;15;Нет;к. Санкт-Петербург;ПВЗ;6980;1047;10;698;307;4928;Склад 1;13.07.2025
ORD736121;В пути;99198177;AAA_Green_5033;7300;3;20;Черная пятница;с. Артем;ПВЗ;21900;1460;10;2190;407;17843;Склад 1;13.05.2025
ORD214508;Отменен;45437720;DDD_Black_8635;2850;2;10;Нет;с. Энгельс;Курьер;5700;285;18;1026;165;4224;Склад 2;02.08.2025
ORD496321;Отменен;65489961;HHH_Clear_2252;6420;1;10;Новогодняя распродажа;г. Дзержинск;Постамат;6420;642;18;1155,6;401;4221,4;Склад 1;04.08.2025
ORD985435;В пути;84503528;EEE_Black_2767;5648;3;10;Новогодняя распродажа;г. Саранск;Курьер;16944;564,8;12;2033,28;404;13941,92;Склад 3;07.06.2025
ORD546665;В пути;61427977;CCC_Clear_6193;3490;2;15;Новогодняя распродажа;ст. Радужный;Курьер;6980;523,5;16;1116,8;123;5216,7;Склад 1;22.09.2025
ORD952839;В пути;19963943;AAA_Black_2871;1400;2;20;Черная пятница;клх Колпашево;Курьер;2800;280;14;392;107;2021;Склад 1;26.07.2025
ORD995091;В пути;56604839;GGG_Titanium_3952;3490;3;0;Новогодняя распродажа;к. Златоуст;Постамат;10470;0;16;1675,2;489;8305,8;Склад 1;07.08.2025
ORD733553;В пути;99926256;GGG_Purple_9523;4980;3;5;Черная пятница;г. Чикола;ПВЗ;14940;249;18;2689,2;177;11824,8;Склад 1;06.01.2025
ORD527141;Доставлен;52629278;FFF_Purple_6937;5990;4;0;Нет;п. Белореченск;Постамат;23960;0;10;2396;428;21136;Склад 2;15.03.2025
ORD503829;Отменен;93427155;CCC_Green_8669;3980;1;15;Новогодняя распродажа;д. Терскол;ПВЗ;3980;597;17;676,6;324;2382,4;Склад 3;20.03.2025
ORD484242;Доставлен;84867052;BBB_Black_9984;3980;1;10;Новогодняя распродажа;к. Серпухов;ПВЗ;3980;398;14;557,2;205;2819,8;Склад 3;07.03.2025
ORD201384;В пути;47477350;AAA_Blue_8334;5500;4;5;Новогодняя распродажа;г. Малая Вишера;ПВЗ;22000;275;15;3300;151;18274;Склад 1;30.04.2025
ORD494612;В пути;89677157;DDD_White_8101;7180;2;15;Нет;с. Черкесск;Постамат;14360;1077;16;2297,6;298;10687,4;Склад 1;21.07.2025
ORD607852;В пути;69990915;DDD_Titanium_6779;1600;3;15;Новогодняя распродажа;г. Усолье Сибирское;Курьер;4800;240;19;912;262;3386;Склад 2;25.05.2025
ORD843228;Доставлен;42364136;GGG_Blue_5870;2780;3;15;Черная пятница;ст. Оленек;Курьер;8340;417;10;834;379;6710;Склад 1;05.06.2025
ORD637118;Доставлен;83447966;BBB_Blue_8761;5180;3;5;Нет;клх Плесецк;Курьер;15540;259;10;1554;461;13266;Склад 2;16.08.2025
ORD815509;В пути;65415657;HHH_Black_7735;7180;2;5;Нет;к. Старая Русса;Курьер;14360;359;11;1579,6;422;11999,4;Склад 3;08.07.2025
ORD349892;Доставлен;94336108;EEE_Titanium_3108;5580;3;20;Нет;к. Можга;Курьер;16740;1116;19;3180,6;209;12234,4;Склад 3;02.01.2025
ORD345779;Доставлен;71669416;AAA_Titanium_6370;2780;3;20;Нет;ст. Охотск;Постамат;8340;556;17;1417,8;451;5915,2;Склад 2;28.09.2025
ORD842285;В пути;97578232;DDD_Titanium_7441;4980;4;0;Нет;к. Славянск-на-Кубани;Постамат;19920;0;16;3187,2;433;16299,8;Склад 3;03.01.2025
ORD789759;Доставлен;28663473;GGG_Clear_4848;720;2;5;Черная пятница;к. Гагарин;Постамат;1440;36;10;144;471;789;Склад 1;28.05.2025
ORD451271;Отменен;44809215;AAA_Black_2397;7300;1;5;Нет;клх Морозовск;Постамат;7300;365;18;1314;283;5338;Склад 1;02.05.2025
ORD652723;Отменен;87448383;AAA_Green_2528;4300;4;5;Новогодняя распродажа;д. Нурлат;Постамат;17200;215;18;3096;407;13482;Склад 2;23.08.2025
ORD308319;Отменен;16337630;EEE_Blue_8965;4100;4;20;Нет;д. Верхнее Пенжино;Постамат;16400;820;16;2624;336;12620;Склад 3;13.09.2025
ORD867146;Отменен;55418733;EEE_Purple_9330;11100;1;15;Нет;ст. Нарым;Постамат;11100;1665;13;1443;224;7768;Склад 3;03.06.2025
ORD463559;В пути;79710676;AAA_White_1844;4990;4;10;Нет;к. Соболево;Курьер;19960;499;10;1996;497;16968;Склад 2;20.09.2025
ORD421657;В пути;93760761;DDD_Red_2976;4980;2;20;Нет;ст. Карталы;ПВЗ;9960;996;15;1494;115;7355;Склад 2;17.02.2025
ORD984280;В пути;30465096;FFF_Blue_9107;4980;3;5;Нет;с. Алагир;Постамат;14940;249;17;2539,8;164;11987,2;Склад 3;22.02.2025
ORD653359;Отменен;36763385;DDD_Black_4197;5990;2;20;Черная пятница;ст. Байкальск;ПВЗ;11980;1198;10;1198;457;9127;Склад 2;27.07.2025
ORD107428;Отменен;95808454;AAA_Clear_6434;3600;1;0;Черная пятница;с. Поярково;Постамат;3600;0;16;576;124;2900;Склад 1;12.06.2025
ORD586320;Доставлен;64089075;GGG_Purple_7302;4600;1;5;Нет;д. Нижнекамск;Постамат;4600;230;12;552;454;3364;Склад 3;08.09.2025
ORD772758;Доставлен;38070392;HHH_Purple_3039;9980;4;0;Черная пятница;д. Нижнекамск;Курьер;39920;0;17;6786,4;386;32747,6;Склад 2;30.06.2025
ORD111579;Отменен;25324439;HHH_Red_4713;2000;2;5;Новогодняя распродажа;к. Можайск;ПВЗ;4000;100;15;600;114;3186;Склад 2;09.09.2025
ORD166115;Отменен;52629278;FFF_Purple_6937;5990;2;20;Нет;д. Звенигород;Курьер;11980;1198;11;1317,8;271;9193,2;Склад 2;16.05.2025
ORD712815;Отменен;13307981;HHH_Red_3772;2700;1;15;Новогодняя распродажа;к. Забайкальск;Курьер;2700;405;15;405;401;1489;Склад 3;30.07.2025
ORD378123;Отменен;42375033;HHH_Clear_7819;9100;2;10;Новогодняя распродажа;клх Осташков;ПВЗ;18200;910;13;2366;333;14591;Склад 1;01.07.2025
ORD929134;Доставлен;68959314;FFF_White_9121;7580;1;0;Нет;ст. Киржач;Курьер;7580;0;11;833,8;474;6272,2;Склад 1;01.09.2025
ORD496365;Отменен;86731291;EEE_Black_7932;3100;2;20;Новогодняя распродажа;д. Горячинск;Постамат;6200;620;18;1116;447;4017;Склад 3;01.06.2025
ORD743290;Доставлен;83447966;BBB_Blue_8761;5180;2;15;Новогодняя распродажа;д. Тверь;Постамат;10360;777;10;1036;233;8314;Склад 2;18.08.2025
ORD261133;Отменен;32067104;AAA_Red_8661;7300;2;20;Новогодняя распродажа;ст. Миллерово;Постамат;14600;1460;13;1898;133;11109;Склад 3;24.07.2025
ORD399613;Отменен;96985825;HHH_Purple_2504;3200;1;0;Нет;к. Юрьев-Польский;Постамат;3200;0;10;320;477;2403;Склад 3;01.02.2025
ORD260292;Отменен;15511860;AAA_Clear_9841;4990;4;10;Нет;г. Тавда;Постамат;19960;499;10;1996;306;17159;Склад 2;02.01.2025
ORD149414;Доставлен;13735368;EEE_Clear_4552;3490;2;20;Новогодняя распродажа;п. Славгород;Курьер;6980;698;12;837,6;129;5315,4;Склад 3;17.03.2025
ORD677266;Доставлен;24148272;AAA_Pink_9594;3490;1;5;Нет;п. Мезень;Курьер;3490;174,5;10;349;426;2540,5;Склад 1;14.07.2025
ORD565574;В пути;77440758;DDD_Red_3932;9180;1;15;Нет;с. Нязепетровск;Постамат;9180;1377;15;1377;447;5979;Склад 3;12.03.2025
ORD167669;Отменен;49167948;CCC_Red_2568;7180;2;20;Новогодняя распродажа;п. Кузнецк;Постамат;14360;1436;10;1436;355;11133;Склад 2;29.01.2025
ORD688456;В пути;46775139;EEE_Green_8714;6580;2;15;Нет;ст. Новороссийск;Курьер;13160;987;17;2237,2;279;9656,8;Склад 3;19.02.2025
ORD391474;В пути;77597491;DDD_Pink_4647;7300;4;5;Черная пятница;п. Кингисепп;ПВЗ;29200;365;10;2920;364;25551;Склад 1;31.07.2025
ORD420354;Доставлен;11460725;EEE_Purple_9341;7580;1;10;Нет;ст. Самара;Курьер;7580;758;10;758;382;5682;Склад 3;06.07.2025
ORD319705;Доставлен;35214367;FFF_White_7199;9990;1;10;Черная пятница;г. Петухово;Курьер;9990;999;13;1298,7;457;7235,3;Склад 3;11.07.2025
ORD108173;В пути;21820132;FFF_Blue_2194;11100;3;5;Новогодняя распродажа;с. Тикси;Курьер;33300;555;18;5994;482;26269;Склад 3;24.02.2025
ORD528270;Отменен;19770679;HHH_Red_1115;7828;1;15;Нет;к. Соловки;Курьер;7828;1174,2;16;1252,48;305;5096,32;Склад 3;21.04.2025
ORD880147;Доставлен;77137463;GGG_Red_9072;1550;4;20;Новогодняя распродажа;д. Балтийск;Курьер;6200;310;17;1054;419;4417;Склад 2;11.08.2025
ORD368835;Отменен;65491653;FFF_Pink_3549;3380;3;5;Новогодняя распродажа;г. Усть-Кут;ПВЗ;10140;169;11;1115,4;485;8370,6;Склад 1;26.09.2025
ORD842548;Отменен;32717202;HHH_Purple_7702;2320;3;0;Новогодняя распродажа;клх Дмитров;Постамат;6960;0;18;1252,8;160;5547,2;Склад 1;13.09.2025
ORD418499;В пути;26492321;EEE_Purple_3803;2300;3;15;Новогодняя распродажа;ст. Смоленск;Постамат;6900;345;10;690;107;5758;Склад 1;14.04.2025
ORD702963;В пути;94336108;EEE_Titanium_3108;5580;2;10;Новогодняя распродажа;д. Салават;ПВЗ;11160;558;12;1339,2;447;8815,8;Склад 3;14.04.2025
ORD742454;В пути;47380526;EEE_White_3357;4990;2;5;Нет;д. Рыльск;Постамат;9980;249,5;16;1596,8;178;7955,7;Склад 1;28.03.2025
ORD570056;В пути;29108949;AAA_Blue_6496;6990;1;10;Черная пятница;к. Байкальск;Постамат;6990;699;13;908,7;116;5266,3;Склад 2;03.02.2025
ORD719003;Доставлен;13735368;EEE_Clear_4552;3490;3;15;Нет;г. Истра;Постамат;10470;523,5;19;1989,3;164;7793,2;Склад 3;06.02.2025
ORD542548;Доставлен;86076744;CCC_Titanium_7873;850;4;10;Нет;клх Торжок;ПВЗ;3400;85;10;340;253;2722;Склад 3;11.03.2025
ORD938642;В пути;68974260;EEE_Clear_3113;2500;2;5;Нет;г. Горячий Ключ;ПВЗ;5000;125;19;950;187;3738;Склад 1;20.09.2025
ORD134659;Доставлен;90338470;HHH_Pink_5159;9980;4;15;Нет;ст. Магас;Постамат;39920;1497;16;6387,2;222;31813,8;Склад 3;12.01.2025
ORD675412;В пути;29875570;DDD_Black_2486;660;4;0;Черная пятница;г. Баксан;Постамат;2640;0;15;396;490;1754;Склад 3;13.05.2025
ORD377394;Отменен;91197986;FFF_Clear_7187;3100;2;5;Нет;п. Яшкуль;Постамат;6200;155;10;620;381;5044;Склад 1;07.09.2025
ORD932698;Отменен;27500707;AAA_Titanium_8848;1890;2;20;Новогодняя распродажа;к. Майкоп;Курьер;3780;378;12;453,6;384;2564,4;Склад 2;02.08.2025
ORD173853;Отменен;54154203;CCC_Blue_3473;2980;2;5;Нет;клх Муром;Курьер;5960;149;19;1132,4;137;4541,6;Склад 2;04.04.2025
ORD850941;В пути;12307278;DDD_White_5998;7522;2;15;Нет;к. Качканар;Курьер;15044;1128,3;13;1955,72;392;11567,98;Склад 1;29.05.2025
ORD949126;Отменен;34657339;BBB_Titanium_6310;5500;3;5;Черная пятница;д. Йошкар-Ола;ПВЗ;16500;275;16;2640;395;13190;Склад 2;08.09.2025
ORD227942;Доставлен;74588621;HHH_Titanium_9363;2550;3;0;Черная пятница;к. Адлер;Постамат;7650;0;19;1453,5;363;5833,5;Склад 2;24.03.2025
ORD688387;Отменен;69113632;GGG_Red_8930;2100;3;0;Новогодняя распродажа;к. Усть-Джегута;ПВЗ;6300;0;12;756;191;5353;Склад 2;11.06.2025
ORD108918;Отменен;50394726;AAA_Blue_9288;600;3;20;Нет;п. Истра;ПВЗ;1800;120;15;270;269;1141;Склад 3;26.04.2025
ORD760668;Отменен;85505511;FFF_Purple_4867;2000;1;10;Нет;д. Архыз;ПВЗ;2000;200;16;320;438;1042;Склад 3;10.04.2025
ORD980319;Доставлен;18519010;DDD_Blue_8362;6580;3;15;Нет;ст. Нальчик;Постамат;19740;987;11;2171,4;368;16213,6;Склад 3;05.06.2025
ORD219651;В пути;54290924;DDD_Green_9078;7180;2;15;Новогодняя распродажа;с. Наро-Фоминск;Курьер;14360;1077;11;1579,6;393;11310,4;Склад 2;24.05.2025
ORD958610;Доставлен;89421563;DDD_White_1350;660;4;10;Черная пятница;клх Выборг;Постамат;2640;66;14;369,6;334;1870,4;Склад 3;11.08.2025
ORD269242;В пути;47418597;BBB_Red_3217;2900;3;0;Новогодняя распродажа;ст. Апрелевка;Постамат;8700;0;13;1131;279;7290;Склад 2;09.09.2025
ORD429836;В пути;47335358;GGG_Pink_1893;2780;1;0;Нет;д. Лабытнанги;ПВЗ;2780;0;17;472,6;403;1904,4;Склад 1;02.02.2025
ORD755672;Отменен;39196346;AAA_Purple_3049;5980;2;5;Черная пятница;д. Ельня;ПВЗ;11960;299;10;1196;127;10338;Склад 2;27.05.2025
ORD981780;В пути;87706785;BBB_Clear_2976;3180;4;20;Черная пятница;ст. Курчатов;ПВЗ;12720;636;19;2416,8;369;9298,2;Склад 3;17.04.2025
ORD728089;Доставлен;68455110;AAA_Purple_5764;4980;4;20;Новогодняя распродажа;г. Токсово;Курьер;19920;996;10;1992;498;16434;Склад 2;10.06.2025
ORD490049;Доставлен;15551074;HHH_Blue_2524;4700;3;20;Черная пятница;к. Северо-Курильск;Курьер;14100;940;16;2256;412;10492;Склад 3;18.06.2025
ORD176293;В пути;33739806;CCC_Green_2534;1000;4;5;Черная пятница;п. Урай;Курьер;4000;50;15;600;216;3134;Склад 3;20.07.2025
ORD254119;Отменен;36571012;HHH_Green_9565;1290;3;20;Нет;д. Южноуральск;Постамат;3870;258;11;425,7;211;2975,3;Склад 1;13.09.2025
ORD990143;Отменен;26492321;EEE_Purple_3803;2300;3;10;Нет;п. Карачаевск;ПВЗ;6900;230;11;759;366;5545;Склад 1;08.02.2025
ORD837473;Доставлен;61640595;AAA_Purple_8645;3380;2;5;Черная пятница;ст. Ачхой Мартан;Постамат;6760;169;17;1149,2;458;4983,8;Склад 3;16.07.2025
ORD837423;Отменен;78752940;AAA_Pink_7909;7180;2;10;Черная пятница;ст. Калевала;Курьер;14360;718;18;2584,8;331;10726,2;Склад 2;24.07.2025
ORD273401;В пути;67151078;CCC_White_3332;6180;1;5;Новогодняя распродажа;к. Воскресенск;ПВЗ;6180;309;12;741,6;310;4819,4;Склад 1;28.08.2025
ORD158215;В пути;17961013;GGG_Purple_4980;3490;2;20;Новогодняя распродажа;ст. Шатой;Курьер;6980;698;14;977,2;164;5140,8;Склад 1;07.01.2025
ORD535470;Доставлен;71602389;CCC_Clear_3162;5100;2;10;Черная пятница;с. Троицко-Печорск;ПВЗ;10200;510;13;1326;386;7978;Склад 3;23.07.2025
ORD674193;В пути;84867052;BBB_Black_9984;3980;3;10;Нет;п. Светлогорск (Калин.);ПВЗ;11940;398;10;1194;380;9968;Склад 2;07.02.2025
ORD591751;Доставлен;43138987;CCC_Green_3542;6580;2;10;Черная пятница;клх Магас;Постамат;13160;658;16;2105,6;486;9910,4;Склад 1;21.06.2025
ORD730364;В пути;94336108;EEE_Titanium_3108;5580;3;5;Черная пятница;клх Мокшан;Постамат;16740;279;18;3013,2;220;13227,8;Склад 1;10.05.2025
ORD635901;Доставлен;65415657;HHH_Black_7735;7180;3;15;Нет;г. Сосногорск;Курьер;21540;1077;13;2800,2;402;17260,8;Склад 2;06.07.2025
ORD845704;Отменен;43776637;EEE_Blue_5790;5980;2;20;Нет;ст. Балашов;Постамат;11960;1196;19;2272,4;273;8218,6;Склад 1;26.05.2025
ORD830834;В пути;72357603;GGG_Red_6138;5180;1;10;Новогодняя распродажа;п. Ухта;Постамат;5180;518;10;518;323;3821;Склад 2;05.03.2025
ORD120354;В пути;28074469;HHH_Black_6852;4990;1;15;Новогодняя распродажа;клх Хасан;Постамат;4990;748,5;16;798,4;426;3017,1;Склад 3;02.05.2025
ORD252260;Доставлен;45162734;BBB_Green_6613;5500;4;20;Новогодняя распродажа;п. Боровск;ПВЗ;22000;1100;14;3080;188;17632;Склад 1;06.04.2025
ORD125653;Доставлен;32639679;EEE_Blue_5688;6990;4;20;Новогодняя распродажа;ст. Учалы;Постамат;27960;1398;14;3914,4;237;22410,6;Склад 3;04.04.2025
ORD278846;В пути;26802010;EEE_Clear_6744;4200;2;10;Нет;п. Ейск;Курьер;8400;420;14;1176;409;6395;Склад 2;13.02.2025
ORD593740;Доставлен;82901378;CCC_Pink_7762;3100;1;10;Черная пятница;ст. Калуга;ПВЗ;3100;310;12;372;328;2090;Склад 3;04.02.2025
ORD582954;В пути;84625234;FFF_Titanium_1292;3100;3;5;Новогодняя распродажа;к. Алексин;ПВЗ;9300;155;17;1581;136;7428;Склад 3;22.03.2025
ORD954611;Отменен;81977680;AAA_Titanium_7478;7380;4;15;Новогодняя распродажа;д. Льгов;Постамат;29520;1107;17;5018,4;272;23122,6;Склад 3;01.08.2025
ORD539694;Доставлен;63259901;CCC_White_6266;5100;3;15;Нет;с. Темрюк;ПВЗ;15300;765;12;1836;334;12365;Склад 2;12.05.2025
ORD563511;В пути;74682626;FFF_Purple_7037;2780;4;10;Нет;ст. Соль-Илецк;Курьер;11120;278;18;2001,6;463;8377,4;Склад 2;20.05.2025
ORD901518;Отменен;99772524;GGG_Purple_5307;1100;2;20;Черная пятница;с. Ачхой Мартан;Курьер;2200;220;13;286;175;1519;Склад 2;23.03.2025
ORD593708;Отменен;45765450;AAA_Green_9615;3180;1;10;Черная пятница;клх Жиганск;ПВЗ;3180;318;17;540,6;422;1899,4;Склад 2;16.09.2025
ORD691443;В пути;83447966;BBB_Blue_8761;5180;4;20;Нет;клх Чусовой;Постамат;20720;1036;11;2279,2;152;17252,8;Склад 2;13.09.2025
ORD544014;Доставлен;96010532;HHH_Black_6946;2490;1;20;Новогодняя распродажа;к. Холмск;Постамат;2490;498;11;273,9;196;1522,1;Склад 1;21.07.2025
ORD306907;В пути;23392944;FFF_Pink_5900;6590;3;10;Новогодняя распродажа;г. Вологда;ПВЗ;19770;659;13;2570,1;197;16343,9;Склад 1;08.01.2025
ORD980944;Отменен;47477350;AAA_Blue_8334;5500;2;0;Новогодняя распродажа;клх Усть-Илимск;Курьер;11000;0;15;1650;450;8900;Склад 1;21.07.2025
ORD600126;В пути;72395314;GGG_Green_9259;2990;1;15;Черная пятница;ст. Гаврилов-Ям;ПВЗ;2990;448,5;16;478,4;179;1884,1;Склад 3;18.02.2025
ORD466157;Доставлен;58295345;GGG_Clear_8444;4700;2;20;Новогодняя распродажа;г. Туапсе;Постамат;9400;940;13;1222;414;6824;Склад 3;10.02.2025
ORD663325;Отменен;32826828;EEE_Titanium_7662;6990;1;20;Новогодняя распродажа;г. Поронайск;Постамат;6990;1398;10;699;284;4609;Склад 2;15.01.2025
ORD899817;В пути;43022400;BBB_Red_2345;2980;3;0;Нет;п. Ревда (Сверд.);ПВЗ;8940;0;13;1162,2;499;7278,8;Склад 2;25.08.2025
ORD297786;Доставлен;68096550;GGG_Green_1753;5200;3;5;Новогодняя распродажа;с. Шелехов;Курьер;15600;260;16;2496;435;12409;Склад 1;02.03.2025
ORD694124;Отменен;76161009;AAA_Green_4817;6190;2;0;Нет;клх Омск;ПВЗ;12380;0;16;1980,8;395;10004,2;Склад 2;26.02.2025
ORD328046;Доставлен;83447966;BBB_Blue_8761;5180;3;0;Новогодняя распродажа;к. Белгород;Курьер;15540;0;11;1709,4;448;13382,6;Склад 3;10.01.2025
ORD888736;Отменен;61524158;FFF_Blue_7386;5100;4;20;Черная пятница;с. Пышма;Курьер;20400;1020;10;2040;353;16987;Склад 2;14.02.2025
ORD754252;В пути;45844803;DDD_Blue_1270;4906;1;15;Новогодняя распродажа;клх Хасан;ПВЗ;4906;735,9;17;834,02;437;2899,08;Склад 1;18.04.2025
ORD665455;Доставлен;98767142;GGG_White_8463;5580;3;0;Новогодняя распродажа;клх Канск;ПВЗ;16740;0;11;1841,4;204;14694,6;Склад 2;14.06.2025
ORD266277;Отменен;80855016;FFF_Titanium_1848;5990;4;5;Нет;к. Игарка;Курьер;23960;299,5;10;2396;139;21125,5;Склад 3;14.02.2025
ORD410095;Доставлен;86055495;AAA_Green_3407;5300;2;10;Нет;с. Гремячинск (Бурят.);Курьер;10600;530;10;1060;346;8664;Склад 1;21.08.2025
ORD193507;Доставлен;19770679;HHH_Red_1115;7828;4;0;Нет;д. Гатчина;Курьер;31312;0;14;4383,68;273;26655,32;Склад 2;04.03.2025
ORD264920;В пути;70809079;DDD_Titanium_1174;9980;2;0;Новогодняя распродажа;п. Серебряные Пруды;Курьер;19960;0;15;2994;270;16696;Склад 3;08.04.2025
ORD561593;Доставлен;91561471;EEE_Red_4134;7000;2;5;Новогодняя распродажа;д. Краснотурьинск;Постамат;14000;350;16;2240;310;11100;Склад 1;19.06.2025
ORD336604;Отменен;43896197;DDD_Blue_6662;4980;1;15;Черная пятница;ст. Усть-Кулом;ПВЗ;4980;747;12;597,6;244;3391,4;Склад 1;27.07.2025
ORD693863;Отменен;22172016;BBB_White_7075;6200;1;0;Новогодняя распродажа;к. Алапаевск;Курьер;6200;0;17;1054;350;4796;Склад 3;29.06.2025
ORD848615;Отменен;52116150;EEE_Purple_2309;3380;4;0;Черная пятница;с. Таганрог;ПВЗ;13520;0;11;1487,2;112;11920,8;Склад 2;03.04.2025
ORD416614;Отменен;95592350;DDD_Green_6347;11100;1;15;Нет;к. Ребриха;Курьер;11100;1665;18;1998;487;6950;Склад 2;23.06.2025
ORD104010;В пути;13739750;BBB_Pink_5147;6090;1;5;Нет;ст. Бирск;ПВЗ;6090;304,5;15;913,5;469;4403;Склад 2;06.02.2025
ORD572902;Доставлен;10060494;EEE_Purple_5001;5180;1;0;Нет;ст. Елатьма;ПВЗ;5180;0;15;777;474;3929;Склад 1;16.06.2025
ORD470542;В пути;91561471;EEE_Red_4134;7000;4;15;Черная пятница;ст. Сосьва (Хант.);Курьер;28000;1050;12;3360;246;23344;Склад 1;02.01.2025
ORD595757;Доставлен;86313043;CCC_Purple_9765;3490;3;0;Новогодняя распродажа;п. Абинск;Курьер;10470;0;10;1047;312;9111;Склад 2;23.05.2025
ORD651785;Доставлен;74519088;HHH_Blue_2269;5990;1;10;Нет;с. Набережные Челны;ПВЗ;5990;599;14;838,6;481;4071,4;Склад 1;24.03.2025
ORD204907;Доставлен;82611352;HHH_Pink_5740;3380;1;20;Новогодняя распродажа;п. Зеленоград;ПВЗ;3380;676;16;540,8;460;1703,2;Склад 1;21.08.2025
ORD351830;В пути;34469882;HHH_Purple_4677;2450;4;10;Новогодняя распродажа;д. Охотск;ПВЗ;9800;245;10;980;416;8159;Склад 3;31.07.2025
ORD148791;Доставлен;36496711;GGG_Blue_5448;6736;3;0;Нет;к. Ершов;Постамат;20208;0;19;3839,52;262;16106,48;Склад 2;20.04.2025
ORD208891;В пути;97371150;CCC_Titanium_4827;6000;1;5;Черная пятница;к. Буйнакск;Курьер;6000;300;19;1140;325;4235;Склад 2;04.07.2025
ORD909078;Отменен;27574394;AAA_Purple_7824;2000;2;20;Новогодняя распродажа;клх Красноселькуп;Постамат;4000;400;15;600;417;2583;Склад 2;28.05.2025
ORD387594;Отменен;12105804;CCC_Clear_2175;7828;4;10;Нет;ст. Светлогорск (Калин.);Постамат;31312;782,8;19;5949,28;209;24370,92;Склад 1;23.05.2025
ORD541560;Доставлен;78143684;AAA_White_7977;3100;1;15;Новогодняя распродажа;г. Южно-Курильск;Курьер;3100;465;11;341;350;1944;Склад 1;16.03.2025
ORD681294;В пути;80463441;EEE_Clear_2483;7380;1;5;Новогодняя распродажа;клх Учалы;Курьер;7380;369;10;738;431;5842;Склад 1;07.02.2025
ORD824145;Отменен;50339234;CCC_Black_7296;2933;2;10;Новогодняя распродажа;п. Кыштым;Постамат;5866;293,3;10;586,6;382;4604,1;Склад 2;19.07.2025
ORD679724;В пути;88663806;AAA_Black_2640;1020;2;15;Новогодняя распродажа;клх Хасан;Курьер;2040;153;15;306;291;1290;Склад 1;22.07.2025
ORD946448;В пути;37897172;DDD_Titanium_2057;4980;4;0;Новогодняя распродажа;ст. Чусовой;ПВЗ;19920;0;10;1992;333;17595;Склад 2;26.02.2025
ORD956718;Доставлен;38070392;HHH_Purple_3039;9980;4;15;Черная пятница;ст. Петушки;ПВЗ;39920;1497;19;7584,8;495;30343,2;Склад 1;02.05.2025
ORD577956;Отменен;88157875;BBB_Green_9675;5300;2;10;Черная пятница;с. Воскресенск;Постамат;10600;530;11;1166;340;8564;Склад 2;04.04.2025
ORD570663;Доставлен;12911883;DDD_Red_2385;680;4;10;Нет;д. Курганинск;Постамат;2720;68;13;353,6;414;1884,4;Склад 3;16.01.2025
ORD806218;Доставлен;80340504;EEE_Pink_6948;4500;2;0;Черная пятница;клх Юрьевец (Иван.);Курьер;9000;0;18;1620;390;6990;Склад 1;01.08.2025
ORD123511;Отменен;34965828;FFF_Purple_6666;3368;1;15;Черная пятница;п. Чехов;Курьер;3368;505,2;12;404,16;380;2078,64;Склад 2;09.08.2025
ORD819527;Отменен;43666607;HHH_Clear_1848;2050;2;15;Черная пятница;клх Волоколамск;Постамат;4100;307,5;12;492;386;2914,5;Склад 3;02.06.2025
ORD277759;В пути;68159326;HHH_Clear_5825;1240;2;0;Новогодняя распродажа;д. Токсово;Постамат;2480;0;16;396,8;281;1802,2;Склад 3;30.08.2025
ORD395874;Отменен;63259901;CCC_White_6266;5100;3;15;Новогодняя распродажа;г. Уварово;ПВЗ;15300;765;12;1836;289;12410;Склад 1;05.02.2025
ORD932531;В пути;99453640;CCC_Green_7311;11100;2;0;Нет;ст. Ербогачен;ПВЗ;22200;0;12;2664;287;19249;Склад 2;03.07.2025
ORD401931;В пути;34643765;GGG_Black_5712;6980;2;5;Нет;г. Троицко-Печорск;Курьер;13960;349;12;1675,2;113;11822,8;Склад 1;29.01.2025
ORD170025;В пути;82438067;EEE_Red_8950;5980;3;10;Нет;п. Наро-Фоминск;ПВЗ;17940;598;14;2511,6;196;14634,4;Склад 3;22.02.2025
ORD776128;Отменен;18488674;CCC_Clear_9381;3490;4;5;Новогодняя распродажа;г. Инта;Курьер;13960;174,5;19;2652,4;161;10972,1;Склад 1;18.08.2025
ORD288424;Доставлен;81037751;GGG_Titanium_4851;6380;3;20;Черная пятница;п. Буденновск;Курьер;19140;1276;18;3445,2;454;13964,8;Склад 2;24.04.2025
ORD645787;В пути;39912009;AAA_Black_7462;4990;1;20;Черная пятница;д. Волгодонск;Курьер;4990;998;12;598,8;209;3184,2;Склад 3;11.04.2025
ORD564192;Доставлен;68942875;BBB_Purple_2912;5990;3;20;Новогодняя распродажа;к. Диксон;ПВЗ;17970;1198;13;2336,1;155;14280,9;Склад 1;10.02.2025
ORD962679;Доставлен;48759312;AAA_Clear_7073;1490;1;0;Нет;д. Нерчинск;Постамат;1490;0;14;208,6;147;1134,4;Склад 1;04.06.2025
ORD305787;Отменен;19861565;AAA_Red_7612;6580;4;15;Нет;клх Медногорск;Постамат;26320;987;19;5000,8;379;19953,2;Склад 1;05.07.2025
ORD593136;Доставлен;82503737;EEE_Green_1464;3380;3;5;Нет;г. Лабинск;ПВЗ;10140;169;11;1115,4;102;8753,6;Склад 1;04.08.2025
ORD241418;Доставлен;17897185;BBB_Red_6872;4990;3;5;Новогодняя распродажа;ст. Урюпинск;Постамат;14970;249,5;13;1946,1;288;12486,4;Склад 1;18.07.2025
ORD659517;Отменен;85884486;AAA_Red_7992;6580;4;5;Нет;клх Куртамыш;Курьер;26320;329;17;4474,4;147;21369,6;Склад 3;03.09.2025
ORD320441;В пути;46780122;HHH_Black_4468;5500;1;5;Нет;д. Россошь;Постамат;5500;275;19;1045;439;3741;Склад 3;06.07.2025
ORD976716;Доставлен;14773482;DDD_White_5541;5990;3;20;Новогодняя распродажа;д. Шереметьево;ПВЗ;17970;1198;11;1976,7;483;14312,3;Склад 2;06.03.2025
ORD878197;Отменен;98575820;EEE_Red_5832;1800;1;5;Черная пятница;с. Щелково;Постамат;1800;90;12;216;483;1011;Склад 1;14.09.2025
ORD710471;Доставлен;80718283;DDD_White_2968;7980;3;15;Новогодняя распродажа;д. Валдай;Курьер;23940;1197;12;2872,8;276;19594,2;Склад 2;07.01.2025
ORD610593;Доставлен;68455110;AAA_Purple_5764;4980;2;20;Новогодняя распродажа;г. Апрелевка;Курьер;9960;996;10;996;357;7611;Склад 3;18.08.2025
ORD991813;В пути;32639679;EEE_Blue_5688;6990;3;5;Новогодняя распродажа;ст. Ижевск;ПВЗ;20970;349,5;16;3355,2;339;16926,3;Склад 1;11.01.2025
ORD732956;Доставлен;84863522;GGG_Clear_4484;2460;4;0;Новогодняя распродажа;д. Красноуфимск;ПВЗ;9840;0;16;1574,4;240;8025,6;Склад 2;02.09.2025
ORD926494;Отменен;36890351;AAA_White_3056;5180;4;10;Черная пятница;клх Чусовой;ПВЗ;20720;518;16;3315,2;277;16609,8;Склад 1;09.09.2025
ORD184240;Доставлен;74588621;HHH_Titanium_9363;2550;1;10;Нет;д. Нарткала;Курьер;2550;255;10;255;125;1915;Склад 1;16.02.2025
ORD281527;В пути;55765055;FFF_Clear_1289;2980;3;10;Новогодняя распродажа;п. Усолье Сибирское;Постамат;8940;298;10;894;418;7330;Склад 2;03.05.2025
ORD979989;В пути;88223836;EEE_Red_9650;7500;1;20;Черная пятница;клх Павловская;Постамат;7500;1500;12;900;196;4904;Склад 3;24.03.2025
ORD722445;Отменен;38137830;CCC_Titanium_4802;5380;1;5;Нет;ст. Лянтор;ПВЗ;5380;269;12;645,6;284;4181,4;Склад 2;21.08.2025
ORD423067;В пути;28610359;GGG_Black_5174;3162;2;20;Нет;к. Саранск;Постамат;6324;632,4;17;1075,08;292;4324,52;Склад 2;07.08.2025
ORD695202;Доставлен;37203467;GGG_Purple_7207;6580;2;15;Нет;клх Хасан;Постамат;13160;987;11;1447,6;324;10401,4;Склад 2;16.07.2025
ORD547155;В пути;51575941;DDD_Purple_5314;3380;4;0;Новогодняя распродажа;клх Соль-Илецк;ПВЗ;13520;0;10;1352;427;11741;Склад 1;20.09.2025
ORD888093;Отменен;70326795;FFF_Purple_9422;11100;1;0;Новогодняя распродажа;п. Бугульма;ПВЗ;11100;0;13;1443;376;9281;Склад 3;06.04.2025
ORD763851;В пути;71130502;FFF_Black_4039;9990;4;10;Нет;с. Тулун;Курьер;39960;999;14;5594,4;365;33001,6;Склад 3;30.03.2025
ORD220839;В пути;27574394;AAA_Purple_7824;2000;3;10;Нет;к. Дудинка;Курьер;6000;200;14;840;310;4650;Склад 1;06.06.2025
ORD711636;В пути;84822158;BBB_Blue_9580;5500;1;10;Нет;г. Партизанск;Курьер;5500;550;18;990;138;3822;Склад 3;01.03.2025
ORD999647;Отменен;62425327;DDD_Titanium_2708;7180;1;5;Нет;п. Троицк (Моск.);Курьер;7180;359;10;718;260;5843;Склад 2;27.06.2025
ORD538396;В пути;43747379;GGG_Pink_7385;2980;3;15;Нет;клх Магадан;Постамат;8940;447;17;1519,8;482;6491,2;Склад 3;30.07.2025
ORD550209;В пути;52308782;AAA_Clear_6277;3980;3;15;Нет;ст. Октябрьское (Хант.);Постамат;11940;597;13;1552,2;498;9292,8;Склад 1;20.07.2025
ORD861330;Доставлен;30155466;GGG_Red_1294;5580;4;15;Черная пятница;д. Снежинск;Курьер;22320;837;13;2901,6;392;18189,4;Склад 3;20.08.2025
ORD404302;Отменен;84839270;FFF_Black_2376;2890;4;15;Нет;д. Щельяюр;Курьер;11560;433,5;19;2196,4;191;8739,1;Склад 1;10.03.2025
ORD300626;В пути;58239097;FFF_Titanium_8411;7380;3;10;Новогодняя распродажа;г. Арсеньев;ПВЗ;22140;738;12;2656,8;140;18605,2;Склад 2;23.05.2025
ORD870685;Отменен;62741760;HHH_Titanium_3383;8990;4;0;Новогодняя распродажа;д. Лесной (Сверд.);Постамат;35960;0;16;5753,6;265;29941,4;Склад 1;17.01.2025
ORD701184;В пути;10060494;EEE_Purple_5001;5180;3;10;Новогодняя распродажа;ст. Калязин;Постамат;15540;518;12;1864,8;442;12715,2;Склад 3;01.02.2025
ORD555103;В пути;42624136;BBB_Green_8505;9180;1;15;Нет;ст. Кунгур;Курьер;9180;1377;15;1377;388;6038;Склад 2;14.07.2025
ORD875748;В пути;37857061;AAA_Black_9470;2900;1;10;Новогодняя распродажа;д. Рыльск;Постамат;2900;290;17;493;453;1664;Склад 3;20.01.2025
ORD830395;Доставлен;87949160;DDD_Blue_7114;2980;2;15;Черная пятница;клх Иваново;ПВЗ;5960;447;18;1072,8;346;4094,2;Склад 1;25.01.2025
ORD251412;Доставлен;99453640;CCC_Green_7311;11100;1;20;Нет;ст. Славгород;ПВЗ;11100;2220;18;1998;152;6730;Склад 2;05.08.2025
ORD776411;Доставлен;80289394;GGG_Purple_5051;6580;3;0;Новогодняя распродажа;клх Таштагол;Постамат;19740;0;15;2961;145;16634;Склад 1;11.03.2025
ORD651342;Отменен;31882676;CCC_Titanium_5561;4980;4;20;Черная пятница;клх Королев;Курьер;19920;996;12;2390,4;119;16414,6;Склад 3;24.03.2025
ORD111488;Отменен;87448383;AAA_Green_2528;4300;2;5;Черная пятница;к. Шахты;Постамат;8600;215;16;1376;326;6683;Склад 1;08.04.2025
ORD530101;Доставлен;15211947;DDD_Green_9844;6738;4;10;Новогодняя распродажа;к. Сортавала;ПВЗ;26952;673,8;17;4581,84;197;21499,36;Склад 3;15.06.2025
ORD574186;Отменен;78108555;BBB_Green_2236;6050;3;5;Черная пятница;ст. Тверь;Курьер;18150;302,5;10;1815;393;15639,5;Склад 3;21.05.2025
ORD313059;В пути;67732421;HHH_Black_7854;7300;1;10;Новогодняя распродажа;г. Усть-Калманка;Постамат;7300;730;14;1022;374;5174;Склад 2;15.04.2025
ORD463773;В пути;58484682;GGG_Green_9626;4380;2;20;Черная пятница;п. Беломорск;Курьер;8760;876;18;1576,8;227;6080,2;Склад 2;04.06.2025
ORD833189;В пути;84503528;EEE_Black_2767;5648;3;15;Нет;г. Каменномостский;Курьер;16944;847,2;14;2372,16;170;13554,64;Склад 1;07.07.2025
ORD837197;Доставлен;51313051;DDD_Clear_9288;11100;2;15;Нет;клх Королев;ПВЗ;22200;1665;13;2886;140;17509;Склад 3;16.05.2025
ORD600423;Отменен;69728328;HHH_Red_6449;1800;2;10;Нет;ст. Артем;Курьер;3600;180;18;648;394;2378;Склад 3;06.09.2025
ORD324256;Доставлен;25673692;HHH_Titanium_2410;8500;1;15;Нет;п. Серов;Постамат;8500;1275;11;935;280;6010;Склад 2;07.04.2025
ORD125621;Отменен;48103158;BBB_Blue_2666;2500;3;20;Нет;ст. Шаховская;Курьер;7500;500;12;900;229;5871;Склад 2;08.07.2025
ORD914690;В пути;74952520;DDD_Green_2949;4980;4;15;Новогодняя распродажа;ст. Улан-Удэ;Курьер;19920;747;16;3187,2;442;15543,8;Склад 2;03.05.2025
ORD362353;Доставлен;64538087;CCC_Clear_4692;3490;2;20;Нет;п. Фатеж;Постамат;6980;698;13;907,4;337;5037,6;Склад 2;21.05.2025
ORD811756;Отменен;85372595;CCC_Titanium_6837;2550;2;5;Нет;к. Орел;ПВЗ;5100;127,5;17;867;307;3798,5;Склад 1;01.04.2025
ORD468701;Отменен;52760747;EEE_Titanium_6892;4700;4;20;Нет;г. Змеиногорск;ПВЗ;18800;940;11;2068;397;15395;Склад 1;24.01.2025
ORD638331;В пути;71333535;CCC_Clear_1274;1460;3;0;Нет;п. Нурлат;Постамат;4380;0;12;525,6;426;3428,4;Склад 1;27.04.2025
ORD478782;Доставлен;18488674;CCC_Clear_9381;3490;2;0;Черная пятница;г. Лазаревское;Постамат;6980;0;11;767,8;374;5838,2;Склад 1;10.06.2025
ORD130061;Доставлен;89459784;FFF_Purple_8560;6580;2;0;Нет;г. Баксан;ПВЗ;13160;0;19;2500,4;276;10383,6;Склад 2;01.09.2025
ORD756809;Доставлен;33336859;BBB_Blue_8197;6000;2;10;Нет;ст. Канск;Курьер;12000;600;14;1680;251;9469;Склад 1;28.02.2025
ORD833401;В пути;26561997;CCC_Titanium_7137;6580;3;10;Новогодняя распродажа;клх Шереметьево;Постамат;19740;658;13;2566,2;408;16107,8;Склад 1;11.03.2025
ORD649872;Доставлен;40831517;HHH_Titanium_9359;3590;3;10;Черная пятница;клх Чикола;Курьер;10770;359;10;1077;307;9027;Склад 1;01.06.2025
ORD748309;В пути;80225576;BBB_Titanium_7452;1360;4;20;Новогодняя распродажа;ст. Кашхатау;Постамат;5440;272;11;598,4;381;4188,6;Склад 2;22.08.2025
ORD947949;В пути;82562635;BBB_Green_6494;2780;3;10;Нет;ст. Архыз;ПВЗ;8340;278;14;1167,6;456;6438,4;Склад 3;01.09.2025
ORD920966;В пути;22599508;GGG_Blue_2762;7180;3;5;Новогодняя распродажа;п. Галич;Курьер;21540;359;10;2154;466;18561;Склад 2;20.07.2025
ORD107742;Отменен;60736622;HHH_Pink_2327;9380;1;0;Новогодняя распродажа;ст. Бреды;Курьер;9380;0;15;1407;211;7762;Склад 3;16.04.2025
ORD501860;Доставлен;54290924;DDD_Green_9078;7180;4;20;Нет;г. Тимашевск;Постамат;28720;1436;14;4020,8;175;23088,2;Склад 3;23.07.2025
ORD865861;Доставлен;65415657;HHH_Black_7735;7180;2;0;Черная пятница;с. Владикавказ;Курьер;14360;0;17;2441,2;204;11714,8;Склад 1;02.05.2025
ORD446483;В пути;27730464;CCC_White_7695;7180;3;10;Черная пятница;г. Шарья;Постамат;21540;718;16;3446,4;400;16975,6;Склад 1;09.01.2025
ORD982269;В пути;16337630;EEE_Blue_8965;4100;2;20;Новогодняя распродажа;г. Торжок;ПВЗ;8200;820;14;1148;248;5984;Склад 1;20.09.2025
ORD905602;Доставлен;78585756;AAA_Titanium_1682;6580;2;15;Нет;клх Воскресенск;Курьер;13160;987;12;1579,2;169;10424,8;Склад 2;15.02.2025
ORD124351;В пути;41812842;BBB_Green_4942;4980;1;5;Новогодняя распродажа;г. Подольск;Постамат;4980;249;17;846,6;139;3745,4;Склад 2;17.09.2025
ORD490294;Доставлен;89466257;FFF_Green_6760;7828;3;10;Новогодняя распродажа;с. Адлер;Курьер;23484;782,8;17;3992,28;230;18478,92;Склад 1;03.06.2025
ORD968161;Отменен;61392847;HHH_Purple_2910;5580;4;10;Новогодняя распродажа;п. Новороссийка;Постамат;22320;558;11;2455,2;154;19152,8;Склад 2;24.06.2025
ORD573995;В пути;79336129;EEE_Purple_7709;5500;3;5;Нет;п. Лабинск;Постамат;16500;275;19;3135;162;12928;Склад 2;22.04.2025
ORD855375;Доставлен;45437720;DDD_Black_8635;2850;2;5;Нет;д. Горячинск;Постамат;5700;142,5;10;570;373;4614,5;Склад 3;15.08.2025
ORD285753;В пути;74085515;CCC_Purple_3517;5990;4;15;Черная пятница;п. Шуя;ПВЗ;23960;898,5;10;2396;107;20558,5;Склад 2;20.06.2025
ORD178060;Доставлен;99230127;BBB_Purple_4146;2980;3;10;Нет;г. Сызрань;Курьер;8940;298;11;983,4;147;7511,6;Склад 3;07.01.2025
ORD438460;Доставлен;25995510;EEE_Clear_8415;4600;2;10;Новогодняя распродажа;с. Красная Поляна;ПВЗ;9200;460;19;1748;437;6555;Склад 1;05.08.2025
ORD487349;В пути;33846396;GGG_White_5000;3290;2;0;Новогодняя распродажа;ст. Чегем;Постамат;6580;0;15;987;437;5156;Склад 2;11.02.2025
ORD679385;Отменен;62743855;EEE_Blue_8678;3380;1;20;Черная пятница;г. Тымовское;Постамат;3380;676;17;574,6;231;1898,4;Склад 3;24.06.2025
ORD968374;Доставлен;55041656;AAA_Green_9617;2790;1;20;Нет;клх Энгельс;ПВЗ;2790;558;12;334,8;135;1762,2;Склад 2;15.06.2025
ORD233074;Доставлен;12911883;DDD_Red_2385;680;1;0;Новогодняя распродажа;ст. Петропавловск-Камчатский;ПВЗ;680;0;14;95,2;381;203,8;Склад 3;17.06.2025
ORD297726;Доставлен;74230163;CCC_Blue_5972;4990;2;20;Черная пятница;к. Чита;Курьер;9980;998;13;1297,4;244;7440,6;Склад 3;08.05.2025
ORD879907;Отменен;24666903;BBB_Titanium_9028;3380;3;5;Черная пятница;с. Ангарск;Постамат;10140;169;18;1825,2;118;8027,8;Склад 2;19.01.2025
ORD751983;Отменен;61392847;HHH_Purple_2910;5580;1;20;Новогодняя распродажа;клх Чегем;ПВЗ;5580;1116;10;558;163;3743;Склад 1;18.04.2025
ORD882680;В пути;29055787;FFF_Blue_7389;7180;3;20;Новогодняя распродажа;к. Златоуст;Постамат;21540;1436;12;2584,8;154;17365,2;Склад 3;19.05.2025
ORD146417;Отменен;51304009;BBB_Red_7529;6990;1;0;Нет;ст. Курганинск;Постамат;6990;0;11;768,9;335;5886,1;Склад 1;10.08.2025
ORD552340;В пути;62613196;BBB_Red_1893;6580;4;15;Черная пятница;клх Нефтеюганск;Курьер;26320;987;18;4737,6;459;20136,4;Склад 2;29.01.2025
ORD326262;В пути;59874443;FFF_Green_9068;3380;4;20;Новогодняя распродажа;д. Тулпан;Курьер;13520;676;14;1892,8;417;10534,2;Склад 2;07.03.2025
ORD590449;Отменен;38119865;GGG_Blue_2701;5380;1;20;Черная пятница;г. Кисловодск;Курьер;5380;1076;14;753,2;318;3232,8;Склад 1;23.04.2025
ORD449428;В пути;69857947;BBB_Pink_3387;11100;2;15;Нет;п. Кунгур;ПВЗ;22200;1665;14;3108;268;17159;Склад 2;23.04.2025
ORD883822;Отменен;38174132;AAA_Pink_2294;2290;1;0;Новогодняя распродажа;г. Горно-Алтайск;Постамат;2290;0;19;435,1;347;1507,9;Склад 3;10.06.2025
ORD932993;В пути;99973635;CCC_Black_9622;5980;1;15;Нет;г. Северодвинск;ПВЗ;5980;897;18;1076,4;277;3729,6;Склад 1;28.02.2025
ORD186358;Отменен;42673199;HHH_White_7627;7180;2;0;Черная пятница;к. Кетченеры;ПВЗ;14360;0;17;2441,2;198;11720,8;Склад 2;10.05.2025
ORD482248;Отменен;82538041;EEE_Pink_7010;5990;4;5;Нет;г. Советский;Курьер;23960;299,5;12;2875,2;371;20414,3;Склад 2;17.04.2025
ORD674215;В пути;35600902;GGG_Clear_3876;7500;3;0;Нет;клх Брянск;Постамат;22500;0;11;2475;449;19576;Склад 1;05.04.2025
ORD966705;Доставлен;52297033;EEE_Red_3557;2550;1;5;Черная пятница;п. Нижнекамск;Постамат;2550;127,5;19;484,5;249;1689;Склад 3;06.06.2025
ORD771207;В пути;56604839;GGG_Titanium_3952;3490;2;5;Нет;с. Киржач;Курьер;6980;174,5;14;977,2;436;5392,3;Склад 1;24.02.2025
ORD285399;Отменен;28865428;CCC_White_6197;1900;1;0;Черная пятница;п. Оленегорск (Якут.);Постамат;1900;0;12;228;272;1400;Склад 2;13.06.2025
ORD635339;Доставлен;93401890;GGG_Titanium_7551;2790;2;10;Новогодняя распродажа;г. Рославль;Курьер;5580;279;14;781,2;260;4259,8;Склад 2;20.09.2025
ORD653724;В пути;16278472;EEE_Blue_7850;7180;3;0;Черная пятница;г. Аргаяш;ПВЗ;21540;0;19;4092,6;111;17336,4;Склад 1;30.05.2025
ORD593825;В пути;13642174;BBB_Black_4746;5500;3;20;Черная пятница;г. Ельня;ПВЗ;16500;1100;13;2145;378;12877;Склад 3;09.03.2025
ORD985444;В пути;20762733;GGG_Purple_4715;1550;4;20;Новогодняя распродажа;д. Старый Оскол;Курьер;6200;310;15;930;423;4537;Склад 3;09.08.2025
ORD627397;Доставлен;16238464;GGG_Green_8833;3380;2;10;Черная пятница;к. Октябрьский (Башк.);ПВЗ;6760;338;18;1216,8;365;4840,2;Склад 3;02.04.2025
ORD256706;Отменен;96985825;HHH_Purple_2504;3200;2;5;Новогодняя распродажа;д. Кедровый;ПВЗ;6400;160;14;896;160;5184;Склад 1;15.04.2025
ORD791932;В пути;35605795;CCC_Titanium_5935;2200;4;10;Новогодняя распродажа;г. Дубна;Курьер;8800;220;12;1056;141;7383;Склад 3;02.06.2025
ORD142801;В пути;97009468;BBB_Red_2622;5580;4;20;Черная пятница;клх Усть-Илимск;ПВЗ;22320;1116;19;4240,8;329;16634,2;Склад 3;11.08.2025
ORD619117;В пути;94453894;CCC_Green_6440;7300;2;10;Нет;с. Можга;Постамат;14600;730;19;2774;260;10836;Склад 3;06.08.2025
ORD912659;В пути;40831517;HHH_Titanium_9359;3590;4;0;Нет;д. Ковров;ПВЗ;14360;0;18;2584,8;271;11504,2;Склад 3;16.01.2025
ORD462429;В пути;52732703;CCC_Pink_7226;6200;3;10;Новогодняя распродажа;с. Краснотурьинск;Курьер;18600;620;16;2976;487;14517;Склад 2;15.09.2025
ORD856555;Отменен;17625450;EEE_Red_9020;5580;1;5;Нет;ст. Старый Оскол;Постамат;5580;279;12;669,6;389;4242,4;Склад 1;11.02.2025
ORD993686;Отменен;49969528;HHH_Purple_2012;2980;3;0;Нет;ст. Карпинск;Постамат;8940;0;19;1698,6;264;6977,4;Склад 1;11.03.2025
ORD562029;В пути;69371023;AAA_Red_8534;6180;4;15;Черная пятница;п. Белорецк;ПВЗ;24720;927;12;2966,4;107;20719,6;Склад 3;07.06.2025
ORD546311;Доставлен;84625234;FFF_Titanium_1292;3100;2;20;Новогодняя распродажа;д. Лесной (Сверд.);Постамат;6200;620;18;1116;113;4351;Склад 1;12.08.2025
ORD953942;Отменен;29143377;CCC_Titanium_5503;380;2;20;Новогодняя распродажа;с. Магнитогорск;Курьер;760;76;19;144,4;373;166,6;Склад 1;03.08.2025
ORD819026;Доставлен;71333535;CCC_Clear_1274;1460;3;10;Черная пятница;ст. Мураши;Постамат;4380;146;16;700,8;435;3098,2;Склад 2;26.04.2025
ORD977452;Отменен;84044517;AAA_Clear_3473;2590;2;0;Нет;д. Алдан;ПВЗ;5180;0;18;932,4;383;3864,6;Склад 1;02.04.2025
ORD308906;В пути;18519010;DDD_Blue_8362;6580;4;15;Новогодняя распродажа;к. Аша;ПВЗ;26320;987;17;4474,4;262;20596,6;Склад 2;29.06.2025
ORD666125;Отменен;93626225;FFF_Clear_4303;9990;3;0;Нет;клх Лабинск;Постамат;29970;0;11;3296,7;112;26561,3;Склад 1;07.05.2025
ORD655237;В пути;84867052;BBB_Black_9984;3980;2;20;Новогодняя распродажа;д. Адлер;Курьер;7960;796;16;1273,6;486;5404,4;Склад 2;05.06.2025
ORD486500;Отменен;91512215;DDD_Red_1755;2490;1;0;Новогодняя распродажа;д. Диксон;Курьер;2490;0;10;249;494;1747;Склад 2;12.06.2025
ORD545107;В пути;51023847;FFF_Green_1065;4990;1;15;Новогодняя распродажа;д. Новочеркасск;ПВЗ;4990;748,5;15;748,5;319;3174;Склад 1;07.06.2025
ORD545401;В пути;18885984;DDD_Purple_4347;6200;4;10;Новогодняя распродажа;клх Кетченеры;ПВЗ;24800;620;11;2728;128;21324;Склад 2;31.05.2025
ORD639745;В пути;99230127;BBB_Purple_4146;2980;2;5;Нет;клх Ессентуки;Курьер;5960;149;14;834,4;316;4660,6;Склад 2;01.09.2025
ORD992206;В пути;24644733;FFF_Black_3652;3477;4;0;Нет;к. Нефедова;Постамат;13908;0;18;2503,44;456;10948,56;Склад 1;19.06.2025
ORD210044;Доставлен;10226963;FFF_Green_2714;9180;3;5;Нет;клх Нижний Тагил;Постамат;27540;459;19;5232,6;371;21477,4;Склад 2;16.05.2025
ORD386456;В пути;11723919;EEE_Black_5621;3180;1;20;Нет;п. Внуково (метеост.);Постамат;3180;636;13;413,4;387;1743,6;Склад 2;26.04.2025
ORD210660;Доставлен;23429358;HHH_Pink_8971;11100;3;10;Черная пятница;ст. Великие Луки;Постамат;33300;1110;15;4995;133;27062;Склад 2;03.03.2025
ORD773752;Доставлен;74692955;DDD_Black_2968;5124;2;10;Новогодняя распродажа;к. Калевала;Курьер;10248;512,4;15;1537,2;142;8056,4;Склад 2;09.02.2025
ORD778832;В пути;52629278;FFF_Purple_6937;5990;4;0;Новогодняя распродажа;ст. Усолье Сибирское;ПВЗ;23960;0;19;4552,4;150;19257,6;Склад 2;20.04.2025
ORD939451;Доставлен;71643669;CCC_Green_1403;11100;4;10;Новогодняя распродажа;д. Троицк (Моск.);ПВЗ;44400;1110;14;6216;461;36613;Склад 3;18.09.2025
ORD134912;Отменен;64493994;EEE_Clear_3126;2980;4;0;Черная пятница;к. Баргузин;Постамат;11920;0;16;1907,2;310;9702,8;Склад 2;22.06.2025
ORD586311;В пути;39497042;BBB_White_2474;2000;3;0;Нет;п. Киржач;Курьер;6000;0;19;1140;416;4444;Склад 2;18.08.2025
ORD694727;Доставлен;20387700;HHH_Black_9830;6980;1;5;Новогодняя распродажа;д. Лесной (Сверд.);Курьер;6980;349;13;907,4;146;5577,6;Склад 2;09.05.2025
ORD861478;В пути;50625074;EEE_White_5636;5980;3;10;Нет;ст. Липецк;Постамат;17940;598;19;3408,6;471;13462,4;Склад 2;08.01.2025
ORD680472;В пути;53675020;DDD_Titanium_6448;5580;3;0;Нет;с. Балашов;Постамат;16740;0;19;3180,6;428;13131,4;Склад 1;11.03.2025
ORD301565;В пути;42354439;HHH_Red_3959;6580;2;5;Черная пятница;ст. Белокуриха;Постамат;13160;329;19;2500,4;189;10141,6;Склад 3;19.07.2025
ORD841509;Доставлен;72055283;DDD_Purple_2787;10980;2;15;Черная пятница;клх Курган;ПВЗ;21960;1647;12;2635,2;449;17228,8;Склад 1;27.04.2025
ORD659013;Отменен;59874443;FFF_Green_9068;3380;2;5;Нет;с. Анива;Постамат;6760;169;14;946,4;205;5439,6;Склад 3;31.07.2025
ORD110586;Отменен;45963238;FFF_Titanium_5998;2600;1;5;Новогодняя распродажа;ст. Каргасок;ПВЗ;2600;130;18;468;182;1820;Склад 2;19.04.2025
ORD971992;Доставлен;93094444;DDD_White_9135;2990;1;0;Новогодняя распродажа;к. Сладково;Курьер;2990;0;13;388,7;205;2396,3;Склад 2;03.02.2025
ORD919705;В пути;21929427;FFF_Green_1597;4990;2;20;Черная пятница;г. Кирово-Чепецк;Курьер;9980;998;16;1596,8;463;6922,2;Склад 3;18.04.2025
ORD540263;Доставлен;20387700;HHH_Black_9830;6980;2;20;Черная пятница;к. Вуктыл;ПВЗ;13960;1396;11;1535,6;466;10562,4;Склад 3;19.06.2025
ORD111634;Доставлен;65415657;HHH_Black_7735;7180;1;20;Черная пятница;г. Шарья;ПВЗ;7180;1436;10;718;231;4795;Склад 1;20.09.2025
ORD111891;Доставлен;72952203;EEE_Pink_4218;6738;4;5;Черная пятница;с. Казань;ПВЗ;26952;336,9;14;3773,28;382;22459,82;Склад 3;20.09.2025
ORD412750;В пути;98454420;AAA_Titanium_4017;7180;1;0;Черная пятница;с. Сызрань;ПВЗ;7180;0;15;1077;370;5733;Склад 2;22.06.2025
ORD730153;Доставлен;18140841;EEE_Pink_1003;4980;1;10;Черная пятница;п. Кисловодск;Постамат;4980;498;13;647,4;422;3412,6;Склад 1;05.04.2025
ORD858641;В пути;77364242;EEE_White_7896;7000;1;5;Черная пятница;ст. Серпухов;Курьер;7000;350;15;1050;218;5382;Склад 3;20.07.2025
ORD555909;Доставлен;43776637;EEE_Blue_5790;5980;2;5;Новогодняя распродажа;к. Тулпан;Постамат;11960;299;15;1794;304;9563;Склад 3;29.08.2025
ORD625885;Отменен;36919791;CCC_Clear_1118;1800;4;0;Черная пятница;ст. Нефтеюганск;ПВЗ;7200;0;16;1152;367;5681;Склад 1;22.06.2025
ORD276217;Доставлен;82611352;HHH_Pink_5740;3380;1;15;Черная пятница;п. Старая Русса;Постамат;3380;507;16;540,8;110;2222,2;Склад 3;24.03.2025
ORD552853;Доставлен;56847236;GGG_Purple_3146;9180;2;5;Новогодняя распродажа;д. Вендинга;Постамат;18360;459;14;2570,4;250;15080,6;Склад 2;27.08.2025
ORD949317;Отменен;34643765;GGG_Black_5712;6980;3;15;Новогодняя распродажа;с. Печора;Курьер;20940;1047;14;2931,6;378;16583,4;Склад 1;02.03.2025
ORD477046;В пути;21167732;EEE_Black_9568;9980;3;15;Нет;ст. Троицк (Моск.);Постамат;29940;1497;11;3293,4;201;24948,6;Склад 3;20.09.2025
ORD699926;В пути;32826828;EEE_Titanium_7662;6990;1;20;Черная пятница;д. Лесной (Сверд.);Курьер;6990;1398;15;1048,5;483;4060,5;Склад 2;15.09.2025
ORD850161;Доставлен;13735368;EEE_Clear_4552;3490;3;0;Черная пятница;п. Вологда;ПВЗ;10470;0;15;1570,5;112;8787,5;Склад 3;02.05.2025
ORD677246;Отменен;89677157;DDD_White_8101;7180;4;15;Черная пятница;г. Волхов;Постамат;28720;1077;14;4020,8;483;23139,2;Склад 1;21.03.2025
ORD350701;В пути;48819696;BBB_Black_2129;5100;3;0;Черная пятница;к. Павловский Посад;ПВЗ;15300;0;13;1989;186;13125;Склад 3;18.05.2025
ORD231272;Доставлен;25324439;HHH_Red_4713;2000;3;20;Нет;п. Липецк;Курьер;6000;400;17;1020;119;4461;Склад 3;29.07.2025
ORD530893;Отменен;70160612;AAA_Purple_3399;7828;4;0;Новогодняя распродажа;с. Камень-на-Оби;ПВЗ;31312;0;10;3131,2;216;27964,8;Склад 3;28.08.2025
ORD762118;В пути;74230163;CCC_Blue_5972;4990;1;5;Новогодняя распродажа;клх Кажим;ПВЗ;4990;249,5;19;948,1;414;3378,4;Склад 2;09.05.2025
ORD348235;В пути;16502779;HHH_Titanium_2914;3250;1;15;Черная пятница;с. Агата;Курьер;3250;487,5;10;325;400;2037,5;Склад 2;26.06.2025
ORD911790;Отменен;43817644;AAA_Green_1908;11100;4;0;Черная пятница;ст. Кош-Агач;ПВЗ;44400;0;19;8436;183;35781;Склад 3;15.02.2025
ORD595374;Отменен;93363944;DDD_Blue_6449;580;4;10;Черная пятница;д. Талдом;ПВЗ;2320;58;14;324,8;178;1759,2;Склад 3;31.05.2025
ORD992713;Отменен;22843017;BBB_Black_5404;6090;4;0;Нет;к. Миллерово;ПВЗ;24360;0;14;3410,4;357;20592,6;Склад 1;17.02.2025
ORD858391;Отменен;88157875;BBB_Green_9675;5300;3;15;Нет;д. Заводоуковск;Постамат;15900;795;12;1908;283;12914;Склад 3;11.07.2025
ORD568967;Доставлен;35214367;FFF_White_7199;9990;4;20;Новогодняя распродажа;г. Вендинга;ПВЗ;39960;1998;10;3996;416;33550;Склад 1;10.01.2025
ORD205246;Отменен;24046960;GGG_Purple_6176;2980;2;20;Черная пятница;п. Гаврилов-Ям;Курьер;5960;596;12;715,2;109;4539,8;Склад 2;07.09.2025
ORD809267;В пути;98875006;EEE_Black_6295;2500;3;15;Черная пятница;г. Ярославль;Постамат;7500;375;11;825;344;5956;Склад 3;16.05.2025
ORD973267;В пути;78108555;BBB_Green_2236;6050;1;5;Черная пятница;п. Сосновый Бор;Постамат;6050;302,5;16;968;392;4387,5;Склад 1;19.04.2025
ORD358580;Доставлен;19259686;HHH_Pink_2327;2000;1;5;Черная пятница;п. Охотск;Курьер;2000;100;13;260;497;1143;Склад 2;14.01.2025
ORD212642;В пути;96001367;AAA_Purple_5672;6580;1;20;Нет;п. Стрежевой;ПВЗ;6580;1316;17;1118,6;371;3774,4;Склад 1;17.08.2025
ORD379406;В пути;67734976;CCC_Green_5247;4980;3;20;Новогодняя распродажа;ст. Хабаровск;Постамат;14940;996;12;1792,8;192;11959,2;Склад 2;16.07.2025
ORD100242;Отменен;58519965;FFF_White_5263;5800;2;15;Новогодняя распродажа;клх Касимов;Постамат;11600;870;19;2204;143;8383;Склад 3;15.05.2025
ORD351220;В пути;76585970;FFF_White_7505;5180;4;5;Нет;г. Уренгой;Постамат;20720;259;15;3108;356;16997;Склад 1;29.03.2025
ORD600934;Доставлен;84738673;HHH_White_1139;11000;4;20;Черная пятница;г. Липецк;ПВЗ;44000;2200;11;4840;309;36651;Склад 3;27.06.2025
ORD382176;Отменен;93054617;BBB_Purple_1296;2700;1;5;Новогодняя распродажа;ст. Сковородино;Постамат;2700;135;14;378;459;1728;Склад 1;02.02.2025
ORD818991;Отменен;79145863;BBB_Clear_5799;2980;1;20;Новогодняя распродажа;п. Серебряные Пруды;Курьер;2980;596;12;357,6;390;1636,4;Склад 2;07.09.2025
ORD982411;Доставлен;69371023;AAA_Red_8534;6180;3;0;Нет;ст. Шатура;ПВЗ;18540;0;11;2039,4;303;16197,6;Склад 1;19.03.2025
ORD571411;Отменен;60679385;EEE_White_2537;1340;2;10;Черная пятница;клх Великие Луки;Курьер;2680;134;15;402;261;1883;Склад 1;18.01.2025
ORD559801;Отменен;57336840;DDD_White_8173;1800;4;0;Новогодняя распродажа;п. Пятигорск;Курьер;7200;0;16;1152;261;5787;Склад 3;27.01.2025
ORD809526;Доставлен;76161009;AAA_Green_4817;6190;3;20;Черная пятница;с. Красноселькуп;Постамат;18570;1238;19;3528,3;190;13613,7;Склад 3;06.08.2025
ORD753932;Отменен;43022400;BBB_Red_2345;2980;4;10;Новогодняя распродажа;с. Пушкино (Моск.);Постамат;11920;298;15;1788;106;9728;Склад 3;29.01.2025
ORD281346;Доставлен;15266766;AAA_Black_3318;3490;1;10;Нет;к. Шатки;Постамат;3490;349;19;663,1;329;2148,9;Склад 2;28.02.2025
ORD998709;Доставлен;80855016;FFF_Titanium_1848;5990;4;20;Черная пятница;г. Мелеуз;Курьер;23960;1198;19;4552,4;184;18025,6;Склад 3;12.09.2025
ORD336497;В пути;69586840;GGG_White_9441;3180;2;20;Нет;ст. Нижний Новгород;ПВЗ;6360;636;18;1144,8;183;4396,2;Склад 1;22.06.2025
ORD487477;В пути;17430134;AAA_Red_9681;6590;2;5;Новогодняя распродажа;д. Кетченеры;Постамат;13180;329,5;14;1845,2;150;10855,3;Склад 2;03.08.2025
ORD699218;Отменен;58507722;AAA_Purple_1838;5500;1;20;Нет;с. Шатура;Постамат;5500;1100;11;605;175;3620;Склад 3;28.07.2025
ORD986970;Отменен;70326795;FFF_Purple_9422;11100;2;15;Нет;клх Бомнак;Курьер;22200;1665;12;2664;112;17759;Склад 1;26.02.2025
ORD746418;Доставлен;86056168;FFF_Green_1588;11000;2;20;Нет;д. Шадринск;ПВЗ;22000;2200;16;3520;369;15911;Склад 1;11.08.2025
ORD230205;Отменен;58794039;GGG_Titanium_5888;3300;3;15;Новогодняя распродажа;п. Озеры;Курьер;9900;495;14;1386;260;7759;Склад 2;22.08.2025
ORD292339;Доставлен;68455110;AAA_Purple_5764;4980;4;20;Черная пятница;ст. Кедровый;Постамат;19920;996;11;2191,2;324;16408,8;Склад 1;04.02.2025
ORD580959;Доставлен;26479913;EEE_Pink_1004;7180;1;5;Нет;к. Тавда;Курьер;7180;359;14;1005,2;354;5461,8;Склад 3;29.07.2025
ORD283560;Отменен;13687354;DDD_Black_1710;4990;1;15;Черная пятница;д. Химки;Постамат;4990;748,5;10;499;488;3254,5;Склад 1;28.06.2025
ORD979253;Доставлен;56270048;HHH_Black_8961;7180;1;0;Новогодняя распродажа;п. Калевала;ПВЗ;7180;0;17;1220,6;127;5832,4;Склад 3;13.07.2025
ORD143339;В пути;46303448;EEE_Green_9795;10400;1;15;Черная пятница;к. Нурлат;Курьер;10400;1560;10;1040;267;7533;Склад 3;12.05.2025
ORD892321;Отменен;32156174;DDD_White_3845;1950;1;5;Нет;к. Байкальск;Постамат;1950;97,5;16;312;198;1342,5;Склад 2;25.02.2025
ORD232223;В пути;81535584;HHH_White_8297;11100;2;15;Нет;к. Ивдель;Постамат;22200;1665;17;3774;290;16471;Склад 1;23.08.2025
ORD754916;Отменен;17897185;BBB_Red_6872;4990;3;20;Нет;ст. Кировск (Ленин.);Постамат;14970;998;11;1646,7;468;11857,3;Склад 2;11.06.2025
ORD777904;Доставлен;48103158;BBB_Blue_2666;2500;1;20;Нет;с. Домодедово;Постамат;2500;500;15;375;389;1236;Склад 2;23.02.2025
ORD728401;Отменен;22705435;CCC_Green_4282;6580;3;5;Нет;с. Петушки;Курьер;19740;329;17;3355,8;364;15691,2;Склад 2;25.01.2025
ORD512922;В пути;32219595;GGG_Pink_3942;2200;3;10;Нет;г. Химки;Постамат;6600;220;12;792;276;5312;Склад 3;22.05.2025
ORD791215;Доставлен;34469882;HHH_Purple_4677;2450;2;20;Новогодняя распродажа;п. Фатеж;Курьер;4900;490;11;539;368;3503;Склад 3;11.03.2025
ORD809691;Отменен;85687791;AAA_Black_9253;5980;1;0;Новогодняя распродажа;п. Пушкино (Моск.);Постамат;5980;0;13;777,4;112;5090,6;Склад 3;31.01.2025
ORD223482;Отменен;42236708;HHH_Green_6711;5580;2;5;Новогодняя распродажа;ст. Сухиничи;Курьер;11160;279;15;1674;334;8873;Склад 3;03.06.2025
ORD356046;Отменен;18386274;EEE_Pink_4898;2900;1;15;Черная пятница;г. Славянск-на-Кубани;Курьер;2900;435;15;435;321;1709;Склад 1;13.01.2025
ORD592489;В пути;28732161;DDD_Blue_4543;490;2;15;Черная пятница;г. Белокуриха;Постамат;980;73,5;11;107,8;238;560,7;Склад 1;15.01.2025
ORD673333;В пути;95808454;AAA_Clear_6434;3600;3;0;Новогодняя распродажа;д. Камышлов;Постамат;10800;0;14;1512;180;9108;Склад 3;19.06.2025
ORD907519;Отменен;75709449;EEE_Green_6861;11100;1;20;Черная пятница;с. Новокузнецк;Постамат;11100;2220;12;1332;423;7125;Склад 3;19.09.2025
ORD247686;Доставлен;26492321;EEE_Purple_3803;2300;4;5;Черная пятница;п. Екатеринбург;Постамат;9200;115;18;1656;121;7308;Склад 1;21.07.2025
ORD857597;Доставлен;83953719;BBB_Blue_5153;6980;3;0;Нет;к. Кашира;ПВЗ;20940;0;13;2722,2;127;18090,8;Склад 2;15.06.2025
ORD772635;В пути;80262000;FFF_Titanium_1822;11100;4;20;Нет;клх Туапсе;Постамат;44400;2220;18;7992;276;33912;Склад 2;23.05.2025
ORD189847;Доставлен;33346489;EEE_Purple_4483;1060;3;5;Черная пятница;г. Токсово;Постамат;3180;53;14;445,2;201;2480,8;Склад 3;19.09.2025
ORD512362;В пути;17932091;GGG_Black_4469;3490;2;15;Черная пятница;д. Усть-Камчатск;Постамат;6980;523,5;17;1186,6;398;4871,9;Склад 2;16.06.2025
ORD521233;Отменен;80507859;HHH_Clear_8794;3500;1;5;Новогодняя распродажа;д. Сортавала;Курьер;3500;175;15;525;353;2447;Склад 3;24.04.2025
ORD111270;В пути;79710676;AAA_White_1844;4990;3;10;Черная пятница;к. Карабулак;Постамат;14970;499;16;2395,2;409;11666,8;Склад 3;31.03.2025
ORD492694;В пути;28074469;HHH_Black_6852;4990;2;5;Нет;п. Холмск;Курьер;9980;249,5;13;1297,4;229;8204,1;Склад 3;03.09.2025
ORD178085;Отменен;55570580;BBB_White_3663;11100;1;10;Черная пятница;п. Воркута;Курьер;11100;1110;17;1887;396;7707;Склад 1;16.05.2025
ORD139926;Доставлен;22270955;CCC_Purple_4954;2980;1;5;Новогодняя распродажа;п. Усть-Камчатск;Курьер;2980;149;14;417,2;444;1969,8;Склад 2;11.06.2025
ORD307680;В пути;83447966;BBB_Blue_8761;5180;3;10;Нет;ст. Лазаревское;Курьер;15540;518;14;2175,6;238;12608,4;Склад 1;25.03.2025
ORD575764;В пути;87709977;GGG_Black_5508;5648;1;15;Нет;г. Моршанск;ПВЗ;5648;847,2;15;847,2;235;3718,6;Склад 2;28.05.2025
ORD198246;Отменен;38119865;GGG_Blue_2701;5380;3;20;Нет;ст. Сарапул;Постамат;16140;1076;18;2905,2;459;11699,8;Склад 1;08.02.2025
ORD641771;Доставлен;70160612;AAA_Purple_3399;7828;1;10;Нет;к. Чебаркуль;Курьер;7828;782,8;16;1252,48;119;5673,72;Склад 1;22.09.2025
ORD659338;В пути;12105804;CCC_Clear_2175;7828;4;10;Черная пятница;к. Урай;Постамат;31312;782,8;13;4070,56;240;26218,64;Склад 3;14.07.2025
ORD920232;Отменен;30155466;GGG_Red_1294;5580;2;15;Новогодняя распродажа;д. Таштагол;Курьер;11160;837;16;1785,6;147;8390,4;Склад 3;08.08.2025
ORD915478;В пути;42669478;FFF_Black_3829;11100;4;10;Черная пятница;клх Котельнич;ПВЗ;44400;1110;16;7104;111;36075;Склад 1;05.06.2025
ORD238973;Отменен;47477350;AAA_Blue_8334;5500;3;0;Черная пятница;п. Чикола;Курьер;16500;0;19;3135;145;13220;Склад 2;19.07.2025
ORD230219;Доставлен;44426303;CCC_Green_5742;4980;4;15;Нет;клх Сызрань;Постамат;19920;747;18;3585,6;272;15315,4;Склад 2;02.02.2025
ORD158596;Доставлен;74559111;AAA_Purple_3253;1390;3;0;Новогодняя распродажа;г. Салават;Постамат;4170;0;16;667,2;374;3128,8;Склад 3;03.06.2025
ORD517241;Доставлен;51178363;BBB_White_3471;2980;1;15;Нет;г. Томари;ПВЗ;2980;447;13;387,4;215;1930,6;Склад 3;07.03.2025
ORD783150;Доставлен;48759312;AAA_Clear_7073;1490;1;10;Черная пятница;с. Железногорск(Курск.);Постамат;1490;149;17;253,3;439;648,7;Склад 2;20.04.2025
ORD416791;В пути;12636113;HHH_Clear_3600;1000;3;0;Черная пятница;п. Малая Вишера;Постамат;3000;0;15;450;275;2275;Склад 2;08.02.2025
ORD637103;В пути;65992151;FFF_Red_3712;3400;4;10;Нет;п. Кызыл;Курьер;13600;340;19;2584;487;10189;Склад 2;04.07.2025
ORD963341;Доставлен;18488674;CCC_Clear_9381;3490;1;15;Черная пятница;к. Воркута;Постамат;3490;523,5;12;418,8;481;2066,7;Склад 3;24.03.2025
ORD476546;Доставлен;37739044;AAA_Red_6276;3490;2;10;Черная пятница;с. Диксон;Курьер;6980;349;10;698;409;5524;Склад 2;16.01.2025
ORD398374;Доставлен;61640595;AAA_Purple_8645;3380;1;0;Нет;к. Кырен;ПВЗ;3380;0;10;338;472;2570;Склад 3;28.03.2025
ORD963642;В пути;20765137;CCC_Pink_8919;1580;2;0;Черная пятница;к. Москва, МГУ;Постамат;3160;0;16;505,6;382;2272,4;Склад 1;27.01.2025
ORD829841;Доставлен;61427977;CCC_Clear_6193;3490;4;10;Новогодняя распродажа;д. Тамбей;Курьер;13960;349;19;2652,4;458;10500,6;Склад 1;15.09.2025
ORD711584;Доставлен;84981649;HHH_Blue_6949;2700;2;5;Нет;д. Лотошино;Постамат;5400;135;10;540;194;4531;Склад 1;30.06.2025
ORD222113;Доставлен;92488093;BBB_Pink_3494;5300;2;15;Новогодняя распродажа;ст. Тобольск;Курьер;10600;795;17;1802;238;7765;Склад 2;27.08.2025
ORD214578;Отменен;28410571;GGG_Green_8168;3490;2;15;Черная пятница;п. Магас;ПВЗ;6980;523,5;16;1116,8;401;4938,7;Склад 3;26.09.2025
ORD894448;Доставлен;75709449;EEE_Green_6861;11100;2;10;Черная пятница;клх Ельня;Курьер;22200;1110;17;3774;269;17047;Склад 2;26.01.2025
ORD340075;Отменен;42624136;BBB_Green_8505;9180;1;5;Нет;с. Костомукша;Постамат;9180;459;13;1193,4;434;7093,6;Склад 3;03.06.2025
ORD501174;Отменен;60679385;EEE_White_2537;1340;2;0;Черная пятница;к. Кропоткин (Краснод.);Курьер;2680;0;18;482,4;451;1746,6;Склад 2;19.03.2025
ORD693772;Доставлен;44323356;GGG_Clear_9401;5100;1;20;Нет;клх Нижний Тагил;Постамат;5100;1020;10;510;219;3351;Склад 1;04.07.2025
ORD788516;Отменен;74517804;GGG_Blue_2602;250;2;20;Нет;п. Ковров;ПВЗ;500;50;17;85;429;-64;Склад 3;21.02.2025
ORD552722;Доставлен;26751676;CCC_Clear_7128;3500;3;10;Нет;с. Можайск;Курьер;10500;350;12;1260;161;8729;Склад 2;08.08.2025
ORD422004;В пути;23429358;HHH_Pink_8971;11100;4;5;Нет;г. Кабанск;Постамат;44400;555;14;6216;233;37396;Склад 3;05.01.2025
ORD841829;В пути;62021585;FFF_Clear_3735;1860;2;5;Нет;г. Оленек;Постамат;3720;93;18;669,6;307;2650,4;Склад 3;05.08.2025
ORD993982;В пути;50877595;GGG_Blue_3143;3350;3;15;Новогодняя распродажа;д. Усть-Ордынский;Постамат;10050;502,5;12;1206;190;8151,5;Склад 2;30.03.2025
ORD764215;В пути;42364136;GGG_Blue_5870;2780;2;0;Нет;г. Братск;Курьер;5560;0;11;611,6;331;4617,4;Склад 2;26.05.2025
ORD161106;Отменен;33958975;HHH_Clear_1031;4990;2;5;Новогодняя распродажа;с. Старый Оскол;Курьер;9980;249,5;16;1596,8;331;7802,7;Склад 3;19.02.2025
ORD828083;Доставлен;97009468;BBB_Red_2622;5580;2;20;Черная пятница;к. Листвянка (Иркут.);Курьер;11160;1116;15;1674;182;8188;Склад 3;09.03.2025
ORD767930;Доставлен;39181299;AAA_White_4614;7180;3;0;Нет;с. Анива;ПВЗ;21540;0;15;3231;418;17891;Склад 1;09.09.2025
ORD104059;Доставлен;26677770;CCC_Titanium_7668;3700;4;0;Черная пятница;п. Канск;Постамат;14800;0;12;1776;352;12672;Склад 3;16.02.2025
ORD747078;В пути;60481401;BBB_Titanium_5485;3380;3;10;Нет;ст. Грозный;Постамат;10140;338;10;1014;227;8561;Склад 1;09.02.2025
ORD154888;В пути;34088668;EEE_Pink_4192;7580;4;5;Новогодняя распродажа;д. Кудымкар;ПВЗ;30320;379;14;4244,8;192;25504,2;Склад 1;04.08.2025
ORD438954;Доставлен;95592350;DDD_Green_6347;11100;2;10;Новогодняя распродажа;к. Калач;ПВЗ;22200;1110;11;2442;451;18197;Склад 1;11.07.2025
ORD250204;В пути;78746042;HHH_Pink_8731;560;1;5;Новогодняя распродажа;клх Макушино;Курьер;560;28;19;106,4;434;-8,4;Склад 3;28.04.2025
ORD791326;Доставлен;41865954;GGG_White_9632;5980;2;15;Черная пятница;клх Гремячинск (Перм.);Курьер;11960;897;10;1196;191;9676;Склад 1;07.08.2025
ORD797715;Доставлен;52923583;GGG_Green_6367;1000;4;10;Нет;д. Апрелевка;Курьер;4000;100;14;560;114;3226;Склад 3;13.07.2025
ORD708214;Доставлен;82503737;EEE_Green_1464;3380;3;10;Черная пятница;к. Комсомольск-на-Амуре;Курьер;10140;338;10;1014;421;8367;Склад 3;13.02.2025
ORD954483;Доставлен;30184321;DDD_Clear_2056;2780;2;20;Новогодняя распродажа;г. Хоста;Курьер;5560;556;10;556;346;4102;Склад 2;12.01.2025
ORD459826;Доставлен;99198177;AAA_Green_5033;7300;3;10;Черная пятница;ст. Адыгейск;Курьер;21900;730;16;3504;140;17526;Склад 3;05.06.2025
ORD138251;Доставлен;52297033;EEE_Red_3557;2550;3;5;Новогодняя распродажа;ст. Казань;ПВЗ;7650;127,5;16;1224;334;5964,5;Склад 3;21.02.2025
ORD608213;Доставлен;29143377;CCC_Titanium_5503;380;3;20;Новогодняя распродажа;клх Чусовой;ПВЗ;1140;76;10;114;280;670;Склад 1;11.06.2025
ORD439097;В пути;83447966;BBB_Blue_8761;5180;2;10;Новогодняя распродажа;клх Мураши;ПВЗ;10360;518;10;1036;409;8397;Склад 3;04.07.2025
ORD448993;Доставлен;62021585;FFF_Clear_3735;1860;3;10;Нет;с. Любань;Постамат;5580;186;10;558;183;4653;Склад 3;01.08.2025
ORD128496;Доставлен;54251905;HHH_Green_1705;2000;3;15;Нет;ст. Междуреченский;Постамат;6000;300;17;1020;281;4399;Склад 2;08.02.2025
ORD974743;В пути;35738540;CCC_Titanium_2027;5500;2;10;Новогодняя распродажа;клх Славгород;Курьер;11000;550;15;1650;162;8638;Склад 2;18.03.2025
ORD229254;В пути;27995241;GGG_Blue_6871;2490;3;0;Черная пятница;г. Адлер;ПВЗ;7470;0;10;747;483;6240;Склад 1;13.05.2025
ORD455337;В пути;12133233;FFF_Titanium_8960;4100;2;20;Черная пятница;к. Сергиев Посад;Постамат;8200;820;14;1148;411;5821;Склад 1;04.07.2025
ORD552435;Доставлен;14737689;DDD_Red_4608;10380;4;0;Нет;к. Снежинск;Постамат;41520;0;17;7058,4;394;34067,6;Склад 2;11.01.2025
ORD670120;Отменен;64474460;DDD_Titanium_4062;6520;4;20;Новогодняя распродажа;ст. Малая Вишера;ПВЗ;26080;1304;18;4694,4;376;19705,6;Склад 2;29.04.2025
ORD505066;Отменен;46140671;BBB_Black_8066;7300;4;15;Черная пятница;к. Уссурийск;Постамат;29200;1095;19;5548;269;22288;Склад 3;06.01.2025
ORD514877;В пути;99198177;AAA_Green_5033;7300;3;10;Новогодняя распродажа;к. Октябрьский (Башк.);Постамат;21900;730;13;2847;469;17854;Склад 1;22.07.2025
ORD668875;Отменен;59917650;FFF_Clear_9409;5648;1;10;Черная пятница;с. Дзержинск;ПВЗ;5648;564,8;11;621,28;129;4332,92;Склад 1;27.07.2025
ORD222948;В пути;68159326;HHH_Clear_5825;1240;1;10;Нет;п. Вилюйск;Постамат;1240;124;12;148,8;421;546,2;Склад 3;24.08.2025
ORD252926;Доставлен;91504638;AAA_Green_7796;9180;3;20;Новогодняя распродажа;п. Туапсе;ПВЗ;27540;1836;17;4681,8;186;20836,2;Склад 3;06.04.2025
ORD803589;Отменен;63093696;EEE_Black_5749;2980;1;10;Новогодняя распродажа;ст. Снежинск;Постамат;2980;298;19;566,2;229;1886,8;Склад 1;16.06.2025
ORD237116;Доставлен;54375561;CCC_Blue_2528;2700;2;0;Черная пятница;г. Шали;ПВЗ;5400;0;14;756;307;4337;Склад 2;14.03.2025
ORD799085;Отменен;34508876;DDD_Black_1495;5580;1;10;Черная пятница;д. Гусь-Хрустальный;Постамат;5580;558;13;725,4;413;3883,6;Склад 2;20.03.2025
ORD327871;Доставлен;43178236;HHH_Red_3860;6000;3;15;Черная пятница;д. Верхний Тагил;Постамат;18000;900;14;2520;435;14145;Склад 3;23.07.2025
ORD578778;Отменен;32717202;HHH_Purple_7702;2320;3;0;Новогодняя распродажа;п. Калач;ПВЗ;6960;0;13;904,8;333;5722,2;Склад 1;31.07.2025
ORD915819;Доставлен;93094444;DDD_White_9135;2990;2;10;Нет;к. Новгород Великий;Постамат;5980;299;12;717,6;261;4702,4;Склад 3;20.03.2025
ORD827365;Доставлен;29055787;FFF_Blue_7389;7180;4;10;Нет;г. Ангарск;ПВЗ;28720;718;15;4308;478;23216;Склад 2;05.05.2025
ORD973693;Отменен;87233179;DDD_Blue_9263;5500;3;5;Черная пятница;с. Воркута;ПВЗ;16500;275;10;1650;198;14377;Склад 2;20.02.2025
ORD109978;Доставлен;77597491;DDD_Pink_4647;7300;2;20;Нет;ст. Нижнеудинск;Постамат;14600;1460;12;1752;421;10967;Склад 3;28.04.2025
ORD188872;Доставлен;91076807;AAA_Red_5295;3090;1;0;Черная пятница;ст. Тверь;Курьер;3090;0;16;494,4;344;2251,6;Склад 2;27.03.2025
ORD291147;Доставлен;19979751;BBB_Red_4497;6050;1;5;Нет;с. Каневская;Постамат;6050;302,5;10;605;250;4892,5;Склад 1;17.06.2025
ORD770942;Отменен;51752271;BBB_Blue_9621;5500;2;15;Новогодняя распродажа;клх Ростов;Курьер;11000;825;10;1100;100;8975;Склад 3;07.01.2025
ORD201985;Отменен;30321714;CCC_Pink_5146;11000;2;20;Черная пятница;ст. Тотьма;Курьер;22000;2200;12;2640;278;16882;Склад 3;11.04.2025
ORD899543;Доставлен;68243217;HHH_Pink_1972;3590;3;0;Нет;д. Анива;Постамат;10770;0;18;1938,6;210;8621,4;Склад 3;06.07.2025
ORD827099;Доставлен;62613196;BBB_Red_1893;6580;1;10;Новогодняя распродажа;клх Жиганск;Курьер;6580;658;17;1118,6;141;4662,4;Склад 2;04.03.2025
ORD210878;Отменен;66208240;BBB_Black_7214;4980;2;0;Нет;п. Сосьва (Хант.);ПВЗ;9960;0;10;996;130;8834;Склад 1;11.04.2025
ORD148595;Отменен;69990915;DDD_Titanium_6779;1600;1;10;Новогодняя распродажа;г. Беслан;ПВЗ;1600;160;15;240;239;961;Склад 3;16.04.2025
ORD696220;Доставлен;79971043;HHH_Purple_2646;5580;2;20;Новогодняя распродажа;ст. Дагомыс;Курьер;11160;1116;12;1339,2;345;8359,8;Склад 3;22.01.2025
ORD101761;Доставлен;86205843;EEE_Black_4149;5500;1;10;Нет;ст. Щельяюр;ПВЗ;5500;550;16;880;435;3635;Склад 2;12.08.2025
ORD310296;Доставлен;96808638;AAA_Titanium_9014;2933;4;15;Нет;к. Ребриха;Постамат;11732;439,95;17;1994,44;173;9124,61;Склад 1;03.03.2025
ORD517907;В пути;16616230;AAA_White_8136;4990;3;10;Новогодняя распродажа;с. Орск;ПВЗ;14970;499;18;2694,6;269;11507,4;Склад 3;24.08.2025
ORD464719;Отменен;80855016;FFF_Titanium_1848;5990;1;15;Новогодняя распродажа;д. Жуковский;Курьер;5990;898,5;14;838,6;256;3996,9;Склад 2;20.02.2025
ORD925127;В пути;47418597;BBB_Red_3217;2900;4;20;Новогодняя распродажа;г. Верхний Баскунчак;Постамат;11600;580;19;2204;305;8511;Склад 3;01.07.2025
ORD922813;Отменен;90424966;CCC_Red_9477;1550;1;20;Черная пятница;клх Ковров;ПВЗ;1550;310;19;294,5;423;522,5;Склад 2;15.01.2025
ORD418025;Отменен;69376098;CCC_Titanium_2771;2990;1;0;Новогодняя распродажа;г. Ковров;Постамат;2990;0;18;538,2;321;2130,8;Склад 1;11.06.2025
ORD552752;Отменен;27922657;FFF_Purple_3823;5778;4;15;Черная пятница;п. Хабаровск;Курьер;23112;866,7;15;3466,8;438;18340,5;Склад 2;04.09.2025
ORD773973;Отменен;76585970;FFF_White_7505;5180;1;15;Новогодняя распродажа;ст. Ачхой Мартан;ПВЗ;5180;777;13;673,4;307;3422,6;Склад 3;14.03.2025
ORD848271;Отменен;67182647;GGG_Black_4596;3100;1;5;Черная пятница;клх Магас;Постамат;3100;155;13;403;341;2201;Склад 3;14.01.2025
ORD301285;Отменен;12911883;DDD_Red_2385;680;3;5;Новогодняя распродажа;п. Нарым;Постамат;2040;34;10;204;274;1528;Склад 2;29.05.2025
ORD229052;Отменен;35122854;FFF_Titanium_2565;5500;4;5;Новогодняя распродажа;клх Ачинск;ПВЗ;22000;275;12;2640;429;18656;Склад 1;01.08.2025
ORD408630;В пути;87660983;EEE_Green_6626;3380;4;10;Новогодняя распродажа;п. Красная Поляна;Постамат;13520;338;17;2298,4;469;10414,6;Склад 1;05.03.2025
ORD430141;Доставлен;29055787;FFF_Blue_7389;7180;2;5;Нет;г. Жиганск;Постамат;14360;359;16;2297,6;355;11348,4;Склад 3;17.02.2025
ORD235617;Доставлен;13544308;BBB_Titanium_5322;10880;1;15;Нет;п. Нягань;Курьер;10880;1632;19;2067,2;428;6752,8;Склад 3;29.08.2025
ORD614033;В пути;94828431;AAA_Black_1577;3180;3;10;Новогодняя распродажа;ст. Апрелевка;Курьер;9540;318;10;954;123;8145;Склад 2;02.01.2025
ORD642365;В пути;59775520;HHH_Purple_5299;490;1;20;Черная пятница;к. Новая Игирма;Курьер;490;98;11;53,9;462;-123,9;Склад 2;21.04.2025
ORD412169;В пути;88421485;DDD_Clear_8430;4200;1;0;Черная пятница;клх Каргасок;Курьер;4200;0;17;714;175;3311;Склад 2;09.05.2025
ORD474171;В пути;64089075;GGG_Purple_7302;4600;2;5;Новогодняя распродажа;с. Карабулак;Курьер;9200;230;13;1196;202;7572;Склад 1;22.03.2025
ORD360983;Отменен;89551751;HHH_Purple_7181;9180;1;20;Нет;с. Октябрьское (Хант.);Курьер;9180;1836;11;1009,8;121;6213,2;Склад 1;13.05.2025
ORD804479;Доставлен;62735344;GGG_Blue_8476;2980;3;15;Черная пятница;п. Тавда;ПВЗ;8940;447;19;1698,6;486;6308,4;Склад 3;12.03.2025
ORD326405;Отменен;11476432;DDD_Titanium_7638;6380;3;0;Нет;п. Магас;Курьер;19140;0;17;3253,8;440;15446,2;Склад 3;03.02.2025
ORD899663;Доставлен;47335358;GGG_Pink_1893;2780;2;20;Черная пятница;п. Великий Устюг;Постамат;5560;556;14;778,4;465;3760,6;Склад 3;24.09.2025
ORD597059;Доставлен;29400855;HHH_White_3901;6580;1;0;Новогодняя распродажа;к. Верхний Баскунчак;ПВЗ;6580;0;18;1184,4;438;4957,6;Склад 2;30.01.2025
ORD289737;В пути;42624136;BBB_Green_8505;9180;3;5;Нет;ст. Избербаш;Постамат;27540;459;16;4406,4;291;22383,6;Склад 1;06.09.2025
ORD608838;Отменен;92713858;AAA_Green_1858;2180;1;15;Черная пятница;ст. Новомосковск;Курьер;2180;327;17;370,6;469;1013,4;Склад 3;26.01.2025
ORD649760;В пути;27730464;CCC_White_7695;7180;1;0;Новогодняя распродажа;к. Ангарск;Курьер;7180;0;18;1292,4;487;5400,6;Склад 3;10.01.2025
ORD430152;Отменен;84862533;FFF_Red_8076;7580;1;20;Новогодняя распродажа;г. Казань;Постамат;7580;1516;10;758;301;5005;Склад 3;14.02.2025
ORD546464;Доставлен;52491122;BBB_Titanium_6217;5980;2;5;Новогодняя распродажа;клх Малгобек;Постамат;11960;299;16;1913,6;170;9577,4;Склад 3;14.01.2025
ORD517463;В пути;65992151;FFF_Red_3712;3400;1;5;Нет;д. Уфа;Постамат;3400;170;10;340;363;2527;Склад 3;29.06.2025
ORD603789;В пути;28866848;EEE_Red_3383;2980;3;20;Нет;п. Химки;ПВЗ;8940;596;10;894;490;6960;Склад 3;18.09.2025
ORD624245;Доставлен;54064492;AAA_Titanium_8916;4980;1;20;Новогодняя распродажа;д. Калач;Курьер;4980;996;19;946,2;448;2589,8;Склад 1;29.08.2025
ORD244021;Доставлен;91524796;CCC_Purple_9225;3380;3;0;Нет;д. Миллерово;Постамат;10140;0;15;1521;444;8175;Склад 3;08.07.2025
ORD760880;Доставлен;68959920;FFF_Red_1714;2380;1;10;Черная пятница;клх Ясный (Оренб.);Курьер;2380;238;17;404,6;473;1264,4;Склад 1;26.04.2025
ORD591518;В пути;40042947;GGG_Green_4062;5990;3;5;Новогодняя распродажа;клх Малгобек;Постамат;17970;299,5;18;3234,6;457;13978,9;Склад 2;31.08.2025
ORD174750;Отменен;84888512;EEE_Green_3323;1250;3;0;Новогодняя распродажа;п. Хатанга;Курьер;3750;0;19;712,5;410;2627,5;Склад 1;07.02.2025
ORD261084;В пути;41812842;BBB_Green_4942;4980;1;20;Нет;к. Шатки;ПВЗ;4980;996;18;896,4;387;2700,6;Склад 2;02.04.2025
ORD185815;Отменен;50877595;GGG_Blue_3143;3350;1;0;Новогодняя распродажа;г. Арсеньев;Курьер;3350;0;14;469;205;2676;Склад 1;30.06.2025
ORD466763;В пути;45016869;GGG_Black_6808;3490;3;20;Черная пятница;д. Златоуст;Постамат;10470;698;13;1361,1;348;8062,9;Склад 1;12.05.2025
ORD793096;В пути;28227796;EEE_Blue_6964;5200;4;15;Нет;п. Саратов;Курьер;20800;780;11;2288;308;17424;Склад 3;28.08.2025
ORD349831;Доставлен;77963118;EEE_Clear_8396;2850;2;20;Нет;с. Озеры;ПВЗ;5700;570;14;798;444;3888;Склад 1;11.03.2025
ORD299127;Отменен;52441227;CCC_White_6545;2580;4;20;Новогодняя распродажа;г. Тайшет;ПВЗ;10320;516;13;1341,6;296;8166,4;Склад 1;27.09.2025
ORD618375;В пути;84436404;DDD_Pink_8616;11100;4;20;Новогодняя распродажа;к. Хасан;Курьер;44400;2220;15;6660;151;35369;Склад 3;28.09.2025
ORD568897;В пути;81335479;GGG_Purple_4170;2000;1;10;Новогодняя распродажа;д. Нижнеудинск;Постамат;2000;200;16;320;101;1379;Склад 2;04.08.2025
ORD500475;Доставлен;22020509;FFF_Green_7357;1490;2;20;Нет;г. Устюжна;ПВЗ;2980;298;19;566,2;371;1744,8;Склад 3;20.05.2025
ORD751035;Доставлен;68159326;HHH_Clear_5825;1240;4;5;Новогодняя распродажа;д. Уварово;ПВЗ;4960;62;17;843,2;319;3735,8;Склад 3;12.07.2025
ORD796529;Отменен;53977919;GGG_White_4695;5580;1;5;Черная пятница;д. Ельня;Курьер;5580;279;16;892,8;232;4176,2;Склад 3;05.08.2025
ORD520170;В пути;53249946;HHH_Green_4614;1624;4;0;Новогодняя распродажа;клх Орел;ПВЗ;6496;0;13;844,48;167;5484,52;Склад 2;14.09.2025
ORD803931;Отменен;34539743;DDD_Green_2563;2990;4;10;Новогодняя распродажа;клх Ахтубинск;ПВЗ;11960;299;10;1196;286;10179;Склад 1;14.08.2025
ORD359496;В пути;27922657;FFF_Purple_3823;5778;1;0;Нет;д. Кызыл;Постамат;5778;0;12;693,36;140;4944,64;Склад 1;12.05.2025
ORD308094;Отменен;17430134;AAA_Red_9681;6590;1;5;Новогодняя распродажа;к. Шереметьево;Постамат;6590;329,5;17;1120,3;234;4906,2;Склад 3;04.04.2025
ORD384733;Доставлен;84625234;FFF_Titanium_1292;3100;1;5;Нет;к. Сорочинск;Постамат;3100;155;12;372;251;2322;Склад 3;22.02.2025
ORD893964;В пути;69857947;BBB_Pink_3387;11100;2;15;Новогодняя распродажа;клх Ульяновск;Курьер;22200;1665;17;3774;286;16475;Склад 1;28.05.2025
ORD722438;Отменен;61392847;HHH_Purple_2910;5580;4;20;Черная пятница;к. Гудермес;ПВЗ;22320;1116;15;3348;286;17570;Склад 1;15.01.2025
ORD381390;Доставлен;44146850;CCC_Red_7696;7828;1;5;Черная пятница;г. Ялуторовск;Курьер;7828;391,4;11;861,08;202;6373,52;Склад 1;12.07.2025
ORD464332;Доставлен;15752189;HHH_Pink_7554;5100;3;0;Нет;с. Иваново;ПВЗ;15300;0;12;1836;440;13024;Склад 2;11.02.2025
ORD191728;Отменен;39478464;BBB_Clear_6099;3700;4;0;Нет;д. Серов;ПВЗ;14800;0;14;2072;242;12486;Склад 2;08.02.2025
ORD672521;В пути;43138987;CCC_Green_3542;6580;3;20;Новогодняя распродажа;ст. Красновишерск;ПВЗ;19740;1316;14;2763,6;191;15469,4;Склад 3;03.07.2025
ORD844398;В пути;68723156;EEE_Titanium_7354;3490;2;20;Новогодняя распродажа;п. Тымовское;Постамат;6980;698;17;1186,6;170;4925,4;Склад 2;24.08.2025
ORD564578;Доставлен;56052630;FFF_Blue_4443;2780;1;15;Черная пятница;к. Россошь;Курьер;2780;417;17;472,6;229;1661,4;Склад 3;09.05.2025
ORD858186;В пути;43178236;HHH_Red_3860;6000;3;10;Новогодняя распродажа;д. Котлас;Курьер;18000;600;15;2700;127;14573;Склад 1;19.07.2025
ORD563299;В пути;47545727;AAA_Purple_8362;1800;2;0;Черная пятница;д. Кырен;ПВЗ;3600;0;18;648;113;2839;Склад 1;04.03.2025
ORD532850;В пути;86131619;FFF_Blue_9955;640;1;20;Нет;к. Северодвинск;Курьер;640;128;15;96;342;74;Склад 3;04.09.2025
ORD664446;Доставлен;17280340;CCC_Clear_4480;4300;3;0;Новогодняя распродажа;с. Алапаевск;Постамат;12900;0;19;2451;347;10102;Склад 1;20.07.2025
ORD525553;Отменен;30155466;GGG_Red_1294;5580;3;20;Нет;с. Моршанск;Курьер;16740;1116;12;2008,8;311;13304,2;Склад 3;25.09.2025
ORD489164;В пути;11165756;BBB_Clear_6493;6490;2;5;Новогодняя распродажа;ст. Батайск;ПВЗ;12980;324,5;17;2206,6;404;10044,9;Склад 3;28.06.2025
ORD403428;Доставлен;98767142;GGG_White_8463;5580;1;0;Черная пятница;д. Дмитров;Постамат;5580;0;13;725,4;115;4739,6;Склад 3;25.03.2025
ORD715152;Доставлен;46536130;HHH_Black_9412;3690;1;5;Нет;г. Костомукша;Постамат;3690;184,5;12;442,8;474;2588,7;Склад 2;26.02.2025
ORD849809;Отменен;74559111;AAA_Purple_3253;1390;3;0;Нет;г. Тутаев;ПВЗ;4170;0;11;458,7;138;3573,3;Склад 3;09.03.2025
ORD764003;В пути;62235684;AAA_Pink_4756;5980;3;10;Новогодняя распродажа;д. Ноябрьск;Курьер;17940;598;15;2691;369;14282;Склад 3;26.02.2025
ORD117101;В пути;54094339;EEE_Blue_6146;6580;3;15;Нет;с. Медногорск;ПВЗ;19740;987;12;2368,8;153;16231,2;Склад 3;25.07.2025
ORD127068;Отменен;88157875;BBB_Green_9675;5300;1;5;Черная пятница;к. Старый Оскол;Курьер;5300;265;12;636;451;3948;Склад 2;07.02.2025
ORD185551;Отменен;46434145;GGG_Pink_1622;5180;2;20;Нет;д. Красноуральск;Курьер;10360;1036;19;1968,4;304;7051,6;Склад 1;22.09.2025
ORD956377;Доставлен;25995510;EEE_Clear_8415;4600;2;10;Нет;ст. Гагарин;Постамат;9200;460;18;1656;132;6952;Склад 2;22.01.2025
ORD317110;Доставлен;98709059;AAA_Pink_6723;2500;1;0;Новогодняя распродажа;ст. Диксон;ПВЗ;2500;0;17;425;346;1729;Склад 3;17.06.2025
ORD643706;Отменен;61392847;HHH_Purple_2910;5580;4;5;Нет;д. Медногорск;Постамат;22320;279;17;3794,4;103;18143,6;Склад 2;31.07.2025
ORD149522;В пути;79145863;BBB_Clear_5799;2980;2;0;Новогодняя распродажа;г. Печенга;ПВЗ;5960;0;19;1132,4;410;4417,6;Склад 1;15.07.2025
ORD992984;Доставлен;14773482;DDD_White_5541;5990;3;0;Новогодняя распродажа;п. Углич;ПВЗ;17970;0;15;2695,5;360;14914,5;Склад 1;01.03.2025
ORD107430;Доставлен;32921978;FFF_Purple_2135;7180;4;0;Нет;клх Рубцовск;Постамат;28720;0;12;3446,4;185;25088,6;Склад 3;27.01.2025
ORD151626;В пути;34539743;DDD_Green_2563;2990;4;15;Черная пятница;с. Аша;ПВЗ;11960;448,5;18;2152,8;249;9109,7;Склад 1;26.08.2025
ORD575784;Доставлен;43138987;CCC_Green_3542;6580;2;15;Новогодняя распродажа;п. Приморско-Ахтарск;ПВЗ;13160;987;17;2237,2;103;9832,8;Склад 2;22.09.2025
ORD539498;В пути;77282880;EEE_Purple_1729;5580;4;20;Нет;д. Нарткала;Курьер;22320;1116;14;3124,8;377;17702,2;Склад 2;31.01.2025
ORD520081;В пути;14299738;FFF_Clear_9181;7380;4;5;Новогодняя распродажа;г. Подольск;ПВЗ;29520;369;14;4132,8;229;24789,2;Склад 1;14.04.2025
ORD906132;В пути;51498093;GGG_Purple_1161;5580;2;10;Черная пятница;к. Таштагол;ПВЗ;11160;558;14;1562,4;328;8711,6;Склад 3;19.09.2025
ORD969933;Отменен;89402108;HHH_Pink_1353;2550;2;10;Черная пятница;клх Сковородино;Постамат;5100;255;19;969;482;3394;Склад 3;05.02.2025
ORD777088;Отменен;64280433;HHH_Clear_1273;5396;4;10;Новогодняя распродажа;д. Нарткала;Постамат;21584;539,6;13;2805,92;219;18019,48;Склад 2;07.07.2025
ORD105492;Отменен;38798252;GGG_Pink_6405;2700;3;0;Черная пятница;к. Усть-Камчатск;ПВЗ;8100;0;19;1539;496;6065;Склад 1;31.03.2025
ORD905525;В пути;72864961;BBB_Red_7058;6980;1;15;Нет;клх Яшалта;Курьер;6980;1047;19;1326,2;353;4253,8;Склад 2;04.02.2025
ORD660055;В пути;71446261;EEE_Titanium_2576;5180;4;5;Нет;к. Щельяюр;Курьер;20720;259;16;3315,2;196;16949,8;Склад 2;12.05.2025
ORD685946;Отменен;80262000;FFF_Titanium_1822;11100;4;0;Новогодняя распродажа;д. Луга;Постамат;44400;0;15;6660;274;37466;Склад 2;28.04.2025
ORD147840;Доставлен;13307981;HHH_Red_3772;2700;3;15;Черная пятница;клх Мценск;ПВЗ;8100;405;13;1053;396;6246;Склад 3;23.06.2025
ORD787908;В пути;65415657;HHH_Black_7735;7180;4;15;Нет;к. Туапсе;ПВЗ;28720;1077;10;2872;278;24493;Склад 1;06.01.2025
ORD882294;Доставлен;72155725;CCC_Green_7884;5648;4;5;Нет;ст. Невьянск;Курьер;22592;282,4;11;2485,12;127;19697,48;Склад 1;16.01.2025
ORD295369;Доставлен;78722650;FFF_Titanium_9574;9180;1;5;Нет;к. Морозовск;Курьер;9180;459;17;1560,6;167;6993,4;Склад 3;04.08.2025
ORD368016;В пути;49649549;BBB_Black_9198;880;1;5;Новогодняя распродажа;г. Приморско-Ахтарск;Курьер;880;44;14;123,2;416;296,8;Склад 2;07.06.2025
ORD142095;В пути;71333535;CCC_Clear_1274;1460;1;0;Новогодняя распродажа;д. Дербент;Постамат;1460;0;11;160,6;359;940,4;Склад 2;26.07.2025
ORD125449;Доставлен;42364136;GGG_Blue_5870;2780;2;20;Нет;ст. Поярково;ПВЗ;5560;556;12;667,2;327;4009,8;Склад 3;04.08.2025
ORD121712;Доставлен;37857061;AAA_Black_9470;2900;2;5;Нет;ст. Нязепетровск;Постамат;5800;145;19;1102;167;4386;Склад 1;14.07.2025
ORD331388;Отменен;64327413;GGG_Pink_5430;3100;1;20;Черная пятница;клх Поярково;ПВЗ;3100;620;13;403;435;1642;Склад 3;20.03.2025
ORD639303;Отменен;88223836;EEE_Red_9650;7500;1;0;Черная пятница;с. Лабинск;Постамат;7500;0;19;1425;484;5591;Склад 1;04.03.2025
ORD946949;В пути;84888512;EEE_Green_3323;1250;2;20;Черная пятница;ст. Ейск;ПВЗ;2500;250;13;325;116;1809;Склад 1;19.07.2025
ORD137820;Отменен;51304009;BBB_Red_7529;6990;3;10;Новогодняя распродажа;с. Ростов;Курьер;20970;699;15;3145,5;131;16994,5;Склад 1;04.07.2025
ORD213134;Отменен;99772524;GGG_Purple_5307;1100;4;20;Нет;клх Усолье Сибирское;Курьер;4400;220;10;440;453;3287;Склад 2;03.02.2025
ORD714946;Отменен;13739750;BBB_Pink_5147;6090;4;5;Новогодняя распродажа;клх Ардон;Курьер;24360;304,5;15;3654;426;19975,5;Склад 2;16.01.2025
ORD383402;Отменен;89402108;HHH_Pink_1353;2550;1;0;Нет;д. Объячево;Постамат;2550;0;16;408;347;1795;Склад 3;03.02.2025
ORD794887;Доставлен;41313579;CCC_Blue_4612;1200;3;5;Черная пятница;г. Чебаркуль;Курьер;3600;60;12;432;477;2631;Склад 3;03.06.2025
ORD826364;В пути;40831517;HHH_Titanium_9359;3590;2;10;Черная пятница;г. Петропавловск-Камчатский;ПВЗ;7180;359;15;1077;358;5386;Склад 2;10.01.2025
ORD960244;Отменен;55765055;FFF_Clear_1289;2980;1;5;Черная пятница;с. Камышлов;Постамат;2980;149;16;476,8;186;2168,2;Склад 3;07.05.2025
ORD769235;Доставлен;71947674;AAA_Titanium_9034;5500;3;5;Черная пятница;г. Токсово;ПВЗ;16500;275;16;2640;391;13194;Склад 2;30.08.2025
ORD449813;Доставлен;57336840;DDD_White_8173;1800;3;5;Нет;п. Мыс Шмидта;Постамат;5400;90;17;918;358;4034;Склад 2;21.03.2025
ORD285047;Доставлен;10145273;DDD_Red_7490;3490;3;15;Черная пятница;г. Каргополь;ПВЗ;10470;523,5;13;1361,1;494;8091,4;Склад 1;23.04.2025
ORD969105;Отменен;42669478;FFF_Black_3829;11100;2;10;Нет;к. Усть-Кулом;ПВЗ;22200;1110;15;3330;185;17575;Склад 1;31.01.2025
ORD264411;Отменен;15413660;DDD_Clear_5170;4980;2;5;Нет;г. Химки;Постамат;9960;249;19;1892,4;339;7479,6;Склад 2;26.04.2025
ORD189939;В пути;55594711;CCC_Black_1285;3162;4;5;Новогодняя распродажа;п. Богучар;Постамат;12648;158,1;18;2276,64;412;9801,26;Склад 1;17.07.2025
ORD117340;Отменен;68942875;BBB_Purple_2912;5990;4;5;Черная пятница;д. Новосибирск;Курьер;23960;299,5;19;4552,4;235;18873,1;Склад 2;09.06.2025
ORD344418;Отменен;34502560;CCC_White_9014;7828;3;0;Черная пятница;г. Усть-Камчатск;Курьер;23484;0;13;3052,92;251;20180,08;Склад 1;13.04.2025
ORD761809;Доставлен;99772524;GGG_Purple_5307;1100;3;15;Новогодняя распродажа;г. Минусинск;ПВЗ;3300;165;17;561;455;2119;Склад 3;14.02.2025
ORD923131;В пути;72536399;HHH_Titanium_2358;1600;2;0;Нет;ст. Кулунда;ПВЗ;3200;0;16;512;261;2427;Склад 3;16.02.2025
ORD305758;Отменен;37293235;AAA_Titanium_1777;3090;4;15;Черная пятница;г. Игарка;ПВЗ;12360;463,5;10;1236;349;10311,5;Склад 2;15.01.2025
ORD688772;Отменен;17280340;CCC_Clear_4480;4300;3;5;Нет;д. Железногорск(Курск.);Постамат;12900;215;18;2322;455;9908;Склад 2;01.02.2025
ORD737888;Доставлен;80262000;FFF_Titanium_1822;11100;4;10;Новогодняя распродажа;п. Петушки;Постамат;44400;1110;16;7104;183;36003;Склад 1;12.04.2025
ORD718172;Доставлен;58794039;GGG_Titanium_5888;3300;4;20;Нет;с. Красновишерск;Курьер;13200;660;11;1452;492;10596;Склад 1;15.04.2025
ORD798166;Отменен;62735344;GGG_Blue_8476;2980;3;20;Черная пятница;клх Оленегорск (Якут.);ПВЗ;8940;596;10;894;380;7070;Склад 2;18.09.2025
ORD653701;В пути;43747379;GGG_Pink_7385;2980;2;5;Нет;клх Боровск;Курьер;5960;149;18;1072,8;298;4440,2;Склад 3;06.08.2025
ORD976643;В пути;51813913;BBB_Blue_8050;2150;3;0;Нет;г. Карпинск;Постамат;6450;0;10;645;272;5533;Склад 3;25.03.2025
ORD709111;Доставлен;57461608;AAA_White_5001;3500;3;10;Черная пятница;к. Гдов;Постамат;10500;350;10;1050;481;8619;Склад 2;28.07.2025
ORD677769;Доставлен;65461995;BBB_Blue_5229;5980;4;15;Черная пятница;г. Кировск (Ленин.);Постамат;23920;897;14;3348,8;182;19492,2;Склад 3;18.02.2025
ORD816401;Отменен;96240921;HHH_Purple_9148;11100;3;5;Нет;с. Саратов;Курьер;33300;555;11;3663;224;28858;Склад 2;06.09.2025
ORD686807;Доставлен;17932091;GGG_Black_4469;3490;2;10;Нет;клх Ижевск;Постамат;6980;349;19;1326,2;223;5081,8;Склад 1;04.04.2025
ORD186706;Отменен;97679450;DDD_Titanium_6156;1340;3;10;Новогодняя распродажа;г. Рыбинск;ПВЗ;4020;134;14;562,8;215;3108,2;Склад 3;30.08.2025
ORD755048;В пути;24763399;DDD_Blue_3072;11100;2;15;Черная пятница;д. Биробиджан;Курьер;22200;1665;15;3330;287;16918;Склад 3;09.08.2025
ORD519601;В пути;16278472;EEE_Blue_7850;7180;2;10;Нет;п. Тамбов;Постамат;14360;718;19;2728,4;495;10418,6;Склад 1;14.08.2025
ORD346388;Отменен;73953828;DDD_Titanium_3655;4990;4;0;Черная пятница;с. Ардон;Курьер;19960;0;15;2994;455;16511;Склад 1;14.03.2025
ORD938128;Доставлен;16225379;AAA_Purple_1560;6190;1;0;Новогодняя распродажа;клх Южноуральск;Курьер;6190;0;13;804,7;231;5154,3;Склад 3;06.02.2025
ORD663817;В пути;71130502;FFF_Black_4039;9990;1;0;Нет;п. Анапа;Постамат;9990;0;17;1698,3;269;8022,7;Склад 3;21.09.2025
ORD316927;Доставлен;25688149;DDD_Blue_3042;7300;4;10;Нет;п. Кузнецк;Постамат;29200;730;14;4088;367;24015;Склад 2;16.01.2025
ORD486220;В пути;73339847;BBB_Clear_5381;2596;3;0;Нет;клх Чермоз;Курьер;7788;0;13;1012,44;106;6669,56;Склад 2;02.09.2025
ORD552289;Отменен;88157875;BBB_Green_9675;5300;4;15;Черная пятница;клх Рославль;Курьер;21200;795;17;3604;428;16373;Склад 3;30.07.2025
ORD700430;Отменен;86155356;EEE_Black_2069;6590;2;10;Новогодняя распродажа;г. Пушкинские Горы;Постамат;13180;659;18;2372,4;451;9697,6;Склад 2;26.04.2025
ORD950634;Отменен;47113990;GGG_Pink_5720;6900;1;20;Черная пятница;ст. Коломна;ПВЗ;6900;1380;17;1173;442;3905;Склад 1;22.05.2025
ORD348892;В пути;96240921;HHH_Purple_9148;11100;4;10;Нет;с. Вязьма;Курьер;44400;1110;19;8436;250;34604;Склад 2;11.03.2025
ORD544451;Доставлен;77629680;AAA_Pink_1762;6580;3;15;Новогодняя распродажа;д. Билибино;Курьер;19740;987;17;3355,8;284;15113,2;Склад 2;21.02.2025
ORD953839;Доставлен;52059480;BBB_Titanium_4146;4990;4;20;Нет;клх Калачинск;ПВЗ;19960;998;17;3393,2;104;15464,8;Склад 3;21.03.2025
ORD234772;Доставлен;99962600;EEE_Clear_5090;4990;1;10;Нет;д. Мичуринск;Постамат;4990;499;18;898,2;259;3333,8;Склад 2;10.01.2025
ORD282026;В пути;25273810;GGG_Titanium_7570;2980;4;0;Черная пятница;клх Шахты;Постамат;11920;0;10;1192;284;10444;Склад 3;20.04.2025
ORD577167;В пути;72357603;GGG_Red_6138;5180;4;5;Нет;к. Карабулак;ПВЗ;20720;259;13;2693,6;462;17305,4;Склад 3;11.02.2025
ORD838770;В пути;80855016;FFF_Titanium_1848;5990;1;5;Новогодняя распродажа;к. Кажим;Постамат;5990;299,5;17;1018,3;457;4215,2;Склад 3;27.01.2025
ORD606350;В пути;70074612;BBB_Red_5004;2860;2;0;Нет;с. Дубна;Постамат;5720;0;15;858;486;4376;Склад 1;28.02.2025
ORD503373;В пути;98423853;BBB_Pink_8845;5300;2;5;Нет;с. Малоярославец;Курьер;10600;265;11;1166;454;8715;Склад 2;06.01.2025
ORD237377;Доставлен;74588621;HHH_Titanium_9363;2550;1;5;Черная пятница;с. Элиста;Курьер;2550;127,5;13;331,5;103;1988;Склад 2;05.09.2025
ORD928466;В пути;70809079;DDD_Titanium_1174;9980;4;0;Новогодняя распродажа;с. Шелагонцы;Курьер;39920;0;13;5189,6;356;34374,4;Склад 2;27.08.2025
ORD310939;В пути;14268446;AAA_Clear_1693;11100;1;0;Черная пятница;клх Петрозаводск;ПВЗ;11100;0;15;1665;127;9308;Склад 3;21.07.2025
ORD572940;Доставлен;77282880;EEE_Purple_1729;5580;2;10;Нет;с. Воскресенск;Постамат;11160;558;18;2008,8;209;8384,2;Склад 1;19.05.2025
ORD938842;В пути;39912009;AAA_Black_7462;4990;3;10;Черная пятница;г. Тында;Постамат;14970;499;19;2844,3;331;11295,7;Склад 3;04.08.2025
ORD991607;Доставлен;78884710;AAA_White_5168;11990;4;0;Черная пятница;к. Сочи;Курьер;47960;0;17;8153,2;380;39426,8;Склад 2;24.02.2025
ORD836812;Доставлен;40542742;FFF_Titanium_6126;5200;2;15;Черная пятница;г. Муром;Курьер;10400;780;18;1872;361;7387;Склад 3;27.02.2025
ORD947421;Отменен;54094339;EEE_Blue_6146;6580;4;5;Черная пятница;клх Партизанск;ПВЗ;26320;329;14;3684,8;119;22187,2;Склад 3;04.01.2025
ORD432422;Отменен;61640595;AAA_Purple_8645;3380;1;10;Нет;с. Энгельс;Постамат;3380;338;13;439,4;141;2461,6;Склад 2;13.01.2025
ORD848882;Отменен;91841741;CCC_Pink_9680;7500;3;5;Нет;п. Меренга;ПВЗ;22500;375;13;2925;151;19049;Склад 3;27.09.2025
ORD814544;Отменен;97750622;FFF_White_2222;6100;1;20;Новогодняя распродажа;д. Эльтон;Постамат;6100;1220;16;976;136;3768;Склад 3;01.05.2025
ORD330746;В пути;64538087;CCC_Clear_4692;3490;3;0;Черная пятница;д. Кедровый;ПВЗ;10470;0;11;1151,7;171;9147,3;Склад 1;04.02.2025
ORD262219;Отменен;69728328;HHH_Red_6449;1800;4;15;Черная пятница;г. Темрюк;Курьер;7200;270;15;1080;375;5475;Склад 3;17.06.2025
ORD645964;Доставлен;43094185;CCC_White_6356;4700;4;20;Новогодняя распродажа;г. Каспийск;ПВЗ;18800;940;16;3008;432;14420;Склад 1;03.06.2025
ORD709405;В пути;65491653;FFF_Pink_3549;3380;1;20;Черная пятница;п. Томпа;ПВЗ;3380;676;14;473,2;263;1967,8;Склад 2;21.08.2025
ORD947478;Отменен;91964708;GGG_Purple_5633;2380;3;20;Новогодняя распродажа;с. Долинск;Курьер;7140;476;19;1356,6;377;4930,4;Склад 1;13.05.2025
ORD266755;Доставлен;79587722;BBB_Green_5708;2700;3;0;Нет;клх Новочеркасск;Постамат;8100;0;16;1296;180;6624;Склад 3;16.05.2025
ORD640743;В пути;32484702;HHH_Clear_2518;7300;4;10;Новогодняя распродажа;д. Яшкуль;Постамат;29200;730;12;3504;489;24477;Склад 2;22.01.2025
ORD287242;В пути;58356356;DDD_Black_9724;2580;1;0;Черная пятница;ст. Сухиничи;Курьер;2580;0;14;361,2;239;1979,8;Склад 3;09.08.2025
ORD700247;Отменен;38916371;GGG_Blue_9644;8200;3;10;Новогодняя распродажа;г. Кузнецк;ПВЗ;24600;820;16;3936;438;19406;Склад 3;29.03.2025
ORD885160;В пути;26751676;CCC_Clear_7128;3500;4;20;Нет;п. Билибино;ПВЗ;14000;700;13;1820;478;11002;Склад 1;29.06.2025
ORD273772;Доставлен;44703697;CCC_Black_8407;4980;2;20;Черная пятница;ст. Мураши;ПВЗ;9960;996;10;996;445;7523;Склад 3;20.01.2025
ORD286215;В пути;11351952;EEE_Blue_1505;2000;1;15;Нет;п. Коломна;Постамат;2000;300;15;300;126;1274;Склад 1;21.06.2025
ORD646772;Доставлен;11000967;CCC_White_6006;5124;2;10;Нет;п. Забайкальск;ПВЗ;10248;512,4;19;1947,12;360;7428,48;Склад 2;31.03.2025
ORD562518;В пути;58035424;DDD_Purple_3955;2700;1;20;Новогодняя распродажа;к. Североуральск;Постамат;2700;540;14;378;148;1634;Склад 2;13.05.2025
ORD634494;Отменен;65992151;FFF_Red_3712;3400;4;5;Нет;с. Лянтор;ПВЗ;13600;170;19;2584;102;10744;Склад 3;12.02.2025
ORD761535;Доставлен;27574394;AAA_Purple_7824;2000;3;15;Черная пятница;с. Томск;Курьер;6000;300;18;1080;120;4500;Склад 1;09.06.2025
ORD650373;В пути;14715236;GGG_Purple_5110;6580;3;0;Нет;г. Карталы;Курьер;19740;0;11;2171,4;466;17102,6;Склад 3;08.07.2025
ORD927782;В пути;87660983;EEE_Green_6626;3380;3;15;Нет;ст. Карпинск;Постамат;10140;507;17;1723,8;463;7446,2;Склад 3;02.08.2025
ORD618740;В пути;22270955;CCC_Purple_4954;2980;1;5;Новогодняя распродажа;г. Черкесск;Постамат;2980;149;14;417,2;190;2223,8;Склад 3;09.03.2025
ORD476556;Доставлен;47113990;GGG_Pink_5720;6900;4;10;Нет;ст. Джейрах;Курьер;27600;690;12;3312;318;23280;Склад 3;11.01.2025
ORD659394;Доставлен;88157875;BBB_Green_9675;5300;2;0;Новогодняя распродажа;к. Горно-Алтайск;Курьер;10600;0;16;1696;482;8422;Склад 1;13.02.2025
ORD679790;Доставлен;79748321;BBB_Green_4107;7180;4;0;Новогодняя распродажа;г. Кемерово;ПВЗ;28720;0;17;4882,4;298;23539,6;Склад 3;05.01.2025
ORD623093;Отменен;39493765;BBB_Purple_8946;9100;2;10;Черная пятница;п. Кизел;Курьер;18200;910;11;2002;257;15031;Склад 2;05.04.2025
ORD369265;Отменен;83447966;BBB_Blue_8761;5180;1;15;Черная пятница;д. Обоянь;Постамат;5180;777;19;984,2;293;3125,8;Склад 1;02.09.2025
ORD162491;Доставлен;84862533;FFF_Red_8076;7580;1;20;Черная пятница;с. Гдов;Курьер;7580;1516;17;1288,6;416;4359,4;Склад 3;25.06.2025
ORD129565;В пути;25990523;DDD_Clear_6349;680;2;15;Черная пятница;к. Курчатов;Постамат;1360;102;19;258,4;290;709,6;Склад 1;16.05.2025
ORD768429;Отменен;52067394;HHH_Black_4225;940;2;5;Новогодняя распродажа;ст. Валаам;Постамат;1880;47;13;244,4;413;1175,6;Склад 3;14.08.2025
ORD229310;Доставлен;89459784;FFF_Purple_8560;6580;2;20;Нет;с. Борзя;ПВЗ;13160;1316;19;2500,4;272;9071,6;Склад 2;14.04.2025
ORD824556;В пути;45765450;AAA_Green_9615;3180;4;15;Черная пятница;ст. Ейск;ПВЗ;12720;477;13;1653,6;200;10389,4;Склад 2;29.06.2025
ORD472454;Отменен;15752189;HHH_Pink_7554;5100;2;10;Черная пятница;г. Алагир;ПВЗ;10200;510;10;1020;230;8440;Склад 2;19.07.2025
ORD377435;В пути;14268446;AAA_Clear_1693;11100;1;5;Черная пятница;к. Гагарин;ПВЗ;11100;555;17;1887;131;8527;Склад 1;03.08.2025
ORD406522;В пути;38056815;AAA_Pink_8879;2390;1;5;Нет;с. Новосибирск;Курьер;2390;119,5;17;406,3;298;1566,2;Склад 2;12.01.2025
ORD965493;В пути;57862472;FFF_Clear_1236;3100;3;5;Черная пятница;с. Юрьевец (Иван.);ПВЗ;9300;155;15;1395;159;7591;Склад 3;07.07.2025
ORD638971;В пути;59810682;BBB_Clear_3805;3490;2;20;Нет;с. Рыбинск;Курьер;6980;698;14;977,2;424;4880,8;Склад 3;18.09.2025
ORD685508;Отменен;19928290;AAA_Pink_1311;3600;4;0;Новогодняя распродажа;ст. Обнинск;ПВЗ;14400;0;10;1440;268;12692;Склад 3;05.06.2025
ORD467455;Отменен;79101202;EEE_Blue_3320;3780;4;20;Новогодняя распродажа;с. Домодедово;ПВЗ;15120;756;16;2419,2;406;11538,8;Склад 1;03.06.2025
ORD302845;Отменен;39497042;BBB_White_2474;2000;4;15;Новогодняя распродажа;ст. Кизел;Постамат;8000;300;14;1120;481;6099;Склад 1;21.03.2025
ORD600183;Доставлен;64474460;DDD_Titanium_4062;6520;3;0;Нет;п. Туруханск;Курьер;19560;0;15;2934;439;16187;Склад 2;10.01.2025
ORD526631;Отменен;84683767;GGG_Titanium_8096;11100;1;15;Черная пятница;с. Радужный;Постамат;11100;1665;14;1554;480;7401;Склад 1;05.01.2025
ORD120165;В пути;84436404;DDD_Pink_8616;11100;4;0;Черная пятница;с. Елец;ПВЗ;44400;0;19;8436;327;35637;Склад 3;29.04.2025
ORD112735;Отменен;44901759;GGG_Titanium_1488;3500;1;20;Черная пятница;с. Туапсе;Курьер;3500;700;16;560;166;2074;Склад 3;22.03.2025
ORD932069;В пути;24165881;FFF_Pink_8619;5580;3;5;Черная пятница;к. Южно-Сахалинск;ПВЗ;16740;279;17;2845,8;474;13141,2;Склад 3;06.03.2025
ORD318868;Доставлен;25688149;DDD_Blue_3042;7300;2;10;Черная пятница;г. Дмитров;Постамат;14600;730;19;2774;447;10649;Склад 1;17.03.2025
ORD719352;В пути;98269250;GGG_Blue_2162;5580;2;5;Нет;к. Пинега;Курьер;11160;279;15;1674;445;8762;Склад 3;16.03.2025
ORD727131;В пути;47631395;BBB_Purple_1482;5580;2;20;Новогодняя распродажа;п. Усть-Джегута;Постамат;11160;1116;10;1116;377;8551;Склад 2;06.01.2025
ORD212926;В пути;80507859;HHH_Clear_8794;3500;4;0;Черная пятница;ст. Кингисепп;ПВЗ;14000;0;10;1400;349;12251;Склад 1;09.06.2025
ORD828697;Доставлен;24148272;AAA_Pink_9594;3490;2;5;Новогодняя распродажа;с. Кущевская;ПВЗ;6980;174,5;17;1186,6;105;5513,9;Склад 3;19.01.2025
ORD356726;Отменен;47545727;AAA_Purple_8362;1800;4;20;Нет;ст. Бугульма;ПВЗ;7200;360;12;864;399;5577;Склад 3;17.02.2025
ORD808597;Отменен;84822158;BBB_Blue_9580;5500;3;15;Нет;клх Вологда;Курьер;16500;825;15;2475;136;13064;Склад 1;30.01.2025
ORD679384;Доставлен;14773482;DDD_White_5541;5990;3;10;Черная пятница;к. Черский;Постамат;17970;599;12;2156,4;203;15011,6;Склад 1;06.01.2025
ORD268605;В пути;83393173;EEE_Blue_8087;5990;4;5;Нет;с. Льгов;Постамат;23960;299,5;12;2875,2;320;20465,3;Склад 2;23.05.2025
ORD406819;Отменен;94015399;HHH_Titanium_5260;4980;1;0;Новогодняя распродажа;с. Чита;ПВЗ;4980;0;15;747;280;3953;Склад 1;16.02.2025
ORD432369;Доставлен;44062204;GGG_Pink_2020;5380;2;15;Черная пятница;г. Белгород;Постамат;10760;807;19;2044,4;106;7802,6;Склад 3;08.07.2025
ORD926968;Отменен;60672089;AAA_Pink_6484;11990;2;20;Черная пятница;г. Жуковский;Курьер;23980;2398;16;3836,8;429;17316,2;Склад 2;14.06.2025
ORD197529;Доставлен;61427977;CCC_Clear_6193;3490;2;10;Новогодняя распродажа;с. Невельск;ПВЗ;6980;349;19;1326,2;451;4853,8;Склад 3;30.06.2025
ORD806296;В пути;82538041;EEE_Pink_7010;5990;4;0;Черная пятница;д. Таштагол;ПВЗ;23960;0;19;4552,4;372;19035,6;Склад 3;01.03.2025
ORD783183;Отменен;51575941;DDD_Purple_5314;3380;3;20;Черная пятница;с. Катайск;ПВЗ;10140;676;12;1216,8;316;7931,2;Склад 3;25.07.2025
ORD438970;Доставлен;80774380;HHH_Blue_9425;2490;2;20;Новогодняя распродажа;клх Кяхта;Курьер;4980;498;13;647,4;484;3350,6;Склад 1;24.08.2025
ORD694395;Отменен;17280340;CCC_Clear_4480;4300;3;5;Черная пятница;п. Палана;ПВЗ;12900;215;17;2193;147;10345;Склад 1;16.09.2025
ORD933172;Отменен;31684574;CCC_Green_3802;2590;2;5;Черная пятница;г. Домбай;ПВЗ;5180;129,5;18;932,4;395;3723,1;Склад 3;24.07.2025
ORD366779;Отменен;73779124;HHH_Clear_8504;5580;2;0;Новогодняя распродажа;г. Шелехов;ПВЗ;11160;0;15;1674;151;9335;Склад 1;01.08.2025
ORD567940;Отменен;11723919;EEE_Black_5621;3180;4;20;Нет;п. Уэлен;ПВЗ;12720;636;19;2416,8;252;9415,2;Склад 3;21.05.2025
ORD662535;Доставлен;94453894;CCC_Green_6440;7300;1;5;Новогодняя распродажа;д. Старая Русса;Постамат;7300;365;10;730;334;5871;Склад 1;21.05.2025
ORD515243;В пути;40907194;AAA_White_9755;5990;4;10;Черная пятница;с. Муравленко;ПВЗ;23960;599;12;2875,2;394;20091,8;Склад 1;12.08.2025
ORD830807;Доставлен;39462607;EEE_Green_1339;11100;2;10;Новогодняя распродажа;клх Клин;Курьер;22200;1110;16;3552;101;17437;Склад 1;15.05.2025
ORD852043;Доставлен;87706785;BBB_Clear_2976;3180;2;20;Черная пятница;д. Пинега;ПВЗ;6360;636;14;890,4;204;4629,6;Склад 2;03.05.2025
ORD986445;Доставлен;38174132;AAA_Pink_2294;2290;1;5;Черная пятница;п. Йошкар-Ола;ПВЗ;2290;114,5;11;251,9;315;1608,6;Склад 1;15.06.2025
ORD408570;В пути;19928290;AAA_Pink_1311;3600;3;0;Новогодняя распродажа;с. Самара;Постамат;10800;0;13;1404;313;9083;Склад 2;15.09.2025
ORD476846;Отменен;27995241;GGG_Blue_6871;2490;3;0;Черная пятница;д. Тутончаны;ПВЗ;7470;0;10;747;355;6368;Склад 2;16.09.2025
ORD724429;Отменен;34800221;CCC_Black_1999;1120;2;0;Нет;с. Туруханск;Постамат;2240;0;16;358,4;221;1660,6;Склад 2;12.03.2025
ORD830478;Отменен;19259686;HHH_Pink_2327;2000;3;10;Черная пятница;п. Северо-Курильск;Курьер;6000;200;18;1080;316;4404;Склад 3;28.07.2025
ORD711265;В пути;87448383;AAA_Green_2528;4300;2;5;Новогодняя распродажа;с. Избербаш;Постамат;8600;215;18;1548;175;6662;Склад 1;18.07.2025
ORD401746;Отменен;90900699;CCC_Black_2080;5500;1;5;Нет;д. Медногорск;ПВЗ;5500;275;16;880;174;4171;Склад 3;15.03.2025
ORD179198;В пути;42522552;GGG_White_4936;1080;1;10;Нет;к. Мокшан;Курьер;1080;108;14;151,2;330;490,8;Склад 2;31.05.2025
ORD838238;Отменен;71643669;CCC_Green_1403;11100;2;0;Черная пятница;клх Видное;ПВЗ;22200;0;15;3330;374;18496;Склад 1;10.05.2025
ORD246804;Отменен;64604307;GGG_Titanium_9467;6980;1;0;Новогодняя распродажа;с. Вязьма;Постамат;6980;0;11;767,8;148;6064,2;Склад 3;26.07.2025
ORD698190;Доставлен;85884486;AAA_Red_7992;6580;4;20;Черная пятница;ст. Данков;Курьер;26320;1316;13;3421,6;149;21433,4;Склад 2;19.07.2025
ORD504158;В пути;29875570;DDD_Black_2486;660;4;15;Черная пятница;к. Шатки;Курьер;2640;99;11;290,4;326;1924,6;Склад 3;26.09.2025
ORD472554;Доставлен;65489961;HHH_Clear_2252;6420;1;5;Новогодняя распродажа;д. Каневская;Постамат;6420;321;18;1155,6;208;4735,4;Склад 3;21.04.2025
ORD336871;Доставлен;57338726;DDD_Red_2755;4980;2;5;Новогодняя распродажа;д. Куртамыш;Постамат;9960;249;19;1892,4;256;7562,6;Склад 1;01.03.2025
ORD192992;Доставлен;31817974;BBB_Green_3184;1450;2;5;Черная пятница;клх Касимов;Курьер;2900;72,5;15;435;260;2132,5;Склад 1;25.05.2025
ORD542580;В пути;80615239;AAA_White_9065;4990;1;15;Нет;ст. Каменск-Шахтинский;Курьер;4990;748,5;17;848,3;171;3222,2;Склад 3;07.09.2025
ORD814842;В пути;73534464;AAA_White_5914;2780;3;20;Черная пятница;к. Рыльск;Постамат;8340;556;11;917,4;100;6766,6;Склад 1;12.02.2025
ORD588928;Отменен;71446261;EEE_Titanium_2576;5180;4;15;Нет;ст. Муравленко;ПВЗ;20720;777;16;3315,2;441;16186,8;Склад 1;29.05.2025
ORD748976;Доставлен;11351952;EEE_Blue_1505;2000;3;0;Черная пятница;д. Зеленоград;Курьер;6000;0;17;1020;386;4594;Склад 3;07.03.2025
ORD762325;Отменен;83675423;BBB_White_7079;4990;2;0;Новогодняя распродажа;ст. Каменномостский;Постамат;9980;0;14;1397,2;376;8206,8;Склад 1;07.05.2025
ORD543266;Доставлен;57636631;HHH_Red_3578;3100;2;5;Нет;ст. Иркутск;ПВЗ;6200;155;12;744;318;4983;Склад 1;02.07.2025
ORD266823;В пути;42236708;HHH_Green_6711;5580;3;10;Новогодняя распродажа;к. Вязьма;Курьер;16740;558;18;3013,2;380;12788,8;Склад 2;02.08.2025
ORD945984;В пути;52732703;CCC_Pink_7226;6200;1;5;Новогодняя распродажа;д. Шахты;Курьер;6200;310;17;1054;474;4362;Склад 1;12.02.2025
ORD809271;В пути;25673692;HHH_Titanium_2410;8500;3;10;Новогодняя распродажа;г. Сибай;Постамат;25500;850;18;4590;366;19694;Склад 2;14.09.2025
ORD648377;Доставлен;64089075;GGG_Purple_7302;4600;3;15;Новогодняя распродажа;п. Туапсе;ПВЗ;13800;690;18;2484;206;10420;Склад 3;11.04.2025
ORD785176;В пути;16278472;EEE_Blue_7850;7180;4;0;Новогодняя распродажа;ст. Егорьевск;Курьер;28720;0;19;5456,8;328;22935,2;Склад 2;18.05.2025
ORD298590;Доставлен;72864961;BBB_Red_7058;6980;4;10;Черная пятница;г. Киров (Вятка);ПВЗ;27920;698;11;3071,2;276;23874,8;Склад 3;07.05.2025
ORD197644;Отменен;96712748;FFF_White_8621;11100;3;15;Нет;д. Хасавюрт;ПВЗ;33300;1665;10;3330;322;27983;Склад 1;05.07.2025
ORD692956;Доставлен;71218572;BBB_White_1747;3100;3;0;Черная пятница;к. Морозовск;Курьер;9300;0;13;1209;307;7784;Склад 1;25.05.2025
ORD742103;Отменен;34800221;CCC_Black_1999;1120;2;10;Черная пятница;г. Минеральные Воды;ПВЗ;2240;112;11;246,4;443;1438,6;Склад 2;01.02.2025
ORD748329;Доставлен;91781807;HHH_Black_7583;5300;4;5;Черная пятница;г. Кижи;Курьер;21200;265;15;3180;360;17395;Склад 3;30.03.2025
ORD951146;Отменен;35892837;GGG_Clear_7869;11000;4;5;Новогодняя распродажа;клх Нязепетровск;ПВЗ;44000;550;16;7040;175;36235;Склад 1;08.05.2025
ORD943831;В пути;61640595;AAA_Purple_8645;3380;2;5;Черная пятница;к. Ершов;Курьер;6760;169;15;1014;125;5452;Склад 2;27.02.2025
ORD756708;Отменен;66144867;CCC_Blue_3895;9180;1;15;Нет;г. Осташков;Постамат;9180;1377;12;1101,6;269;6432,4;Склад 2;27.08.2025
ORD321705;В пути;24653069;BBB_Pink_6893;4980;4;5;Черная пятница;ст. Анадырь;Курьер;19920;249;19;3784,8;106;15780,2;Склад 2;07.06.2025
ORD241966;В пути;52732703;CCC_Pink_7226;6200;4;20;Новогодняя распродажа;ст. Токсово;Курьер;24800;1240;10;2480;227;20853;Склад 1;09.03.2025
ORD535046;Отменен;13642174;BBB_Black_4746;5500;1;0;Нет;д. Кисловодск;Курьер;5500;0;13;715;247;4538;Склад 3;02.05.2025
ORD718663;Доставлен;27451798;EEE_White_1885;1580;4;15;Нет;д. Пенза;ПВЗ;6320;237;17;1074,4;250;4758,6;Склад 1;25.01.2025
ORD930548;Доставлен;23245835;GGG_Red_8772;2980;4;5;Нет;п. Кировск (Мурм.);Постамат;11920;149;17;2026,4;491;9253,6;Склад 1;27.07.2025
ORD357574;Доставлен;51863845;AAA_Pink_2206;420;1;0;Нет;клх Кизилюрт;ПВЗ;420;0;14;58,8;221;140,2;Склад 3;02.08.2025
ORD324956;Доставлен;71602389;CCC_Clear_3162;5100;1;10;Черная пятница;д. Хоста;ПВЗ;5100;510;10;510;206;3874;Склад 2;19.06.2025
ORD435476;Доставлен;66144867;CCC_Blue_3895;9180;3;5;Новогодняя распродажа;г. Юрюзань;Курьер;27540;459;16;4406,4;151;22523,6;Склад 1;12.07.2025
ORD680633;В пути;92519435;HHH_Blue_6459;5980;2;0;Нет;п. Ербогачен;ПВЗ;11960;0;10;1196;304;10460;Склад 2;14.01.2025
ORD131857;Доставлен;34643765;GGG_Black_5712;6980;2;20;Нет;г. Благовещенск (Амур.);Курьер;13960;1396;11;1535,6;161;10867,4;Склад 2;18.05.2025
ORD165933;В пути;60736622;HHH_Pink_2327;9380;1;10;Новогодняя распродажа;д. Колпашево;Постамат;9380;938;16;1500,8;346;6595,2;Склад 3;11.05.2025
ORD510685;В пути;39196346;AAA_Purple_3049;5980;1;20;Черная пятница;п. Магнитогорск;ПВЗ;5980;1196;13;777,4;162;3844,6;Склад 3;12.09.2025
ORD269396;В пути;12665141;EEE_Clear_2689;5580;4;0;Нет;п. Бавлы;ПВЗ;22320;0;13;2901,6;330;19088,4;Склад 3;21.02.2025
ORD852260;Отменен;87233179;DDD_Blue_9263;5500;3;20;Черная пятница;с. Карпинск;ПВЗ;16500;1100;14;2310;430;12660;Склад 2;16.07.2025
ORD913327;Отменен;54150352;HHH_Titanium_2732;1690;3;0;Черная пятница;к. Беслан;Курьер;5070;0;19;963,3;117;3989,7;Склад 2;02.06.2025
ORD861081;В пути;27622520;CCC_Purple_8847;3490;1;0;Черная пятница;г. Геленджик;Курьер;3490;0;19;663,1;267;2559,9;Склад 1;17.02.2025
ORD184604;Отменен;72387757;HHH_White_1327;700;4;20;Черная пятница;клх Верещагино (Перм.);ПВЗ;2800;140;14;392;284;1984;Склад 2;25.06.2025
ORD894573;Доставлен;33150933;CCC_Purple_8000;5580;4;0;Нет;д. Бологое;ПВЗ;22320;0;12;2678,4;416;19225,6;Склад 3;15.05.2025
ORD487778;Доставлен;29875570;DDD_Black_2486;660;2;5;Нет;д. Бавлы;Постамат;1320;33;13;171,6;287;828,4;Склад 3;28.08.2025
ORD316658;В пути;10145273;DDD_Red_7490;3490;2;0;Черная пятница;клх Красноярск;Постамат;6980;0;12;837,6;327;5815,4;Склад 3;26.02.2025
ORD139542;Доставлен;37897172;DDD_Titanium_2057;4980;4;15;Черная пятница;клх Лесной (Сверд.);Постамат;19920;747;15;2988;416;15769;Склад 3;08.01.2025
ORD395323;В пути;46536130;HHH_Black_9412;3690;2;0;Новогодняя распродажа;д. Александров Гай;Постамат;7380;0;16;1180,8;323;5876,2;Склад 2;27.01.2025
ORD391600;В пути;25324439;HHH_Red_4713;2000;1;15;Новогодняя распродажа;ст. Нижневартовск;Постамат;2000;300;14;280;243;1177;Склад 3;10.02.2025
ORD653827;Доставлен;29143377;CCC_Titanium_5503;380;4;0;Новогодняя распродажа;с. Пенза;Курьер;1520;0;14;212,8;134;1173,2;Склад 1;10.08.2025
ORD791691;Отменен;35690160;GGG_Purple_2856;5648;2;0;Нет;с. Вилюйск;Постамат;11296;0;12;1355,52;391;9549,48;Склад 2;18.01.2025
ORD668573;Доставлен;74952520;DDD_Green_2949;4980;3;20;Новогодняя распродажа;к. Звенигород;Постамат;14940;996;14;2091,6;448;11404,4;Склад 3;05.09.2025
ORD434662;Доставлен;58484682;GGG_Green_9626;4380;4;5;Нет;к. Вендинга;ПВЗ;17520;219;13;2277,6;488;14535,4;Склад 1;09.03.2025
ORD340374;В пути;78884710;AAA_White_5168;11990;4;5;Нет;ст. Лянтор;Курьер;47960;599,5;15;7194;470;39696,5;Склад 3;13.04.2025
ORD885576;В пути;91756346;FFF_Titanium_8810;4000;3;10;Нет;п. Липецк;Постамат;12000;400;16;1920;418;9262;Склад 2;14.03.2025
ORD857319;В пути;53977919;GGG_White_4695;5580;1;20;Нет;к. Сарапул;Постамат;5580;1116;16;892,8;357;3214,2;Склад 2;01.09.2025
ORD307672;В пути;44699881;BBB_Clear_9485;6780;3;20;Новогодняя распродажа;д. Кирово-Чепецк;Постамат;20340;1356;14;2847,6;412;15724,4;Склад 1;22.01.2025
ORD811297;Отменен;93054617;BBB_Purple_1296;2700;4;5;Черная пятница;п. Дмитров;ПВЗ;10800;135;15;1620;272;8773;Склад 2;21.07.2025
ORD931980;Отменен;77629680;AAA_Pink_1762;6580;1;20;Черная пятница;ст. Петушки;ПВЗ;6580;1316;12;789,6;337;4137,4;Склад 1;13.04.2025
ORD576217;Отменен;74588621;HHH_Titanium_9363;2550;2;5;Черная пятница;д. Орск;ПВЗ;5100;127,5;10;510;239;4223,5;Склад 3;11.04.2025
ORD766960;В пути;88610207;CCC_Titanium_7564;10200;2;20;Новогодняя распродажа;г. Миллерово;Постамат;20400;2040;16;3264;230;14866;Склад 2;03.09.2025
ORD318367;В пути;83953719;BBB_Blue_5153;6980;2;0;Черная пятница;д. Красновишерск;ПВЗ;13960;0;12;1675,2;402;11882,8;Склад 3;29.07.2025
ORD423744;В пути;12105804;CCC_Clear_2175;7828;4;5;Новогодняя распродажа;д. Костомукша;Постамат;31312;391,4;16;5009,92;281;25629,68;Склад 3;03.06.2025
ORD407513;Отменен;67730240;DDD_Pink_2219;2600;3;5;Новогодняя распродажа;п. Осташков;Курьер;7800;130;17;1326;184;6160;Склад 2;30.04.2025
ORD514978;В пути;50680192;BBB_Red_5304;11000;1;15;Новогодняя распродажа;клх Нерчинск;Постамат;11000;1650;19;2090;180;7080;Склад 3;22.08.2025
ORD289935;Доставлен;31684574;CCC_Green_3802;2590;2;20;Черная пятница;с. Звенигород;ПВЗ;5180;518;19;984,2;443;3234,8;Склад 1;14.06.2025
ORD248458;Доставлен;91964708;GGG_Purple_5633;2380;1;20;Черная пятница;клх Александровск;Курьер;2380;476;10;238;371;1295;Склад 1;18.08.2025
ORD857276;В пути;51023847;FFF_Green_1065;4990;4;5;Черная пятница;д. Асино;Постамат;19960;249,5;19;3792,4;318;15600,1;Склад 1;08.09.2025
ORD412216;Доставлен;71114241;FFF_Green_5405;1550;2;0;Нет;клх Тулпан;Курьер;3100;0;16;496;260;2344;Склад 2;30.01.2025
ORD149879;Доставлен;27622520;CCC_Purple_8847;3490;4;0;Новогодняя распродажа;ст. Обнинск;Курьер;13960;0;16;2233,6;272;11454,4;Склад 3;07.04.2025
ORD539537;Отменен;12494667;EEE_Purple_6829;2980;3;0;Нет;с. Завьялиха;Курьер;8940;0;10;894;122;7924;Склад 3;08.09.2025
ORD614246;В пути;27622520;CCC_Purple_8847;3490;4;20;Новогодняя распродажа;к. Хужир;Постамат;13960;698;18;2512,8;281;10468,2;Склад 3;26.02.2025
ORD295964;В пути;19765974;BBB_White_6972;2980;4;15;Черная пятница;ст. Алдан;ПВЗ;11920;447;11;1311,2;418;9743,8;Склад 3;22.09.2025
ORD981224;Отменен;11135499;DDD_Pink_5595;5980;3;5;Новогодняя распродажа;г. Кисловодск;Постамат;17940;299;18;3229,2;255;14156,8;Склад 1;13.02.2025
ORD605041;Доставлен;90338470;HHH_Pink_5159;9980;1;10;Новогодняя распродажа;к. Пермь;ПВЗ;9980;998;10;998;253;7731;Склад 2;02.01.2025
ORD275733;Доставлен;94463588;EEE_Pink_5016;4980;3;15;Нет;п. Ногинск (Моск.);Постамат;14940;747;16;2390,4;106;11696,6;Склад 1;16.05.2025
ORD603852;В пути;90338470;HHH_Pink_5159;9980;3;10;Новогодняя распродажа;г. Быково (метеост.);Постамат;29940;998;14;4191,6;283;24467,4;Склад 1;31.08.2025
ORD515578;Доставлен;88322590;EEE_Red_4358;7180;4;15;Черная пятница;п. Лянтор;Постамат;28720;1077;12;3446,4;110;24086,6;Склад 2;04.07.2025
ORD699902;Отменен;60414566;AAA_Black_2294;2650;1;0;Новогодняя распродажа;с. Сергиев Посад;ПВЗ;2650;0;11;291,5;328;2030,5;Склад 2;16.08.2025
ORD651732;Отменен;32921978;FFF_Purple_2135;7180;2;20;Новогодняя распродажа;п. Североморск;Постамат;14360;1436;14;2010,4;302;10611,6;Склад 1;11.05.2025
ORD191013;В пути;35122854;FFF_Titanium_2565;5500;3;10;Новогодняя распродажа;с. Миасс;Курьер;16500;550;11;1815;436;13699;Склад 3;22.04.2025
ORD296243;Отменен;52326977;DDD_Black_1564;1380;1;15;Нет;д. Тимашевск;Постамат;1380;207;14;193,2;332;647,8;Склад 2;11.06.2025
ORD111516;Отменен;29055787;FFF_Blue_7389;7180;3;20;Новогодняя распродажа;клх Невинномысск;Курьер;21540;1436;16;3446,4;229;16428,6;Склад 2;13.04.2025
ORD181522;В пути;84822158;BBB_Blue_9580;5500;3;10;Новогодняя распродажа;клх Анадырь;ПВЗ;16500;550;18;2970;306;12674;Склад 1;15.09.2025
ORD683026;Отменен;41999620;CCC_Green_7276;1420;3;5;Нет;клх Нижнеудинск;ПВЗ;4260;71;16;681,6;379;3128,4;Склад 3;17.08.2025
ORD937783;Отменен;82355303;EEE_Black_2399;3380;3;15;Нет;к. Нарьян-Мар;Постамат;10140;507;10;1014;137;8482;Склад 2;16.07.2025
ORD836468;Отменен;69728328;HHH_Red_6449;1800;4;5;Нет;к. Арзамас;Постамат;7200;90;13;936;348;5826;Склад 1;21.08.2025
ORD803574;Доставлен;32712151;BBB_Blue_6933;5980;1;0;Нет;к. Смоленск;Постамат;5980;0;12;717,6;466;4796,4;Склад 2;19.06.2025
ORD559136;В пути;89466257;FFF_Green_6760;7828;1;5;Черная пятница;ст. Петухово;Курьер;7828;391,4;19;1487,32;219;5730,28;Склад 3;22.05.2025
ORD282188;В пути;99453640;CCC_Green_7311;11100;1;5;Черная пятница;к. Зеленоград;ПВЗ;11100;555;18;1998;350;8197;Склад 1;17.08.2025
ORD217338;В пути;43138987;CCC_Green_3542;6580;3;15;Новогодняя распродажа;к. Плес;Курьер;19740;987;13;2566,2;428;15758,8;Склад 1;15.04.2025
ORD746740;Доставлен;24115955;HHH_Green_2539;5180;4;0;Черная пятница;с. Курган;Курьер;20720;0;10;2072;304;18344;Склад 3;19.05.2025
ORD665406;Доставлен;52067394;HHH_Black_4225;940;3;5;Новогодняя распродажа;клх Арсеньев;Постамат;2820;47;18;507,6;387;1878,4;Склад 1;06.09.2025
ORD423657;В пути;80289394;GGG_Purple_5051;6580;3;20;Черная пятница;п. Лотошино;Постамат;19740;1316;18;3553,2;224;14646,8;Склад 3;20.09.2025
ORD424609;Доставлен;51304009;BBB_Red_7529;6990;1;10;Нет;клх Пушкинские Горы;Курьер;6990;699;18;1258,2;222;4810,8;Склад 1;06.04.2025
ORD667028;В пути;57862472;FFF_Clear_1236;3100;3;5;Нет;к. Сорочинск;Курьер;9300;155;18;1674;367;7104;Склад 3;06.09.2025
ORD987319;Доставлен;42364136;GGG_Blue_5870;2780;2;0;Черная пятница;п. Катав-Ивановск;Постамат;5560;0;14;778,4;382;4399,6;Склад 2;07.05.2025
ORD426911;Отменен;84867398;BBB_Pink_7897;2980;3;5;Черная пятница;д. Каневская;Постамат;8940;149;11;983,4;474;7333,6;Склад 2;27.09.2025
ORD463704;Отменен;45437720;DDD_Black_8635;2850;2;10;Новогодняя распродажа;с. Калач;Курьер;5700;285;14;798;189;4428;Склад 2;21.03.2025
ORD977756;В пути;74682626;FFF_Purple_7037;2780;3;0;Новогодняя распродажа;клх Гудермес;Постамат;8340;0;14;1167,6;287;6885,4;Склад 1;15.03.2025
ORD163133;Доставлен;35690160;GGG_Purple_2856;5648;4;15;Новогодняя распродажа;с. Мезень;Постамат;22592;847,2;14;3162,88;200;18381,92;Склад 3;22.06.2025
ORD503747;Доставлен;86731987;BBB_Clear_1364;6000;4;0;Нет;ст. Москва, МГУ;Курьер;24000;0;15;3600;132;20268;Склад 3;22.02.2025
ORD534634;Отменен;47631395;BBB_Purple_1482;5580;1;15;Нет;к. Котельнич;Курьер;5580;837;12;669,6;261;3812,4;Склад 2;23.07.2025
ORD608763;Отменен;50907007;DDD_White_7187;11100;3;0;Нет;г. Губкин;ПВЗ;33300;0;13;4329;249;28722;Склад 2;10.05.2025
ORD572060;Доставлен;55970003;CCC_Blue_8291;5580;2;10;Нет;д. Дагомыс;Курьер;11160;558;14;1562,4;208;8831,6;Склад 2;14.01.2025
ORD505898;Доставлен;73953828;DDD_Titanium_3655;4990;2;10;Новогодняя распродажа;г. Одинцово;Постамат;9980;499;11;1097,8;218;8165,2;Склад 3;13.09.2025
ORD906007;Доставлен;64821792;GGG_Black_8879;5580;3;0;Нет;п. Пушкин;Курьер;16740;0;14;2343,6;244;14152,4;Склад 2;26.05.2025
ORD685079;Доставлен;43423685;EEE_Purple_1098;3380;2;5;Нет;с. Кириши;Курьер;6760;169;18;1216,8;495;4879,2;Склад 1;04.03.2025
ORD435594;Доставлен;23245835;GGG_Red_8772;2980;4;10;Нет;д. Балашов;Курьер;11920;298;18;2145,6;413;9063,4;Склад 2;04.09.2025
ORD205414;Доставлен;71333535;CCC_Clear_1274;1460;2;15;Нет;г. Рубцовск;ПВЗ;2920;219;14;408,8;128;2164,2;Склад 2;24.07.2025
ORD238258;В пути;35501394;GGG_Blue_9642;2890;1;15;Черная пятница;д. Плес;ПВЗ;2890;433,5;15;433,5;448;1575;Склад 3;22.03.2025
ORD682531;Доставлен;72389005;HHH_Titanium_8232;9980;4;20;Новогодняя распродажа;ст. Кизел;Постамат;39920;1996;10;3992;353;33579;Склад 1;20.05.2025
ORD406559;Отменен;38916371;GGG_Blue_9644;8200;4;15;Новогодняя распродажа;клх Токсово;ПВЗ;32800;1230;16;5248;456;25866;Склад 3;02.05.2025
ORD820339;В пути;70533928;EEE_Clear_8006;5866;4;20;Нет;п. Губаха;Курьер;23464;1173,2;14;3284,96;236;18769,84;Склад 1;22.04.2025
ORD913856;Доставлен;52760747;EEE_Titanium_6892;4700;3;0;Черная пятница;ст. Мытищи;ПВЗ;14100;0;14;1974;285;11841;Склад 1;23.01.2025
ORD681017;Отменен;60822434;GGG_Pink_4564;9100;3;0;Новогодняя распродажа;г. Екатеринбург;Курьер;27300;0;18;4914;458;21928;Склад 2;22.06.2025
ORD817484;В пути;78585756;AAA_Titanium_1682;6580;4;0;Новогодняя распродажа;п. Листвянка (Иркут.);ПВЗ;26320;0;14;3684,8;209;22426,2;Склад 2;14.01.2025
ORD983190;Отменен;22934764;GGG_White_7632;1420;3;5;Нет;с. Черусти;ПВЗ;4260;71;10;426;466;3297;Склад 3;24.07.2025
ORD525096;Доставлен;10425403;HHH_White_4628;3500;2;5;Нет;клх Тында;ПВЗ;7000;175;12;840;431;5554;Склад 3;18.09.2025
ORD169025;Доставлен;47730210;GGG_Purple_5348;9180;3;20;Новогодняя распродажа;ст. Саратов;Курьер;27540;1836;14;3855,6;492;21356,4;Склад 3;14.08.2025
ORD418726;Доставлен;39920707;HHH_Red_5000;1000;3;15;Новогодняя распродажа;г. Мценск;ПВЗ;3000;150;14;420;229;2201;Склад 1;20.09.2025
ORD867825;Доставлен;91524796;CCC_Purple_9225;3380;4;15;Черная пятница;д. Мурманск;Курьер;13520;507;18;2433,6;194;10385,4;Склад 3;06.04.2025
ORD627643;В пути;92465778;DDD_Green_9674;9980;1;0;Новогодняя распродажа;с. Сарапул;Курьер;9980;0;15;1497;232;8251;Склад 1;09.09.2025
ORD744124;В пути;72536399;HHH_Titanium_2358;1600;1;10;Новогодняя распродажа;с. Вилюйск;Постамат;1600;160;16;256;481;703;Склад 1;19.01.2025
ORD394896;Отменен;36763385;DDD_Black_4197;5990;1;5;Нет;ст. Туруханск;ПВЗ;5990;299,5;14;838,6;233;4618,9;Склад 1;02.09.2025
ORD221019;Доставлен;18488674;CCC_Clear_9381;3490;2;5;Новогодняя распродажа;с. Бирск;Постамат;6980;174,5;14;977,2;326;5502,3;Склад 1;29.06.2025
ORD246762;Отменен;80855016;FFF_Titanium_1848;5990;3;0;Нет;д. Звенигород;Постамат;17970;0;14;2515,8;261;15193,2;Склад 1;26.04.2025
ORD439480;В пути;87949160;DDD_Blue_7114;2980;1;5;Новогодняя распродажа;п. Сеймчан;Курьер;2980;149;14;417,2;258;2155,8;Склад 2;04.09.2025
ORD958111;Доставлен;42599054;CCC_Blue_6920;7580;4;0;Новогодняя распродажа;п. Соликамск;ПВЗ;30320;0;15;4548;177;25595;Склад 1;02.07.2025
ORD837052;Доставлен;31817974;BBB_Green_3184;1450;1;20;Новогодняя распродажа;клх Приозерск;Курьер;1450;290;12;174;314;672;Склад 1;18.09.2025
ORD281542;В пути;78143684;AAA_White_7977;3100;1;15;Черная пятница;ст. Яр-Сале;Курьер;3100;465;18;558;439;1638;Склад 2;05.02.2025
ORD515788;В пути;70533928;EEE_Clear_8006;5866;3;10;Нет;г. Малоярославец;ПВЗ;17598;586,6;13;2287,74;119;14604,66;Склад 2;23.05.2025
ORD644070;В пути;74784496;EEE_Red_7366;11100;3;15;Черная пятница;д. Советский;Курьер;33300;1665;11;3663;455;27517;Склад 2;19.03.2025
ORD560559;В пути;64327413;GGG_Pink_5430;3100;3;15;Новогодняя распродажа;п. Вуктыл;ПВЗ;9300;465;10;930;366;7539;Склад 3;07.02.2025
ORD766277;В пути;99230127;BBB_Purple_4146;2980;2;20;Черная пятница;ст. Ребриха;ПВЗ;5960;596;10;596;346;4422;Склад 3;28.06.2025
ORD293980;Доставлен;28964554;HHH_Clear_2719;2700;2;5;Нет;к. Владикавказ;Курьер;5400;135;14;756;350;4159;Склад 1;08.07.2025
ORD341920;В пути;47631395;BBB_Purple_1482;5580;1;10;Новогодняя распродажа;ст. Майкоп;Курьер;5580;558;11;613,8;218;4190,2;Склад 1;08.02.2025
ORD421226;Доставлен;24553956;CCC_White_2543;4780;3;5;Черная пятница;д. Рыбинск;Постамат;14340;239;10;1434;266;12401;Склад 1;12.03.2025
ORD128749;Доставлен;88663806;AAA_Black_2640;1020;1;15;Черная пятница;к. Холмск;Курьер;1020;153;15;153;419;295;Склад 1;01.02.2025
ORD341434;В пути;47335358;GGG_Pink_1893;2780;4;0;Нет;с. Павловская;ПВЗ;11120;0;16;1779,2;222;9118,8;Склад 2;25.03.2025
ORD282461;В пути;90003367;BBB_Clear_6703;7180;4;15;Черная пятница;ст. Архыз;Постамат;28720;1077;10;2872;288;24483;Склад 3;13.05.2025
ORD333902;Доставлен;64327413;GGG_Pink_5430;3100;3;5;Нет;с. Камень-на-Оби;ПВЗ;9300;155;14;1302;107;7736;Склад 2;29.08.2025
ORD835311;В пути;44323356;GGG_Clear_9401;5100;3;15;Новогодняя распродажа;к. Омск;Постамат;15300;765;17;2601;393;11541;Склад 3;06.04.2025
ORD476690;В пути;56970638;AAA_Black_7840;4780;4;0;Новогодняя распродажа;д. Туруханск;Курьер;19120;0;19;3632,8;267;15220,2;Склад 2;08.08.2025
ORD929218;В пути;74588621;HHH_Titanium_9363;2550;3;20;Черная пятница;к. Ханты-Мансийск;Курьер;7650;510;16;1224;310;5606;Склад 1;05.06.2025
ORD341984;Отменен;12157882;CCC_Blue_4419;1600;2;5;Новогодняя распродажа;ст. Белгород;Курьер;3200;80;12;384;145;2591;Склад 3;12.03.2025
ORD538778;Доставлен;63341383;FFF_Clear_7965;690;2;15;Новогодняя распродажа;к. Каргополь;ПВЗ;1380;103,5;17;234,6;496;545,9;Склад 1;22.04.2025
ORD344274;Отменен;14926551;HHH_Blue_4428;5990;3;5;Черная пятница;к. Истра;Постамат;17970;299,5;15;2695,5;220;14755;Склад 3;11.09.2025
ORD343250;В пути;80615239;AAA_White_9065;4990;4;20;Новогодняя распродажа;г. Верхний Тагил;ПВЗ;19960;998;12;2395,2;353;16213,8;Склад 3;30.05.2025
ORD677681;Отменен;18519010;DDD_Blue_8362;6580;1;15;Черная пятница;клх Ангарск;Постамат;6580;987;18;1184,4;332;4076,6;Склад 1;28.08.2025
ORD152928;В пути;32997683;CCC_Purple_7445;2780;3;15;Нет;г. Анадырь;Курьер;8340;417;14;1167,6;414;6341,4;Склад 1;22.04.2025
ORD210887;Отменен;62613196;BBB_Red_1893;6580;3;5;Нет;ст. Новомичуринск;ПВЗ;19740;329;19;3750,6;217;15443,4;Склад 1;30.06.2025
ORD313719;В пути;46536130;HHH_Black_9412;3690;1;5;Нет;д. Каргополь;Курьер;3690;184,5;17;627,3;402;2476,2;Склад 2;15.05.2025
ORD663927;Отменен;61490753;EEE_Purple_3010;1140;3;0;Черная пятница;д. Горячинск;ПВЗ;3420;0;16;547,2;253;2619,8;Склад 3;08.01.2025
ORD732040;Отменен;82503737;EEE_Green_1464;3380;1;20;Черная пятница;к. Елабуга;Курьер;3380;676;17;574,6;264;1865,4;Склад 3;07.08.2025
ORD688861;Отменен;71218572;BBB_White_1747;3100;4;0;Новогодняя распродажа;д. Абинск;ПВЗ;12400;0;14;1736;369;10295;Склад 3;23.08.2025
ORD907982;Доставлен;55570580;BBB_White_3663;11100;2;15;Новогодняя распродажа;г. Омск;ПВЗ;22200;1665;15;3330;413;16792;Склад 1;12.03.2025
ORD538117;Отменен;74588621;HHH_Titanium_9363;2550;4;5;Новогодняя распродажа;п. Алексин;Постамат;10200;127,5;18;1836;366;7870,5;Склад 3;11.01.2025
ORD833364;Доставлен;26492031;BBB_Pink_5852;1800;2;15;Новогодняя распродажа;ст. Гусь-Хрустальный;Курьер;3600;270;16;576;459;2295;Склад 3;14.07.2025
ORD168035;В пути;28074469;HHH_Black_6852;4990;1;15;Новогодняя распродажа;клх Белорецк;Постамат;4990;748,5;18;898,2;214;3129,3;Склад 1;17.06.2025
ORD253610;Отменен;83975242;FFF_Clear_6174;5778;2;10;Черная пятница;с. Ярославль;Постамат;11556;577,8;18;2080,08;460;8438,12;Склад 1;30.08.2025
ORD816846;В пути;74566460;FFF_Blue_4146;11316;4;10;Черная пятница;к. Эльбрус;Курьер;45264;1131,6;19;8600,16;152;35380,24;Склад 3;14.09.2025
ORD306359;В пути;28964554;HHH_Clear_2719;2700;2;15;Нет;г. Сарапул;ПВЗ;5400;405;17;918;363;3714;Склад 2;19.07.2025
ORD500827;Отменен;84436404;DDD_Pink_8616;11100;1;5;Нет;клх Кижи;Постамат;11100;555;15;1665;319;8561;Склад 1;07.04.2025
ORD531344;Доставлен;68159326;HHH_Clear_5825;1240;2;15;Нет;ст. Находка;Курьер;2480;186;11;272,8;297;1724,2;Склад 2;20.09.2025
ORD706846;Отменен;71947674;AAA_Titanium_9034;5500;3;10;Нет;клх Малоярославец;ПВЗ;16500;550;17;2805;224;12921;Склад 2;03.01.2025
ORD921338;В пути;20765137;CCC_Pink_8919;1580;4;5;Черная пятница;д. Чулым;Постамат;6320;79;12;758,4;301;5181,6;Склад 2;13.05.2025
ORD189230;В пути;73878829;BBB_White_4633;2900;3;15;Черная пятница;д. Дербент;Постамат;8700;435;12;1044;164;7057;Склад 2;22.08.2025
ORD517806;Отменен;17625450;EEE_Red_9020;5580;1;20;Черная пятница;г. Луга;Постамат;5580;1116;12;669,6;247;3547,4;Склад 1;16.03.2025
ORD657961;Доставлен;99230127;BBB_Purple_4146;2980;2;20;Новогодняя распродажа;клх Тикси;ПВЗ;5960;596;18;1072,8;139;4152,2;Склад 3;24.02.2025
ORD908935;Доставлен;53977919;GGG_White_4695;5580;3;15;Новогодняя распродажа;к. Сарапул;Постамат;16740;837;18;3013,2;328;12561,8;Склад 3;11.07.2025
ORD990628;В пути;63600414;EEE_White_7899;5580;3;5;Нет;п. Южноуральск;ПВЗ;16740;279;16;2678,4;138;13644,6;Склад 1;06.09.2025
ORD742479;В пути;18156492;GGG_Pink_4591;5980;2;15;Новогодняя распродажа;с. Ишим;Постамат;11960;897;14;1674,4;164;9224,6;Склад 1;18.09.2025
ORD733833;Доставлен;25688149;DDD_Blue_3042;7300;2;15;Черная пятница;клх Ангарск;Курьер;14600;1095;16;2336;134;11035;Склад 2;29.06.2025
ORD351604;Отменен;48759312;AAA_Clear_7073;1490;4;10;Нет;г. Сухиничи;Постамат;5960;149;16;953,6;252;4605,4;Склад 2;18.01.2025
ORD999716;В пути;36814941;FFF_Purple_7592;5500;3;20;Нет;ст. Середниково;Курьер;16500;1100;14;2310;436;12654;Склад 1;25.06.2025
ORD417925;Доставлен;54251905;HHH_Green_1705;2000;3;10;Новогодняя распродажа;д. Нарьян-Мар;Курьер;6000;200;13;780;462;4558;Склад 3;21.05.2025
ORD665347;В пути;77137463;GGG_Red_9072;1550;1;10;Нет;п. Омск;Курьер;1550;155;13;201,5;128;1065,5;Склад 2;09.05.2025
ORD549612;Отменен;33346489;EEE_Purple_4483;1060;4;15;Новогодняя распродажа;п. Россошь;ПВЗ;4240;159;15;636;353;3092;Склад 1;28.04.2025
ORD201257;Доставлен;81628656;EEE_Green_5799;2700;1;10;Новогодняя распродажа;д. Москва;Курьер;2700;270;16;432;373;1625;Склад 1;04.09.2025
ORD157006;В пути;42364136;GGG_Blue_5870;2780;3;20;Нет;с. Краснодар;Постамат;8340;556;14;1167,6;313;6303,4;Склад 1;30.03.2025
ORD575393;Отменен;91504638;AAA_Green_7796;9180;1;10;Новогодняя распродажа;с. Калач-на-Дону;ПВЗ;9180;918;19;1744,2;366;6151,8;Склад 2;01.02.2025
ORD518209;В пути;32484702;HHH_Clear_2518;7300;3;20;Новогодняя распродажа;г. Якутск;Курьер;21900;1460;10;2190;193;18057;Склад 1;04.06.2025
ORD579148;Отменен;88610207;CCC_Titanium_7564;10200;3;10;Новогодняя распродажа;клх Выборг;ПВЗ;30600;1020;13;3978;295;25307;Склад 3;29.03.2025
ORD240278;Отменен;77879975;AAA_Black_1398;2580;1;20;Новогодняя распродажа;п. Вытегра;ПВЗ;2580;516;14;361,2;256;1446,8;Склад 1;28.04.2025
ORD906071;Доставлен;88610207;CCC_Titanium_7564;10200;1;10;Нет;п. Льгов;ПВЗ;10200;1020;10;1020;135;8025;Склад 2;18.09.2025
ORD701823;Отменен;69113632;GGG_Red_8930;2100;2;10;Черная пятница;ст. Серов;Постамат;4200;210;13;546;350;3094;Склад 3;08.02.2025
ORD603492;В пути;80774380;HHH_Blue_9425;2490;2;5;Черная пятница;п. Сасово;Курьер;4980;124,5;12;597,6;298;3959,9;Склад 3;27.05.2025
ORD269402;Отменен;14926551;HHH_Blue_4428;5990;2;20;Новогодняя распродажа;с. Урюпинск;ПВЗ;11980;1198;15;1797;210;8775;Склад 1;30.04.2025
ORD343200;Отменен;68455110;AAA_Purple_5764;4980;3;20;Новогодняя распродажа;д. Охотск;ПВЗ;14940;996;13;1942,2;289;11712,8;Склад 1;13.02.2025
ORD499443;Доставлен;33336859;BBB_Blue_8197;6000;1;20;Новогодняя распродажа;ст. Пенза;ПВЗ;6000;1200;17;1020;410;3370;Склад 3;09.05.2025
ORD775681;Отменен;74559111;AAA_Purple_3253;1390;4;0;Черная пятница;г. Калуга;Курьер;5560;0;15;834;420;4306;Склад 1;20.03.2025
ORD627665;Отменен;44260719;HHH_Purple_8562;3790;3;10;Новогодняя распродажа;п. Златоуст;ПВЗ;11370;379;11;1250,7;359;9381,3;Склад 2;06.09.2025
ORD746426;В пути;27685318;GGG_Pink_4187;5300;4;20;Нет;клх Краснокамск;ПВЗ;21200;1060;17;3604;287;16249;Склад 3;01.09.2025
ORD429991;Доставлен;60654307;EEE_Pink_1140;3100;1;0;Нет;клх Урус-Мартан;Постамат;3100;0;10;310;330;2460;Склад 1;16.06.2025
ORD253796;Доставлен;21059414;AAA_Titanium_6208;2100;3;5;Нет;ст. Ирбит;Курьер;6300;105;18;1134;254;4807;Склад 3;10.01.2025
ORD233297;Доставлен;78108555;BBB_Green_2236;6050;4;20;Черная пятница;с. Териберка;Постамат;24200;1210;19;4598;150;18242;Склад 1;06.09.2025
ORD820201;Отменен;45765450;AAA_Green_9615;3180;4;20;Новогодняя распродажа;п. Уфа;Курьер;12720;636;13;1653,6;254;10176,4;Склад 1;25.01.2025
ORD497158;Доставлен;87949160;DDD_Blue_7114;2980;2;0;Новогодняя распродажа;ст. Алапаевск;Курьер;5960;0;19;1132,4;312;4515,6;Склад 2;26.04.2025
ORD717303;Отменен;11000967;CCC_White_6006;5124;2;10;Новогодняя распродажа;д. Махачкала;Курьер;10248;512,4;17;1742,16;339;7654,44;Склад 1;22.02.2025
ORD208495;Отменен;46766529;GGG_Pink_5778;7000;2;5;Черная пятница;к. Курчатов;Постамат;14000;350;19;2660;474;10516;Склад 1;05.07.2025
ORD577574;В пути;96712748;FFF_White_8621;11100;3;20;Черная пятница;п. Дно;Постамат;33300;2220;16;5328;410;25342;Склад 1;08.07.2025
ORD763421;В пути;24565729;HHH_White_4631;9180;1;10;Черная пятница;д. Мончегорск;Постамат;9180;918;12;1101,6;160;7000,4;Склад 2;17.08.2025
ORD309584;В пути;82500306;FFF_Green_5531;5500;1;5;Черная пятница;клх Омск;Постамат;5500;275;18;990;169;4066;Склад 1;11.09.2025
ORD202961;В пути;26669048;CCC_Green_5342;11990;2;15;Нет;г. Октябрьское (Челяб.);ПВЗ;23980;1798,5;11;2637,8;140;19403,7;Склад 1;18.08.2025
ORD515740;В пути;64538087;CCC_Clear_4692;3490;2;15;Черная пятница;к. Усть-Катав;ПВЗ;6980;523,5;12;837,6;395;5223,9;Склад 1;02.01.2025
ORD952337;Отменен;74085515;CCC_Purple_3517;5990;2;5;Черная пятница;ст. Белоярский;ПВЗ;11980;299,5;12;1437,6;382;9860,9;Склад 3;17.09.2025
ORD770446;Отменен;64096625;GGG_Black_5356;700;4;0;Черная пятница;с. Беломорск;Курьер;2800;0;13;364;494;1942;Склад 2;28.09.2025
ORD587195;Доставлен;74692955;DDD_Black_2968;5124;2;5;Новогодняя распродажа;д. Калевала;ПВЗ;10248;256,2;15;1537,2;308;8146,6;Склад 3;28.01.2025
ORD862463;Отменен;79101202;EEE_Blue_3320;3780;4;5;Новогодняя распродажа;с. Геленджик;Курьер;15120;189;17;2570,4;430;11930,6;Склад 2;03.05.2025
ORD766562;Отменен;51684723;DDD_Green_6168;7180;1;0;Новогодняя распродажа;ст. Тында;Постамат;7180;0;19;1364,2;330;5485,8;Склад 2;22.02.2025
ORD639283;В пути;26492321;EEE_Purple_3803;2300;3;0;Нет;к. Южно-Сахалинск;Курьер;6900;0;10;690;449;5761;Склад 3;11.05.2025
ORD585568;Отменен;48742299;CCC_Pink_8383;11100;3;10;Нет;к. Амурск;Курьер;33300;1110;19;6327;388;25475;Склад 2;01.06.2025
ORD357717;В пути;35024002;AAA_Red_8375;3100;3;10;Черная пятница;г. Малоярославец;ПВЗ;9300;310;19;1767;357;6866;Склад 2;23.09.2025
ORD106113;Доставлен;20586151;CCC_Red_5609;6990;3;0;Новогодняя распродажа;г. Лабинск;Постамат;20970;0;10;2097;326;18547;Склад 3;25.07.2025
ORD295242;Доставлен;65489961;HHH_Clear_2252;6420;4;15;Нет;п. Чермоз;Постамат;25680;963;13;3338,4;389;20989,6;Склад 1;18.04.2025
ORD207964;Отменен;43776637;EEE_Blue_5790;5980;4;15;Новогодняя распродажа;г. Колпашево;ПВЗ;23920;897;18;4305,6;267;18450,4;Склад 2;26.09.2025
ORD502589;Доставлен;52760747;EEE_Titanium_6892;4700;2;5;Нет;клх Чокурдах;Постамат;9400;235;16;1504;138;7523;Склад 3;27.03.2025
ORD449347;Отменен;30321714;CCC_Pink_5146;11000;4;20;Нет;г. Новороссийка;Постамат;44000;2200;17;7480;115;34205;Склад 2;10.08.2025
ORD805122;Доставлен;44062204;GGG_Pink_2020;5380;2;5;Черная пятница;ст. Гусь-Хрустальный;Постамат;10760;269;17;1829,2;291;8370,8;Склад 3;26.02.2025
ORD557046;В пути;33846396;GGG_White_5000;3290;2;5;Черная пятница;с. Пятигорск;ПВЗ;6580;164,5;14;921,2;339;5155,3;Склад 1;04.02.2025
ORD387803;В пути;52760747;EEE_Titanium_6892;4700;3;20;Нет;с. Арзамас;Постамат;14100;940;10;1410;131;11619;Склад 2;27.09.2025
ORD949673;В пути;76161009;AAA_Green_4817;6190;4;0;Черная пятница;к. Белый Яр (Томск.);Курьер;24760;0;15;3714;214;20832;Склад 1;08.01.2025
ORD794817;В пути;70160612;AAA_Purple_3399;7828;4;15;Нет;с. Ноябрьск;Курьер;31312;1174,2;10;3131,2;228;26778,6;Склад 1;03.03.2025
ORD245377;Отменен;89459784;FFF_Purple_8560;6580;2;5;Нет;к. Елец;Постамат;13160;329;16;2105,6;325;10400,4;Склад 3;25.04.2025
ORD151999;Доставлен;91763078;CCC_Clear_8930;1080;2;20;Новогодняя распродажа;к. Волгодонск;ПВЗ;2160;216;18;388,8;211;1344,2;Склад 2;03.04.2025
ORD690109;Отменен;34643765;GGG_Black_5712;6980;1;10;Черная пятница;г. Кузнецк;ПВЗ;6980;698;15;1047;138;5097;Склад 2;31.08.2025
ORD624535;В пути;10678165;GGG_White_4316;3490;1;5;Черная пятница;клх Моздок;ПВЗ;3490;174,5;19;663,1;165;2487,4;Склад 2;07.04.2025
ORD753696;Отменен;48542574;BBB_Pink_9074;4990;2;15;Черная пятница;к. Северо-Курильск;Постамат;9980;748,5;14;1397,2;169;7665,3;Склад 2;04.05.2025
ORD684092;Доставлен;36225094;EEE_Titanium_6804;5980;1;0;Новогодняя распродажа;п. Барнаул;Постамат;5980;0;17;1016,6;437;4526,4;Склад 2;04.06.2025
ORD968983;Отменен;55068920;GGG_Green_8385;1260;1;5;Новогодняя распродажа;с. Южно-Сахалинск;Курьер;1260;63;16;201,6;213;782,4;Склад 3;05.08.2025
ORD961386;Доставлен;71446261;EEE_Titanium_2576;5180;2;5;Новогодняя распродажа;п. Ростов;ПВЗ;10360;259;19;1968,4;385;7747,6;Склад 2;14.05.2025
ORD477799;Отменен;87709977;GGG_Black_5508;5648;2;20;Черная пятница;клх Жуковский;Курьер;11296;1129,6;17;1920,32;327;7919,08;Склад 1;17.05.2025
ORD931131;Доставлен;79710676;AAA_White_1844;4990;4;10;Черная пятница;д. Ессентуки;Курьер;19960;499;11;2195,6;490;16775,4;Склад 1;29.01.2025
ORD356154;Доставлен;93094444;DDD_White_9135;2990;2;10;Черная пятница;ст. Шереметьево;ПВЗ;5980;299;19;1136,2;209;4335,8;Склад 2;25.06.2025
ORD346786;В пути;69845855;AAA_Purple_2792;5800;2;0;Новогодняя распродажа;к. Мичуринск;Постамат;11600;0;16;1856;163;9581;Склад 3;09.04.2025
ORD559673;Доставлен;64363579;EEE_White_4091;6780;3;15;Новогодняя распродажа;ст. Красноуральск;Постамат;20340;1017;10;2034;120;17169;Склад 3;20.01.2025
ORD241942;В пути;84168282;FFF_Purple_2971;3980;4;0;Нет;г. Тикси;Курьер;15920;0;16;2547,2;196;13176,8;Склад 2;12.04.2025
ORD123266;В пути;96240921;HHH_Purple_9148;11100;4;5;Новогодняя распродажа;клх Шереметьево;Курьер;44400;555;18;7992;373;35480;Склад 1;06.01.2025
ORD288333;В пути;42236708;HHH_Green_6711;5580;4;5;Нет;г. Сызрань;Курьер;22320;279;15;3348;134;18559;Склад 2;23.09.2025
ORD808540;Отменен;48025495;EEE_Black_2674;150;3;10;Черная пятница;д. Касимов;Курьер;450;15;13;58,5;197;179,5;Склад 2;13.07.2025
ORD805492;Отменен;36414021;AAA_Blue_9137;11000;2;15;Новогодняя распродажа;с. Истра;ПВЗ;22000;1650;18;3960;442;15948;Склад 2;26.09.2025
ORD912842;Отменен;29302655;FFF_Red_4364;3100;4;20;Черная пятница;п. Тында;Курьер;12400;620;17;2108;333;9339;Склад 3;23.06.2025
ORD701080;Отменен;38174132;AAA_Pink_2294;2290;4;15;Черная пятница;клх Череповец;Курьер;9160;343,5;15;1374;127;7315,5;Склад 3;23.05.2025
ORD161110;Доставлен;61427977;CCC_Clear_6193;3490;1;5;Черная пятница;к. Мелеуз;Постамат;3490;174,5;11;383,9;119;2812,6;Склад 1;24.02.2025
ORD102203;Доставлен;56607737;EEE_Titanium_3814;7180;4;20;Черная пятница;с. Томск;Постамат;28720;1436;12;3446,4;124;23713,6;Склад 1;15.02.2025
ORD649337;Отменен;29108949;AAA_Blue_6496;6990;2;15;Новогодняя распродажа;клх Лагань;Постамат;13980;1048,5;17;2376,6;476;10078,9;Склад 2;18.04.2025
ORD577867;Доставлен;11575539;HHH_Blue_8671;5500;2;15;Черная пятница;п. Тольятти;ПВЗ;11000;825;18;1980;439;7756;Склад 1;05.08.2025
ORD600539;Доставлен;47344384;FFF_Blue_2457;3980;1;20;Нет;д. Саратов;ПВЗ;3980;796;12;477,6;437;2269,4;Склад 2;07.03.2025
ORD409693;В пути;78722650;FFF_Titanium_9574;9180;4;5;Новогодняя распродажа;к. Усть-Ордынский;Постамат;36720;459;13;4773,6;469;31018,4;Склад 1;05.02.2025
ORD229135;В пути;13544308;BBB_Titanium_5322;10880;4;15;Черная пятница;г. Чехов;Постамат;43520;1632;10;4352;302;37234;Склад 2;15.03.2025
ORD702930;В пути;36414021;AAA_Blue_9137;11000;4;20;Новогодняя распродажа;с. Нефтеюганск;Курьер;44000;2200;17;7480;198;34122;Склад 3;13.06.2025
ORD413222;В пути;16408664;AAA_Pink_5172;11100;3;5;Нет;клх Карталы;Курьер;33300;555;10;3330;260;29155;Склад 2;30.06.2025
ORD229463;Доставлен;86076744;CCC_Titanium_7873;850;4;20;Черная пятница;ст. Тамбов;ПВЗ;3400;170;10;340;387;2503;Склад 3;31.05.2025
ORD764508;Отменен;39920707;HHH_Red_5000;1000;2;20;Нет;с. Златоуст;ПВЗ;2000;200;10;200;450;1150;Склад 3;14.06.2025
ORD104144;Доставлен;52732703;CCC_Pink_7226;6200;2;15;Черная пятница;д. Жигулевск;Курьер;12400;930;16;1984;274;9212;Склад 1;01.01.2025
ORD385665;Доставлен;34539743;DDD_Green_2563;2990;3;5;Нет;ст. Ковров;Постамат;8970;149,5;14;1255,8;314;7250,7;Склад 1;18.02.2025
ORD841495;Доставлен;34175452;GGG_Purple_4253;4400;3;15;Черная пятница;г. Нижний Новгород;Курьер;13200;660;12;1584;472;10484;Склад 3;19.07.2025
ORD670447;В пути;57862472;FFF_Clear_1236;3100;4;0;Новогодняя распродажа;к. Павловская;ПВЗ;12400;0;19;2356;142;9902;Склад 2;09.01.2025
ORD727748;В пути;95054310;EEE_Pink_8103;5780;1;0;Черная пятница;ст. Енисейск;ПВЗ;5780;0;11;635,8;444;4700,2;Склад 2;29.06.2025
ORD891529;В пути;92727952;FFF_Clear_8370;2650;3;5;Новогодняя распродажа;клх Ельня;Курьер;7950;132,5;13;1033,5;163;6621;Склад 1;18.04.2025
ORD688604;Отменен;38174132;AAA_Pink_2294;2290;3;20;Черная пятница;д. Курильск;Курьер;6870;458;19;1305,3;293;4813,7;Склад 2;13.03.2025
ORD655003;Доставлен;86078699;DDD_Clear_7450;6580;4;15;Черная пятница;с. Галич;Курьер;26320;987;14;3684,8;187;21461,2;Склад 2;24.06.2025
ORD814103;Отменен;41812842;BBB_Green_4942;4980;4;15;Нет;д. Подольск;ПВЗ;19920;747;15;2988;341;15844;Склад 2;15.05.2025
ORD455702;В пути;86155356;EEE_Black_2069;6590;3;5;Нет;ст. Завьялиха;Постамат;19770;329,5;10;1977;323;17140,5;Склад 3;13.03.2025
ORD662923;Отменен;75134712;FFF_Clear_9481;2580;1;5;Нет;с. Александров;Курьер;2580;129;17;438,6;252;1760,4;Склад 3;08.06.2025
ORD328897;Доставлен;72155725;CCC_Green_7884;5648;3;0;Черная пятница;к. Раменское;ПВЗ;16944;0;14;2372,16;445;14126,84;Склад 2;13.08.2025
ORD936821;Доставлен;42123172;AAA_White_3643;2050;4;10;Черная пятница;к. Дудинка;ПВЗ;8200;205;18;1476;363;6156;Склад 1;06.05.2025
ORD513577;В пути;35056511;AAA_Clear_9962;1200;4;5;Черная пятница;п. Дубна;ПВЗ;4800;60;12;576;388;3776;Склад 2;29.04.2025
ORD919118;В пути;56908719;GGG_Black_9644;5980;3;10;Новогодняя распродажа;г. Любань;Курьер;17940;598;14;2511,6;160;14670,4;Склад 1;09.01.2025
ORD573438;Отменен;47545727;AAA_Purple_8362;1800;1;5;Новогодняя распродажа;д. Пышма;Курьер;1800;90;17;306;453;951;Склад 3;16.04.2025
ORD245920;В пути;58794039;GGG_Titanium_5888;3300;3;20;Черная пятница;г. Гудермес;Постамат;9900;660;19;1881;166;7193;Склад 2;21.08.2025
ORD647067;В пути;36890351;AAA_White_3056;5180;3;20;Нет;с. Обоянь;ПВЗ;15540;1036;10;1554;189;12761;Склад 2;11.03.2025
ORD897881;Доставлен;46766529;GGG_Pink_5778;7000;4;0;Нет;ст. Сосновый Бор;Курьер;28000;0;18;5040;151;22809;Склад 1;26.03.2025
ORD227017;В пути;33191023;AAA_Purple_3038;5180;1;0;Нет;д. Октябрьское (Челяб.);ПВЗ;5180;0;13;673,4;276;4230,6;Склад 1;03.08.2025
ORD278226;В пути;26194974;AAA_Black_7725;3380;2;10;Черная пятница;к. Березники;ПВЗ;6760;338;15;1014;455;4953;Склад 2;04.02.2025
ORD428543;Доставлен;86253551;EEE_Pink_2728;3490;1;5;Нет;г. Ивдель;Постамат;3490;174,5;12;418,8;200;2696,7;Склад 2;15.05.2025
ORD639424;Доставлен;85419196;BBB_Pink_3586;640;3;15;Черная пятница;с. Кандалакша;Курьер;1920;96;16;307,2;249;1267,8;Склад 1;02.05.2025
ORD576735;Отменен;84862533;FFF_Red_8076;7580;3;0;Новогодняя распродажа;г. Беломорск;Курьер;22740;0;13;2956,2;438;19345,8;Склад 3;26.04.2025
ORD352826;В пути;59016478;EEE_Green_7826;3490;3;15;Нет;к. Торжок;ПВЗ;10470;523,5;13;1361,1;347;8238,4;Склад 1;12.08.2025
ORD808053;Доставлен;52863920;EEE_Purple_8672;11000;1;15;Новогодняя распродажа;клх Аша;ПВЗ;11000;1650;10;1100;400;7850;Склад 2;14.03.2025
ORD112062;Отменен;41313579;CCC_Blue_4612;1200;4;5;Нет;п. Славянск-на-Кубани;Постамат;4800;60;11;528;185;4027;Склад 3;24.02.2025
ORD424763;Отменен;55418733;EEE_Purple_9330;11100;3;10;Черная пятница;п. Баксан;Постамат;33300;1110;19;6327;386;25477;Склад 3;26.09.2025
ORD946433;В пути;77801450;EEE_Green_4071;4990;3;5;Черная пятница;клх Терней;Постамат;14970;249,5;19;2844,3;191;11685,2;Склад 3;15.06.2025
ORD499807;В пути;16502779;HHH_Titanium_2914;3250;1;0;Черная пятница;клх Назрань;Постамат;3250;0;17;552,5;494;2203,5;Склад 3;16.09.2025
ORD983789;Отменен;40542742;FFF_Titanium_6126;5200;2;15;Черная пятница;с. Верхнее Пенжино;Постамат;10400;780;12;1248;323;8049;Склад 2;21.09.2025
ORD312124;Доставлен;53858511;AAA_White_5701;2950;2;5;Нет;ст. Елатьма;Постамат;5900;147,5;14;826;378;4548,5;Склад 3;22.07.2025
ORD887030;Отменен;80615239;AAA_White_9065;4990;4;5;Новогодняя распродажа;д. Стерлитамак;ПВЗ;19960;249,5;17;3393,2;147;16170,3;Склад 1;08.05.2025
ORD352450;В пути;97446387;HHH_Clear_5678;2780;4;5;Черная пятница;г. Середниково;Постамат;11120;139;19;2112,8;200;8668,2;Склад 1;28.08.2025
ORD829850;Доставлен;82901378;CCC_Pink_7762;3100;3;0;Нет;п. Байкальск;ПВЗ;9300;0;14;1302;155;7843;Склад 1;13.02.2025
ORD211528;Доставлен;15266766;AAA_Black_3318;3490;1;10;Новогодняя распродажа;п. Шаховская;ПВЗ;3490;349;18;628,2;256;2256,8;Склад 2;27.07.2025
ORD732832;Отменен;71037188;CCC_Blue_5856;1800;3;5;Черная пятница;с. Балашов;Курьер;5400;90;19;1026;213;4071;Склад 3;20.04.2025
ORD524161;В пути;76585970;FFF_White_7505;5180;4;0;Новогодняя распродажа;ст. Белокуриха;ПВЗ;20720;0;18;3729,6;393;16597,4;Склад 1;06.06.2025
ORD394190;Отменен;80091756;CCC_Titanium_1713;3100;1;15;Черная пятница;клх Москва, МГУ;ПВЗ;3100;465;12;372;143;2120;Склад 1;22.04.2025
ORD972265;Отменен;92488093;BBB_Pink_3494;5300;1;20;Новогодняя распродажа;клх Тотьма;Постамат;5300;1060;10;530;400;3310;Склад 1;16.04.2025
ORD359779;Отменен;80718283;DDD_White_2968;7980;4;0;Новогодняя распродажа;с. Сыктывкар;ПВЗ;31920;0;14;4468,8;118;27333,2;Склад 3;03.03.2025
ORD778075;Доставлен;72747359;CCC_Blue_5038;3450;2;20;Черная пятница;г. Миасс;Постамат;6900;690;15;1035;180;4995;Склад 1;01.06.2025
ORD753151;Доставлен;78108555;BBB_Green_2236;6050;2;5;Нет;д. Балашиха;Постамат;12100;302,5;12;1452;416;9929,5;Склад 3;28.08.2025
ORD902138;В пути;68162392;FFF_Red_4784;6980;1;5;Новогодняя распродажа;клх Кандалакша;Постамат;6980;349;12;837,6;397;5396,4;Склад 3;24.07.2025
ORD291990;В пути;37897172;DDD_Titanium_2057;4980;3;0;Черная пятница;д. Колпашево;Курьер;14940;0;17;2539,8;290;12110,2;Склад 3;23.06.2025
ORD767509;Отменен;95432311;HHH_Clear_8087;4980;2;20;Новогодняя распродажа;д. Калач-на-Дону;Постамат;9960;996;14;1394,4;119;7450,6;Склад 2;21.06.2025
ORD693248;Отменен;85129002;FFF_Black_7791;4990;3;5;Новогодняя распродажа;клх Валаам;ПВЗ;14970;249,5;13;1946,1;343;12431,4;Склад 2;02.04.2025
ORD460612;Отменен;79710676;AAA_White_1844;4990;2;15;Нет;к. Сортавала;Постамат;9980;748,5;16;1596,8;262;7372,7;Склад 3;26.04.2025
ORD831253;В пути;33191023;AAA_Purple_3038;5180;2;10;Новогодняя распродажа;г. Балашов;Постамат;10360;518;16;1657,6;226;7958,4;Склад 3;31.05.2025
ORD548152;Доставлен;34751007;EEE_Purple_9678;1980;3;10;Новогодняя распродажа;д. Чита;Постамат;5940;198;17;1009,8;356;4376,2;Склад 2;30.07.2025
ORD974294;Доставлен;56607737;EEE_Titanium_3814;7180;4;5;Черная пятница;с. Истра;Курьер;28720;359;11;3159,2;274;24927,8;Склад 2;06.02.2025
ORD349956;Отменен;31684574;CCC_Green_3802;2590;2;20;Черная пятница;к. Туапсе;ПВЗ;5180;518;17;880,6;136;3645,4;Склад 3;24.05.2025
ORD865657;Отменен;72208276;AAA_Blue_4139;5580;2;5;Нет;клх Анапа;Курьер;11160;279;15;1674;466;8741;Склад 2;13.02.2025
ORD259918;Отменен;20762733;GGG_Purple_4715;1550;3;20;Новогодняя распродажа;ст. Тотьма;ПВЗ;4650;310;10;465;411;3464;Склад 1;23.09.2025
ORD677208;Отменен;83149727;CCC_Purple_9600;5990;4;15;Новогодняя распродажа;клх Краснокамск;Курьер;23960;898,5;17;4073,2;122;18866,3;Склад 3;30.05.2025
ORD914211;В пути;43049959;EEE_Purple_6689;5500;2;20;Новогодняя распродажа;к. Кирово-Чепецк;ПВЗ;11000;1100;13;1430;310;8160;Склад 3;26.09.2025
ORD808408;Доставлен;90900699;CCC_Black_2080;5500;2;5;Нет;г. Ребриха;Курьер;11000;275;13;1430;133;9162;Склад 2;07.01.2025
ORD357795;Отменен;35122854;FFF_Titanium_2565;5500;4;15;Новогодняя распродажа;клх Ершов;Постамат;22000;825;14;3080;434;17661;Склад 1;20.02.2025
ORD512191;В пути;91970108;CCC_Red_5645;9180;2;0;Черная пятница;к. Асино;Курьер;18360;0;13;2386,8;345;15628,2;Склад 2;18.03.2025
ORD956878;Отменен;52297033;EEE_Red_3557;2550;4;10;Нет;п. Шамары;Курьер;10200;255;13;1326;168;8451;Склад 1;27.08.2025
ORD758798;Отменен;28732161;DDD_Blue_4543;490;4;5;Черная пятница;ст. Тамбов;Постамат;1960;24,5;18;352,8;108;1474,7;Склад 1;23.04.2025
ORD768989;Доставлен;41460381;AAA_Green_6938;3816;3;5;Черная пятница;с. Териберка;Постамат;11448;190,8;11;1259,28;112;9885,92;Склад 3;25.07.2025
ORD546366;Отменен;91763078;CCC_Clear_8930;1080;1;5;Нет;г. Льгов;ПВЗ;1080;54;19;205,2;302;518,8;Склад 1;13.04.2025
ORD953227;Доставлен;64199822;AAA_White_3239;5300;4;15;Черная пятница;клх Тутончаны;ПВЗ;21200;795;15;3180;393;16832;Склад 3;12.05.2025
ORD358048;Доставлен;66208240;BBB_Black_7214;4980;3;0;Новогодняя распродажа;с. Грозный;ПВЗ;14940;0;11;1643,4;148;13148,6;Склад 1;22.06.2025
ORD860893;Доставлен;72357603;GGG_Red_6138;5180;1;20;Нет;клх Ачинск;Курьер;5180;1036;11;569,8;188;3386,2;Склад 3;26.02.2025
ORD689236;В пути;51304009;BBB_Red_7529;6990;2;0;Черная пятница;п. Кяхта;ПВЗ;13980;0;15;2097;230;11653;Склад 1;14.08.2025
ORD525381;В пути;59240777;DDD_Titanium_5938;1220;1;15;Новогодняя распродажа;к. Муравленко;Курьер;1220;183;16;195,2;187;654,8;Склад 2;09.03.2025
ORD495260;Доставлен;46766529;GGG_Pink_5778;7000;4;5;Новогодняя распродажа;г. Хатанга;Курьер;28000;350;10;2800;256;24594;Склад 1;14.07.2025
ORD564682;Отменен;72257964;HHH_Purple_3275;4990;4;10;Черная пятница;г. Шали;ПВЗ;19960;499;12;2395,2;323;16742,8;Склад 2;18.01.2025
ORD875880;Доставлен;84503528;EEE_Black_2767;5648;4;5;Новогодняя распродажа;к. Устюжна;ПВЗ;22592;282,4;17;3840,64;373;18095,96;Склад 1;06.08.2025
ORD249106;Отменен;43510857;GGG_Green_3846;6580;4;20;Нет;п. Кашира;Курьер;26320;1316;10;2632;485;21887;Склад 1;06.06.2025
ORD611356;Доставлен;58295345;GGG_Clear_8444;4700;4;10;Черная пятница;с. Токма;Постамат;18800;470;18;3384;472;14474;Склад 3;13.05.2025
ORD805508;Отменен;86221208;DDD_Clear_1598;6580;3;5;Новогодняя распродажа;клх Владимир;Постамат;19740;329;16;3158,4;328;15924,6;Склад 1;20.04.2025
ORD803188;В пути;44703697;CCC_Black_8407;4980;4;10;Новогодняя распродажа;г. Нижнеудинск;Курьер;19920;498;14;2788,8;393;16240,2;Склад 1;04.02.2025
ORD315930;Отменен;37739044;AAA_Red_6276;3490;3;0;Черная пятница;к. Оленек;ПВЗ;10470;0;13;1361,1;480;8628,9;Склад 1;27.05.2025
ORD910351;Доставлен;71446261;EEE_Titanium_2576;5180;2;15;Черная пятница;клх Каменномостский;Курьер;10360;777;10;1036;133;8414;Склад 2;21.06.2025
ORD291412;В пути;21837136;GGG_Clear_8073;2300;4;5;Черная пятница;с. Красноуфимск;Курьер;9200;115;18;1656;102;7327;Склад 3;21.03.2025
ORD825018;Отменен;19861565;AAA_Red_7612;6580;4;20;Черная пятница;п. Троицк (Челяб.);ПВЗ;26320;1316;11;2895,2;111;21997,8;Склад 3;06.01.2025
ORD602210;Отменен;61640595;AAA_Purple_8645;3380;1;0;Нет;г. Туапсе;Постамат;3380;0;13;439,4;325;2615,6;Склад 1;22.04.2025
ORD469704;Отменен;58445728;EEE_Purple_4956;6180;2;5;Черная пятница;с. Сухиничи;Курьер;12360;309;15;1854;405;9792;Склад 1;11.02.2025
ORD428230;Отменен;21970497;GGG_Black_1389;3914;4;0;Нет;к. Киржач;Постамат;15656;0;12;1878,72;246;13531,28;Склад 2;30.08.2025
ORD653100;Отменен;88421485;DDD_Clear_8430;4200;4;20;Нет;с. Кириши;Постамат;16800;840;14;2352;318;13290;Склад 1;17.05.2025
ORD342757;В пути;69728328;HHH_Red_6449;1800;2;5;Черная пятница;п. Тамбов;ПВЗ;3600;90;18;648;306;2556;Склад 3;24.06.2025
ORD777552;В пути;52923583;GGG_Green_6367;1000;3;20;Нет;г. Мелеуз;Курьер;3000;200;14;420;137;2243;Склад 3;20.07.2025
ORD894741;В пути;54421974;AAA_Titanium_7555;520;4;10;Черная пятница;п. Яхрома;Курьер;2080;52;19;395,2;228;1404,8;Склад 2;25.04.2025
ORD985754;В пути;47631395;BBB_Purple_1482;5580;1;20;Черная пятница;ст. Зеленогорск (Ленин.);Постамат;5580;1116;18;1004,4;107;3352,6;Склад 2;30.03.2025
ORD699718;Доставлен;92727952;FFF_Clear_8370;2650;4;10;Новогодняя распродажа;с. Фатеж;Постамат;10600;265;13;1378;144;8813;Склад 3;17.05.2025
ORD171214;В пути;47344384;FFF_Blue_2457;3980;1;5;Черная пятница;ст. Мытищи;ПВЗ;3980;199;13;517,4;424;2839,6;Склад 2;04.03.2025
ORD412742;Отменен;54064492;AAA_Titanium_8916;4980;1;10;Новогодняя распродажа;с. Хатанга;Постамат;4980;498;14;697,2;431;3353,8;Склад 1;25.03.2025
ORD456237;Отменен;42673199;HHH_White_7627;7180;4;5;Нет;п. Ершов;ПВЗ;28720;359;16;4595,2;420;23345,8;Склад 1;15.09.2025
ORD566438;В пути;16837385;AAA_Blue_3988;7580;4;5;Новогодняя распродажа;с. Октябрьский (Башк.);Курьер;30320;379;12;3638,4;390;25912,6;Склад 2;17.04.2025
ORD958824;Отменен;54375561;CCC_Blue_2528;2700;1;15;Нет;п. Териберка;ПВЗ;2700;405;19;513;417;1365;Склад 3;01.01.2025
ORD907575;В пути;48820146;DDD_Purple_7099;2580;2;5;Черная пятница;с. Нязепетровск;Постамат;5160;129;16;825,6;368;3837,4;Склад 2;12.02.2025
ORD357243;Отменен;49649549;BBB_Black_9198;880;2;10;Нет;с. Дербент;Курьер;1760;88;13;228,8;367;1076,2;Склад 3;20.09.2025
ORD635060;Доставлен;59240777;DDD_Titanium_5938;1220;4;15;Нет;клх Шумиха;ПВЗ;4880;183;16;780,8;366;3550,2;Склад 2;24.09.2025
ORD404157;Доставлен;86221208;DDD_Clear_1598;6580;3;15;Черная пятница;клх Елабуга;Курьер;19740;987;13;2566,2;305;15881,8;Склад 2;14.08.2025
ORD295900;В пути;16006909;BBB_Green_7079;6180;2;5;Нет;клх Благовещенск (Амур.);ПВЗ;12360;309;18;2224,8;245;9581,2;Склад 2;22.04.2025
ORD801753;В пути;28525798;CCC_Red_6375;6050;4;20;Черная пятница;п. Шереметьево;Постамат;24200;1210;15;3630;392;18968;Склад 1;01.01.2025
ORD550096;В пути;64327413;GGG_Pink_5430;3100;2;20;Новогодняя распродажа;г. Александров;Постамат;6200;620;10;620;219;4741;Склад 1;17.03.2025
ORD982400;Отменен;51575941;DDD_Purple_5314;3380;3;15;Черная пятница;к. Кирово-Чепецк;Курьер;10140;507;11;1115,4;317;8200,6;Склад 3;02.05.2025
ORD947060;В пути;24046960;GGG_Purple_6176;2980;4;5;Черная пятница;к. Обоянь;Курьер;11920;149;18;2145,6;273;9352,4;Склад 2;15.09.2025
ORD935373;Доставлен;21673576;BBB_Pink_9156;11100;3;20;Нет;с. Белогорск (Амур.);Курьер;33300;2220;15;4995;210;25875;Склад 1;12.06.2025
ORD376176;Отменен;64089075;GGG_Purple_7302;4600;4;5;Новогодняя распродажа;ст. Ясный (Оренб.);ПВЗ;18400;230;19;3496;489;14185;Склад 2;01.01.2025
ORD854829;В пути;33567369;AAA_White_5438;2490;3;5;Черная пятница;ст. Моздок;Постамат;7470;124,5;10;747;203;6395,5;Склад 3;14.08.2025
ORD933701;Отменен;39497042;BBB_White_2474;2000;2;15;Новогодняя распродажа;к. Дудинка;Курьер;4000;300;12;480;223;2997;Склад 1;10.04.2025
ORD372806;Отменен;52308782;AAA_Clear_6277;3980;2;15;Новогодняя распродажа;с. Кисловодск;Курьер;7960;597;11;875,6;164;6323,4;Склад 3;09.09.2025
ORD542512;В пути;88223836;EEE_Red_9650;7500;3;0;Нет;клх Бирск;Курьер;22500;0;15;3375;429;18696;Склад 1;06.07.2025
ORD724786;Отменен;62425327;DDD_Titanium_2708;7180;3;20;Черная пятница;п. Щельяюр;ПВЗ;21540;1436;13;2800,2;334;16969,8;Склад 2;08.01.2025
ORD982822;Доставлен;25688149;DDD_Blue_3042;7300;3;20;Нет;ст. Кяхта;Курьер;21900;1460;11;2409;345;17686;Склад 3;15.03.2025
ORD501911;Доставлен;75134712;FFF_Clear_9481;2580;4;20;Черная пятница;с. Смоленск;Курьер;10320;516;16;1651,2;428;7724,8;Склад 1;17.07.2025
ORD382963;Отменен;20586151;CCC_Red_5609;6990;2;10;Новогодняя распродажа;д. Усть-Камчатск;ПВЗ;13980;699;15;2097;237;10947;Склад 1;23.02.2025
ORD172895;В пути;24789210;GGG_White_9618;6580;4;5;Черная пятница;клх Лазаревское;ПВЗ;26320;329;12;3158,4;177;22655,6;Склад 2;16.07.2025
ORD474532;Отменен;28525798;CCC_Red_6375;6050;2;15;Черная пятница;г. Красногорск (Моск.);Курьер;12100;907,5;14;1694;179;9319,5;Склад 3;28.05.2025
ORD975307;Доставлен;38070392;HHH_Purple_3039;9980;1;20;Новогодняя распродажа;клх Ноглики;Курьер;9980;1996;17;1696,6;393;5894,4;Склад 3;09.02.2025
ORD494448;Отменен;11575539;HHH_Blue_8671;5500;4;0;Новогодняя распродажа;д. Курск;ПВЗ;22000;0;12;2640;345;19015;Склад 3;30.08.2025
ORD501204;Отменен;68159326;HHH_Clear_5825;1240;2;20;Черная пятница;г. Усмань;Постамат;2480;248;12;297,6;182;1752,4;Склад 2;17.04.2025
ORD464017;Доставлен;11575539;HHH_Blue_8671;5500;2;5;Нет;клх Усть-Ишим;ПВЗ;11000;275;13;1430;158;9137;Склад 1;24.08.2025
ORD341511;Отменен;37130177;FFF_Purple_8028;2580;4;5;Черная пятница;г. Соликамск;Постамат;10320;129;17;1754,4;148;8288,6;Склад 1;09.06.2025
ORD957788;Отменен;29302655;FFF_Red_4364;3100;4;15;Новогодняя распродажа;г. Таганрог;Курьер;12400;465;18;2232;351;9352;Склад 3;15.01.2025
ORD560066;В пути;39535140;HHH_Titanium_3434;3100;2;10;Нет;ст. Калач;Курьер;6200;310;13;806;100;4984;Склад 1;26.01.2025
ORD556089;В пути;66519859;GGG_Purple_1694;4900;4;15;Новогодняя распродажа;п. Великий Устюг;Постамат;19600;735;12;2352;107;16406;Склад 3;14.08.2025
ORD375889;Доставлен;96414579;HHH_Pink_7270;3500;3;20;Новогодняя распродажа;п. Алдан;ПВЗ;10500;700;18;1890;255;7655;Склад 2;09.06.2025
ORD127822;Доставлен;60654307;EEE_Pink_1140;3100;4;0;Нет;п. Якутск;Курьер;12400;0;19;2356;376;9668;Склад 2;23.05.2025
ORD913658;Доставлен;40911969;HHH_Green_6659;6090;4;15;Новогодняя распродажа;к. Льгов;Постамат;24360;913,5;16;3897,6;378;19170,9;Склад 2;01.05.2025
ORD730204;В пути;92713858;AAA_Green_1858;2180;4;10;Новогодняя распродажа;ст. Апрелевка;ПВЗ;8720;218;19;1656,8;272;6573,2;Склад 3;26.07.2025
ORD792102;Доставлен;26492031;BBB_Pink_5852;1800;2;15;Новогодняя распродажа;ст. Белгород;Постамат;3600;270;16;576;376;2378;Склад 1;24.07.2025
ORD478644;Доставлен;14926551;HHH_Blue_4428;5990;3;5;Новогодняя распродажа;д. Асбест;ПВЗ;17970;299,5;17;3054,9;308;14307,6;Склад 2;08.08.2025
ORD562155;Доставлен;85974412;EEE_Titanium_7841;5100;1;20;Новогодняя распродажа;клх Златоуст;ПВЗ;5100;1020;13;663;490;2927;Склад 3;06.03.2025
ORD583166;В пути;74692955;DDD_Black_2968;5124;1;20;Новогодняя распродажа;с. Шуя;ПВЗ;5124;1024,8;14;717,36;164;3217,84;Склад 3;22.03.2025
ORD467589;Отменен;77056010;BBB_Black_3665;5430;3;20;Новогодняя распродажа;с. Урус-Мартан;ПВЗ;16290;1086;11;1791,9;340;13072,1;Склад 2;02.02.2025
ORD746382;Доставлен;73878829;BBB_White_4633;2900;3;20;Новогодняя распродажа;ст. Шелагонцы;Постамат;8700;580;18;1566;296;6258;Склад 2;04.06.2025
ORD118895;Отменен;73953828;DDD_Titanium_3655;4990;3;20;Новогодняя распродажа;с. Новый Оскол;Постамат;14970;998;19;2844,3;177;10950,7;Склад 2;13.05.2025
ORD546876;Доставлен;95808454;AAA_Clear_6434;3600;2;20;Черная пятница;п. Черский;Постамат;7200;720;16;1152;399;4929;Склад 1;03.05.2025
ORD258715;Отменен;24862643;FFF_Clear_2774;7380;1;0;Черная пятница;г. Энгельс;Постамат;7380;0;13;959,4;210;6210,6;Склад 1;10.08.2025
ORD711978;В пути;33191023;AAA_Purple_3038;5180;3;10;Новогодняя распродажа;п. Норильск;Постамат;15540;518;11;1709,4;252;13060,6;Склад 3;17.05.2025
ORD335233;В пути;78722650;FFF_Titanium_9574;9180;2;20;Черная пятница;к. Туруханск;ПВЗ;18360;1836;12;2203,2;249;14071,8;Склад 2;17.02.2025
ORD306001;Доставлен;52946669;GGG_Black_5739;2650;1;10;Нет;п. Сасово;Курьер;2650;265;12;318;197;1870;Склад 2;11.02.2025
ORD677700;Отменен;35421823;EEE_Green_9742;860;4;20;Черная пятница;с. Шали;Курьер;3440;172;16;550,4;272;2445,6;Склад 1;17.08.2025
ORD430020;В пути;79336129;EEE_Purple_7709;5500;2;15;Новогодняя распродажа;п. Карпинск;Постамат;11000;825;19;2090;289;7796;Склад 2;22.03.2025
ORD301579;Доставлен;74692955;DDD_Black_2968;5124;1;20;Новогодняя распродажа;г. Кедровый;Постамат;5124;1024,8;10;512,4;397;3189,8;Склад 3;19.06.2025
ORD168530;Доставлен;52629278;FFF_Purple_6937;5990;2;5;Черная пятница;ст. Черусти;Курьер;11980;299,5;10;1198;406;10076,5;Склад 2;17.04.2025
ORD699916;В пути;48103158;BBB_Blue_2666;2500;1;0;Новогодняя распродажа;д. Озеры;ПВЗ;2500;0;16;400;163;1937;Склад 1;24.09.2025
ORD494590;В пути;89899082;DDD_Clear_6069;7828;1;15;Нет;клх Сочи;Постамат;7828;1174,2;12;939,36;337;5377,44;Склад 3;21.08.2025
ORD819602;Доставлен;37203467;GGG_Purple_7207;6580;4;15;Нет;г. Назрань;ПВЗ;26320;987;18;4737,6;458;20137,4;Склад 3;27.09.2025
ORD414936;Отменен;50625074;EEE_White_5636;5980;2;5;Новогодняя распродажа;д. Миллерово;Курьер;11960;299;13;1554,8;143;9963,2;Склад 2;04.06.2025
ORD399228;Отменен;94828431;AAA_Black_1577;3180;3;20;Нет;к. Качканар;Курьер;9540;636;12;1144,8;289;7470,2;Склад 3;15.04.2025
ORD203715;Отменен;91756950;HHH_Green_6528;7180;4;0;Нет;к. Кашхатау;Постамат;28720;0;12;3446,4;400;24873,6;Склад 2;07.06.2025
ORD563830;Доставлен;84738673;HHH_White_1139;11000;4;15;Черная пятница;д. Железногорск(Курск.);ПВЗ;44000;1650;11;4840;344;37166;Склад 2;08.06.2025
ORD523272;В пути;33567369;AAA_White_5438;2490;1;0;Нет;ст. Уэлен;Постамат;2490;0;15;373,5;140;1976,5;Склад 1;04.08.2025
ORD230091;Доставлен;38174132;AAA_Pink_2294;2290;3;15;Черная пятница;п. Камышин;Курьер;6870;343,5;11;755,7;258;5512,8;Склад 3;16.08.2025
ORD758352;В пути;71218572;BBB_White_1747;3100;2;20;Новогодняя распродажа;д. Апшеронск;ПВЗ;6200;620;14;868;302;4410;Склад 2;20.05.2025
ORD367551;Отменен;99962600;EEE_Clear_5090;4990;3;15;Черная пятница;ст. Усть-Ишим;Постамат;14970;748,5;14;2095,8;498;11627,7;Склад 2;04.04.2025
ORD667009;Отменен;63335242;AAA_White_4047;7980;3;15;Новогодняя распродажа;к. Верхний Уфалей;Постамат;23940;1197;10;2394;171;20178;Склад 2;29.05.2025
ORD215389;В пути;77282880;EEE_Purple_1729;5580;3;10;Новогодняя распродажа;к. Усть-Катав;Постамат;16740;558;10;1674;492;14016;Склад 3;23.03.2025
ORD301297;В пути;77879975;AAA_Black_1398;2580;3;20;Новогодняя распродажа;с. Павловский Посад;Курьер;7740;516;15;1161;250;5813;Склад 3;10.04.2025
ORD278541;Доставлен;64538087;CCC_Clear_4692;3490;3;5;Новогодняя распродажа;ст. Ербогачен;Постамат;10470;174,5;16;1675,2;180;8440,3;Склад 3;19.02.2025
ORD386240;Отменен;24553956;CCC_White_2543;4780;1;5;Новогодняя распродажа;с. Курск;ПВЗ;4780;239;19;908,2;265;3367,8;Склад 2;29.05.2025
ORD964568;Доставлен;35738540;CCC_Titanium_2027;5500;1;20;Черная пятница;к. Советский;Постамат;5500;1100;11;605;345;3450;Склад 3;17.01.2025
ORD162837;Доставлен;19765974;BBB_White_6972;2980;4;5;Новогодняя распродажа;ст. Томск;Курьер;11920;149;11;1311,2;185;10274,8;Склад 2;20.01.2025
ORD412272;Доставлен;26492031;BBB_Pink_5852;1800;1;20;Нет;с. Чусовой;Постамат;1800;360;10;180;216;1044;Склад 3;12.09.2025
ORD365050;Отменен;24862643;FFF_Clear_2774;7380;4;5;Нет;к. Нефтегорск (Самар.);Курьер;29520;369;14;4132,8;441;24577,2;Склад 3;04.04.2025
ORD187947;Доставлен;62735344;GGG_Blue_8476;2980;4;10;Новогодняя распродажа;с. Лодейное Поле;Курьер;11920;298;16;1907,2;499;9215,8;Склад 2;15.05.2025
ORD385326;Доставлен;53858511;AAA_White_5701;2950;2;5;Нет;к. Кажим;ПВЗ;5900;147,5;18;1062;227;4463,5;Склад 3;20.09.2025
ORD533297;Доставлен;24862643;FFF_Clear_2774;7380;3;15;Черная пятница;п. Макаров;ПВЗ;22140;1107;16;3542,4;159;17331,6;Склад 2;08.05.2025
ORD697490;Доставлен;71333535;CCC_Clear_1274;1460;1;20;Черная пятница;г. Воркута;Постамат;1460;292;12;175,2;417;575,8;Склад 3;31.05.2025
ORD206284;Доставлен;96447831;DDD_Clear_8095;6954;2;0;Новогодняя распродажа;с. Алагир;Курьер;13908;0;14;1947,12;340;11620,88;Склад 3;21.03.2025
ORD776028;Доставлен;51160776;BBB_Red_3847;11000;1;0;Новогодняя распродажа;клх Сковородино;Курьер;11000;0;19;2090;140;8770;Склад 3;23.02.2025
ORD131177;Отменен;14773482;DDD_White_5541;5990;4;20;Новогодняя распродажа;д. Апатиты;ПВЗ;23960;1198;13;3114,8;478;19169,2;Склад 3;10.07.2025
ORD588166;Доставлен;42294120;CCC_Pink_2372;4980;1;10;Нет;к. Амдерма;ПВЗ;4980;498;14;697,2;131;3653,8;Склад 1;24.04.2025
ORD809592;В пути;35421823;EEE_Green_9742;860;3;5;Нет;ст. Кажим;Постамат;2580;43;19;490,2;350;1696,8;Склад 2;18.09.2025
ORD909946;Доставлен;31684574;CCC_Green_3802;2590;4;10;Черная пятница;д. Октябрьский (Башк.);Курьер;10360;259;17;1761,2;269;8070,8;Склад 1;31.03.2025
ORD986366;Доставлен;16975545;DDD_Green_2659;4900;4;0;Нет;г. Слюдянка;ПВЗ;19600;0;17;3332;322;15946;Склад 3;28.07.2025
ORD142282;Отменен;87735808;AAA_Pink_2773;7074;2;20;Черная пятница;д. Шерегеш;Постамат;14148;1414,8;12;1697,76;185;10850,44;Склад 3;06.04.2025
ORD699172;Отменен;21656338;AAA_Purple_3646;5100;3;20;Нет;д. Нижнеудинск;Курьер;15300;1020;14;2142;375;11763;Склад 2;19.01.2025
ORD447015;В пути;45932023;FFF_Blue_3894;6180;4;10;Черная пятница;к. Мирный;Курьер;24720;618;10;2472;483;21147;Склад 2;15.02.2025
ORD507696;В пути;43423685;EEE_Purple_1098;3380;3;10;Новогодняя распродажа;с. Шерегеш;ПВЗ;10140;338;16;1622,4;283;7896,6;Склад 2;11.09.2025
ORD952870;Отменен;80340504;EEE_Pink_6948;4500;1;5;Нет;п. Нижнеудинск;Постамат;4500;225;11;495;309;3471;Склад 2;04.03.2025
ORD107818;Отменен;15551074;HHH_Blue_2524;4700;3;15;Черная пятница;ст. Великий Устюг;ПВЗ;14100;705;18;2538;195;10662;Склад 3;10.09.2025
ORD899141;Доставлен;29143377;CCC_Titanium_5503;380;4;15;Нет;п. Орск;Постамат;1520;57;18;273,6;456;733,4;Склад 2;10.09.2025
ORD384873;Отменен;44146850;CCC_Red_7696;7828;2;5;Новогодняя распродажа;д. Асбест;Курьер;15656;391,4;15;2348,4;488;12428,2;Склад 1;17.01.2025
ORD539670;В пути;49227251;AAA_Purple_4611;1600;4;15;Черная пятница;ст. Люберцы;Постамат;6400;240;11;704;414;5042;Склад 2;01.09.2025
ORD115371;Доставлен;52629278;FFF_Purple_6937;5990;3;0;Нет;ст. Пушкинские Горы;Постамат;17970;0;10;1797;317;15856;Склад 2;22.04.2025
ORD513224;В пути;84738673;HHH_White_1139;11000;3;15;Нет;клх Набережные Челны;Постамат;33000;1650;17;5610;482;25258;Склад 1;20.05.2025
ORD814826;Доставлен;86313043;CCC_Purple_9765;3490;4;5;Новогодняя распродажа;г. Белокуриха;Постамат;13960;174,5;16;2233,6;161;11390,9;Склад 1;20.04.2025
ORD302997;Отменен;33191023;AAA_Purple_3038;5180;3;15;Новогодняя распродажа;к. Хоста;Постамат;15540;777;17;2641,8;291;11830,2;Склад 1;03.04.2025
ORD826090;В пути;98709059;AAA_Pink_6723;2500;1;20;Черная пятница;п. Карабудахкент;ПВЗ;2500;500;13;325;315;1360;Склад 1;26.08.2025
ORD145724;Доставлен;31743322;FFF_Pink_6385;11100;4;10;Нет;д. Красноярск;Постамат;44400;1110;15;6660;296;36334;Склад 2;15.01.2025
ORD503644;Доставлен;39497042;BBB_White_2474;2000;2;0;Нет;ст. Терскол;Постамат;4000;0;17;680;420;2900;Склад 1;21.03.2025
ORD651044;Отменен;77282880;EEE_Purple_1729;5580;4;20;Новогодняя распродажа;п. Гатчина;Курьер;22320;1116;14;3124,8;368;17711,2;Склад 3;05.01.2025
ORD986719;Отменен;45437720;DDD_Black_8635;2850;1;20;Новогодняя распродажа;к. Выборг;Постамат;2850;570;16;456;150;1674;Склад 2;18.06.2025
ORD441178;Отменен;43022400;BBB_Red_2345;2980;1;5;Черная пятница;ст. Ербогачен;Курьер;2980;149;17;506,6;238;2086,4;Склад 3;07.03.2025
ORD973320;В пути;32997683;CCC_Purple_7445;2780;1;10;Нет;ст. Касимов;ПВЗ;2780;278;12;333,6;235;1933,4;Склад 2;19.07.2025
ORD501413;Доставлен;62021585;FFF_Clear_3735;1860;1;10;Нет;г. Советский;ПВЗ;1860;186;10;186;326;1162;Склад 2;03.09.2025
ORD820501;Отменен;18885984;DDD_Purple_4347;6200;1;0;Черная пятница;г. Саранск;Постамат;6200;0;15;930;216;5054;Склад 3;06.08.2025
ORD780430;В пути;42668897;FFF_Clear_6850;7380;2;5;Черная пятница;клх Воскресенск;ПВЗ;14760;369;10;1476;146;12769;Склад 1;16.07.2025
ORD489826;В пути;28525798;CCC_Red_6375;6050;3;0;Новогодняя распродажа;клх Южноуральск;Постамат;18150;0;17;3085,5;361;14703,5;Склад 1;06.05.2025
ORD514903;В пути;93626225;FFF_Clear_4303;9990;1;15;Новогодняя распродажа;к. Ростов-на-Дону;ПВЗ;9990;1498,5;17;1698,3;440;6353,2;Склад 3;27.09.2025
ORD751561;Отменен;73722467;FFF_Purple_9236;5500;1;20;Черная пятница;ст. Плес;Постамат;5500;1100;18;990;472;2938;Склад 1;23.04.2025
ORD220278;Отменен;14926551;HHH_Blue_4428;5990;4;0;Черная пятница;д. Орск;Постамат;23960;0;16;3833,6;489;19637,4;Склад 2;30.07.2025
ORD198882;Доставлен;28525798;CCC_Red_6375;6050;2;20;Нет;п. Курумкан;Курьер;12100;1210;10;1210;412;9268;Склад 2;18.03.2025
ORD625039;Доставлен;19861565;AAA_Red_7612;6580;2;5;Черная пятница;д. Алапаевск;Курьер;13160;329;12;1579,2;155;11096,8;Склад 2;05.08.2025
ORD209081;Отменен;76003966;CCC_Blue_7273;5990;3;15;Черная пятница;к. Уренгой;Курьер;17970;898,5;18;3234,6;441;13395,9;Склад 1;20.09.2025
ORD559648;В пути;12307278;DDD_White_5998;7522;2;5;Нет;с. Псков;Курьер;15044;376,1;11;1654,84;259;12754,06;Склад 1;10.08.2025
ORD216659;В пути;29195433;GGG_Titanium_4026;2980;4;15;Черная пятница;г. Гдов;Постамат;11920;447;16;1907,2;391;9174,8;Склад 3;07.03.2025
ORD356909;В пути;96447831;DDD_Clear_8095;6954;4;15;Новогодняя распродажа;г. Дивногорск;ПВЗ;27816;1043,1;17;4728,72;312;21732,18;Склад 2;10.01.2025
ORD451886;Доставлен;87233179;DDD_Blue_9263;5500;3;20;Новогодняя распродажа;ст. Геленджик;Постамат;16500;1100;13;2145;431;12824;Склад 3;13.09.2025
ORD921254;В пути;52953466;BBB_Pink_4023;2490;4;5;Нет;г. Россошь;Курьер;9960;124,5;13;1294,8;270;8270,7;Склад 1;20.07.2025
ORD640344;Доставлен;26194974;AAA_Black_7725;3380;1;5;Черная пятница;ст. Новая Игирма;Курьер;3380;169;15;507;124;2580;Склад 3;04.02.2025
ORD196090;Доставлен;86221208;DDD_Clear_1598;6580;1;0;Новогодняя распродажа;клх Саранск;ПВЗ;6580;0;18;1184,4;322;5073,6;Склад 1;23.01.2025
ORD149240;В пути;55041656;AAA_Green_9617;2790;4;5;Новогодняя распродажа;г. Владикавказ;Курьер;11160;139,5;12;1339,2;168;9513,3;Склад 2;01.01.2025
ORD342944;В пути;60736622;HHH_Pink_2327;9380;3;0;Новогодняя распродажа;клх Саранск;Постамат;28140;0;19;5346,6;486;22307,4;Склад 2;13.05.2025
ORD408447;Отменен;89466257;FFF_Green_6760;7828;2;10;Новогодняя распродажа;ст. Хатанга;Постамат;15656;782,8;15;2348,4;310;12214,8;Склад 1;26.07.2025
ORD205937;Отменен;68280793;CCC_Titanium_8586;3380;3;10;Черная пятница;г. Ростов;Постамат;10140;338;19;1926,6;321;7554,4;Склад 1;04.02.2025
ORD305513;В пути;60315278;FFF_Purple_3751;1020;2;10;Черная пятница;ст. Ржев;Постамат;2040;102;10;204;462;1272;Склад 1;11.08.2025
ORD381096;Доставлен;40877478;CCC_Pink_4994;4990;4;5;Черная пятница;д. Рыльск;Постамат;19960;249,5;11;2195,6;349;17165,9;Склад 2;04.08.2025
ORD514445;Доставлен;84822158;BBB_Blue_9580;5500;4;5;Черная пятница;п. Качканар;ПВЗ;22000;275;18;3960;221;17544;Склад 1;01.03.2025
ORD211796;Доставлен;59775520;HHH_Purple_5299;490;1;0;Новогодняя распродажа;клх Шатура;Постамат;490;0;18;88,2;218;183,8;Склад 2;17.08.2025
ORD468719;Доставлен;54781961;DDD_Titanium_1016;7522;2;15;Нет;с. Чокурдах;Курьер;15044;1128,3;14;2106,16;300;11509,54;Склад 3;10.08.2025
ORD291360;Доставлен;59240777;DDD_Titanium_5938;1220;3;0;Нет;г. Кизляр;Курьер;3660;0;17;622,2;446;2591,8;Склад 2;24.06.2025
ORD265443;Отменен;67131607;GGG_Green_4909;1180;4;10;Новогодняя распродажа;с. Сызрань;Курьер;4720;118;18;849,6;417;3335,4;Склад 3;16.08.2025
ORD909610;В пути;74784496;EEE_Red_7366;11100;3;0;Новогодняя распродажа;ст. Верхний Баскунчак;Курьер;33300;0;10;3330;485;29485;Склад 2;14.09.2025
ORD737810;Отменен;44703697;CCC_Black_8407;4980;1;15;Нет;г. Череповец;ПВЗ;4980;747;15;747;128;3358;Склад 2;04.04.2025
ORD872803;Доставлен;49991507;CCC_Blue_6413;11990;2;5;Нет;к. Корсаков;Курьер;23980;599,5;18;4316,4;207;18857,1;Склад 1;24.09.2025
ORD671843;Доставлен;18140841;EEE_Pink_1003;4980;2;0;Новогодняя распродажа;г. Приморско-Ахтарск;ПВЗ;9960;0;13;1294,8;132;8533,2;Склад 2;01.04.2025
ORD558972;Доставлен;20862535;FFF_Titanium_4702;5580;4;10;Новогодняя распродажа;с. Новомосковск;Курьер;22320;558;13;2901,6;400;18460,4;Склад 1;11.02.2025
ORD156849;Доставлен;78108555;BBB_Green_2236;6050;2;10;Черная пятница;с. Темрюк;ПВЗ;12100;605;17;2057;156;9282;Склад 1;07.05.2025
ORD910729;В пути;52067394;HHH_Black_4225;940;4;5;Черная пятница;д. Чегем;ПВЗ;3760;47;13;488,8;139;3085,2;Склад 1;14.04.2025
ORD709793;Доставлен;45437720;DDD_Black_8635;2850;1;0;Нет;г. Чайковский;ПВЗ;2850;0;10;285;324;2241;Склад 2;16.03.2025
ORD192980;В пути;21200354;DDD_Purple_3766;5990;2;15;Новогодняя распродажа;с. Красная Поляна;Курьер;11980;898,5;19;2276,2;264;8541,3;Склад 1;24.04.2025
ORD383122;Доставлен;95808454;AAA_Clear_6434;3600;4;5;Нет;д. Хоста;ПВЗ;14400;180;15;2160;386;11674;Склад 3;19.01.2025
ORD827684;В пути;28227796;EEE_Blue_6964;5200;3;0;Черная пятница;с. Нефтеюганск;Постамат;15600;0;18;2808;294;12498;Склад 3;09.02.2025
ORD640455;Отменен;85884486;AAA_Red_7992;6580;4;20;Черная пятница;с. Учалы;Постамат;26320;1316;18;4737,6;270;19996,4;Склад 2;23.07.2025
ORD662108;Доставлен;47545727;AAA_Purple_8362;1800;2;10;Нет;п. Тула;Курьер;3600;180;10;360;270;2790;Склад 1;27.05.2025
ORD125466;В пути;78585756;AAA_Titanium_1682;6580;1;15;Черная пятница;к. Асино;Постамат;6580;987;11;723,8;448;4421,2;Склад 3;05.05.2025
ORD949305;Отменен;42373022;EEE_Black_2283;5500;2;15;Новогодняя распродажа;г. Льгов;Постамат;11000;825;13;1430;258;8487;Склад 2;14.08.2025
ORD760567;Доставлен;59404266;GGG_Pink_4100;6090;2;15;Нет;с. Кузнецк;Постамат;12180;913,5;13;1583,4;233;9450,1;Склад 2;03.04.2025
ORD821671;Доставлен;95405398;GGG_Green_2022;2100;4;10;Новогодняя распродажа;к. Бреды;Курьер;8400;210;16;1344;235;6611;Склад 2;16.09.2025
ORD492144;Доставлен;33336859;BBB_Blue_8197;6000;3;0;Новогодняя распродажа;г. Приморско-Ахтарск;Курьер;18000;0;16;2880;178;14942;Склад 2;02.01.2025
ORD511565;В пути;85129002;FFF_Black_7791;4990;2;5;Черная пятница;с. Шатки;Постамат;9980;249,5;14;1397,2;444;7889,3;Склад 2;28.06.2025
ORD667832;В пути;40509576;HHH_Purple_7128;7180;3;0;Новогодняя распродажа;клх Малая Вишера;Курьер;21540;0;12;2584,8;158;18797,2;Склад 1;12.09.2025
ORD423278;Отменен;95925500;HHH_Black_4644;5100;4;5;Нет;п. Сосновый Бор;ПВЗ;20400;255;13;2652;463;17030;Склад 1;05.08.2025
ORD759795;В пути;44373202;AAA_Purple_7609;1580;3;15;Новогодняя распродажа;д. Пинега;Постамат;4740;237;15;711;213;3579;Склад 1;05.01.2025
ORD350118;В пути;91763078;CCC_Clear_8930;1080;4;0;Новогодняя распродажа;ст. Нефтекамск;Курьер;4320;0;14;604,8;459;3256,2;Склад 1;20.01.2025
ORD909856;Доставлен;91929436;HHH_Red_3612;2700;1;15;Новогодняя распродажа;с. Комсомольск-на-Амуре;Курьер;2700;405;11;297;416;1582;Склад 2;12.05.2025
ORD967108;Доставлен;10991330;GGG_Green_7035;2600;3;20;Новогодняя распродажа;д. Гатчина;Постамат;7800;520;16;1248;332;5700;Склад 2;18.05.2025
ORD733141;Доставлен;70540068;HHH_Green_5116;4780;3;15;Новогодняя распродажа;ст. Тула;Курьер;14340;717;10;1434;367;11822;Склад 3;27.03.2025
ORD660038;Доставлен;25995510;EEE_Clear_8415;4600;1;15;Черная пятница;ст. Оленек;Постамат;4600;690;13;598;230;3082;Склад 3;14.07.2025
ORD154469;Доставлен;90003367;BBB_Clear_6703;7180;3;5;Нет;г. Всеволожск;Курьер;21540;359;17;3661,8;329;17190,2;Склад 1;17.04.2025
ORD686846;Доставлен;51675683;DDD_Pink_4683;6000;1;20;Черная пятница;д. Урюпинск;ПВЗ;6000;1200;10;600;216;3984;Склад 2;05.01.2025
ORD525288;Доставлен;67674825;GGG_Blue_3878;3380;2;15;Нет;с. Воркута;Постамат;6760;507;15;1014;260;4979;Склад 3;02.02.2025
ORD504075;Отменен;52308782;AAA_Clear_6277;3980;4;15;Нет;д. Архангельск;ПВЗ;15920;597;13;2069,6;405;12848,4;Склад 3;17.06.2025
ORD536764;Отменен;33351587;CCC_Black_6996;9980;1;20;Нет;с. Дно;Постамат;9980;1996;10;998;197;6789;Склад 3;08.09.2025
ORD949356;Отменен;18156492;GGG_Pink_4591;5980;3;20;Нет;с. Карабудахкент;Курьер;17940;1196;11;1973,4;435;14335,6;Склад 3;31.01.2025
ORD719909;Отменен;56270048;HHH_Black_8961;7180;1;0;Нет;ст. Апатиты;ПВЗ;7180;0;19;1364,2;250;5565,8;Склад 1;19.02.2025
ORD768480;Доставлен;42236708;HHH_Green_6711;5580;3;5;Новогодняя распродажа;д. Павловский Посад;Курьер;16740;279;15;2511;312;13638;Склад 2;09.03.2025
ORD250484;Отменен;71218572;BBB_White_1747;3100;2;20;Черная пятница;ст. Прохладный;Постамат;6200;620;19;1178;476;3926;Склад 1;17.02.2025
ORD447865;Доставлен;88663806;AAA_Black_2640;1020;1;20;Черная пятница;д. Апатиты;Постамат;1020;204;15;153;372;291;Склад 3;14.07.2025
ORD284565;Отменен;17897185;BBB_Red_6872;4990;2;10;Новогодняя распродажа;с. Гремячинск (Бурят.);Постамат;9980;499;15;1497;358;7626;Склад 3;20.02.2025
ORD568859;В пути;73722467;FFF_Purple_9236;5500;4;20;Нет;г. Тулпан;Постамат;22000;1100;13;2860;384;17656;Склад 2;20.09.2025
ORD242725;Отменен;48819696;BBB_Black_2129;5100;3;5;Черная пятница;ст. Жигулевск;Постамат;15300;255;13;1989;467;12589;Склад 2;22.05.2025
ORD470540;Отменен;46303448;EEE_Green_9795;10400;3;15;Новогодняя распродажа;к. Ижевск;ПВЗ;31200;1560;12;3744;199;25697;Склад 1;03.02.2025
ORD760865;Доставлен;31910726;CCC_Green_9087;5700;2;15;Новогодняя распродажа;ст. Билибино;Постамат;11400;855;13;1482;345;8718;Склад 2;04.02.2025
ORD153293;Отменен;10052142;HHH_Black_9818;2880;4;15;Черная пятница;д. Анива;Курьер;11520;432;14;1612,8;260;9215,2;Склад 1;02.04.2025
ORD935423;В пути;91197986;FFF_Clear_7187;3100;1;15;Черная пятница;ст. Усолье Сибирское;ПВЗ;3100;465;11;341;104;2190;Склад 1;25.03.2025
ORD756242;Доставлен;33947909;HHH_Red_7905;6000;1;10;Нет;ст. Прохладный;Курьер;6000;600;12;720;150;4530;Склад 3;27.06.2025
ORD196432;Доставлен;34657339;BBB_Titanium_6310;5500;3;20;Нет;п. Онега;Постамат;16500;1100;12;1980;229;13191;Склад 1;20.09.2025
ORD763225;Отменен;45016869;GGG_Black_6808;3490;2;15;Черная пятница;клх Избербаш;Курьер;6980;523,5;14;977,2;325;5154,3;Склад 3;28.09.2025
ORD666379;Доставлен;64604307;GGG_Titanium_9467;6980;2;0;Нет;д. Зеленоград;ПВЗ;13960;0;16;2233,6;452;11274,4;Склад 1;08.07.2025
ORD296659;Доставлен;96414579;HHH_Pink_7270;3500;1;15;Новогодняя распродажа;п. Азов (Рост.);ПВЗ;3500;525;18;630;416;1929;Склад 1;17.05.2025
ORD106646;Доставлен;28227796;EEE_Blue_6964;5200;4;20;Нет;к. Певек;ПВЗ;20800;1040;12;2496;321;16943;Склад 2;08.04.2025
ORD453492;Доставлен;70160612;AAA_Purple_3399;7828;4;15;Нет;д. Аша;Курьер;31312;1174,2;11;3444,32;129;26564,48;Склад 2;27.05.2025
ORD801630;Доставлен;54251905;HHH_Green_1705;2000;1;10;Новогодняя распродажа;г. Зеленоград;ПВЗ;2000;200;13;260;214;1326;Склад 3;16.09.2025
ORD575782;Доставлен;45963238;FFF_Titanium_5998;2600;1;5;Нет;д. Невельск;Курьер;2600;130;18;468;246;1756;Склад 2;03.04.2025
ORD278308;В пути;48742299;CCC_Pink_8383;11100;2;5;Новогодняя распродажа;клх Ноглики;Постамат;22200;555;10;2220;348;19077;Склад 1;30.06.2025
ORD727080;Отменен;32219595;GGG_Pink_3942;2200;4;20;Нет;клх Кыштым;Постамат;8800;440;16;1408;125;6827;Склад 3;12.04.2025
ORD557526;В пути;11146662;BBB_Pink_2708;1000;1;5;Черная пятница;ст. Котельнич;Курьер;1000;50;14;140;312;498;Склад 3;08.01.2025
ORD494032;Доставлен;19770679;HHH_Red_1115;7828;1;5;Нет;клх Можайск;ПВЗ;7828;391,4;11;861,08;460;6115,52;Склад 3;31.05.2025
ORD117561;Доставлен;26751676;CCC_Clear_7128;3500;3;0;Черная пятница;к. Видное;Курьер;10500;0;13;1365;382;8753;Склад 1;22.06.2025
ORD381541;Отменен;69371023;AAA_Red_8534;6180;1;20;Черная пятница;клх Шаховская;Курьер;6180;1236;12;741,6;418;3784,4;Склад 2;03.01.2025
ORD369860;В пути;58035424;DDD_Purple_3955;2700;1;20;Черная пятница;клх Бодайбо;Курьер;2700;540;18;486;372;1302;Склад 3;28.07.2025
ORD889699;Отменен;51684723;DDD_Green_6168;7180;4;5;Черная пятница;п. Буденновск;Постамат;28720;359;14;4020,8;182;24158,2;Склад 1;29.04.2025
ORD481263;В пути;90003367;BBB_Clear_6703;7180;2;5;Черная пятница;ст. Лазаревское;Курьер;14360;359;15;2154;144;11703;Склад 2;21.06.2025
ORD412131;Доставлен;54599649;HHH_Clear_7934;7380;4;5;Новогодняя распродажа;клх Снежинск;Постамат;29520;369;15;4428;431;24292;Склад 2;13.01.2025
ORD411087;Отменен;13391135;DDD_Blue_4643;3490;2;10;Новогодняя распродажа;д. Шарья;Курьер;6980;349;16;1116,8;378;5136,2;Склад 3;06.04.2025
ORD862496;Отменен;12133233;FFF_Titanium_8960;4100;3;15;Новогодняя распродажа;ст. Галич;Постамат;12300;615;14;1722;330;9633;Склад 1;15.02.2025
ORD269180;Доставлен;45162734;BBB_Green_6613;5500;1;10;Черная пятница;г. Обоянь;Курьер;5500;550;10;550;175;4225;Склад 2;06.06.2025
ORD823882;Отменен;86056168;FFF_Green_1588;11000;3;20;Нет;ст. Инта;Курьер;33000;2200;13;4290;341;26169;Склад 1;13.02.2025
ORD227315;В пути;67418195;CCC_Pink_6473;5380;2;0;Новогодняя распродажа;г. Оха;ПВЗ;10760;0;11;1183,6;112;9464,4;Склад 2;04.08.2025
ORD614678;В пути;56052630;FFF_Blue_4443;2780;4;15;Нет;д. Славянск-на-Кубани;ПВЗ;11120;417;16;1779,2;147;8776,8;Склад 3;25.08.2025
ORD778423;В пути;22270955;CCC_Purple_4954;2980;4;0;Нет;ст. Волоколамск;Курьер;11920;0;10;1192;224;10504;Склад 3;26.07.2025
ORD117318;В пути;75174314;AAA_Green_5116;7380;3;20;Черная пятница;к. Дубна;Курьер;22140;1476;15;3321;277;17066;Склад 2;23.01.2025
ORD534747;Доставлен;36659027;FFF_Titanium_2399;5300;2;20;Черная пятница;ст. Чокурдах;Курьер;10600;1060;12;1272;148;8120;Склад 1;20.07.2025
ORD713506;Отменен;42624136;BBB_Green_8505;9180;3;0;Черная пятница;п. Саянск;Курьер;27540;0;19;5232,6;147;22160,4;Склад 2;07.04.2025
ORD134450;В пути;15752189;HHH_Pink_7554;5100;3;0;Новогодняя распродажа;с. Новомичуринск;ПВЗ;15300;0;13;1989;390;12921;Склад 1;25.08.2025
ORD632986;Доставлен;58035424;DDD_Purple_3955;2700;1;0;Черная пятница;г. Черняховск;Постамат;2700;0;13;351;327;2022;Склад 2;08.09.2025
ORD153637;Отменен;96125000;FFF_Clear_9868;5560;3;20;Новогодняя распродажа;с. Макаров;Курьер;16680;1112;19;3169,2;313;12085,8;Склад 3;07.09.2025
ORD817041;Отменен;12494667;EEE_Purple_6829;2980;1;5;Новогодняя распродажа;ст. Бийск;ПВЗ;2980;149;14;417,2;280;2133,8;Склад 1;02.07.2025
ORD169021;Доставлен;68446959;HHH_Blue_5098;5980;1;0;Новогодняя распродажа;д. Мезень;Курьер;5980;0;19;1136,2;490;4353,8;Склад 3;10.01.2025
ORD107281;Доставлен;52491122;BBB_Titanium_6217;5980;4;15;Новогодняя распродажа;к. Серпухов;Курьер;23920;897;10;2392;119;20512;Склад 1;11.09.2025
ORD586431;В пути;18140841;EEE_Pink_1003;4980;1;20;Черная пятница;к. Жуковский;Постамат;4980;996;13;647,4;172;3164,6;Склад 2;06.02.2025
ORD921898;Отменен;42669478;FFF_Black_3829;11100;1;10;Новогодняя распродажа;с. Щелково;Курьер;11100;1110;16;1776;359;7855;Склад 3;23.04.2025
ORD643828;Отменен;42668897;FFF_Clear_6850;7380;4;10;Черная пятница;клх Хоста;Курьер;29520;738;18;5313,6;154;23314,4;Склад 3;15.01.2025
ORD103309;Доставлен;91076807;AAA_Red_5295;3090;3;15;Черная пятница;п. Чулым;Постамат;9270;463,5;12;1112,4;335;7359,1;Склад 1;30.08.2025
ORD836077;Отменен;52732703;CCC_Pink_7226;6200;2;5;Новогодняя распродажа;к. Белорецк;Постамат;12400;310;19;2356;327;9407;Склад 1;17.05.2025
ORD735168;В пути;27995241;GGG_Blue_6871;2490;2;0;Черная пятница;ст. Терней;Постамат;4980;0;15;747;488;3745;Склад 1;24.08.2025
ORD706189;Отменен;82500306;FFF_Green_5531;5500;2;20;Нет;п. Елец;Постамат;11000;1100;18;1980;453;7467;Склад 3;11.08.2025
ORD967710;Доставлен;87335782;AAA_Purple_3401;7990;3;0;Черная пятница;клх Кырен;ПВЗ;23970;0;13;3116,1;478;20375,9;Склад 2;07.07.2025
ORD929650;Доставлен;83149727;CCC_Purple_9600;5990;1;20;Черная пятница;г. Кашира;ПВЗ;5990;1198;12;718,8;145;3928,2;Склад 1;16.06.2025
ORD395810;В пути;63266145;BBB_Clear_1709;1950;2;10;Новогодняя распродажа;д. Домодедово;ПВЗ;3900;195;19;741;447;2517;Склад 2;11.08.2025
ORD195407;В пути;54290924;DDD_Green_9078;7180;3;0;Новогодняя распродажа;г. Новосибирск;Курьер;21540;0;19;4092,6;151;17296,4;Склад 1;06.07.2025
ORD611518;Отменен;69371023;AAA_Red_8534;6180;1;15;Черная пятница;д. Нальчик;Постамат;6180;927;14;865,2;353;4034,8;Склад 2;03.03.2025
ORD747248;Отменен;37857061;AAA_Black_9470;2900;4;5;Новогодняя распродажа;к. Елец;Постамат;11600;145;10;1160;388;9907;Склад 1;10.03.2025
ORD457094;Доставлен;70591490;GGG_Red_8906;3500;2;15;Нет;с. Нижнеудинск;ПВЗ;7000;525;11;770;164;5541;Склад 2;23.07.2025
ORD592886;В пути;63259901;CCC_White_6266;5100;1;5;Нет;ст. Ярославль;Курьер;5100;255;15;765;353;3727;Склад 3;20.04.2025
ORD414614;В пути;69561939;BBB_Clear_1569;6180;2;0;Новогодняя распродажа;к. Катайск;Курьер;12360;0;10;1236;120;11004;Склад 1;15.01.2025
ORD836798;В пути;99198177;AAA_Green_5033;7300;2;0;Черная пятница;с. Апатиты;Курьер;14600;0;13;1898;217;12485;Склад 1;02.05.2025
ORD989434;Отменен;91669332;FFF_Green_3427;11990;2;5;Нет;с. Новый Оскол;ПВЗ;23980;599,5;13;3117,4;468;19795,1;Склад 3;03.04.2025
ORD653570;В пути;74517804;GGG_Blue_2602;250;1;10;Нет;с. Лесной (Сверд.);Курьер;250;25;17;42,5;168;14,5;Склад 1;12.01.2025
ORD143693;Доставлен;22172016;BBB_White_7075;6200;3;20;Черная пятница;клх Хужир;Курьер;18600;1240;10;1860;126;15374;Склад 1;17.06.2025
ORD659679;Доставлен;18140841;EEE_Pink_1003;4980;1;15;Новогодняя распродажа;к. Дербент;Курьер;4980;747;14;697,2;277;3258,8;Склад 3;02.05.2025
ORD406973;Отменен;99733880;HHH_Pink_7833;2980;2;15;Нет;с. Ессентуки;Постамат;5960;447;15;894;440;4179;Склад 3;08.03.2025
ORD755039;Отменен;95405398;GGG_Green_2022;2100;1;15;Черная пятница;ст. Сосьва (Хант.);ПВЗ;2100;315;16;336;130;1319;Склад 2;03.08.2025
ORD893705;В пути;81808188;CCC_Pink_8696;5980;4;0;Черная пятница;п. Приморско-Ахтарск;Постамат;23920;0;14;3348,8;242;20329,2;Склад 3;17.02.2025
ORD214808;Отменен;13544308;BBB_Titanium_5322;10880;3;15;Нет;ст. Алексин;Постамат;32640;1632;13;4243,2;459;26305,8;Склад 3;06.01.2025
ORD262034;Доставлен;16225379;AAA_Purple_1560;6190;1;20;Новогодняя распродажа;с. Адлер;ПВЗ;6190;1238;16;990,4;147;3814,6;Склад 1;23.04.2025
ORD473938;В пути;42123172;AAA_White_3643;2050;4;20;Нет;с. Лазаревское;Постамат;8200;410;18;1476;224;6090;Склад 3;21.02.2025
ORD573969;Доставлен;57412404;FFF_Green_9000;4700;3;5;Черная пятница;п. Карачаевск;Курьер;14100;235;16;2256;411;11198;Склад 1;31.07.2025
ORD337708;В пути;36508832;HHH_Red_5637;2890;4;0;Нет;с. Магадан;Курьер;11560;0;19;2196,4;317;9046,6;Склад 3;22.09.2025
ORD650505;Отменен;96348851;FFF_Titanium_3323;11100;3;20;Новогодняя распродажа;п. Городовиковск;Курьер;33300;2220;17;5661;432;24987;Склад 3;16.08.2025
ORD248484;В пути;11575539;HHH_Blue_8671;5500;1;10;Черная пятница;клх Сузун;Курьер;5500;550;17;935;144;3871;Склад 2;21.08.2025
ORD536821;В пути;78585756;AAA_Titanium_1682;6580;4;0;Новогодняя распродажа;ст. Завьялиха;ПВЗ;26320;0;11;2895,2;468;22956,8;Склад 3;03.02.2025
ORD143602;Доставлен;85674888;AAA_Blue_2952;1550;2;0;Нет;г. Нязепетровск;Постамат;3100;0;14;434;473;2193;Склад 3;28.06.2025
ORD961131;Доставлен;56604839;GGG_Titanium_3952;3490;4;20;Нет;с. Сеймчан;Постамат;13960;698;14;1954,4;162;11145,6;Склад 1;30.01.2025
ORD483286;В пути;67732421;HHH_Black_7854;7300;3;10;Новогодняя распродажа;клх Сковородино;Курьер;21900;730;12;2628;113;18429;Склад 1;21.03.2025
ORD460334;Отменен;52059480;BBB_Titanium_4146;4990;1;5;Нет;ст. Мыс Шмидта;Курьер;4990;249,5;15;748,5;495;3497;Склад 2;30.04.2025
ORD661223;Отменен;26878119;HHH_Purple_1747;4180;3;20;Новогодняя распродажа;п. Избербаш;Постамат;12540;836;12;1504,8;292;9907,2;Склад 3;18.06.2025
ORD500781;Доставлен;79490292;AAA_Black_3015;3490;4;10;Нет;ст. Вязьма;ПВЗ;13960;349;16;2233,6;328;11049,4;Склад 1;23.06.2025
ORD512332;Отменен;98761418;FFF_White_2354;3380;4;0;Новогодняя распродажа;п. Клин;Постамат;13520;0;14;1892,8;346;11281,2;Склад 3;10.06.2025
ORD257340;Доставлен;51575941;DDD_Purple_5314;3380;2;10;Новогодняя распродажа;ст. Данков;Курьер;6760;338;14;946,4;415;5060,6;Склад 2;18.09.2025
ORD115465;Отменен;28202461;GGG_Pink_9489;4980;1;0;Черная пятница;д. Печенга;Курьер;4980;0;19;946,2;424;3609,8;Склад 1;28.08.2025
ORD402896;В пути;44901759;GGG_Titanium_1488;3500;1;20;Черная пятница;д. Тырныауз;ПВЗ;3500;700;13;455;177;2168;Склад 1;31.05.2025
ORD133097;Доставлен;24148272;AAA_Pink_9594;3490;4;20;Новогодняя распродажа;к. Великие Луки;Постамат;13960;698;13;1814,8;194;11253,2;Склад 2;08.08.2025
ORD398986;Доставлен;55426923;AAA_Red_9393;7828;1;15;Нет;ст. Адыгейск;ПВЗ;7828;1174,2;13;1017,64;450;5186,16;Склад 3;17.01.2025
ORD136342;В пути;93363944;DDD_Blue_6449;580;2;15;Нет;г. Тосно;ПВЗ;1160;87;18;208,8;427;437,2;Склад 1;02.07.2025
ORD575924;Доставлен;10769708;CCC_Titanium_9741;5580;3;15;Нет;ст. Переславль-Залесский;Курьер;16740;837;14;2343,6;347;13212,4;Склад 1;10.06.2025
ORD169281;Отменен;26878119;HHH_Purple_1747;4180;1;20;Новогодняя распродажа;клх Калининград;Постамат;4180;836;16;668,8;497;2178,2;Склад 2;05.06.2025
ORD464110;Отменен;15752189;HHH_Pink_7554;5100;4;5;Новогодняя распродажа;к. Кимры;Курьер;20400;255;11;2244;394;17507;Склад 2;08.04.2025
ORD277300;Доставлен;51575941;DDD_Purple_5314;3380;3;20;Новогодняя распродажа;клх Салават;Постамат;10140;676;15;1521;186;7757;Склад 2;22.08.2025
ORD593065;Отменен;57461608;AAA_White_5001;3500;3;10;Новогодняя распродажа;ст. Мценск;Курьер;10500;350;12;1260;438;8452;Склад 3;15.02.2025
ORD607747;Доставлен;66519859;GGG_Purple_1694;4900;2;20;Черная пятница;ст. Бавлы;Курьер;9800;980;17;1666;265;6889;Склад 3;02.02.2025
ORD958081;В пути;58295345;GGG_Clear_8444;4700;4;20;Новогодняя распродажа;с. Южноуральск;Постамат;18800;940;18;3384;114;14362;Склад 3;15.09.2025
ORD628152;Доставлен;72536399;HHH_Titanium_2358;1600;1;0;Нет;с. Курган;Постамат;1600;0;17;272;228;1100;Склад 2;10.04.2025
ORD480021;В пути;29400855;HHH_White_3901;6580;4;0;Черная пятница;клх Кисловодск;Курьер;26320;0;17;4474,4;405;21440,6;Склад 1;11.02.2025
ORD711833;Отменен;70540068;HHH_Green_5116;4780;3;0;Нет;г. Кош-Агач;Постамат;14340;0;15;2151;484;11705;Склад 3;12.03.2025
ORD809952;В пути;34643765;GGG_Black_5712;6980;4;20;Новогодняя распродажа;с. Невинномысск;Курьер;27920;1396;17;4746,4;210;21567,6;Склад 2;11.05.2025
ORD772209;Отменен;96001367;AAA_Purple_5672;6580;1;5;Черная пятница;г. Шамары;Постамат;6580;329;14;921,2;198;5131,8;Склад 3;29.06.2025
ORD136398;Доставлен;24565729;HHH_White_4631;9180;1;10;Новогодняя распродажа;г. Сызрань;Курьер;9180;918;16;1468,8;325;6468,2;Склад 1;07.06.2025
ORD755486;Отменен;57338726;DDD_Red_2755;4980;2;10;Черная пятница;клх Александровск-Сахалинский;Курьер;9960;498;12;1195,2;424;7842,8;Склад 1;31.01.2025
ORD160379;Доставлен;62735299;DDD_Purple_9858;6980;1;5;Нет;д. Кежма;Курьер;6980;349;10;698;398;5535;Склад 2;29.04.2025
ORD398911;Доставлен;87448383;AAA_Green_2528;4300;1;5;Новогодняя распродажа;с. Домбай;ПВЗ;4300;215;14;602;323;3160;Склад 1;08.06.2025
ORD514015;В пути;83953719;BBB_Blue_5153;6980;4;10;Новогодняя распродажа;с. Павловская;Постамат;27920;698;14;3908,8;352;22961,2;Склад 2;14.07.2025
ORD721845;В пути;38916371;GGG_Blue_9644;8200;4;15;Черная пятница;г. Пятигорск;Курьер;32800;1230;12;3936;196;27438;Склад 2;22.09.2025
ORD623843;В пути;71446261;EEE_Titanium_2576;5180;3;0;Черная пятница;к. Горячинск;ПВЗ;15540;0;17;2641,8;273;12625,2;Склад 2;12.01.2025
ORD639831;В пути;39535140;HHH_Titanium_3434;3100;2;0;Новогодняя распродажа;с. Зеленоград;Курьер;6200;0;10;620;202;5378;Склад 2;08.07.2025
ORD199688;Отменен;84822158;BBB_Blue_9580;5500;4;10;Черная пятница;ст. Ставрополь;ПВЗ;22000;550;12;2640;453;18357;Склад 1;14.07.2025
ORD120463;Отменен;78752940;AAA_Pink_7909;7180;1;5;Новогодняя распродажа;ст. Ангарск;Курьер;7180;359;17;1220,6;145;5455,4;Склад 1;03.03.2025
ORD134331;Отменен;89466257;FFF_Green_6760;7828;3;15;Черная пятница;клх Клин;Курьер;23484;1174,2;14;3287,76;371;18651,04;Склад 1;06.02.2025
ORD685188;Доставлен;67732421;HHH_Black_7854;7300;4;10;Нет;с. Токма;ПВЗ;29200;730;17;4964;204;23302;Склад 1;16.08.2025
ORD915616;Отменен;46303448;EEE_Green_9795;10400;2;0;Черная пятница;г. Тольятти;ПВЗ;20800;0;15;3120;290;17390;Склад 2;16.07.2025
ORD943532;Отменен;67674825;GGG_Blue_3878;3380;2;20;Нет;ст. Объячево;Постамат;6760;676;19;1284,4;219;4580,6;Склад 2;08.01.2025
ORD453407;Отменен;38119865;GGG_Blue_2701;5380;3;5;Черная пятница;с. Томпа;Постамат;16140;269;15;2421;229;13221;Склад 1;17.03.2025
ORD161229;В пути;80700206;BBB_Black_9217;2780;3;20;Черная пятница;с. Стерлитамак;ПВЗ;8340;556;10;834;204;6746;Склад 3;09.01.2025
ORD918216;Отменен;47631395;BBB_Purple_1482;5580;3;10;Новогодняя распродажа;клх Ершов;Постамат;16740;558;13;2176,2;401;13604,8;Склад 3;08.04.2025
ORD494826;Доставлен;36496711;GGG_Blue_5448;6736;3;0;Черная пятница;с. Зеленогорск (Ленин.);ПВЗ;20208;0;11;2222,88;246;17739,12;Склад 3;20.03.2025
ORD613479;В пути;16337630;EEE_Blue_8965;4100;3;15;Черная пятница;д. Чермоз;Постамат;12300;615;19;2337;390;8958;Склад 1;20.08.2025
ORD205325;Доставлен;20862535;FFF_Titanium_4702;5580;1;20;Нет;к. Агинское (Забайк.);Курьер;5580;1116;11;613,8;282;3568,2;Склад 2;02.04.2025
ORD890544;Отменен;30512809;BBB_Blue_2694;2690;1;15;Черная пятница;к. Камышин;Постамат;2690;403,5;13;349,7;318;1618,8;Склад 2;05.08.2025
ORD791478;В пути;51023847;FFF_Green_1065;4990;4;0;Новогодняя распродажа;ст. Нарьян-Мар;Курьер;19960;0;12;2395,2;317;17247,8;Склад 3;29.08.2025
ORD809692;Доставлен;14809114;FFF_Clear_3563;2980;2;20;Нет;к. Аршан (Бурят.);Курьер;5960;596;18;1072,8;490;3801,2;Склад 3;04.06.2025
ORD754062;Отменен;92713858;AAA_Green_1858;2180;1;15;Новогодняя распродажа;д. Серов;Постамат;2180;327;13;283,4;246;1323,6;Склад 2;11.04.2025
ORD984157;Доставлен;88421485;DDD_Clear_8430;4200;1;15;Новогодняя распродажа;п. Снежногорск (Мурм.);ПВЗ;4200;630;19;798;183;2589;Склад 3;12.04.2025
ORD259239;Доставлен;28227796;EEE_Blue_6964;5200;1;20;Новогодняя распродажа;клх Верещагино (Перм.);Курьер;5200;1040;10;520;464;3176;Склад 3;09.06.2025
ORD626056;Доставлен;12133233;FFF_Titanium_8960;4100;4;0;Новогодняя распродажа;с. Якша;Курьер;16400;0;11;1804;169;14427;Склад 2;07.07.2025
ORD241681;Отменен;83675423;BBB_White_7079;4990;3;15;Нет;с. Неплюевка;Постамат;14970;748,5;12;1796,4;433;11992,1;Склад 3;29.08.2025
ORD120076;Отменен;95592350;DDD_Green_6347;11100;4;10;Черная пятница;г. Игнашино;ПВЗ;44400;1110;18;7992;160;35138;Склад 3;22.03.2025
ORD253893;Доставлен;89459784;FFF_Purple_8560;6580;2;20;Новогодняя распродажа;ст. Невьянск;ПВЗ;13160;1316;18;2368,8;363;9112,2;Склад 1;26.03.2025
ORD586236;В пути;93873429;CCC_Green_3835;6000;2;5;Нет;к. Выборг;Постамат;12000;300;10;1200;160;10340;Склад 3;19.05.2025
ORD848199;В пути;12157882;CCC_Blue_4419;1600;2;5;Новогодняя распродажа;г. Яшалта;ПВЗ;3200;80;10;320;469;2331;Склад 1;29.06.2025
ORD838198;Отменен;10145273;DDD_Red_7490;3490;2;0;Черная пятница;с. Усинск;Постамат;6980;0;17;1186,6;326;5467,4;Склад 2;28.06.2025
ORD464692;Отменен;73450118;BBB_White_3695;4980;1;10;Нет;с. Чебаркуль;Постамат;4980;498;11;547,8;231;3703,2;Склад 1;01.05.2025
ORD917615;Отменен;55418733;EEE_Purple_9330;11100;1;15;Нет;с. Верхнее Пенжино;Постамат;11100;1665;11;1221;156;8058;Склад 2;03.02.2025
ORD574050;Отменен;46140671;BBB_Black_8066;7300;4;5;Черная пятница;ст. Армавир;Курьер;29200;365;10;2920;248;25667;Склад 1;05.09.2025
ORD211516;Отменен;98269250;GGG_Blue_2162;5580;3;0;Нет;п. Краснодар;Курьер;16740;0;10;1674;382;14684;Склад 1;14.09.2025
ORD827568;В пути;96700442;BBB_Red_9074;7380;2;10;Черная пятница;ст. Устюжна;Курьер;14760;738;12;1771,2;253;11997,8;Склад 1;15.01.2025
ORD550288;Отменен;65489961;HHH_Clear_2252;6420;4;10;Нет;п. Бийск;Постамат;25680;642;10;2568;198;22272;Склад 3;10.02.2025
ORD480944;Доставлен;37600233;AAA_Green_9915;980;1;0;Нет;клх Орск;Курьер;980;0;13;127,4;330;522,6;Склад 3;16.04.2025
ORD658509;Доставлен;33958975;HHH_Clear_1031;4990;1;0;Черная пятница;клх Бомнак;Курьер;4990;0;18;898,2;267;3824,8;Склад 3;18.07.2025
ORD954813;В пути;87709977;GGG_Black_5508;5648;3;15;Черная пятница;с. Россошь;Курьер;16944;847,2;13;2202,72;166;13728,08;Склад 3;30.05.2025
ORD618197;Доставлен;69371023;AAA_Red_8534;6180;3;0;Нет;г. Абинск;Постамат;18540;0;17;3151,8;161;15227,2;Склад 3;06.03.2025
ORD654782;В пути;61524158;FFF_Blue_7386;5100;3;15;Нет;г. Дудинка;Постамат;15300;765;10;1530;382;12623;Склад 1;24.08.2025
ORD567097;В пути;55667150;CCC_Green_3664;5580;4;15;Черная пятница;г. Усть-Баргузин;Постамат;22320;837;16;3571,2;489;17422,8;Склад 3;25.03.2025
ORD597590;Доставлен;33858877;FFF_Blue_7743;6990;1;20;Черная пятница;к. Курганинск;Курьер;6990;1398;13;908,7;193;4490,3;Склад 2;13.01.2025
ORD233572;Отменен;56604839;GGG_Titanium_3952;3490;1;10;Нет;д. Коломна;ПВЗ;3490;349;17;593,3;409;2138,7;Склад 1;16.07.2025
ORD355212;Доставлен;77282880;EEE_Purple_1729;5580;3;10;Нет;ст. Троицк (Моск.);Курьер;16740;558;11;1841,4;135;14205,6;Склад 1;18.07.2025
ORD117604;Доставлен;14268446;AAA_Clear_1693;11100;2;10;Нет;с. Апшеронск;Курьер;22200;1110;18;3996;252;16842;Склад 2;24.04.2025
ORD371990;В пути;47380526;EEE_White_3357;4990;3;20;Черная пятница;ст. Майкоп;Постамат;14970;998;12;1796,4;302;11873,6;Склад 3;07.07.2025
ORD361755;Доставлен;38203618;EEE_Pink_1768;5980;4;15;Нет;к. Шатой;Постамат;23920;897;13;3109,6;207;19706,4;Склад 2;29.08.2025
ORD321451;В пути;58217246;EEE_Green_7533;6580;3;15;Новогодняя распродажа;с. Луга;Курьер;19740;987;19;3750,6;311;14691,4;Склад 1;06.03.2025
ORD262621;Отменен;88663806;AAA_Black_2640;1020;3;0;Черная пятница;п. Волоколамск;Курьер;3060;0;15;459;453;2148;Склад 1;08.02.2025
ORD230507;Отменен;49463647;FFF_Black_8837;11100;4;20;Нет;д. Ярославль;ПВЗ;44400;2220;13;5772;477;35931;Склад 1;06.02.2025
ORD441524;Отменен;55765055;FFF_Clear_1289;2980;3;0;Черная пятница;к. Лабинск;ПВЗ;8940;0;19;1698,6;140;7101,4;Склад 2;17.03.2025
ORD823562;Доставлен;43094185;CCC_White_6356;4700;1;20;Новогодняя распродажа;клх Курчатов;Постамат;4700;940;13;611;208;2941;Склад 3;11.06.2025
ORD769757;В пути;62021585;FFF_Clear_3735;1860;2;0;Черная пятница;с. Курган;ПВЗ;3720;0;10;372;491;2857;Склад 1;11.06.2025
ORD503252;Отменен;72155725;CCC_Green_7884;5648;3;5;Нет;д. Таштагол;ПВЗ;16944;282,4;19;3219,36;208;13234,24;Склад 3;04.09.2025
ORD899568;В пути;53858511;AAA_White_5701;2950;4;10;Новогодняя распродажа;к. Саратов;Постамат;11800;295;12;1416;377;9712;Склад 1;02.08.2025
ORD113495;В пути;26194974;AAA_Black_7725;3380;2;10;Новогодняя распродажа;с. Котельнич;ПВЗ;6760;338;18;1216,8;201;5004,2;Склад 3;13.03.2025
ORD439752;Отменен;46434145;GGG_Pink_1622;5180;4;15;Нет;д. Ялуторовск;Курьер;20720;777;11;2279,2;242;17421,8;Склад 2;28.06.2025
ORD548038;Отменен;70809079;DDD_Titanium_1174;9980;2;5;Нет;ст. Октябрьский (Башк.);ПВЗ;19960;499;17;3393,2;176;15891,8;Склад 1;24.07.2025
ORD194505;В пути;71643669;CCC_Green_1403;11100;2;10;Нет;клх Видное;Постамат;22200;1110;15;3330;442;17318;Склад 1;04.06.2025
ORD277160;Отменен;40877478;CCC_Pink_4994;4990;3;15;Черная пятница;ст. Игарка;Курьер;14970;748,5;19;2844,3;453;10924,2;Склад 1;24.01.2025
ORD945066;В пути;36571012;HHH_Green_9565;1290;1;5;Черная пятница;ст. Россошь;ПВЗ;1290;64,5;15;193,5;218;814;Склад 2;23.07.2025
ORD642547;В пути;58484682;GGG_Green_9626;4380;3;10;Черная пятница;к. Петропавловск-Камчатский;Курьер;13140;438;10;1314;429;10959;Склад 2;25.06.2025
ORD315580;Отменен;79641918;AAA_Purple_8747;6000;4;0;Нет;к. Данков;Курьер;24000;0;16;3840;243;19917;Склад 3;04.06.2025
ORD926634;Доставлен;18488674;CCC_Clear_9381;3490;4;20;Нет;д. Нижнекамск;ПВЗ;13960;698;11;1535,6;139;11587,4;Склад 2;25.07.2025
ORD375377;Отменен;92713858;AAA_Green_1858;2180;2;5;Черная пятница;клх Нефтекамск;ПВЗ;4360;109;17;741,2;403;3106,8;Склад 1;12.08.2025
ORD325867;Доставлен;82503737;EEE_Green_1464;3380;2;15;Новогодняя распродажа;д. Байкальск;Постамат;6760;507;18;1216,8;338;4698,2;Склад 3;27.09.2025
ORD105074;В пути;27574394;AAA_Purple_7824;2000;1;5;Черная пятница;г. Норильск;Постамат;2000;100;14;280;209;1411;Склад 2;27.04.2025
ORD191213;В пути;87897147;EEE_Black_8254;2780;3;15;Новогодняя распродажа;д. Рославль;Курьер;8340;417;17;1417,8;201;6304,2;Склад 3;10.07.2025
ORD880185;Доставлен;72395314;GGG_Green_9259;2990;4;5;Нет;г. Дубна;Постамат;11960;149,5;11;1315,6;490;10004,9;Склад 3;16.01.2025
ORD521308;В пути;96094802;HHH_Pink_9568;1390;2;15;Нет;ст. Певек;Курьер;2780;208,5;14;389,2;445;1737,3;Склад 3;05.08.2025
ORD259557;Доставлен;84436404;DDD_Pink_8616;11100;1;10;Черная пятница;клх Карталы;Курьер;11100;1110;13;1443;423;8124;Склад 1;10.01.2025
ORD577783;Доставлен;81977680;AAA_Titanium_7478;7380;4;0;Черная пятница;клх Карачаевск;Постамат;29520;0;16;4723,2;151;24645,8;Склад 1;05.04.2025
ORD757661;В пути;88973076;DDD_White_1350;5866;2;10;Нет;п. Усинск;Постамат;11732;586,6;10;1173,2;402;9570,2;Склад 2;23.07.2025
ORD752549;Доставлен;19991230;GGG_Clear_6751;5380;4;0;Черная пятница;п. Слюдянка;Постамат;21520;0;17;3658,4;185;17676,6;Склад 1;05.07.2025
ORD741554;Отменен;70326795;FFF_Purple_9422;11100;1;10;Нет;ст. Магас;ПВЗ;11100;1110;10;1110;490;8390;Склад 3;19.04.2025
ORD989355;Отменен;43896197;DDD_Blue_6662;4980;1;10;Нет;п. Новая Игирма;Курьер;4980;498;16;796,8;120;3565,2;Склад 3;04.07.2025
ORD329607;В пути;42669478;FFF_Black_3829;11100;4;5;Новогодняя распродажа;к. Избербаш;Курьер;44400;555;10;4440;240;39165;Склад 1;08.06.2025
ORD450787;В пути;75824696;HHH_Pink_5858;7580;3;20;Черная пятница;к. Кашхатау;Курьер;22740;1516;18;4093,2;271;16859,8;Склад 3;13.07.2025
ORD197951;Доставлен;13391135;DDD_Blue_4643;3490;4;15;Нет;д. Александровск-Сахалинский;Постамат;13960;523,5;11;1535,6;429;11471,9;Склад 1;24.04.2025
ORD659798;Доставлен;32156174;DDD_White_3845;1950;2;15;Черная пятница;клх Чита;Постамат;3900;292,5;15;585;406;2616,5;Склад 3;16.08.2025
ORD559167;Доставлен;21410336;FFF_Red_5929;2780;3;15;Новогодняя распродажа;ст. Городовиковск;Постамат;8340;417;12;1000,8;249;6673,2;Склад 2;27.02.2025
ORD645965;Доставлен;64327413;GGG_Pink_5430;3100;2;0;Новогодняя распродажа;г. Хабаровск;Постамат;6200;0;17;1054;326;4820;Склад 2;25.06.2025
ORD938678;Отменен;82471173;FFF_Pink_7016;3100;4;15;Черная пятница;г. Апрелевка;Постамат;12400;465;13;1612;434;9889;Склад 1;25.07.2025
ORD838361;Отменен;37316597;CCC_Blue_1631;3180;3;15;Черная пятница;с. Таштагол;ПВЗ;9540;477;17;1621,8;107;7334,2;Склад 1;09.08.2025
ORD984822;В пути;35600902;GGG_Clear_3876;7500;2;5;Нет;клх Моршанск;Постамат;15000;375;12;1800;420;12405;Склад 1;08.03.2025
ORD640958;Доставлен;11135499;DDD_Pink_5595;5980;4;10;Новогодняя распродажа;ст. Междуреченский;Курьер;23920;598;17;4066,4;478;18777,6;Склад 1;16.05.2025
ORD599605;Доставлен;12001967;CCC_Pink_6619;2900;4;15;Новогодняя распродажа;д. Биробиджан;Постамат;11600;435;10;1160;112;9893;Склад 1;12.04.2025
ORD341642;В пути;73339847;BBB_Clear_5381;2596;3;20;Новогодняя распродажа;ст. Анапа;Курьер;7788;519,2;12;934,56;118;6216,24;Склад 3;19.07.2025
ORD394750;Доставлен;53675020;DDD_Titanium_6448;5580;4;15;Черная пятница;к. Партизанск;Постамат;22320;837;14;3124,8;237;18121,2;Склад 2;16.09.2025
ORD366804;Доставлен;89828981;EEE_Purple_4363;1890;1;0;Нет;к. Бирск;Постамат;1890;0;10;189;135;1566;Склад 3;23.09.2025
ORD389329;Доставлен;51752271;BBB_Blue_9621;5500;2;0;Черная пятница;клх Льгов;Курьер;11000;0;11;1210;291;9499;Склад 2;05.06.2025
ORD673201;Доставлен;72010900;AAA_Black_7343;5980;2;0;Черная пятница;г. Чита;Курьер;11960;0;19;2272,4;391;9296,6;Склад 3;07.03.2025
ORD986011;Доставлен;48025495;EEE_Black_2674;150;4;15;Черная пятница;г. Териберка;Курьер;600;22,5;19;114;326;137,5;Склад 3;10.06.2025
ORD314696;В пути;90003367;BBB_Clear_6703;7180;4;5;Нет;с. Черемхово;Курьер;28720;359;17;4882,4;178;23300,6;Склад 3;09.08.2025
ORD171406;Доставлен;72952203;EEE_Pink_4218;6738;1;20;Черная пятница;клх Ардон;ПВЗ;6738;1347,6;12;808,56;361;4220,84;Склад 1;21.05.2025
ORD164532;В пути;59775520;HHH_Purple_5299;490;3;15;Новогодняя распродажа;к. Красная Поляна;Курьер;1470;73,5;12;176,4;373;847,1;Склад 2;07.06.2025
ORD956989;Доставлен;91504638;AAA_Green_7796;9180;4;5;Новогодняя распродажа;к. Октябрьское (Хант.);Постамат;36720;459;16;5875,2;472;29913,8;Склад 1;03.03.2025
ORD144073;Отменен;79748321;BBB_Green_4107;7180;4;5;Новогодняя распродажа;п. Новый Уренгой;Постамат;28720;359;11;3159,2;158;25043,8;Склад 1;12.04.2025
ORD739071;Отменен;70326795;FFF_Purple_9422;11100;4;15;Нет;к. Кировск (Ленин.);ПВЗ;44400;1665;19;8436;376;33923;Склад 3;02.06.2025
ORD439554;Отменен;26194974;AAA_Black_7725;3380;4;15;Черная пятница;г. Армавир;Курьер;13520;507;12;1622,4;464;10926,6;Склад 2;18.03.2025
ORD614893;Отменен;42236708;HHH_Green_6711;5580;2;5;Нет;г. Бийск;Постамат;11160;279;19;2120,4;300;8460,6;Склад 2;13.04.2025
ORD345433;В пути;80289394;GGG_Purple_5051;6580;4;5;Черная пятница;ст. Ухта;ПВЗ;26320;329;14;3684,8;244;22062,2;Склад 2;04.09.2025
ORD149764;В пути;32484702;HHH_Clear_2518;7300;2;5;Новогодняя распродажа;п. Бугуруслан;Постамат;14600;365;17;2482;168;11585;Склад 2;13.03.2025
ORD794776;Доставлен;43896197;DDD_Blue_6662;4980;4;15;Черная пятница;п. Устюжна;ПВЗ;19920;747;10;1992;446;16735;Склад 1;19.07.2025
ORD306941;Отменен;11351952;EEE_Blue_1505;2000;3;5;Черная пятница;г. Чайковский;ПВЗ;6000;100;18;1080;257;4563;Склад 1;02.08.2025
ORD466561;В пути;54375561;CCC_Blue_2528;2700;1;0;Черная пятница;г. Волгоград;Курьер;2700;0;12;324;469;1907;Склад 2;17.03.2025
ORD654986;Доставлен;29195433;GGG_Titanium_4026;2980;3;15;Нет;клх Кемерово;ПВЗ;8940;447;16;1430,4;439;6623,6;Склад 1;07.06.2025
ORD923126;Доставлен;97679450;DDD_Titanium_6156;1340;4;0;Черная пятница;ст. Калязин;Постамат;5360;0;18;964,8;250;4145,2;Склад 2;14.07.2025
ORD101796;В пути;46434145;GGG_Pink_1622;5180;4;10;Черная пятница;д. Кизел;Постамат;20720;518;11;2279,2;329;17593,8;Склад 1;20.04.2025
ORD508981;Отменен;80774380;HHH_Blue_9425;2490;4;15;Черная пятница;клх Саянск;Курьер;9960;373,5;14;1394,4;110;8082,1;Склад 3;17.08.2025
ORD700429;Доставлен;26802010;EEE_Clear_6744;4200;3;10;Нет;с. Воркута;Курьер;12600;420;14;1764;205;10211;Склад 3;28.02.2025
ORD750768;Отменен;84683767;GGG_Titanium_8096;11100;4;5;Нет;с. Сарапул;ПВЗ;44400;555;13;5772;384;37689;Склад 2;16.03.2025
ORD911301;Отменен;32067104;AAA_Red_8661;7300;3;5;Нет;клх Кинешма;Курьер;21900;365;14;3066;371;18098;Склад 2;25.06.2025
ORD423738;Отменен;60315278;FFF_Purple_3751;1020;2;20;Черная пятница;п. Лянтор;Постамат;2040;204;13;265,2;241;1329,8;Склад 1;07.05.2025
ORD920710;Доставлен;66208240;BBB_Black_7214;4980;1;5;Новогодняя распродажа;с. Вытегра;Постамат;4980;249;13;647,4;423;3660,6;Склад 2;12.05.2025
ORD516655;Отменен;53363052;CCC_Green_2906;7180;1;10;Новогодняя распродажа;г. Алапаевск;Курьер;7180;718;16;1148,8;194;5119,2;Склад 2;03.06.2025
ORD633615;Доставлен;84491869;EEE_Green_2359;3100;3;5;Новогодняя распродажа;клх Ковров;Курьер;9300;155;16;1488;284;7373;Склад 1;27.02.2025
ORD931662;Отменен;93887738;AAA_White_6767;3490;2;15;Черная пятница;д. Шереметьево;Курьер;6980;523,5;12;837,6;289;5329,9;Склад 2;20.05.2025
ORD735168;Доставлен;42624136;BBB_Green_8505;9180;3;5;Новогодняя распродажа;с. Коломна;ПВЗ;27540;459;18;4957,2;236;21887,8;Склад 2;31.01.2025
ORD129936;Отменен;33739806;CCC_Green_2534;1000;2;20;Новогодняя распродажа;п. Уварово;ПВЗ;2000;200;18;360;481;959;Склад 3;06.09.2025
ORD707252;В пути;85884486;AAA_Red_7992;6580;4;5;Новогодняя распродажа;п. Якутск;Постамат;26320;329;15;3948;378;21665;Склад 3;08.08.2025
ORD570660;Отменен;62243407;DDD_Blue_8330;6180;2;10;Черная пятница;клх Поронайск;ПВЗ;12360;618;14;1730,4;315;9696,6;Склад 3;31.08.2025
ORD725891;Отменен;29302655;FFF_Red_4364;3100;2;10;Новогодняя распродажа;к. Чебаркуль;ПВЗ;6200;310;13;806;304;4780;Склад 2;24.04.2025
ORD258304;Доставлен;18952810;EEE_Black_4500;11100;2;5;Новогодняя распродажа;к. Кропоткин (Краснод.);ПВЗ;22200;555;17;3774;163;17708;Склад 1;03.09.2025
ORD914796;Доставлен;76585970;FFF_White_7505;5180;1;10;Черная пятница;клх Адыгейск;ПВЗ;5180;518;16;828,8;248;3585,2;Склад 3;01.02.2025
ORD735038;Отменен;79748321;BBB_Green_4107;7180;2;10;Нет;клх Усть-Илимск;Постамат;14360;718;11;1579,6;369;11693,4;Склад 2;10.04.2025
ORD838490;В пути;19259686;HHH_Pink_2327;2000;4;20;Новогодняя распродажа;с. Карталы;Курьер;8000;400;16;1280;469;5851;Склад 3;21.02.2025
ORD697629;В пути;16837385;AAA_Blue_3988;7580;4;15;Нет;п. Яшкуль;Постамат;30320;1137;12;3638,4;426;25118,6;Склад 1;09.04.2025
ORD583825;Доставлен;24789210;GGG_White_9618;6580;4;20;Новогодняя распродажа;с. Кемерово;ПВЗ;26320;1316;10;2632;220;22152;Склад 1;19.04.2025
ORD664734;В пути;26677770;CCC_Titanium_7668;3700;2;0;Черная пятница;с. Тикси;Курьер;7400;0;16;1184;273;5943;Склад 1;19.04.2025
ORD760728;Отменен;21929427;FFF_Green_1597;4990;3;20;Нет;п. Вендинга;Курьер;14970;998;16;2395,2;133;11443,8;Склад 1;15.08.2025
ORD406959;Доставлен;14773482;DDD_White_5541;5990;3;5;Нет;д. Всеволожск;Курьер;17970;299,5;14;2515,8;140;15014,7;Склад 1;08.05.2025
ORD807011;Отменен;29875570;DDD_Black_2486;660;4;15;Нет;г. Кашира;Постамат;2640;99;15;396;288;1857;Склад 1;13.01.2025
ORD235337;Доставлен;13687354;DDD_Black_1710;4990;1;5;Нет;д. Оса;Курьер;4990;249,5;19;948,1;312;3480,4;Склад 2;05.02.2025
ORD446127;Доставлен;15752189;HHH_Pink_7554;5100;3;0;Новогодняя распродажа;д. Ангарск;Постамат;15300;0;15;2295;205;12800;Склад 3;02.06.2025
ORD158418;Доставлен;61674284;DDD_Black_1765;5560;2;15;Новогодняя распродажа;ст. Стрежевой;Постамат;11120;834;16;1779,2;357;8149,8;Склад 1;03.08.2025
ORD179962;Доставлен;29055787;FFF_Blue_7389;7180;3;10;Нет;клх Тюмень;ПВЗ;21540;718;10;2154;381;18287;Склад 3;10.03.2025
ORD583921;В пути;25273810;GGG_Titanium_7570;2980;4;20;Новогодняя распродажа;д. Муром;ПВЗ;11920;596;11;1311,2;219;9793,8;Склад 3;02.04.2025
ORD584520;Отменен;64330327;GGG_Pink_9388;3100;1;5;Нет;г. Домодедово;Курьер;3100;155;13;403;403;2139;Склад 2;17.03.2025
ORD799119;Отменен;42294120;CCC_Pink_2372;4980;3;0;Нет;ст. Урус-Мартан;Курьер;14940;0;15;2241;182;12517;Склад 1;20.05.2025
ORD650367;Отменен;46775139;EEE_Green_8714;6580;3;10;Черная пятница;п. Краснодар;ПВЗ;19740;658;17;3355,8;317;15409,2;Склад 1;25.04.2025
ORD929940;Доставлен;32997683;CCC_Purple_7445;2780;4;20;Нет;к. Когалым;Постамат;11120;556;13;1445,6;421;8697,4;Склад 2;18.09.2025
ORD660348;В пути;52075157;DDD_Green_8043;7180;1;10;Новогодняя распродажа;д. Пушкино (Моск.);Постамат;7180;718;13;933,4;314;5214,6;Склад 2;09.07.2025
ORD545447;Отменен;11935679;DDD_Green_2791;6580;1;20;Нет;ст. Апшеронск;ПВЗ;6580;1316;12;789,6;463;4011,4;Склад 2;03.04.2025
ORD658526;В пути;63093696;EEE_Black_5749;2980;4;15;Черная пятница;ст. Уфа;Постамат;11920;447;12;1430,4;123;9919,6;Склад 2;12.03.2025
ORD114852;Доставлен;45932023;FFF_Blue_3894;6180;2;10;Новогодняя распродажа;ст. Нижний Тагил;ПВЗ;12360;618;19;2348,4;335;9058,6;Склад 2;30.05.2025
ORD991917;Отменен;95405398;GGG_Green_2022;2100;3;10;Черная пятница;д. Балашиха;ПВЗ;6300;210;16;1008;324;4758;Склад 3;08.05.2025
ORD537151;В пути;43423685;EEE_Purple_1098;3380;2;10;Черная пятница;п. Кетченеры;Курьер;6760;338;11;743,6;364;5314,4;Склад 2;04.05.2025
ORD571713;Доставлен;59775520;HHH_Purple_5299;490;3;15;Нет;г. Дербент;Курьер;1470;73,5;17;249,9;433;713,6;Склад 1;26.08.2025
ORD528885;В пути;14299738;FFF_Clear_9181;7380;3;0;Черная пятница;п. Рубцовск;ПВЗ;22140;0;17;3763,8;390;17986,2;Склад 1;02.08.2025
ORD805334;Отменен;44703697;CCC_Black_8407;4980;2;20;Черная пятница;д. Сузун;Курьер;9960;996;16;1593,6;416;6954,4;Склад 2;17.09.2025
ORD554395;Отменен;59240777;DDD_Titanium_5938;1220;4;10;Новогодняя распродажа;с. Калачинск;ПВЗ;4880;122;11;536,8;215;4006,2;Склад 2;26.04.2025
ORD685337;Доставлен;49227251;AAA_Purple_4611;1600;4;15;Черная пятница;ст. Владикавказ;Постамат;6400;240;14;896;254;5010;Склад 2;29.03.2025
ORD341802;Доставлен;32639679;EEE_Blue_5688;6990;3;0;Нет;г. Терней;Постамат;20970;0;11;2306,7;350;18313,3;Склад 2;25.03.2025
ORD500782;Доставлен;80262000;FFF_Titanium_1822;11100;4;20;Нет;с. Цимлянск;Постамат;44400;2220;18;7992;321;33867;Склад 2;11.06.2025
ORD480242;В пути;42123172;AAA_White_3643;2050;3;15;Нет;г. Кировск (Мурм.);Постамат;6150;307,5;16;984;484;4374,5;Склад 1;01.09.2025
ORD709015;В пути;60866651;EEE_Pink_8352;5580;4;20;Черная пятница;г. Лагань;ПВЗ;22320;1116;15;3348;174;17682;Склад 3;04.04.2025
ORD876167;В пути;84114415;CCC_Blue_8287;3100;3;10;Новогодняя распродажа;п. Балашиха;Постамат;9300;310;13;1209;240;7541;Склад 2;16.02.2025
ORD571196;Доставлен;19979580;BBB_Titanium_2456;6490;4;0;Нет;г. Сызрань;Постамат;25960;0;11;2855,6;329;22775,4;Склад 2;03.04.2025
ORD581017;Отменен;13307981;HHH_Red_3772;2700;1;15;Черная пятница;к. Борзя;Постамат;2700;405;11;297;447;1551;Склад 2;15.01.2025
ORD853406;Отменен;75673901;CCC_White_7349;8990;2;0;Нет;с. Элиста;Постамат;17980;0;19;3416,2;471;14092,8;Склад 1;07.06.2025
ORD124666;В пути;91781807;HHH_Black_7583;5300;1;10;Нет;клх Томск;ПВЗ;5300;530;11;583;234;3953;Склад 1;12.04.2025
ORD336274;В пути;26878119;HHH_Purple_1747;4180;2;0;Новогодняя распродажа;г. Саранск;Постамат;8360;0;10;836;126;7398;Склад 3;22.05.2025
ORD267323;Отменен;14926551;HHH_Blue_4428;5990;2;0;Нет;п. Шатой;Курьер;11980;0;19;2276,2;268;9435,8;Склад 3;06.02.2025
ORD500741;Отменен;70160612;AAA_Purple_3399;7828;3;5;Новогодняя распродажа;с. Назрань;Курьер;23484;391,4;15;3522,6;257;19313;Склад 3;12.09.2025
ORD669150;В пути;53675020;DDD_Titanium_6448;5580;2;0;Черная пятница;с. Анива;Курьер;11160;0;17;1897,2;494;8768,8;Склад 3;04.08.2025
ORD710367;В пути;77990161;DDD_Red_2803;1460;1;20;Нет;п. Усинск;Курьер;1460;292;10;146;272;750;Склад 1;05.04.2025
ORD234527;Отменен;29143377;CCC_Titanium_5503;380;1;15;Черная пятница;к. Дагомыс;Курьер;380;57;15;57;222;44;Склад 3;10.04.2025
ORD143514;Доставлен;56970638;AAA_Black_7840;4780;4;5;Черная пятница;г. Учалы;Курьер;19120;239;13;2485,6;246;16149,4;Склад 2;22.03.2025
ORD436754;В пути;74692955;DDD_Black_2968;5124;1;15;Черная пятница;п. Алагир;ПВЗ;5124;768,6;17;871,08;258;3226,32;Склад 1;24.06.2025
ORD495351;Отменен;20387700;HHH_Black_9830;6980;4;15;Нет;ст. Руза;Курьер;27920;1047;10;2792;428;23653;Склад 1;24.04.2025
ORD700773;Отменен;87709977;GGG_Black_5508;5648;2;10;Новогодняя распродажа;ст. Тутончаны;Постамат;11296;564,8;14;1581,44;132;9017,76;Склад 1;21.05.2025
ORD780795;Отменен;62613196;BBB_Red_1893;6580;1;10;Нет;клх Подольск;Курьер;6580;658;17;1118,6;226;4577,4;Склад 2;07.08.2025
ORD833985;Отменен;75174314;AAA_Green_5116;7380;2;5;Черная пятница;к. Южно-Курильск;ПВЗ;14760;369;15;2214;486;11691;Склад 1;27.01.2025
ORD567654;Доставлен;81893634;GGG_Red_7442;5980;1;10;Новогодняя распродажа;г. Забайкальск;Курьер;5980;598;15;897;161;4324;Склад 2;05.08.2025
ORD430139;Отменен;55570580;BBB_White_3663;11100;1;10;Черная пятница;п. Нарым;Постамат;11100;1110;10;1110;397;8483;Склад 3;02.01.2025
ORD523426;В пути;33351587;CCC_Black_6996;9980;4;10;Новогодняя распродажа;с. Нягань;Постамат;39920;998;11;4391,2;242;34288,8;Склад 1;21.02.2025
ORD371332;Доставлен;30512809;BBB_Blue_2694;2690;2;15;Нет;с. Соликамск;ПВЗ;5380;403,5;16;860,8;332;3783,7;Склад 2;02.08.2025
ORD907270;Отменен;86056168;FFF_Green_1588;11000;1;5;Новогодняя распродажа;д. Колпашево;ПВЗ;11000;550;16;1760;139;8551;Склад 1;22.05.2025
ORD360187;Доставлен;93626225;FFF_Clear_4303;9990;3;15;Нет;д. Хасавюрт;ПВЗ;29970;1498,5;19;5694,3;222;22555,2;Склад 3;07.01.2025
ORD339237;В пути;26726668;EEE_Blue_2638;3180;2;20;Черная пятница;с. Ульяновск;ПВЗ;6360;636;17;1081,2;300;4342,8;Склад 1;24.04.2025
ORD554432;Отменен;47335358;GGG_Pink_1893;2780;2;15;Новогодняя распродажа;к. Кызыл;Курьер;5560;417;14;778,4;192;4172,6;Склад 3;15.08.2025
ORD478517;В пути;67982365;FFF_Red_4458;5100;2;20;Черная пятница;г. Тихвин;Курьер;10200;1020;18;1836;316;7028;Склад 1;08.01.2025
ORD368303;Отменен;73339847;BBB_Clear_5381;2596;4;0;Новогодняя распродажа;клх Апрелевка;Постамат;10384;0;11;1142,24;187;9054,76;Склад 2;04.01.2025
ORD630639;Отменен;94453894;CCC_Green_6440;7300;3;0;Нет;клх Калачинск;ПВЗ;21900;0;14;3066;360;18474;Склад 3;04.07.2025
ORD805435;Отменен;78884710;AAA_White_5168;11990;2;20;Новогодняя распродажа;г. Йошкар-Ола;ПВЗ;23980;2398;12;2877,6;461;18243,4;Склад 1;09.09.2025
ORD996236;Отменен;32219595;GGG_Pink_3942;2200;1;20;Новогодняя распродажа;с. Элиста;Курьер;2200;440;11;242;134;1384;Склад 3;10.03.2025
ORD417100;Отменен;64821792;GGG_Black_8879;5580;1;15;Нет;д. Шумиха;ПВЗ;5580;837;17;948,6;186;3608,4;Склад 3;07.05.2025
ORD963856;Доставлен;77043917;FFF_Purple_9353;11100;4;20;Нет;клх Абинск;Постамат;44400;2220;15;6660;437;35083;Склад 2;14.08.2025
ORD852636;Отменен;59240777;DDD_Titanium_5938;1220;1;5;Нет;д. Кущевская;Постамат;1220;61;15;183;352;624;Склад 2;21.08.2025
ORD851956;Отменен;26802010;EEE_Clear_6744;4200;2;0;Новогодняя распродажа;к. Каменск-Уральский;ПВЗ;8400;0;14;1176;131;7093;Склад 2;03.09.2025
ORD321954;Доставлен;24666903;BBB_Titanium_9028;3380;1;0;Черная пятница;с. Нефтеюганск;Постамат;3380;0;14;473,2;294;2612,8;Склад 2;17.09.2025
ORD483455;Доставлен;65992151;FFF_Red_3712;3400;2;20;Новогодняя распродажа;п. Асбест;Постамат;6800;680;11;748;183;5189;Склад 3;24.03.2025
ORD464026;Доставлен;52326977;DDD_Black_1564;1380;1;10;Новогодняя распродажа;п. Тотьма;Курьер;1380;138;16;220,8;179;842,2;Склад 3;21.07.2025
ORD191468;Доставлен;33947909;HHH_Red_7905;6000;3;10;Черная пятница;с. Малоярославец;Постамат;18000;600;14;2520;476;14404;Склад 1;16.08.2025
ORD520024;Доставлен;28525798;CCC_Red_6375;6050;4;20;Нет;ст. Ульяновск;ПВЗ;24200;1210;18;4356;404;18230;Склад 1;20.01.2025
ORD514575;Доставлен;54375561;CCC_Blue_2528;2700;4;5;Новогодняя распродажа;д. Усинск;ПВЗ;10800;135;11;1188;378;9099;Склад 1;10.04.2025
ORD253789;Отменен;54251905;HHH_Green_1705;2000;3;10;Черная пятница;г. Соболево;Постамат;6000;200;12;720;195;4885;Склад 2;01.04.2025
ORD580139;Отменен;68159326;HHH_Clear_5825;1240;3;20;Нет;д. Шали;ПВЗ;3720;248;16;595,2;147;2729,8;Склад 3;18.03.2025
ORD284187;В пути;67674825;GGG_Blue_3878;3380;4;5;Нет;г. Сургут (Хант.);Курьер;13520;169;18;2433,6;448;10469,4;Склад 3;05.06.2025
ORD663290;Отменен;97578232;DDD_Titanium_7441;4980;3;5;Новогодняя распродажа;п. Кудымкар;Постамат;14940;249;14;2091,6;102;12497,4;Склад 1;17.05.2025
ORD902345;Отменен;84347936;CCC_Clear_6860;3180;2;15;Нет;п. Урус-Мартан;Постамат;6360;477;17;1081,2;255;4546,8;Склад 1;26.06.2025
ORD341215;Доставлен;71446261;EEE_Titanium_2576;5180;1;5;Нет;г. Чайковский;Постамат;5180;259;19;984,2;211;3725,8;Склад 3;28.07.2025
ORD553012;Доставлен;42232730;HHH_White_3648;10780;4;10;Черная пятница;с. Дно;ПВЗ;43120;1078;19;8192,8;328;33521,2;Склад 2;01.01.2025
ORD964686;Отменен;82901378;CCC_Pink_7762;3100;3;10;Черная пятница;ст. Волгодонск;ПВЗ;9300;310;17;1581;200;7209;Склад 1;08.08.2025
ORD862940;В пути;52732703;CCC_Pink_7226;6200;2;20;Нет;ст. Малоярославец;Постамат;12400;1240;17;2108;224;8828;Склад 1;04.09.2025
ORD117433;Доставлен;77056010;BBB_Black_3665;5430;4;20;Черная пятница;к. Дзержинск;ПВЗ;21720;1086;12;2606,4;440;17587,6;Склад 3;01.02.2025
ORD903347;Отменен;77758278;EEE_Black_2185;9100;3;5;Нет;к. Каргасок;ПВЗ;27300;455;18;4914;341;21590;Склад 3;16.06.2025
ORD317076;Отменен;22258405;FFF_Blue_3236;3490;4;0;Новогодняя распродажа;ст. Певек;Постамат;13960;0;14;1954,4;158;11847,6;Склад 1;18.04.2025
ORD679133;В пути;84867398;BBB_Pink_7897;2980;3;15;Черная пятница;клх Троицк (Челяб.);Постамат;8940;447;19;1698,6;390;6404,4;Склад 1;04.03.2025
ORD878774;В пути;11854043;GGG_Red_4578;1900;4;0;Нет;клх Невьянск;ПВЗ;7600;0;10;760;182;6658;Склад 2;19.06.2025
ORD940614;Доставлен;78108555;BBB_Green_2236;6050;2;5;Нет;п. Выборг;Постамат;12100;302,5;14;1694;273;9830,5;Склад 2;26.03.2025
ORD767932;В пути;56099077;FFF_Green_4430;1040;2;5;Черная пятница;г. Петухово;Постамат;2080;52;15;312;358;1358;Склад 2;11.05.2025
ORD566015;Отменен;34657339;BBB_Titanium_6310;5500;1;0;Черная пятница;г. Данков;Постамат;5500;0;14;770;208;4522;Склад 2;23.01.2025
ORD667925;Отменен;72208276;AAA_Blue_4139;5580;4;15;Новогодняя распродажа;д. Верхний Тагил;Постамат;22320;837;12;2678,4;253;18551,6;Склад 1;23.06.2025
ORD583704;В пути;35214367;FFF_White_7199;9990;1;0;Нет;клх Заводоуковск;ПВЗ;9990;0;15;1498,5;393;8098,5;Склад 1;17.07.2025
ORD505473;В пути;26802010;EEE_Clear_6744;4200;4;20;Новогодняя распродажа;с. Бирск;Постамат;16800;840;17;2856;475;12629;Склад 1;28.07.2025
ORD481089;В пути;10145273;DDD_Red_7490;3490;3;10;Новогодняя распродажа;с. Светлогорск (Калин.);Курьер;10470;349;16;1675,2;311;8134,8;Склад 2;20.09.2025
ORD904100;В пути;59917650;FFF_Clear_9409;5648;3;20;Новогодняя распродажа;г. Мурманск;Постамат;16944;1129,6;12;2033,28;103;13678,12;Склад 1;09.08.2025
ORD106209;Доставлен;89459784;FFF_Purple_8560;6580;1;10;Черная пятница;д. Нижневартовск;Курьер;6580;658;17;1118,6;235;4568,4;Склад 3;12.02.2025
ORD659242;В пути;32826828;EEE_Titanium_7662;6990;4;5;Новогодняя распродажа;ст. Красная Поляна;Постамат;27960;349,5;12;3355,2;259;23996,3;Склад 2;18.05.2025
ORD194646;Доставлен;77282880;EEE_Purple_1729;5580;1;15;Черная пятница;п. Агата;Курьер;5580;837;11;613,8;235;3894,2;Склад 3;24.02.2025
ORD444369;Отменен;57336840;DDD_White_8173;1800;2;0;Черная пятница;клх Алдан;Курьер;3600;0;16;576;274;2750;Склад 2;04.04.2025
ORD572312;В пути;83149727;CCC_Purple_9600;5990;1;15;Новогодняя распродажа;ст. Люберцы;Постамат;5990;898,5;18;1078,2;353;3660,3;Склад 1;07.06.2025
ORD603069;Доставлен;28647941;DDD_Clear_5853;1390;1;0;Новогодняя распродажа;г. Листвянка (Иркут.);Постамат;1390;0;14;194,6;148;1047,4;Склад 2;22.07.2025
ORD524920;В пути;24553956;CCC_White_2543;4780;3;20;Нет;ст. Суздаль;Постамат;14340;956;15;2151;209;11024;Склад 3;20.01.2025
ORD112435;Отменен;89551751;HHH_Purple_7181;9180;1;20;Новогодняя распродажа;ст. Инта;Курьер;9180;1836;13;1193,4;303;5847,6;Склад 2;17.09.2025
ORD565229;Отменен;68455110;AAA_Purple_5764;4980;4;0;Нет;д. Сальск;ПВЗ;19920;0;14;2788,8;226;16905,2;Склад 3;27.08.2025
ORD860294;Отменен;40509576;HHH_Purple_7128;7180;3;15;Новогодняя распродажа;г. Черняховск;ПВЗ;21540;1077;11;2369,4;496;17597,6;Склад 1;19.04.2025
ORD186275;В пути;12665141;EEE_Clear_2689;5580;1;0;Новогодняя распродажа;г. Троицк (Моск.);Постамат;5580;0;19;1060,2;272;4247,8;Склад 3;08.07.2025
ORD406463;В пути;70326795;FFF_Purple_9422;11100;2;5;Новогодняя распродажа;к. Мурманск;ПВЗ;22200;555;18;3996;447;17202;Склад 1;11.01.2025
ORD269846;Доставлен;74566460;FFF_Blue_4146;11316;1;20;Новогодняя распродажа;с. Армавир;ПВЗ;11316;2263,2;16;1810,56;458;6784,24;Склад 3;05.04.2025
ORD182328;Отменен;91964708;GGG_Purple_5633;2380;1;5;Нет;клх Тимашевск;Постамат;2380;119;15;357;434;1470;Склад 1;13.04.2025
ORD587692;В пути;48742299;CCC_Pink_8383;11100;1;20;Нет;п. Любань;Курьер;11100;2220;17;1887;118;6875;Склад 3;28.09.2025
ORD508791;Отменен;77792184;BBB_Pink_9025;2580;3;20;Новогодняя распродажа;п. Тверь;Постамат;7740;516;14;1083,6;479;5661,4;Склад 1;14.03.2025
ORD179482;Отменен;18156492;GGG_Pink_4591;5980;4;10;Новогодняя распродажа;к. Гаврилов-Ям;ПВЗ;23920;598;12;2870,4;151;20300,6;Склад 1;08.05.2025
ORD797275;Доставлен;32712151;BBB_Blue_6933;5980;2;5;Нет;с. Липецк;Курьер;11960;299;11;1315,6;113;10232,4;Склад 1;29.06.2025
ORD258038;Доставлен;48820146;DDD_Purple_7099;2580;1;5;Черная пятница;д. Данков;ПВЗ;2580;129;16;412,8;265;1773,2;Склад 3;24.04.2025
ORD328594;Доставлен;19259686;HHH_Pink_2327;2000;4;10;Черная пятница;д. Мценск;Курьер;8000;200;19;1520;177;6103;Склад 3;16.03.2025
ORD553578;Доставлен;19331204;BBB_Pink_6613;5100;4;15;Черная пятница;г. Урай;ПВЗ;20400;765;11;2244;173;17218;Склад 1;17.09.2025
ORD392511;Отменен;29540923;BBB_White_5235;5180;3;5;Нет;г. Соболево;Постамат;15540;259;11;1709,4;215;13356,6;Склад 2;11.06.2025
ORD315643;Доставлен;13687354;DDD_Black_1710;4990;2;0;Нет;д. Ханты-Мансийск;ПВЗ;9980;0;14;1397,2;199;8383,8;Склад 1;10.07.2025
ORD913119;Доставлен;61043170;HHH_Red_8358;2690;3;10;Черная пятница;к. Бреды;ПВЗ;8070;269;18;1452,6;373;5975,4;Склад 2;18.01.2025
ORD337283;Доставлен;64538087;CCC_Clear_4692;3490;4;5;Черная пятница;ст. Хатанга;Курьер;13960;174,5;12;1675,2;174;11936,3;Склад 1;14.05.2025
ORD476514;Доставлен;82438067;EEE_Red_8950;5980;4;15;Новогодняя распродажа;к. Лодейное Поле;ПВЗ;23920;897;12;2870,4;317;19835,6;Склад 3;13.08.2025
ORD383201;Отменен;71333535;CCC_Clear_1274;1460;4;5;Нет;п. Кущевская;Постамат;5840;73;16;934,4;494;4338,6;Склад 2;02.02.2025
ORD171913;Доставлен;36496711;GGG_Blue_5448;6736;3;20;Нет;с. Белгород;Постамат;20208;1347,2;15;3031,2;272;15557,6;Склад 3;20.04.2025
ORD357930;Отменен;28202461;GGG_Pink_9489;4980;2;0;Черная пятница;клх Корсаков;Постамат;9960;0;10;996;356;8608;Склад 2;24.04.2025
ORD879678;В пути;36919791;CCC_Clear_1118;1800;1;10;Черная пятница;г. Люберцы;Курьер;1800;180;10;180;487;953;Склад 2;23.09.2025
ORD903385;Отменен;20450748;EEE_Black_1662;11100;3;20;Нет;к. Юрьевец (Иван.);Курьер;33300;2220;16;5328;155;25597;Склад 2;30.06.2025
ORD747887;Отменен;29875570;DDD_Black_2486;660;4;15;Новогодняя распродажа;д. Клин;ПВЗ;2640;99;14;369,6;267;1904,4;Склад 2;07.03.2025
ORD112885;Доставлен;80615239;AAA_White_9065;4990;3;20;Черная пятница;д. Сасово;ПВЗ;14970;998;19;2844,3;440;10687,7;Склад 3;15.03.2025
ORD882534;В пути;43423685;EEE_Purple_1098;3380;4;20;Нет;г. Краснодар;ПВЗ;13520;676;16;2163,2;472;10208,8;Склад 2;27.09.2025
ORD261633;В пути;17625450;EEE_Red_9020;5580;1;15;Нет;п. Черский;Курьер;5580;837;10;558;340;3845;Склад 1;19.06.2025
ORD373094;В пути;40907194;AAA_White_9755;5990;1;20;Новогодняя распродажа;клх Учалы;Курьер;5990;1198;14;838,6;157;3796,4;Склад 1;29.01.2025
ORD969333;В пути;66519859;GGG_Purple_1694;4900;2;10;Новогодняя распродажа;клх Киржач;ПВЗ;9800;490;14;1372;460;7478;Склад 2;08.09.2025
ORD214182;Отменен;79115313;HHH_Pink_8206;4980;4;5;Черная пятница;ст. Кыштым;Курьер;19920;249;11;2191,2;169;17310,8;Склад 3;29.07.2025
ORD725890;В пути;66144867;CCC_Blue_3895;9180;2;20;Черная пятница;с. Кизляр;Курьер;18360;1836;19;3488,4;241;12794,6;Склад 3;18.09.2025
ORD318170;Отменен;84491869;EEE_Green_2359;3100;2;10;Черная пятница;д. Старая Русса;Постамат;6200;310;18;1116;250;4524;Склад 2;29.06.2025
ORD852810;Отменен;90424966;CCC_Red_9477;1550;1;5;Нет;клх Ербогачен;Постамат;1550;77,5;12;186;278;1008,5;Склад 3;06.08.2025
ORD801578;Отменен;91763078;CCC_Clear_8930;1080;3;5;Черная пятница;ст. Лысьва;ПВЗ;3240;54;12;388,8;416;2381,2;Склад 3;26.08.2025
ORD599979;В пути;74588621;HHH_Titanium_9363;2550;3;20;Нет;г. Новокузнецк;ПВЗ;7650;510;10;765;420;5955;Склад 3;08.04.2025
ORD331223;Доставлен;54154203;CCC_Blue_3473;2980;2;10;Черная пятница;д. Новокузнецк;Постамат;5960;298;12;715,2;387;4559,8;Склад 2;04.01.2025
ORD297911;Доставлен;86221208;DDD_Clear_1598;6580;1;20;Новогодняя распродажа;ст. Нефтеюганск;Курьер;6580;1316;15;987;108;4169;Склад 1;25.02.2025
ORD319315;В пути;84347936;CCC_Clear_6860;3180;4;15;Новогодняя распродажа;к. Гремячинск (Бурят.);ПВЗ;12720;477;14;1780,8;325;10137,2;Склад 1;14.09.2025
ORD794250;Доставлен;14715236;GGG_Purple_5110;6580;3;5;Нет;п. Оленек;ПВЗ;19740;329;19;3750,6;398;15262,4;Склад 1;31.03.2025
ORD710293;Доставлен;70326795;FFF_Purple_9422;11100;2;20;Новогодняя распродажа;п. Ухта;ПВЗ;22200;2220;10;2220;277;17483;Склад 1;17.07.2025
ORD134404;Отменен;63259901;CCC_White_6266;5100;3;5;Нет;с. Белоярский;Курьер;15300;255;15;2295;477;12273;Склад 1;10.07.2025
ORD975130;Отменен;98423853;BBB_Pink_8845;5300;3;10;Нет;д. Серпухов;Постамат;15900;530;18;2862;429;12079;Склад 3;24.02.2025
ORD715257;В пути;93094444;DDD_White_9135;2990;4;0;Новогодняя распродажа;к. Можга;ПВЗ;11960;0;14;1674,4;355;9930,6;Склад 3;21.01.2025
ORD514644;В пути;91592163;BBB_Black_7878;2580;1;20;Нет;к. Чермоз;Постамат;2580;516;10;258;124;1682;Склад 3;23.01.2025
ORD999850;Доставлен;43178236;HHH_Red_3860;6000;4;20;Новогодняя распродажа;д. Брянск;Постамат;24000;1200;12;2880;360;19560;Склад 2;18.05.2025
ORD181227;Отменен;49649549;BBB_Black_9198;880;1;5;Черная пятница;с. Кингисепп;Курьер;880;44;13;114,4;464;257,6;Склад 3;06.06.2025
ORD777191;В пути;24565729;HHH_White_4631;9180;3;10;Черная пятница;ст. Черемхово;Курьер;27540;918;19;5232,6;251;21138,4;Склад 1;19.03.2025
ORD324139;В пути;50339234;CCC_Black_7296;2933;2;15;Новогодняя распродажа;п. Вилюйск;Курьер;5866;439,95;19;1114,54;435;3876,51;Склад 3;16.06.2025
ORD946938;В пути;61473853;BBB_Black_4989;6050;4;10;Новогодняя распродажа;с. Зеленогорск (Ленин.);Курьер;24200;605;19;4598;225;18772;Склад 1;15.01.2025
ORD514381;В пути;20765137;CCC_Pink_8919;1580;1;20;Новогодняя распродажа;к. Вилюйск;Курьер;1580;316;18;284,4;328;651,6;Склад 3;22.03.2025
ORD936453;В пути;64327413;GGG_Pink_5430;3100;3;15;Новогодняя распродажа;с. Белгород;Курьер;9300;465;13;1209;359;7267;Склад 1;18.08.2025
ORD402115;В пути;63335242;AAA_White_4047;7980;1;10;Черная пятница;п. Артем;ПВЗ;7980;798;19;1516,2;371;5294,8;Склад 3;27.02.2025
ORD366441;Доставлен;44809215;AAA_Black_2397;7300;1;0;Нет;с. Омск;Постамат;7300;0;19;1387;453;5460;Склад 1;19.02.2025
ORD264691;Отменен;51313051;DDD_Clear_9288;11100;1;5;Нет;к. Оха;Курьер;11100;555;13;1443;193;8909;Склад 1;15.09.2025
ORD772973;Отменен;28310439;HHH_White_7575;2790;3;10;Черная пятница;клх Асбест;ПВЗ;8370;279;12;1004,4;204;6882,6;Склад 2;11.07.2025
ORD949355;В пути;55970003;CCC_Blue_8291;5580;2;10;Нет;п. Орск;Постамат;11160;558;15;1674;381;8547;Склад 3;02.08.2025
ORD953498;Отменен;91781807;HHH_Black_7583;5300;2;0;Черная пятница;к. Шелехов;Курьер;10600;0;11;1166;170;9264;Склад 1;07.06.2025
ORD236165;Отменен;97578232;DDD_Titanium_7441;4980;2;20;Нет;д. Тайшет;Курьер;9960;996;10;996;285;7683;Склад 3;10.04.2025
ORD943573;Отменен;26194974;AAA_Black_7725;3380;1;5;Новогодняя распродажа;п. Белгород;ПВЗ;3380;169;19;642,2;108;2460,8;Склад 1;14.01.2025
ORD451175;В пути;79747505;AAA_Blue_9495;5980;3;10;Новогодняя распродажа;д. Новосибирск;Постамат;17940;598;19;3408,6;156;13777,4;Склад 2;17.06.2025
ORD888104;В пути;33336859;BBB_Blue_8197;6000;1;15;Новогодняя распродажа;клх Арсеньев;Курьер;6000;900;11;660;371;4069;Склад 2;31.08.2025
ORD793010;Отменен;67730240;DDD_Pink_2219;2600;2;10;Черная пятница;п. Ербогачен;Постамат;5200;260;14;728;398;3814;Склад 2;12.09.2025
ORD730449;Отменен;87897147;EEE_Black_8254;2780;2;5;Черная пятница;к. Палана;ПВЗ;5560;139;18;1000,8;146;4274,2;Склад 2;08.02.2025
ORD906694;В пути;68159326;HHH_Clear_5825;1240;3;10;Нет;с. Комсомольск-на-Амуре;Курьер;3720;124;16;595,2;191;2809,8;Склад 1;23.03.2025
ORD995328;Доставлен;97043253;FFF_Green_9071;3100;1;0;Нет;с. Усинск;Постамат;3100;0;13;403;139;2558;Склад 3;28.08.2025
ORD942616;Отменен;52953466;BBB_Pink_4023;2490;4;10;Нет;п. Мичуринск;ПВЗ;9960;249;17;1693,2;273;7744,8;Склад 2;12.07.2025
ORD746780;Доставлен;32826828;EEE_Titanium_7662;6990;4;10;Черная пятница;г. Усолье Сибирское;ПВЗ;27960;699;18;5032,8;150;22078,2;Склад 2;01.05.2025
ORD681931;Отменен;43776637;EEE_Blue_5790;5980;2;15;Нет;клх Курумкан;Курьер;11960;897;19;2272,4;274;8516,6;Склад 2;11.02.2025
ORD632542;Доставлен;58295345;GGG_Clear_8444;4700;3;0;Новогодняя распродажа;клх Североморск;Постамат;14100;0;13;1833;392;11875;Склад 3;02.02.2025
ORD693762;Доставлен;39912009;AAA_Black_7462;4990;1;0;Нет;ст. Ревда (Сверд.);Курьер;4990;0;11;548,9;373;4068,1;Склад 1;28.08.2025
ORD956369;Доставлен;60679385;EEE_White_2537;1340;1;10;Новогодняя распродажа;с. Ржев;Курьер;1340;134;19;254,6;212;739,4;Склад 1;22.02.2025
ORD149559;В пути;42826695;AAA_Black_1627;7990;2;15;Черная пятница;г. Лянтор;Постамат;15980;1198,5;10;1598;369;12814,5;Склад 1;26.04.2025
ORD881039;Доставлен;19770679;HHH_Red_1115;7828;2;10;Новогодняя распродажа;клх Верхний Баскунчак;Постамат;15656;782,8;17;2661,52;471;11740,68;Склад 1;28.03.2025
ORD652671;Доставлен;36919791;CCC_Clear_1118;1800;1;10;Новогодняя распродажа;клх Малая Вишера;Постамат;1800;180;11;198;239;1183;Склад 3;20.09.2025
ORD792671;Доставлен;85687791;AAA_Black_9253;5980;1;5;Новогодняя распродажа;клх Гаврилов-Ям;ПВЗ;5980;299;13;777,4;231;4672,6;Склад 3;17.04.2025
ORD392787;Отменен;42464834;CCC_Green_2957;3400;2;5;Черная пятница;г. Мытищи;ПВЗ;6800;170;14;952;328;5350;Склад 3;07.02.2025
ORD111077;Доставлен;42232730;HHH_White_3648;10780;1;15;Черная пятница;д. Волоколамск;Постамат;10780;1617;11;1185,8;198;7779,2;Склад 2;18.08.2025
ORD947445;Отменен;86253551;EEE_Pink_2728;3490;4;20;Черная пятница;с. Амурск;ПВЗ;13960;698;19;2652,4;360;10249,6;Склад 3;12.08.2025
ORD842780;Доставлен;78884710;AAA_White_5168;11990;2;5;Черная пятница;п. Яхрома;Курьер;23980;599,5;10;2398;432;20550,5;Склад 1;02.04.2025
ORD514709;Доставлен;82137556;EEE_Black_5363;5990;1;20;Нет;клх Буйнакск;Постамат;5990;1198;18;1078,2;283;3430,8;Склад 3;22.02.2025
ORD355361;В пути;55570580;BBB_White_3663;11100;2;0;Черная пятница;к. Шадринск;Курьер;22200;0;18;3996;371;17833;Склад 2;06.04.2025
ORD214691;Отменен;67182647;GGG_Black_4596;3100;3;5;Новогодняя распродажа;п. Нарткала;Постамат;9300;155;13;1209;360;7576;Склад 1;19.05.2025
ORD791342;Доставлен;35690160;GGG_Purple_2856;5648;2;5;Черная пятница;п. Бологое;Курьер;11296;282,4;17;1920,32;115;8978,28;Склад 3;16.07.2025
ORD373258;Отменен;27378295;GGG_Blue_2566;900;2;15;Нет;клх Калязин;Постамат;1800;135;12;216;173;1276;Склад 1;28.05.2025
ORD756439;Отменен;97750622;FFF_White_2222;6100;3;20;Нет;г. Лагань;Курьер;18300;1220;17;3111;457;13512;Склад 1;10.08.2025
ORD762006;В пути;34643765;GGG_Black_5712;6980;4;5;Нет;д. Певек;Постамат;27920;349;15;4188;475;22908;Склад 3;25.02.2025
ORD924965;В пути;26483342;HHH_Clear_4657;4980;1;5;Новогодняя распродажа;ст. Объячево;Постамат;4980;249;13;647,4;412;3671,6;Склад 3;11.06.2025
ORD898572;В пути;42668897;FFF_Clear_6850;7380;3;15;Черная пятница;клх Инта;ПВЗ;22140;1107;14;3099,6;468;17465,4;Склад 2;23.08.2025
ORD367259;В пути;61490753;EEE_Purple_3010;1140;2;15;Черная пятница;ст. Сортавала;Курьер;2280;171;16;364,8;222;1522,2;Склад 3;12.08.2025
ORD564161;В пути;68149765;BBB_Purple_8018;3380;1;20;Черная пятница;д. Киров (Вятка);ПВЗ;3380;676;19;642,2;199;1862,8;Склад 3;22.08.2025
ORD496750;В пути;98454420;AAA_Titanium_4017;7180;3;0;Новогодняя распродажа;клх Корсаков;Курьер;21540;0;11;2369,4;253;18917,6;Склад 3;28.05.2025
ORD652239;В пути;55570580;BBB_White_3663;11100;1;0;Новогодняя распродажа;к. Можга;ПВЗ;11100;0;15;1665;122;9313;Склад 1;09.06.2025
ORD695232;В пути;27995241;GGG_Blue_6871;2490;1;10;Нет;д. Кызыл;Постамат;2490;249;12;298,8;423;1519,2;Склад 2;22.03.2025
ORD375712;Доставлен;68159326;HHH_Clear_5825;1240;3;5;Нет;с. Шали;ПВЗ;3720;62;18;669,6;493;2495,4;Склад 1;02.06.2025
ORD933879;Отменен;20862535;FFF_Titanium_4702;5580;1;20;Черная пятница;д. Сортавала;ПВЗ;5580;1116;10;558;429;3477;Склад 3;30.06.2025
ORD945337;В пути;59775520;HHH_Purple_5299;490;4;5;Новогодняя распродажа;ст. Кизилюрт;Постамат;1960;24,5;16;313,6;321;1300,9;Склад 2;25.02.2025
ORD790490;В пути;93626225;FFF_Clear_4303;9990;3;20;Новогодняя распродажа;ст. Каневская;ПВЗ;29970;1998;11;3296,7;218;24457,3;Склад 3;08.09.2025
ORD435971;Отменен;63259901;CCC_White_6266;5100;4;20;Черная пятница;клх Одинцово;Постамат;20400;1020;15;3060;179;16141;Склад 1;29.05.2025
ORD418458;Доставлен;83149727;CCC_Purple_9600;5990;2;20;Черная пятница;ст. Пушкин;Курьер;11980;1198;18;2156,4;245;8380,6;Склад 1;29.03.2025
ORD718843;Отменен;12197069;HHH_Pink_7589;6380;1;5;Нет;г. Поронайск;ПВЗ;6380;319;17;1084,6;366;4610,4;Склад 3;04.03.2025
ORD927245;Отменен;44260719;HHH_Purple_8562;3790;2;15;Нет;г. Гремячинск (Бурят.);Постамат;7580;568,5;17;1288,6;278;5444,9;Склад 2;23.08.2025
ORD451931;В пути;49969528;HHH_Purple_2012;2980;2;5;Нет;ст. Ногинск (Моск.);Постамат;5960;149;15;894;473;4444;Склад 1;01.09.2025
ORD600317;Отменен;28865428;CCC_White_6197;1900;1;20;Черная пятница;п. Галич;ПВЗ;1900;380;18;342;441;737;Склад 3;04.04.2025
ORD314586;Отменен;24499014;DDD_White_9097;3180;3;10;Черная пятница;ст. Катайск;Курьер;9540;318;15;1431;140;7651;Склад 3;02.09.2025
ORD291713;В пути;44260719;HHH_Purple_8562;3790;1;0;Нет;д. Кузнецк;ПВЗ;3790;0;19;720,1;152;2917,9;Склад 3;01.08.2025
ORD595901;В пути;38916371;GGG_Blue_9644;8200;2;20;Нет;г. Дубна;Постамат;16400;1640;15;2460;370;11930;Склад 2;12.04.2025
ORD152456;В пути;64096625;GGG_Black_5356;700;2;10;Новогодняя распродажа;ст. Чайковский;Курьер;1400;70;15;210;192;928;Склад 3;16.02.2025
ORD225755;В пути;87769242;GGG_Black_5293;3590;3;15;Новогодняя распродажа;п. Усть-Баргузин;ПВЗ;10770;538,5;12;1292,4;416;8523,1;Склад 3;06.04.2025
ORD129885;Отменен;31965024;BBB_Red_4612;6980;1;20;Нет;с. Красновишерск;Постамат;6980;1396;15;1047;336;4201;Склад 1;07.08.2025
ORD883556;Отменен;39912009;AAA_Black_7462;4990;2;10;Нет;д. Ахтубинск;ПВЗ;9980;499;11;1097,8;191;8192,2;Склад 3;18.03.2025
ORD965496;Доставлен;12001967;CCC_Pink_6619;2900;4;20;Новогодняя распродажа;п. Бомнак;Курьер;11600;580;18;2088;291;8641;Склад 2;10.07.2025
ORD884475;Доставлен;83601675;HHH_White_5225;9180;2;5;Нет;с. Новочеркасск;Курьер;18360;459;16;2937,6;262;14701,4;Склад 3;20.05.2025
ORD905363;Отменен;42522552;GGG_White_4936;1080;2;10;Новогодняя распродажа;к. Шаховская;Курьер;2160;108;19;410,4;449;1192,6;Склад 2;18.07.2025
ORD867045;Доставлен;67734976;CCC_Green_5247;4980;3;5;Новогодняя распродажа;к. Вуктыл;Курьер;14940;249;10;1494;112;13085;Склад 3;19.06.2025
ORD960088;Отменен;22270955;CCC_Purple_4954;2980;4;5;Новогодняя распродажа;к. Кинешма;Курьер;11920;149;12;1430,4;458;9882,6;Склад 3;22.05.2025
ORD545372;Доставлен;63341383;FFF_Clear_7965;690;2;10;Черная пятница;клх Шаховская;ПВЗ;1380;69;18;248,4;360;702,6;Склад 3;22.08.2025
ORD992872;В пути;70591490;GGG_Red_8906;3500;2;0;Черная пятница;д. Анапа;Курьер;7000;0;13;910;395;5695;Склад 2;03.01.2025
ORD128083;Доставлен;77148972;DDD_Blue_4861;7380;4;10;Нет;к. Ардон;Курьер;29520;738;14;4132,8;101;24548,2;Склад 1;08.01.2025
ORD109419;В пути;28732161;DDD_Blue_4543;490;1;0;Новогодняя распродажа;ст. Верхний Баскунчак;Постамат;490;0;18;88,2;351;50,8;Склад 2;26.02.2025
ORD535321;В пути;54290924;DDD_Green_9078;7180;1;20;Черная пятница;д. Астрахань;Курьер;7180;1436;15;1077;335;4332;Склад 1;23.07.2025
ORD526359;В пути;96447831;DDD_Clear_8095;6954;2;20;Нет;д. Снежинск;Постамат;13908;1390,8;11;1529,88;314;10673,32;Склад 2;25.06.2025
ORD107012;В пути;32484702;HHH_Clear_2518;7300;2;10;Нет;п. Горно-Алтайск;Постамат;14600;730;18;2628;414;10828;Склад 3;29.04.2025
ORD442904;Доставлен;93626225;FFF_Clear_4303;9990;1;20;Нет;к. Новая Игирма;Постамат;9990;1998;10;999;322;6671;Склад 3;02.02.2025
ORD129890;Отменен;94113201;AAA_Purple_5605;6180;3;15;Нет;с. Усолье Сибирское;ПВЗ;18540;927;18;3337,2;442;13833,8;Склад 1;24.09.2025
ORD276472;В пути;62425327;DDD_Titanium_2708;7180;4;5;Нет;к. Череповец;ПВЗ;28720;359;10;2872;193;25296;Склад 1;31.08.2025
ORD206913;Доставлен;24644733;FFF_Black_3652;3477;4;5;Новогодняя распродажа;клх Аша;Постамат;13908;173,85;16;2225,28;422;11086,87;Склад 2;23.07.2025
ORD737429;В пути;52075157;DDD_Green_8043;7180;3;0;Нет;клх Северодвинск;ПВЗ;21540;0;10;2154;171;19215;Склад 2;16.04.2025
ORD700182;Доставлен;35905708;AAA_Green_8877;5500;3;20;Новогодняя распродажа;с. Ачхой Мартан;Курьер;16500;1100;17;2805;425;12170;Склад 1;04.06.2025
ORD127861;Доставлен;40968458;AAA_Pink_4930;4980;3;0;Черная пятница;ст. Калачинск;ПВЗ;14940;0;10;1494;476;12970;Склад 1;02.02.2025
ORD945492;Доставлен;46518137;EEE_Green_9886;1560;3;5;Нет;ст. Туруханск;Курьер;4680;78;18;842,4;234;3525,6;Склад 2;27.05.2025
ORD655576;Отменен;72208276;AAA_Blue_4139;5580;3;5;Черная пятница;г. Шатки;Курьер;16740;279;14;2343,6;311;13806,4;Склад 1;28.05.2025
ORD123753;Доставлен;12743240;HHH_Titanium_6539;2490;3;20;Новогодняя распродажа;к. Охотск;ПВЗ;7470;498;10;747;363;5862;Склад 1;27.02.2025
ORD715243;Доставлен;59197687;GGG_Blue_7759;9180;4;15;Новогодняя распродажа;с. Урай;ПВЗ;36720;1377;17;6242,4;131;28969,6;Склад 1;11.09.2025
ORD928070;Отменен;35056511;AAA_Clear_9962;1200;3;15;Черная пятница;ст. Токма;Постамат;3600;180;14;504;297;2619;Склад 1;03.04.2025
ORD815981;Отменен;60866651;EEE_Pink_8352;5580;1;20;Нет;п. Елец;ПВЗ;5580;1116;11;613,8;244;3606,2;Склад 3;23.04.2025
ORD947547;Доставлен;26194974;AAA_Black_7725;3380;3;20;Нет;ст. Шатки;ПВЗ;10140;676;10;1014;448;8002;Склад 3;14.09.2025
ORD165810;Отменен;52326977;DDD_Black_1564;1380;3;0;Черная пятница;клх Карабулак;ПВЗ;4140;0;14;579,6;450;3110,4;Склад 1;16.01.2025
ORD846459;В пути;33947909;HHH_Red_7905;6000;4;20;Черная пятница;г. Челябинск;Курьер;24000;1200;10;2400;380;20020;Склад 2;04.03.2025
ORD810265;В пути;93363944;DDD_Blue_6449;580;4;15;Черная пятница;г. Истра;Курьер;2320;87;10;232;362;1639;Склад 3;31.07.2025
ORD813194;Отменен;48742299;CCC_Pink_8383;11100;3;20;Нет;к. Губаха;Курьер;33300;2220;12;3996;393;26691;Склад 2;24.01.2025
ORD997964;Отменен;84114415;CCC_Blue_8287;3100;4;0;Нет;с. Волгодонск;Постамат;12400;0;16;1984;246;10170;Склад 2;01.04.2025
ORD432113;Доставлен;24499014;DDD_White_9097;3180;2;0;Нет;п. Соль-Илецк;Постамат;6360;0;15;954;261;5145;Склад 3;22.09.2025
ORD220258;Отменен;72747359;CCC_Blue_5038;3450;4;0;Черная пятница;клх Чокурдах;Постамат;13800;0;10;1380;321;12099;Склад 2;13.01.2025
ORD989188;Доставлен;43022400;BBB_Red_2345;2980;4;0;Нет;г. Орел;Курьер;11920;0;19;2264,8;475;9180,2;Склад 2;25.09.2025
ORD341606;В пути;59197687;GGG_Blue_7759;9180;4;10;Новогодняя распродажа;г. Анадырь;ПВЗ;36720;918;18;6609,6;389;28803,4;Склад 1;24.05.2025
ORD488459;Отменен;49227251;AAA_Purple_4611;1600;4;20;Черная пятница;д. Меренга;Постамат;6400;320;12;768;320;4992;Склад 1;10.04.2025
ORD423883;Доставлен;84981649;HHH_Blue_6949;2700;1;5;Нет;ст. Нефедова;Постамат;2700;135;11;297;408;1860;Склад 1;20.08.2025
ORD185153;Доставлен;52863920;EEE_Purple_8672;11000;1;20;Черная пятница;к. Майкоп;Курьер;11000;2200;19;2090;248;6462;Склад 3;06.01.2025
ORD686945;В пути;36571012;HHH_Green_9565;1290;1;10;Новогодняя распродажа;ст. Мезень;Постамат;1290;129;14;180,6;392;588,4;Склад 1;03.06.2025
ORD710378;Отменен;32067104;AAA_Red_8661;7300;3;0;Новогодняя распродажа;с. Ростов-на-Дону;ПВЗ;21900;0;13;2847;264;18789;Склад 2;21.04.2025
ORD477883;В пути;20450748;EEE_Black_1662;11100;3;10;Черная пятница;с. Химки;Курьер;33300;1110;14;4662;211;27317;Склад 2;21.09.2025
ORD981075;Доставлен;41865954;GGG_White_9632;5980;2;15;Черная пятница;ст. Коломна;Курьер;11960;897;17;2033,2;343;8686,8;Склад 2;02.01.2025
ORD346072;Доставлен;94015399;HHH_Titanium_5260;4980;1;15;Новогодняя распродажа;д. Североуральск;ПВЗ;4980;747;11;547,8;374;3311,2;Склад 2;16.05.2025
ORD547968;Отменен;29540923;BBB_White_5235;5180;3;20;Черная пятница;с. Черкесск;ПВЗ;15540;1036;17;2641,8;283;11579,2;Склад 2;13.05.2025
ORD741260;Доставлен;31302298;GGG_White_2841;4980;4;20;Новогодняя распродажа;клх Сарапул;ПВЗ;19920;996;17;3386,4;326;15211,6;Склад 3;28.05.2025
ORD299995;Отменен;44146850;CCC_Red_7696;7828;4;5;Новогодняя распродажа;к. Курган;Постамат;31312;391,4;15;4696,8;377;25846,8;Склад 2;05.03.2025
ORD523202;В пути;96985825;HHH_Purple_2504;3200;1;5;Нет;ст. Магадан;ПВЗ;3200;160;18;576;407;2057;Склад 3;01.07.2025
ORD301656;Отменен;52308782;AAA_Clear_6277;3980;2;15;Черная пятница;клх Поярково;Курьер;7960;597;11;875,6;458;6029,4;Склад 2;01.04.2025
ORD252909;Отменен;75673901;CCC_White_7349;8990;2;0;Черная пятница;г. Павловский Посад;ПВЗ;17980;0;15;2697;241;15042;Склад 3;10.07.2025
ORD190479;Доставлен;52297033;EEE_Red_3557;2550;4;10;Нет;к. Глазов;Курьер;10200;255;14;1428;480;8037;Склад 3;21.03.2025
ORD191178;Доставлен;48542574;BBB_Pink_9074;4990;2;5;Новогодняя распродажа;д. Омск;Курьер;9980;249,5;14;1397,2;354;7979,3;Склад 2;29.05.2025
ORD728920;Отменен;85687791;AAA_Black_9253;5980;1;5;Черная пятница;к. Хасан;Постамат;5980;299;12;717,6;415;4548,4;Склад 2;17.05.2025
ORD791688;Доставлен;18893470;AAA_Blue_6809;2780;4;0;Нет;с. Снежногорск (Мурм.);ПВЗ;11120;0;13;1445,6;379;9295,4;Склад 2;09.01.2025
ORD363866;Доставлен;10145273;DDD_Red_7490;3490;3;0;Нет;г. Камень-на-Оби;Постамат;10470;0;11;1151,7;182;9136,3;Склад 2;09.03.2025
ORD857935;Доставлен;60822434;GGG_Pink_4564;9100;3;20;Черная пятница;п. Жиганск;ПВЗ;27300;1820;12;3276;128;22076;Склад 1;10.07.2025
ORD848635;Отменен;36571012;HHH_Green_9565;1290;2;10;Нет;клх Старая Русса;ПВЗ;2580;129;12;309,6;390;1751,4;Склад 1;21.08.2025
ORD269680;Доставлен;85884486;AAA_Red_7992;6580;4;0;Новогодняя распродажа;п. Волгоград;ПВЗ;26320;0;17;4474,4;304;21541,6;Склад 3;13.04.2025
ORD101121;Отменен;18885984;DDD_Purple_4347;6200;4;5;Нет;клх Шелагонцы;ПВЗ;24800;310;10;2480;380;21630;Склад 3;06.07.2025
ORD943176;Доставлен;51675683;DDD_Pink_4683;6000;3;5;Новогодняя распродажа;п. Можга;ПВЗ;18000;300;16;2880;290;14530;Склад 1;10.02.2025
ORD437435;В пути;22878176;DDD_White_3168;6580;4;15;Новогодняя распродажа;с. Невьянск;Курьер;26320;987;12;3158,4;224;21950,6;Склад 3;03.02.2025
ORD685655;Доставлен;82503737;EEE_Green_1464;3380;4;0;Черная пятница;к. Усть-Баргузин;Курьер;13520;0;10;1352;214;11954;Склад 2;23.03.2025
ORD183275;Доставлен;41313579;CCC_Blue_4612;1200;4;20;Нет;с. Краснокамск;ПВЗ;4800;240;13;624;392;3544;Склад 3;21.08.2025
ORD538390;Отменен;52953466;BBB_Pink_4023;2490;2;10;Новогодняя распродажа;п. Александровск;Курьер;4980;249;12;597,6;210;3923,4;Склад 3;26.02.2025
ORD926473;Отменен;74952520;DDD_Green_2949;4980;4;20;Новогодняя распродажа;д. Усинск;Постамат;19920;996;15;2988;385;15551;Склад 3;19.09.2025
ORD768453;Доставлен;94828431;AAA_Black_1577;3180;1;5;Нет;клх Волоколамск;Постамат;3180;159;13;413,4;253;2354,6;Склад 1;27.03.2025
ORD180338;В пути;32897454;AAA_Black_9206;4980;2;20;Новогодняя распродажа;с. Карабудахкент;Постамат;9960;996;19;1892,4;408;6663,6;Склад 1;19.02.2025
ORD575880;Доставлен;87448383;AAA_Green_2528;4300;4;5;Нет;г. Нефедова;ПВЗ;17200;215;19;3268;157;13560;Склад 3;25.03.2025
ORD415089;Доставлен;71333535;CCC_Clear_1274;1460;4;5;Черная пятница;с. Усть-Камчатск;ПВЗ;5840;73;14;817,6;181;4768,4;Склад 2;10.05.2025
ORD872822;В пути;70326795;FFF_Purple_9422;11100;1;5;Новогодняя распродажа;г. Бузулук;Курьер;11100;555;17;1887;374;8284;Склад 3;16.08.2025
ORD916218;Отменен;22270955;CCC_Purple_4954;2980;2;5;Новогодняя распродажа;г. Жуковский;Курьер;5960;149;10;596;324;4891;Склад 1;14.09.2025
ORD952539;Доставлен;82471173;FFF_Pink_7016;3100;3;5;Нет;к. Бузулук;Курьер;9300;155;15;1395;181;7569;Склад 2;02.08.2025
ORD268615;Отменен;83447966;BBB_Blue_8761;5180;3;15;Нет;с. Курск;Постамат;15540;777;17;2641,8;461;11660,2;Склад 3;10.09.2025
ORD966187;Отменен;98575820;EEE_Red_5832;1800;2;20;Нет;п. Слюдянка;Постамат;3600;360;12;432;210;2598;Склад 1;26.08.2025
ORD774093;В пути;46916967;EEE_Blue_2874;2490;4;15;Нет;к. Токма;Постамат;9960;373,5;10;996;268;8322,5;Склад 2;28.09.2025
ORD818818;В пути;22878176;DDD_White_3168;6580;4;15;Новогодняя распродажа;п. Кропоткин (Краснод.);Постамат;26320;987;11;2895,2;180;22257,8;Склад 3;08.02.2025
ORD653819;Отменен;10425403;HHH_White_4628;3500;3;0;Черная пятница;д. Сасово;Курьер;10500;0;14;1470;255;8775;Склад 1;20.02.2025
ORD412349;Доставлен;27995241;GGG_Blue_6871;2490;3;0;Черная пятница;г. Нерчинск;ПВЗ;7470;0;15;1120,5;296;6053,5;Склад 2;27.02.2025
ORD992867;Отменен;50339234;CCC_Black_7296;2933;3;0;Черная пятница;г. Крымск;ПВЗ;8799;0;13;1143,87;218;7437,13;Склад 3;27.01.2025
ORD303954;Доставлен;34751007;EEE_Purple_9678;1980;1;10;Черная пятница;с. Александровск;Постамат;1980;198;14;277,2;407;1097,8;Склад 2;15.03.2025
ORD615805;Доставлен;16502779;HHH_Titanium_2914;3250;3;0;Нет;к. Ногинск (Моск.);ПВЗ;9750;0;14;1365;257;8128;Склад 2;13.04.2025
ORD922889;В пути;35892837;GGG_Clear_7869;11000;1;20;Новогодняя распродажа;п. Сосьва (Хант.);ПВЗ;11000;2200;17;1870;391;6539;Склад 2;21.06.2025
ORD876468;Доставлен;84981649;HHH_Blue_6949;2700;2;15;Новогодняя распродажа;клх Клин;ПВЗ;5400;405;11;594;182;4219;Склад 1;12.04.2025
ORD897367;Доставлен;25688149;DDD_Blue_3042;7300;4;20;Новогодняя распродажа;д. Листвянка (Иркут.);Постамат;29200;1460;17;4964;250;22526;Склад 3;27.03.2025
ORD139873;Отменен;24553956;CCC_White_2543;4780;3;0;Нет;д. Тобольск;Курьер;14340;0;16;2294,4;103;11942,6;Склад 2;13.01.2025
ORD328398;В пути;63341383;FFF_Clear_7965;690;4;10;Новогодняя распродажа;с. Петрозаводск;Курьер;2760;69;17;469,2;403;1818,8;Склад 2;14.08.2025
ORD571742;Доставлен;89677157;DDD_White_8101;7180;4;10;Нет;к. Оха;ПВЗ;28720;718;17;4882,4;350;22769,6;Склад 2;28.02.2025
ORD407838;Доставлен;55570580;BBB_White_3663;11100;3;15;Новогодняя распродажа;с. Подольск;Курьер;33300;1665;14;4662;427;26546;Склад 1;21.01.2025
ORD909570;В пути;26483342;HHH_Clear_4657;4980;3;20;Черная пятница;к. Батайск;Курьер;14940;996;12;1792,8;282;11869,2;Склад 2;05.05.2025
ORD761079;Отменен;16337630;EEE_Blue_8965;4100;2;5;Нет;к. Урай;Постамат;8200;205;15;1230;419;6346;Склад 1;04.06.2025
ORD836631;В пути;28393426;HHH_Blue_7358;2490;1;20;Новогодняя распродажа;клх Тутончаны;Постамат;2490;498;19;473,1;359;1159,9;Склад 1;28.07.2025
ORD361175;В пути;48820146;DDD_Purple_7099;2580;1;0;Черная пятница;г. Курумкан;ПВЗ;2580;0;15;387;101;2092;Склад 2;06.06.2025
ORD619843;Доставлен;68162392;FFF_Red_4784;6980;4;5;Черная пятница;клх Углегорск;ПВЗ;27920;349;10;2792;201;24578;Склад 2;17.09.2025
ORD820671;Доставлен;77137463;GGG_Red_9072;1550;3;10;Черная пятница;клх Тикси;ПВЗ;4650;155;10;465;297;3733;Склад 1;20.08.2025
ORD707368;Отменен;83675423;BBB_White_7079;4990;2;15;Нет;г. Алагир;Постамат;9980;748,5;19;1896,2;347;6988,3;Склад 1;05.09.2025
ORD380216;Доставлен;64493994;EEE_Clear_3126;2980;2;15;Нет;ст. Голицыно;Курьер;5960;447;10;596;126;4791;Склад 2;23.08.2025
ORD944947;Доставлен;79748321;BBB_Green_4107;7180;2;10;Новогодняя распродажа;ст. Ямбург;Постамат;14360;718;10;1436;382;11824;Склад 1;05.03.2025
ORD878624;В пути;21090709;DDD_Green_4790;1540;2;0;Черная пятница;п. Курумкан;Постамат;3080;0;13;400,4;317;2362,6;Склад 1;13.05.2025
ORD890127;Доставлен;81535584;HHH_White_8297;11100;2;10;Новогодняя распродажа;г. Абинск;Курьер;22200;1110;19;4218;310;16562;Склад 2;22.01.2025
ORD861759;Отменен;82500306;FFF_Green_5531;5500;1;0;Новогодняя распродажа;к. Нефтеюганск;Курьер;5500;0;13;715;216;4569;Склад 2;29.06.2025
ORD123513;В пути;91561471;EEE_Red_4134;7000;1;5;Черная пятница;д. Щелково;ПВЗ;7000;350;14;980;337;5333;Склад 3;08.09.2025
ORD739797;Отменен;91756950;HHH_Green_6528;7180;1;10;Новогодняя распродажа;к. Пушкинские Горы;Курьер;7180;718;16;1148,8;110;5203,2;Склад 2;19.03.2025
ORD403818;В пути;44760063;BBB_Purple_6571;5980;3;0;Нет;п. Старый Оскол;Курьер;17940;0;10;1794;125;16021;Склад 2;05.05.2025
ORD311568;Доставлен;66638917;HHH_Green_1488;2780;4;5;Новогодняя распродажа;п. Слюдянка;Курьер;11120;139;18;2001,6;393;8586,4;Склад 2;08.09.2025
ORD490040;В пути;90338470;HHH_Pink_5159;9980;2;10;Черная пятница;г. Плесецк;Курьер;19960;998;15;2994;228;15740;Склад 3;14.01.2025
ORD855615;В пути;39912009;AAA_Black_7462;4990;3;15;Нет;ст. Омск;ПВЗ;14970;748,5;14;2095,8;238;11887,7;Склад 1;12.04.2025
ORD752311;Доставлен;96712748;FFF_White_8621;11100;2;10;Нет;с. Коломна;ПВЗ;22200;1110;18;3996;183;16911;Склад 2;21.08.2025
ORD509795;Доставлен;54066848;HHH_White_7443;9180;1;20;Новогодняя распродажа;г. Углич;Курьер;9180;1836;19;1744,2;278;5321,8;Склад 2;10.05.2025
ORD469884;Отменен;67182647;GGG_Black_4596;3100;3;10;Новогодняя распродажа;д. Ачхой Мартан;Курьер;9300;310;14;1302;120;7568;Склад 3;19.07.2025
ORD416041;Отменен;82471173;FFF_Pink_7016;3100;1;20;Нет;к. Поронайск;ПВЗ;3100;620;11;341;220;1919;Склад 3;08.09.2025
ORD445488;Доставлен;35771482;HHH_Black_2849;6638;2;5;Новогодняя распродажа;г. Новороссийск;ПВЗ;13276;331,9;18;2389,68;310;10244,42;Склад 3;09.04.2025
ORD653759;Доставлен;55068920;GGG_Green_8385;1260;2;10;Черная пятница;клх Магас;Курьер;2520;126;14;352,8;286;1755,2;Склад 1;18.09.2025
ORD219200;Доставлен;18156492;GGG_Pink_4591;5980;4;5;Новогодняя распродажа;д. Тура;Постамат;23920;299;19;4544,8;499;18577,2;Склад 3;27.01.2025
ORD133075;В пути;53858511;AAA_White_5701;2950;2;5;Новогодняя распродажа;с. Великий Устюг;ПВЗ;5900;147,5;19;1121;255;4376,5;Склад 1;09.02.2025
ORD724985;В пути;94632310;EEE_Blue_2822;1160;1;0;Нет;г. Минусинск;ПВЗ;1160;0;11;127,6;254;778,4;Склад 2;24.03.2025
ORD901289;В пути;34657339;BBB_Titanium_6310;5500;2;5;Новогодняя распродажа;г. Комсомольск-на-Амуре;ПВЗ;11000;275;19;2090;301;8334;Склад 2;28.08.2025
ORD309780;Доставлен;36571012;HHH_Green_9565;1290;4;5;Новогодняя распродажа;ст. Артем;Курьер;5160;64,5;13;670,8;176;4248,7;Склад 2;15.09.2025
ORD197751;Отменен;54981333;HHH_Blue_9302;2890;4;10;Новогодняя распродажа;с. Пинега;Курьер;11560;289;16;1849,6;450;8971,4;Склад 3;09.02.2025
ORD765934;Доставлен;89421563;DDD_White_1350;660;1;10;Черная пятница;г. Снежногорск (Мурм.);ПВЗ;660;66;10;66;328;200;Склад 2;10.02.2025
ORD738493;В пути;62735299;DDD_Purple_9858;6980;3;15;Новогодняя распродажа;п. Шумиха;Курьер;20940;1047;18;3769,2;176;15947,8;Склад 3;06.03.2025
ORD224471;В пути;97750622;FFF_White_2222;6100;2;0;Черная пятница;с. Киренск;Курьер;12200;0;16;1952;417;9831;Склад 1;28.04.2025
ORD658512;Доставлен;65123860;AAA_Red_7044;3490;4;5;Черная пятница;п. Новомичуринск;ПВЗ;13960;174,5;16;2233,6;113;11438,9;Склад 2;23.06.2025
ORD311013;Доставлен;43666607;HHH_Clear_1848;2050;2;0;Черная пятница;ст. Зарайск;Курьер;4100;0;19;779;493;2828;Склад 1;17.09.2025
ORD355493;В пути;56270048;HHH_Black_8961;7180;2;20;Черная пятница;г. Миасс;Постамат;14360;1436;15;2154;446;10324;Склад 3;13.09.2025
ORD633799;В пути;15511860;AAA_Clear_9841;4990;3;5;Нет;ст. Темрюк;Курьер;14970;249,5;14;2095,8;331;12293,7;Склад 3;09.06.2025
ORD212814;В пути;21286645;FFF_Green_9273;2200;4;0;Черная пятница;к. Сладково;Курьер;8800;0;18;1584;144;7072;Склад 2;16.05.2025
ORD619283;Доставлен;47477350;AAA_Blue_8334;5500;2;15;Новогодняя распродажа;клх Середниково;ПВЗ;11000;825;17;1870;186;8119;Склад 2;13.07.2025
ORD226752;В пути;51813913;BBB_Blue_8050;2150;4;15;Черная пятница;с. Шамары;ПВЗ;8600;322,5;19;1634;211;6432,5;Склад 3;03.09.2025
ORD112804;В пути;54154203;CCC_Blue_3473;2980;1;5;Новогодняя распродажа;д. Мостовской;Постамат;2980;149;19;566,2;196;2068,8;Склад 2;13.02.2025
ORD820140;Отменен;60481401;BBB_Titanium_5485;3380;1;20;Черная пятница;г. Тулпан;Курьер;3380;676;13;439,4;299;1965,6;Склад 2;10.07.2025
ORD781980;Доставлен;96094802;HHH_Pink_9568;1390;2;15;Нет;ст. Горячинск;Постамат;2780;208,5;14;389,2;477;1705,3;Склад 1;26.05.2025
ORD695084;Отменен;57412404;FFF_Green_9000;4700;4;15;Черная пятница;к. Гдов;Постамат;18800;705;12;2256;277;15562;Склад 3;07.01.2025
ORD434995;Отменен;55068920;GGG_Green_8385;1260;2;20;Черная пятница;ст. Октябрьский (Башк.);ПВЗ;2520;252;16;403,2;364;1500,8;Склад 1;21.03.2025
ORD155095;В пути;28866848;EEE_Red_3383;2980;4;0;Нет;клх Калязин;Курьер;11920;0;13;1549,6;375;9995,4;Склад 2;14.02.2025
ORD916682;Доставлен;58356356;DDD_Black_9724;2580;4;15;Черная пятница;п. Саянск;ПВЗ;10320;387;17;1754,4;448;7730,6;Склад 1;11.03.2025
ORD912220;В пути;83149727;CCC_Purple_9600;5990;3;10;Новогодняя распродажа;п. Фатеж;Постамат;17970;599;11;1976,7;113;15281,3;Склад 3;04.07.2025
ORD822451;Доставлен;58295345;GGG_Clear_8444;4700;3;15;Черная пятница;с. Шатой;Постамат;14100;705;11;1551;261;11583;Склад 1;31.07.2025
ORD522535;Отменен;32156174;DDD_White_3845;1950;3;0;Черная пятница;к. Колпашево;ПВЗ;5850;0;12;702;413;4735;Склад 1;01.01.2025
ORD942515;Доставлен;43747379;GGG_Pink_7385;2980;2;0;Черная пятница;ст. Каневская;ПВЗ;5960;0;10;596;425;4939;Склад 2;10.09.2025
ORD553901;В пути;91561471;EEE_Red_4134;7000;3;5;Нет;с. Домодедово;ПВЗ;21000;350;16;3360;470;16820;Склад 3;11.03.2025
ORD929157;В пути;13393820;AAA_Pink_5462;5180;3;10;Черная пятница;к. Казань;ПВЗ;15540;518;11;1709,4;381;12931,6;Склад 2;28.05.2025
ORD572763;В пути;55068920;GGG_Green_8385;1260;1;0;Черная пятница;клх Бомнак;ПВЗ;1260;0;11;138,6;198;923,4;Склад 2;14.04.2025
ORD981412;Доставлен;22258405;FFF_Blue_3236;3490;4;20;Новогодняя распродажа;клх Шамары;Постамат;13960;698;10;1396;302;11564;Склад 3;23.07.2025
ORD508895;Отменен;55068920;GGG_Green_8385;1260;4;10;Черная пятница;ст. Верещагино (Перм.);ПВЗ;5040;126;17;856,8;112;3945,2;Склад 1;23.06.2025
ORD424924;Отменен;24653069;BBB_Pink_6893;4980;3;10;Черная пятница;с. Усть-Катав;Курьер;14940;498;18;2689,2;358;11394,8;Склад 2;05.06.2025
ORD263590;Доставлен;16837385;AAA_Blue_3988;7580;4;20;Черная пятница;п. Шарья;Постамат;30320;1516;11;3335,2;321;25147,8;Склад 1;08.09.2025
ORD540709;В пути;74692955;DDD_Black_2968;5124;1;15;Черная пятница;к. Воткинск;Постамат;5124;768,6;17;871,08;366;3118,32;Склад 3;24.09.2025
ORD950917;Отменен;31270055;CCC_Red_3462;7180;1;20;Новогодняя распродажа;к. Челюскин;Курьер;7180;1436;14;1005,2;472;4266,8;Склад 2;21.03.2025
ORD389628;В пути;24553956;CCC_White_2543;4780;3;20;Новогодняя распродажа;ст. Асбест;Курьер;14340;956;12;1720,8;374;11289,2;Склад 1;01.09.2025
ORD525783;Доставлен;96700442;BBB_Red_9074;7380;1;15;Нет;д. Макушино;Постамат;7380;1107;16;1180,8;228;4864,2;Склад 1;11.04.2025
ORD188738;В пути;56847236;GGG_Purple_3146;9180;4;15;Черная пятница;с. Лазаревское;ПВЗ;36720;1377;11;4039,2;179;31124,8;Склад 2;28.09.2025
ORD421260;Отменен;76585970;FFF_White_7505;5180;2;15;Нет;г. Лабытнанги;Постамат;10360;777;17;1761,2;441;7380,8;Склад 3;24.04.2025
ORD992525;Отменен;38137830;CCC_Titanium_4802;5380;4;15;Нет;п. Смоленск;Постамат;21520;807;10;2152;177;18384;Склад 1;06.08.2025
ORD727508;В пути;94780184;CCC_Green_3365;2900;2;15;Черная пятница;с. Ахтубинск;Курьер;5800;435;19;1102;164;4099;Склад 3;08.01.2025
ORD608001;Доставлен;29540923;BBB_White_5235;5180;3;20;Новогодняя распродажа;с. Каспийск;Постамат;15540;1036;10;1554;182;12768;Склад 2;08.09.2025
ORD563583;В пути;29540923;BBB_White_5235;5180;2;5;Новогодняя распродажа;п. Камень-на-Оби;ПВЗ;10360;259;15;1554;303;8244;Склад 1;21.05.2025
ORD121999;Доставлен;94336108;EEE_Titanium_3108;5580;1;5;Черная пятница;к. Нефтегорск (Самар.);Курьер;5580;279;19;1060,2;149;4091,8;Склад 1;29.05.2025
ORD990110;В пути;21820132;FFF_Blue_2194;11100;4;0;Черная пятница;к. Бреды;Постамат;44400;0;10;4440;475;39485;Склад 1;16.09.2025
ORD172711;Отменен;26483342;HHH_Clear_4657;4980;2;5;Новогодняя распродажа;клх Майкоп;Постамат;9960;249;14;1394,4;486;7830,6;Склад 3;28.05.2025
ORD191206;Доставлен;32997683;CCC_Purple_7445;2780;4;5;Черная пятница;п. Печенга;ПВЗ;11120;139;13;1445,6;489;9046,4;Склад 1;24.05.2025
ORD445688;Доставлен;62448369;HHH_Purple_1302;2980;3;20;Черная пятница;д. Ангарск;Постамат;8940;596;15;1341;115;6888;Склад 1;16.06.2025
ORD661606;Доставлен;14955118;BBB_Titanium_3592;3450;3;15;Черная пятница;ст. Сибай;Постамат;10350;517,5;12;1242;478;8112,5;Склад 2;10.02.2025
ORD694645;Отменен;63093696;EEE_Black_5749;2980;1;15;Новогодняя распродажа;г. Владикавказ;Постамат;2980;447;10;298;498;1737;Склад 1;21.03.2025
ORD296543;В пути;67182647;GGG_Black_4596;3100;3;20;Нет;ст. Ухта;Постамат;9300;620;16;1488;476;6716;Склад 3;15.04.2025
ORD218649;Отменен;29195433;GGG_Titanium_4026;2980;2;5;Нет;к. Гдов;ПВЗ;5960;149;14;834,4;368;4608,6;Склад 2;21.06.2025
ORD339435;Доставлен;98767142;GGG_White_8463;5580;3;20;Черная пятница;с. Чусовой;Постамат;16740;1116;16;2678,4;380;12565,6;Склад 2;21.07.2025
ORD480418;В пути;88322590;EEE_Red_4358;7180;1;0;Новогодняя распродажа;к. Туапсе;Постамат;7180;0;12;861,6;148;6170,4;Склад 1;25.09.2025
ORD515057;Отменен;64089075;GGG_Purple_7302;4600;4;15;Черная пятница;г. Видное;Постамат;18400;690;13;2392;449;14869;Склад 2;01.01.2025
ORD257581;Доставлен;61524158;FFF_Blue_7386;5100;4;10;Новогодняя распродажа;г. Бийск;Курьер;20400;510;15;3060;123;16707;Склад 1;26.07.2025
ORD786786;Доставлен;12157882;CCC_Blue_4419;1600;3;0;Черная пятница;д. Кинешма;ПВЗ;4800;0;15;720;227;3853;Склад 2;11.08.2025
ORD474451;Отменен;87233179;DDD_Blue_9263;5500;2;0;Новогодняя распродажа;к. Северобайкальск;Курьер;11000;0;13;1430;496;9074;Склад 3;03.07.2025
ORD201635;Отменен;44699881;BBB_Clear_9485;6780;1;20;Новогодняя распродажа;к. Таштагол;Курьер;6780;1356;12;813,6;268;4342,4;Склад 1;02.06.2025
ORD618484;Отменен;62448369;HHH_Purple_1302;2980;2;5;Нет;ст. Чокурдах;ПВЗ;5960;149;12;715,2;152;4943,8;Склад 3;24.09.2025
ORD800598;Доставлен;22705435;CCC_Green_4282;6580;1;15;Черная пятница;с. Шереметьево;Курьер;6580;987;11;723,8;487;4382,2;Склад 1;10.07.2025
ORD687820;Отменен;83953719;BBB_Blue_5153;6980;3;10;Нет;ст. Нарьян-Мар;Курьер;20940;698;13;2722,2;493;17026,8;Склад 3;09.02.2025
ORD895072;Доставлен;28559790;HHH_White_4492;2700;1;0;Нет;г. Апрелевка;Курьер;2700;0;11;297;174;2229;Склад 3;21.02.2025
ORD310240;Отменен;93597618;CCC_Green_8093;5648;1;10;Новогодняя распродажа;к. Бузулук;ПВЗ;5648;564,8;16;903,68;445;3734,52;Склад 2;14.06.2025
ORD288266;Доставлен;42464834;CCC_Green_2957;3400;3;5;Черная пятница;г. Северо-Курильск;Постамат;10200;170;15;1530;256;8244;Склад 1;14.06.2025
ORD379245;Доставлен;33346489;EEE_Purple_4483;1060;2;5;Новогодняя распродажа;клх Новый Оскол;ПВЗ;2120;53;13;275,6;252;1539,4;Склад 2;23.04.2025
ORD659617;В пути;32921978;FFF_Purple_2135;7180;3;10;Новогодняя распродажа;клх Омск;ПВЗ;21540;718;13;2800,2;205;17816,8;Склад 3;07.04.2025
ORD603836;Отменен;32997683;CCC_Purple_7445;2780;1;15;Новогодняя распродажа;к. Александров Гай;ПВЗ;2780;417;12;333,6;117;1912,4;Склад 1;26.04.2025
ORD650424;Отменен;79101202;EEE_Blue_3320;3780;3;5;Черная пятница;клх Тихвин;Курьер;11340;189;15;1701;207;9243;Склад 3;18.04.2025
ORD362404;Доставлен;54290924;DDD_Green_9078;7180;1;10;Черная пятница;г. Кырен;Постамат;7180;718;19;1364,2;121;4976,8;Склад 3;28.08.2025
ORD521956;Доставлен;11723919;EEE_Black_5621;3180;3;0;Новогодняя распродажа;г. Елец;ПВЗ;9540;0;16;1526,4;469;7544,6;Склад 3;16.04.2025
ORD724141;Доставлен;39705473;GGG_Pink_2598;5300;4;10;Черная пятница;с. Гусь-Хрустальный;ПВЗ;21200;530;17;3604;364;16702;Склад 3;16.07.2025
ORD905450;В пути;55667150;CCC_Green_3664;5580;4;10;Новогодняя распродажа;г. Кызыл;Постамат;22320;558;18;4017,6;454;17290,4;Склад 2;21.05.2025
ORD892069;В пути;29195433;GGG_Titanium_4026;2980;3;20;Черная пятница;г. Ахтубинск;Постамат;8940;596;13;1162,2;386;6795,8;Склад 3;15.05.2025
ORD102485;Доставлен;21167732;EEE_Black_9568;9980;2;5;Черная пятница;г. Саянск;Постамат;19960;499;10;1996;152;17313;Склад 2;25.08.2025
ORD166801;Отменен;34088668;EEE_Pink_4192;7580;1;15;Нет;п. Тутаев;Курьер;7580;1137;16;1212,8;476;4754,2;Склад 3;15.08.2025
ORD564566;Отменен;64670295;EEE_Clear_4786;4980;4;15;Новогодняя распродажа;г. Самара;Постамат;19920;747;11;2191,2;459;16522,8;Склад 1;06.01.2025
ORD273193;В пути;84867398;BBB_Pink_7897;2980;2;20;Нет;клх Смирных;Курьер;5960;596;15;894;239;4231;Склад 3;03.09.2025
ORD138078;В пути;16006909;BBB_Green_7079;6180;1;15;Нет;клх Буденновск;ПВЗ;6180;927;17;1050,6;144;4058,4;Склад 3;10.04.2025
ORD239368;Доставлен;58356356;DDD_Black_9724;2580;4;10;Новогодняя распродажа;к. Билибино;Курьер;10320;258;17;1754,4;381;7926,6;Склад 1;18.09.2025
ORD541672;Отменен;48759312;AAA_Clear_7073;1490;4;20;Новогодняя распродажа;ст. Усть-Камчатск;Постамат;5960;298;13;774,8;391;4496,2;Склад 1;23.07.2025
ORD480801;Доставлен;74682626;FFF_Purple_7037;2780;3;0;Черная пятница;с. Магадан;Курьер;8340;0;15;1251;458;6631;Склад 3;14.01.2025
ORD753596;В пути;88322590;EEE_Red_4358;7180;1;5;Новогодняя распродажа;к. Моздок;Постамат;7180;359;16;1148,8;121;5551,2;Склад 3;15.08.2025
ORD538890;Отменен;42123172;AAA_White_3643;2050;2;5;Нет;с. Чокурдах;Курьер;4100;102,5;18;738;156;3103,5;Склад 2;22.05.2025
ORD381210;Отменен;42364136;GGG_Blue_5870;2780;2;5;Нет;г. Кашира;ПВЗ;5560;139;17;945,2;339;4136,8;Склад 1;05.04.2025
ORD599299;В пути;26802010;EEE_Clear_6744;4200;2;10;Новогодняя распродажа;п. Котельнич;Курьер;8400;420;19;1596;347;6037;Склад 1;21.04.2025
ORD555093;Доставлен;12494667;EEE_Purple_6829;2980;1;0;Нет;п. Токсово;ПВЗ;2980;0;10;298;113;2569;Склад 2;24.01.2025
ORD583908;Доставлен;93094444;DDD_White_9135;2990;2;20;Черная пятница;к. Мичуринск;Постамат;5980;598;14;837,2;258;4286,8;Склад 3;29.06.2025
ORD810420;Отменен;22258405;FFF_Blue_3236;3490;2;20;Нет;к. Вуктыл;ПВЗ;6980;698;12;837,6;333;5111,4;Склад 3;25.07.2025
ORD346424;В пути;61524158;FFF_Blue_7386;5100;2;5;Черная пятница;г. Химки;Постамат;10200;255;11;1122;395;8428;Склад 1;08.07.2025
ORD902814;Отменен;40911969;HHH_Green_6659;6090;3;0;Нет;с. Тулпан;Постамат;18270;0;19;3471,3;226;14572,7;Склад 2;22.08.2025
ORD516818;В пути;11146662;BBB_Pink_2708;1000;3;0;Черная пятница;к. Россошь;ПВЗ;3000;0;19;570;293;2137;Склад 3;27.03.2025
ORD816828;Доставлен;47335358;GGG_Pink_1893;2780;1;0;Черная пятница;к. Черкесск;ПВЗ;2780;0;11;305,8;425;2049,2;Склад 1;21.01.2025
ORD121176;В пути;43817644;AAA_Green_1908;11100;1;15;Новогодняя распродажа;д. Кунгур;Курьер;11100;1665;10;1110;481;7844;Склад 3;08.09.2025
ORD121744;Доставлен;95054310;EEE_Pink_8103;5780;2;15;Черная пятница;клх Новосибирск;Курьер;11560;867;12;1387,2;192;9113,8;Склад 3;01.07.2025
ORD727248;В пути;81893634;GGG_Red_7442;5980;3;5;Новогодняя распродажа;п. Павловская;ПВЗ;17940;299;18;3229,2;201;14210,8;Склад 3;05.04.2025
ORD750997;Отменен;27378295;GGG_Blue_2566;900;4;0;Нет;клх Верхний Уфалей;ПВЗ;3600;0;12;432;475;2693;Склад 1;09.07.2025
ORD239512;Доставлен;26677770;CCC_Titanium_7668;3700;4;0;Нет;д. Томпа;ПВЗ;14800;0;10;1480;258;13062;Склад 2;29.04.2025
ORD862119;Отменен;69940113;CCC_Blue_6685;4980;2;20;Нет;ст. Калуга;ПВЗ;9960;996;10;996;387;7581;Склад 2;15.08.2025
ORD820054;Отменен;42364136;GGG_Blue_5870;2780;2;20;Черная пятница;с. Сочи;Постамат;5560;556;14;778,4;344;3881,6;Склад 3;08.06.2025
ORD777894;Доставлен;58356356;DDD_Black_9724;2580;3;5;Нет;с. Дзержинск;ПВЗ;7740;129;19;1470,6;214;5926,4;Склад 2;10.08.2025
ORD545195;Доставлен;78585756;AAA_Titanium_1682;6580;3;0;Нет;ст. Усть-Джегута;ПВЗ;19740;0;12;2368,8;361;17010,2;Склад 3;17.06.2025
ORD505432;Отменен;58452083;AAA_Black_9762;690;3;5;Новогодняя распродажа;п. Пятигорск;ПВЗ;2070;34,5;14;289,8;362;1383,7;Склад 1;11.07.2025
ORD984739;Отменен;84503528;EEE_Black_2767;5648;1;20;Новогодняя распродажа;г. Гаврилов-Ям;ПВЗ;5648;1129,6;11;621,28;336;3561,12;Склад 1;25.08.2025
ORD717363;Отменен;66144867;CCC_Blue_3895;9180;1;20;Нет;п. Кабанск;Постамат;9180;1836;14;1285,2;139;5919,8;Склад 1;25.04.2025
ORD861750;Отменен;36508832;HHH_Red_5637;2890;2;15;Нет;г. Кирово-Чепецк;Курьер;5780;433,5;16;924,8;498;3923,7;Склад 3;14.02.2025
ORD193635;Доставлен;47477350;AAA_Blue_8334;5500;1;5;Черная пятница;п. Улан-Удэ;Курьер;5500;275;12;660;260;4305;Склад 2;30.08.2025
ORD447299;Доставлен;89828981;EEE_Purple_4363;1890;3;5;Черная пятница;ст. Ясный (Оренб.);Курьер;5670;94,5;12;680,4;355;4540,1;Склад 1;26.05.2025
ORD369279;Отменен;48103158;BBB_Blue_2666;2500;3;0;Нет;с. Карталы;Курьер;7500;0;18;1350;454;5696;Склад 3;31.08.2025
ORD530148;В пути;47380526;EEE_White_3357;4990;1;0;Новогодняя распродажа;д. Тула;Курьер;4990;0;10;499;269;4222;Склад 2;21.04.2025
ORD833310;В пути;94463588;EEE_Pink_5016;4980;4;15;Нет;к. Армавир;Постамат;19920;747;16;3187,2;409;15576,8;Склад 2;07.07.2025
ORD763928;Доставлен;14737689;DDD_Red_4608;10380;2;10;Черная пятница;д. Уфа;Курьер;20760;1038;13;2698,8;488;16535,2;Склад 2;25.09.2025
ORD933290;Отменен;91841741;CCC_Pink_9680;7500;4;10;Новогодняя распродажа;с. Абакан;Постамат;30000;750;12;3600;243;25407;Склад 3;26.04.2025
ORD805958;Отменен;96447831;DDD_Clear_8095;6954;2;10;Новогодняя распродажа;ст. Томск;Постамат;13908;695,4;16;2225,28;262;10725,32;Склад 3;17.03.2025
ORD884418;Доставлен;18952810;EEE_Black_4500;11100;4;5;Черная пятница;п. Семлячики;Курьер;44400;555;18;7992;462;35391;Склад 3;23.06.2025
ORD881383;В пути;28074469;HHH_Black_6852;4990;1;5;Нет;к. Лабытнанги;Курьер;4990;249,5;15;748,5;163;3829;Склад 1;10.09.2025
ORD483962;В пути;26802010;EEE_Clear_6744;4200;2;20;Нет;клх Верхоянск;Курьер;8400;840;10;840;111;6609;Склад 3;24.06.2025
ORD562043;В пути;84867398;BBB_Pink_7897;2980;2;5;Нет;клх Салават;ПВЗ;5960;149;14;834,4;463;4513,6;Склад 1;23.04.2025
ORD190770;Доставлен;72257964;HHH_Purple_3275;4990;2;5;Черная пятница;к. Яшалта;Постамат;9980;249,5;14;1397,2;428;7905,3;Склад 1;27.02.2025
ORD723764;В пути;29875570;DDD_Black_2486;660;3;5;Новогодняя распродажа;клх Тамбей;Курьер;1980;33;15;297;489;1161;Склад 1;04.04.2025
ORD593517;Доставлен;21929427;FFF_Green_1597;4990;3;15;Черная пятница;ст. Александров Гай;ПВЗ;14970;748,5;16;2395,2;123;11703,3;Склад 3;18.09.2025
ORD359345;Доставлен;89402108;HHH_Pink_1353;2550;4;5;Нет;ст. Долинск;Постамат;10200;127,5;10;1020;162;8890,5;Склад 1;16.02.2025
ORD757574;Отменен;52075157;DDD_Green_8043;7180;1;0;Черная пятница;г. Ельня;ПВЗ;7180;0;15;1077;142;5961;Склад 3;12.05.2025
ORD574589;В пути;85505511;FFF_Purple_4867;2000;3;0;Новогодняя распродажа;г. Александровск;ПВЗ;6000;0;15;900;373;4727;Склад 3;10.02.2025
ORD121894;Доставлен;99230127;BBB_Purple_4146;2980;2;20;Черная пятница;г. Ростов;Курьер;5960;596;13;774,8;342;4247,2;Склад 1;10.02.2025
ORD626203;В пути;16337630;EEE_Blue_8965;4100;3;15;Нет;ст. Надым;Постамат;12300;615;16;1968;243;9474;Склад 1;11.09.2025
ORD273334;В пути;73722467;FFF_Purple_9236;5500;1;0;Новогодняя распродажа;ст. Минусинск;ПВЗ;5500;0;12;660;122;4718;Склад 1;25.03.2025
ORD878408;Отменен;34800221;CCC_Black_1999;1120;3;15;Черная пятница;к. Терней;Постамат;3360;168;13;436,8;355;2400,2;Склад 3;11.07.2025
ORD721807;В пути;21837136;GGG_Clear_8073;2300;2;15;Черная пятница;д. Данков;Курьер;4600;345;19;874;328;3053;Склад 3;30.08.2025
ORD810967;Отменен;16278472;EEE_Blue_7850;7180;4;20;Новогодняя распродажа;к. Минусинск;Постамат;28720;1436;13;3733,6;145;23405,4;Склад 1;22.07.2025
ORD935452;Доставлен;95754103;EEE_White_9532;2980;2;15;Новогодняя распродажа;к. Зарайск;ПВЗ;5960;447;13;774,8;463;4275,2;Склад 1;28.07.2025
ORD441903;В пути;69371023;AAA_Red_8534;6180;1;5;Нет;д. Ейск;ПВЗ;6180;309;15;927;179;4765;Склад 2;05.07.2025
ORD383218;Доставлен;19287744;GGG_Red_4652;11100;4;15;Новогодняя распродажа;клх Гдов;Постамат;44400;1665;19;8436;397;33902;Склад 1;01.06.2025
ORD250289;В пути;80262000;FFF_Titanium_1822;11100;3;20;Нет;с. Озеры;ПВЗ;33300;2220;19;6327;454;24299;Склад 2;22.09.2025
ORD937095;Доставлен;64604307;GGG_Titanium_9467;6980;3;20;Черная пятница;д. Апрелевка;ПВЗ;20940;1396;15;3141;331;16072;Склад 2;04.01.2025
ORD106514;В пути;13307981;HHH_Red_3772;2700;3;20;Нет;д. Качканар;ПВЗ;8100;540;10;810;198;6552;Склад 3;15.06.2025
ORD621896;В пути;35738540;CCC_Titanium_2027;5500;4;0;Черная пятница;д. Южно-Курильск;Курьер;22000;0;19;4180;223;17597;Склад 3;06.05.2025
ORD237510;В пути;37600233;AAA_Green_9915;980;2;5;Новогодняя распродажа;д. Сергиев Посад;Курьер;1960;49;15;294;454;1163;Склад 2;10.04.2025
ORD572049;В пути;12307278;DDD_White_5998;7522;4;0;Черная пятница;с. Аша;ПВЗ;30088;0;13;3911,44;219;25957,56;Склад 2;07.08.2025
ORD775551;В пути;12157882;CCC_Blue_4419;1600;4;10;Новогодняя распродажа;ст. Кашира;Постамат;6400;160;18;1152;398;4690;Склад 1;26.08.2025
ORD460684;В пути;59775520;HHH_Purple_5299;490;1;5;Черная пятница;г. Кулунда;Курьер;490;24,5;13;63,7;496;-94,2;Склад 2;15.04.2025
ORD287219;В пути;42530270;HHH_Pink_4655;4990;4;15;Черная пятница;г. Шумиха;Постамат;19960;748,5;10;1996;499;16716,5;Склад 1;27.06.2025
ORD614002;В пути;27500707;AAA_Titanium_8848;1890;3;20;Черная пятница;д. Луховицы;ПВЗ;5670;378;18;1020,6;313;3958,4;Склад 3;12.03.2025
ORD859459;В пути;29302655;FFF_Red_4364;3100;2;10;Черная пятница;клх Токсово;ПВЗ;6200;310;15;930;430;4530;Склад 1;31.08.2025
ORD247828;Доставлен;17961013;GGG_Purple_4980;3490;2;5;Нет;клх Назрань;Постамат;6980;174,5;13;907,4;496;5402,1;Склад 3;15.02.2025
ORD475302;Отменен;81961443;GGG_Pink_3547;5580;2;0;Черная пятница;г. Курумкан;Курьер;11160;0;12;1339,2;249;9571,8;Склад 2;07.02.2025
ORD633084;В пути;86055495;AAA_Green_3407;5300;3;20;Нет;г. Юровск;Постамат;15900;1060;15;2385;200;12255;Склад 2;23.05.2025
ORD606248;Отменен;11575539;HHH_Blue_8671;5500;3;0;Новогодняя распродажа;к. Снежногорск (Мурм.);Постамат;16500;0;12;1980;145;14375;Склад 2;02.02.2025
ORD578276;В пути;41460381;AAA_Green_6938;3816;3;5;Новогодняя распродажа;г. Мелеуз;ПВЗ;11448;190,8;13;1488,24;156;9612,96;Склад 1;07.05.2025
ORD100589;В пути;10060494;EEE_Purple_5001;5180;3;5;Нет;с. Соболево;Курьер;15540;259;16;2486,4;441;12353,6;Склад 3;17.09.2025
ORD589428;Доставлен;82438067;EEE_Red_8950;5980;3;10;Новогодняя распродажа;д. Октябрьский (Башк.);Постамат;17940;598;18;3229,2;335;13777,8;Склад 3;10.01.2025
ORD791781;Доставлен;67982365;FFF_Red_4458;5100;4;15;Новогодняя распродажа;клх Тамбов;Курьер;20400;765;15;3060;449;16126;Склад 3;27.03.2025
ORD107819;Отменен;47547508;CCC_Titanium_8246;10380;3;0;Черная пятница;с. Карталы;ПВЗ;31140;0;17;5293,8;415;25431,2;Склад 3;06.05.2025
ORD371049;Доставлен;96712748;FFF_White_8621;11100;3;10;Черная пятница;клх Макаров;Курьер;33300;1110;17;5661;369;26160;Склад 3;31.05.2025
ORD884911;Доставлен;69371023;AAA_Red_8534;6180;3;20;Черная пятница;с. Партизанск;ПВЗ;18540;1236;16;2966,4;343;13994,6;Склад 1;05.09.2025
ORD876474;Отменен;43776637;EEE_Blue_5790;5980;3;15;Нет;ст. Оленек;Курьер;17940;897;12;2152,8;119;14771,2;Склад 3;01.07.2025
ORD935722;Доставлен;83447966;BBB_Blue_8761;5180;2;10;Нет;с. Кизляр;Постамат;10360;518;18;1864,8;448;7529,2;Склад 2;28.07.2025
ORD862137;В пути;60679385;EEE_White_2537;1340;3;0;Новогодняя распродажа;с. Кандалакша;ПВЗ;4020;0;14;562,8;267;3190,2;Склад 3;04.04.2025
ORD114564;Отменен;61043170;HHH_Red_8358;2690;4;5;Черная пятница;с. Калевала;Постамат;10760;134,5;10;1076;323;9226,5;Склад 2;21.02.2025
ORD879945;Отменен;68159326;HHH_Clear_5825;1240;4;20;Нет;ст. Чусовой;ПВЗ;4960;248;12;595,2;108;4008,8;Склад 1;14.05.2025
ORD118990;В пути;41515025;DDD_Purple_3677;980;4;0;Нет;к. Павловская;Курьер;3920;0;17;666,4;474;2779,6;Склад 1;18.05.2025
ORD419075;Доставлен;64541408;BBB_Pink_7223;2550;1;15;Черная пятница;д. Шали;Курьер;2550;382,5;10;255;461;1451,5;Склад 2;03.06.2025
ORD844941;Отменен;54150352;HHH_Titanium_2732;1690;2;15;Нет;г. Междуреченский;ПВЗ;3380;253,5;11;371,8;317;2437,7;Склад 3;25.06.2025
ORD927445;Отменен;24862643;FFF_Clear_2774;7380;3;5;Черная пятница;ст. Тавда;ПВЗ;22140;369;16;3542,4;330;17898,6;Склад 1;15.02.2025
ORD279145;В пути;42236708;HHH_Green_6711;5580;1;5;Новогодняя распродажа;д. Воркута;ПВЗ;5580;279;18;1004,4;382;3914,6;Склад 1;08.08.2025
ORD168412;В пути;85372595;CCC_Titanium_6837;2550;3;20;Новогодняя распродажа;д. Челябинск;Курьер;7650;510;16;1224;205;5711;Склад 1;01.01.2025
ORD719578;Доставлен;51575941;DDD_Purple_5314;3380;1;20;Новогодняя распродажа;д. Шуя;ПВЗ;3380;676;12;405,6;188;2110,4;Склад 3;11.01.2025
ORD153458;Отменен;42294120;CCC_Pink_2372;4980;1;5;Черная пятница;г. Воскресенск;ПВЗ;4980;249;10;498;369;3864;Склад 2;30.07.2025
ORD628966;Доставлен;95754103;EEE_White_9532;2980;4;5;Нет;к. Волгоград;Постамат;11920;149;16;1907,2;141;9722,8;Склад 2;28.06.2025
ORD444624;Доставлен;67418195;CCC_Pink_6473;5380;4;15;Новогодняя распродажа;г. Домбай;ПВЗ;21520;807;10;2152;281;18280;Склад 3;01.05.2025
ORD689196;В пути;85505511;FFF_Purple_4867;2000;1;5;Новогодняя распродажа;г. Малая Вишера;Постамат;2000;100;16;320;297;1283;Склад 1;14.03.2025
ORD337174;Отменен;41460381;AAA_Green_6938;3816;4;10;Новогодняя распродажа;г. Челябинск;Постамат;15264;381,6;12;1831,68;252;12798,72;Склад 3;17.02.2025
ORD400516;Отменен;99235800;DDD_Blue_3167;5980;1;0;Нет;к. Назрань;Постамат;5980;0;19;1136,2;174;4669,8;Склад 3;06.01.2025
ORD815962;Отменен;49463647;FFF_Black_8837;11100;2;5;Нет;п. Глазов;Курьер;22200;555;14;3108;242;18295;Склад 2;16.03.2025
ORD408165;В пути;86056168;FFF_Green_1588;11000;4;20;Черная пятница;ст. Соболево;Постамат;44000;2200;12;5280;235;36285;Склад 3;24.06.2025
ORD534237;В пути;78206062;GGG_Clear_9364;980;4;10;Новогодняя распродажа;к. Киренск;ПВЗ;3920;98;18;705,6;299;2817,4;Склад 3;26.03.2025
ORD197021;В пути;44260719;HHH_Purple_8562;3790;4;20;Нет;д. Октябрьское (Челяб.);Курьер;15160;758;12;1819,2;369;12213,8;Склад 1;03.09.2025
ORD307051;В пути;24499014;DDD_White_9097;3180;2;10;Черная пятница;п. Уфа;Курьер;6360;318;13;826,8;487;4728,2;Склад 1;06.01.2025
ORD307306;В пути;89466257;FFF_Green_6760;7828;1;5;Новогодняя распродажа;г. Терней;Курьер;7828;391,4;18;1409,04;157;5870,56;Склад 2;07.03.2025
ORD410356;Отменен;23021957;EEE_Black_4856;1000;3;0;Нет;д. Плес;Курьер;3000;0;13;390;449;2161;Склад 1;18.04.2025
ORD805715;Доставлен;31817974;BBB_Green_3184;1450;4;20;Нет;п. Архыз;Курьер;5800;290;14;812;213;4485;Склад 3;07.05.2025
ORD834145;Отменен;17932091;GGG_Black_4469;3490;1;10;Черная пятница;к. Осташков;Курьер;3490;349;13;453,7;336;2351,3;Склад 3;31.07.2025
ORD426347;Доставлен;34657339;BBB_Titanium_6310;5500;2;15;Новогодняя распродажа;к. Домодедово;Курьер;11000;825;11;1210;318;8647;Склад 3;26.02.2025
ORD469624;В пути;67418195;CCC_Pink_6473;5380;3;5;Новогодняя распродажа;д. Каневская;Постамат;16140;269;10;1614;322;13935;Склад 2;14.05.2025
ORD804024;Доставлен;74952520;DDD_Green_2949;4980;4;0;Нет;ст. Рославль;ПВЗ;19920;0;17;3386,4;389;16144,6;Склад 1;09.07.2025
ORD593896;Отменен;65415657;HHH_Black_7735;7180;2;5;Новогодняя распродажа;п. Любань;ПВЗ;14360;359;16;2297,6;252;11451,4;Склад 3;25.09.2025
ORD118854;Отменен;71947674;AAA_Titanium_9034;5500;2;15;Черная пятница;д. Сургут (Хант.);Постамат;11000;825;12;1320;227;8628;Склад 1;01.05.2025
ORD795615;Доставлен;84867052;BBB_Black_9984;3980;3;0;Нет;ст. Нурлат;Постамат;11940;0;12;1432,8;441;10066,2;Склад 1;01.05.2025
ORD164863;В пути;86131619;FFF_Blue_9955;640;1;15;Нет;с. Губаха;Курьер;640;96;19;121,6;188;234,4;Склад 1;15.08.2025
ORD527753;В пути;26726668;EEE_Blue_2638;3180;4;5;Черная пятница;г. Можга;Курьер;12720;159;19;2416,8;172;9972,2;Склад 1;05.07.2025
ORD685615;Отменен;92465778;DDD_Green_9674;9980;4;10;Нет;п. Оха;Постамат;39920;998;14;5588,8;106;33227,2;Склад 2;21.09.2025
ORD821032;Доставлен;10060494;EEE_Purple_5001;5180;1;5;Новогодняя распродажа;д. Дербент;Курьер;5180;259;18;932,4;184;3804,6;Склад 2;14.05.2025
ORD929772;В пути;96010532;HHH_Black_6946;2490;1;5;Новогодняя распродажа;п. Саранск;ПВЗ;2490;124,5;17;423,3;307;1635,2;Склад 2;19.04.2025
ORD419946;В пути;46434145;GGG_Pink_1622;5180;1;5;Нет;д. Моршанск;ПВЗ;5180;259;12;621,6;315;3984,4;Склад 3;22.02.2025
ORD659922;Отменен;97043253;FFF_Green_9071;3100;3;20;Черная пятница;клх Южно-Курильск;Курьер;9300;620;10;930;201;7549;Склад 3;11.08.2025
ORD655229;В пути;55426923;AAA_Red_9393;7828;3;15;Черная пятница;с. Камышлов;Курьер;23484;1174,2;11;2583,24;128;19598,56;Склад 3;02.01.2025
ORD708128;Доставлен;35214367;FFF_White_7199;9990;4;15;Новогодняя распродажа;к. Касимов;Курьер;39960;1498,5;18;7192,8;397;30871,7;Склад 2;20.05.2025
ORD593266;Отменен;77597491;DDD_Pink_4647;7300;3;15;Черная пятница;п. Устюжна;ПВЗ;21900;1095;17;3723;403;16679;Склад 1;14.07.2025
ORD334680;Отменен;43510857;GGG_Green_3846;6580;2;20;Нет;п. Слюдянка;Курьер;13160;1316;16;2105,6;499;9239,4;Склад 2;16.08.2025
ORD661524;Доставлен;52116150;EEE_Purple_2309;3380;4;10;Нет;п. Луховицы;Постамат;13520;338;11;1487,2;460;11234,8;Склад 3;10.09.2025
ORD138779;Отменен;82611352;HHH_Pink_5740;3380;3;5;Новогодняя распродажа;с. Двинской;Курьер;10140;169;16;1622,4;470;7878,6;Склад 3;12.07.2025
ORD940596;В пути;84867398;BBB_Pink_7897;2980;1;10;Новогодняя распродажа;п. Тулпан;Постамат;2980;298;17;506,6;419;1756,4;Склад 1;14.09.2025
ORD444533;В пути;34456061;HHH_Red_4760;4980;2;20;Новогодняя распродажа;д. Каневская;Курьер;9960;996;18;1792,8;346;6825,2;Склад 2;20.07.2025
ORD797053;Доставлен;41515025;DDD_Purple_3677;980;1;15;Черная пятница;п. Ангарск;Курьер;980;147;10;98;151;584;Склад 1;18.05.2025
ORD949337;В пути;96808638;AAA_Titanium_9014;2933;4;5;Нет;к. Благовещенск (Амур.);ПВЗ;11732;146,65;16;1877,12;348;9360,23;Склад 2;04.07.2025
ORD519800;Доставлен;71669416;AAA_Titanium_6370;2780;1;0;Нет;с. Костомукша;Постамат;2780;0;10;278;122;2380;Склад 3;23.01.2025
ORD537429;Доставлен;99235800;DDD_Blue_3167;5980;3;0;Нет;д. Кострома;Постамат;17940;0;17;3049,8;454;14436,2;Склад 1;29.04.2025
ORD690495;В пути;31302298;GGG_White_2841;4980;3;10;Новогодняя распродажа;ст. Гусь-Хрустальный;Постамат;14940;498;16;2390,4;292;11759,6;Склад 1;28.02.2025
ORD808734;Доставлен;11615968;CCC_Red_1845;1460;4;15;Нет;п. Александровск;ПВЗ;5840;219;11;642,4;378;4600,6;Склад 2;20.02.2025
ORD996758;В пути;47547508;CCC_Titanium_8246;10380;1;0;Черная пятница;с. Гагарин;Постамат;10380;0;17;1764,6;120;8495,4;Склад 2;23.05.2025
ORD225136;Отменен;27730464;CCC_White_7695;7180;4;10;Черная пятница;г. Минеральные Воды;ПВЗ;28720;718;10;2872;313;24817;Склад 2;05.07.2025
ORD853957;Отменен;26479913;EEE_Pink_1004;7180;1;20;Нет;клх Серафимович;Курьер;7180;1436;18;1292,4;220;4231,6;Склад 3;20.07.2025
ORD327145;Доставлен;44373202;AAA_Purple_7609;1580;2;10;Новогодняя распродажа;г. Карабудахкент;Курьер;3160;158;12;379,2;213;2409,8;Склад 2;15.08.2025
ORD225557;В пути;71114241;FFF_Green_5405;1550;3;10;Нет;г. Калязин;Постамат;4650;155;16;744;255;3496;Склад 3;07.07.2025
ORD737576;В пути;98669896;CCC_Titanium_4186;2980;4;10;Черная пятница;г. Бомнак;Курьер;11920;298;19;2264,8;100;9257,2;Склад 2;04.05.2025
ORD128158;Отменен;33739806;CCC_Green_2534;1000;2;5;Черная пятница;д. Ханты-Мансийск;Курьер;2000;50;13;260;286;1404;Склад 2;05.08.2025
ORD617691;Отменен;74519088;HHH_Blue_2269;5990;2;10;Черная пятница;г. Вилюйск;Постамат;11980;599;15;1797;294;9290;Склад 3;09.01.2025
ORD318622;В пути;38609788;FFF_Black_2193;5980;4;10;Нет;г. Красноуральск;Курьер;23920;598;14;3348,8;445;19528,2;Склад 2;26.09.2025
ORD118532;Доставлен;87521806;AAA_Purple_7596;1290;4;5;Черная пятница;п. Мокшан;Постамат;5160;64,5;11;567,6;279;4248,9;Склад 3;02.01.2025
ORD665859;Отменен;86131619;FFF_Blue_9955;640;2;5;Новогодняя распродажа;клх Архыз;Постамат;1280;32;15;192;245;811;Склад 3;22.07.2025
ORD583689;Доставлен;58295345;GGG_Clear_8444;4700;1;20;Нет;п. Сургут (Хант.);Курьер;4700;940;17;799;497;2464;Склад 2;15.04.2025
ORD824058;Доставлен;79641918;AAA_Purple_8747;6000;2;15;Нет;ст. Нальчик;Курьер;12000;900;19;2280;328;8492;Склад 2;03.08.2025
ORD171167;Отменен;63093696;EEE_Black_5749;2980;4;0;Черная пятница;п. Игарка;Курьер;11920;0;18;2145,6;289;9485,4;Склад 1;02.04.2025
ORD425990;Доставлен;73366984;DDD_Titanium_8491;5648;2;0;Черная пятница;ст. Соль-Илецк;Курьер;11296;0;15;1694,4;298;9303,6;Склад 2;25.09.2025
ORD258696;Доставлен;19861565;AAA_Red_7612;6580;1;10;Новогодняя распродажа;д. Тосно;Курьер;6580;658;17;1118,6;423;4380,4;Склад 1;27.01.2025
ORD684696;В пути;60315278;FFF_Purple_3751;1020;3;20;Нет;ст. Калачинск;ПВЗ;3060;204;18;550,8;236;2069,2;Склад 2;28.03.2025
ORD320289;Доставлен;10678165;GGG_White_4316;3490;3;10;Черная пятница;к. Орск;Курьер;10470;349;14;1465,8;255;8400,2;Склад 3;11.01.2025
ORD588888;В пути;47380526;EEE_White_3357;4990;2;0;Новогодняя распродажа;с. Киржач;ПВЗ;9980;0;11;1097,8;402;8480,2;Склад 3;09.02.2025
ORD801509;Отменен;25273810;GGG_Titanium_7570;2980;1;5;Черная пятница;г. Шилка;Постамат;2980;149;14;417,2;129;2284,8;Склад 1;12.07.2025
ORD628254;Отменен;97043253;FFF_Green_9071;3100;3;15;Нет;к. Буденновск;Курьер;9300;465;18;1674;446;6715;Склад 2;16.02.2025
ORD855697;В пути;32067104;AAA_Red_8661;7300;2;20;Черная пятница;п. Коломна;Курьер;14600;1460;15;2190;272;10678;Склад 1;24.01.2025
ORD180372;Отменен;71643669;CCC_Green_1403;11100;2;5;Нет;п. Черусти;Курьер;22200;555;17;3774;332;17539;Склад 2;23.08.2025
ORD231744;Доставлен;20929551;HHH_White_8048;1450;1;15;Черная пятница;г. Хатанга;Постамат;1450;217,5;11;159,5;402;671;Склад 2;15.05.2025
ORD539156;Доставлен;26677770;CCC_Titanium_7668;3700;4;20;Нет;с. Певек;ПВЗ;14800;740;19;2812;206;11042;Склад 3;17.06.2025
ORD929212;Доставлен;20765137;CCC_Pink_8919;1580;2;20;Новогодняя распродажа;к. Тутончаны;ПВЗ;3160;316;14;442,4;456;1945,6;Склад 1;09.03.2025
ORD539022;Отменен;86253551;EEE_Pink_2728;3490;4;0;Нет;с. Соловки;Курьер;13960;0;16;2233,6;491;11235,4;Склад 3;06.02.2025
ORD873237;Доставлен;90900699;CCC_Black_2080;5500;4;5;Новогодняя распродажа;г. Магас;Курьер;22000;275;10;2200;297;19228;Склад 3;25.05.2025
ORD658311;Отменен;25324439;HHH_Red_4713;2000;3;20;Нет;г. Ульяновск;Курьер;6000;400;11;660;474;4466;Склад 3;28.03.2025
ORD416790;Доставлен;24763399;DDD_Blue_3072;11100;4;20;Новогодняя распродажа;с. Калевала;Курьер;44400;2220;17;7548;100;34532;Склад 1;04.03.2025
ORD748120;В пути;82471173;FFF_Pink_7016;3100;1;15;Черная пятница;ст. Юрюзань;Постамат;3100;465;19;589;457;1589;Склад 2;24.06.2025
ORD658140;Отменен;96348851;FFF_Titanium_3323;11100;3;0;Нет;п. Рыбинск;Курьер;33300;0;13;4329;224;28747;Склад 2;26.08.2025
ORD669893;Отменен;93873429;CCC_Green_3835;6000;3;10;Черная пятница;п. Усть-Катав;Постамат;18000;600;10;1800;224;15376;Склад 1;15.09.2025
ORD739333;Доставлен;43049959;EEE_Purple_6689;5500;3;0;Новогодняя распродажа;клх Ростов;Курьер;16500;0;13;2145;191;14164;Склад 2;18.05.2025
ORD999416;Отменен;78585756;AAA_Titanium_1682;6580;2;10;Нет;с. Тотьма;ПВЗ;13160;658;10;1316;226;10960;Склад 1;09.01.2025
ORD873246;Отменен;74784496;EEE_Red_7366;11100;2;5;Нет;п. Сунтар;ПВЗ;22200;555;11;2442;185;19018;Склад 1;02.08.2025
ORD988867;В пути;32219595;GGG_Pink_3942;2200;4;5;Черная пятница;п. Кунгур;Курьер;8800;110;17;1496;462;6732;Склад 2;13.06.2025
ORD569313;В пути;25995510;EEE_Clear_8415;4600;3;20;Нет;д. Петрозаводск;Курьер;13800;920;19;2622;459;9799;Склад 3;04.07.2025
ORD237904;Доставлен;88663806;AAA_Black_2640;1020;3;5;Нет;с. Нижний Тагил;Постамат;3060;51;10;306;140;2563;Склад 1;08.03.2025
ORD143956;В пути;59197687;GGG_Blue_7759;9180;1;20;Черная пятница;ст. Таганрог;Курьер;9180;1836;15;1377;157;5810;Склад 1;31.08.2025
